epoch,MemAvailable_kB,SwapFree_kB
1790458948,26482220,15999996
1790458950,26502688,15999996
1790458952,26651588,15999996
1790458954,25860000,15999996
1790458956,23003572,15999996
1790458958,22958028,15999996
1790458960,18239408,15999996
1790458962,12291752,15999996
1790458964,10560968,15999996
1790458966,10083112,15999996
1790458968,11393616,15999996
1790458970,11367004,15999996
1790458972,11343184,15999996
1790458974,11526148,15999996
1790458976,11547048,15999996
1790458978,11589992,15999996
1790458980,11637080,15999996
1790458982,11607956,15999996
1790458984,11570552,15999996
1790458986,11520456,15999996
1790458988,11455128,15999996
1790458990,11395232,15999996
1790458992,11326520,15999996
1790458994,11265840,15999996
1790458996,11246332,15999996
1790458998,11157652,15999996
1790459000,11105828,15999996
1790459002,11063524,15999996
1790459004,10072104,15999996
1790459006,10073632,15999996
1790459008,7670628,15999996
1790459010,7853468,15999996
1790459012,8960384,15999996
1790459014,9028124,15999996
1790459016,9021940,15999996
1790459018,7831480,15999996
1790459020,8955388,15999996
1790459022,8962668,15999996
1790459024,8984844,15999996
1790459026,7697392,15999996
1790459028,7804452,15999996
1790459030,8961440,15999996
1790459032,8965692,15999996
1790459034,8988608,15999996
1790459036,7819016,15999996
1790459038,8870916,15999996
1790459040,8886116,15999996
1790459042,8879528,15999996
1790459044,7368848,15999996
1790459046,7379104,15999996
1790459048,7313284,15999996
1790459050,8507004,15999996
1790459052,7425332,15999996
1790459054,7282164,15999996
1790459056,8773840,15999996
1790459058,8820040,15999996
1790459060,8932500,15999996
1790459062,8846272,15999996
1790459064,8940380,15999996
1790459066,8949328,15999996
1790459068,8945908,15999996
1790459070,7708164,15999996
1790459072,7598840,15999996
1790459074,8901076,15999996
1790459076,8892472,15999996
1790459078,8937984,15999996
1790459080,8480184,15999996
1790459082,8846868,15999996
1790459084,8931596,15999996
1790459086,8984016,15999996
1790459088,7411056,15999996
1790459090,8509188,15999996
1790459092,7309168,15999996
1790459094,8594680,15999996
1790459096,8136876,15999996
1790459098,7424520,15999996
1790459100,8781920,15999996
1790459102,8960812,15999996
1790459104,8954152,15999996
1790459106,7757848,15999996
1790459108,7922496,15999996
1790459110,9077100,15999996
1790459112,9073796,15999996
1790459114,9116600,15999996
1790459116,7908112,15999996
1790459118,9008416,15999996
1790459120,9033204,15999996
1790459122,9058804,15999996
1790459124,7614048,15999996
1790459126,7877944,15999996
1790459128,8904516,15999996
1790459130,8937660,15999996
1790459132,7962760,15999996
1790459134,7365576,15999996
1790459136,7168892,15999996
1790459138,8438752,15999996
1790459140,8452264,15999996
1790459142,8194356,15999996
1790459144,8666884,15999996
1790459146,8768616,15999996
1790459148,8817680,15999996
1790459150,7476024,15999996
1790459152,7686476,15999996
1790459154,8863896,15999996
1790459156,8864384,15999996
1790459158,8865528,15999996
1790459160,8677528,15999996
1790459162,8738736,15999996
1790459164,8794008,15999996
1790459166,8842456,15999996
1790459168,7678584,15999996
1790459170,7531376,15999996
1790459172,8802940,15999996
1790459174,8802480,15999996
1790459176,8832476,15999996
1790459178,7287256,15999996
1790459180,7139336,15999996
1790459182,8462132,15999996
1790459184,8460932,15999996
1790459186,7537312,15999996
1790459188,7374308,15999996
1790459190,8770116,15999996
1790459192,8842396,15999996
1790459194,8863040,15999996
1790459196,7819096,15999996
1790459198,8897404,15999996
1790459200,8894100,15999996
1790459202,8926272,15999996
1790459204,7737040,15999996
1790459206,7796864,15999996
1790459208,8884204,15999996
1790459210,8926148,15999996
1790459212,8942240,15999996
1790459214,8695092,15999996
1790459216,8819772,15999996
1790459218,8870484,15999996
1790459220,8963668,15999996
1790459222,7384136,15999996
1790459224,8375284,15999996
1790459226,7163460,15999996
1790459228,8428900,15999996
1790459230,7720600,15999996
1790459232,7104952,15999996
1790459234,8764040,15999996
1790459236,8793528,15999996
1790459238,8814184,15999996
1790459240,7617856,15999996
1790459242,7740272,15999996
1790459244,8794252,15999996
1790459246,8813804,15999996
1790459248,8859004,15999996
1790459250,8915648,15999996
1790459252,8844344,15999996
1790459254,8832140,15999996
1790459256,8797828,15999996
1790459258,7617240,15999996
1790459260,7438460,15999996
1790459262,8647236,15999996
1790459264,8650520,15999996
1790459266,8665652,15999996
1790459268,7084116,15999996
1790459270,7127680,15999996
1790459272,8245940,15999996
1790459274,8261560,15999996
1790459276,7228320,15999996
1790459278,7046132,15999996
1790459280,8490076,15999996
1790459282,8646856,15999996
1790459284,8710892,15999996
1790459286,8553544,15999996
1790459288,8734340,15999996
1790459290,8714112,15999996
1790459292,8713780,15999996
1790459294,7588456,15999996
1790459296,7435880,15999996
1790459298,8708876,15999996
1790459300,8707256,15999996
1790459302,8706660,15999996
1790459304,7416772,15999996
1790459306,7597392,15999996
1790459308,8630620,15999996
1790459310,8649604,15999996
1790459312,7473276,15999996
1790459314,7607204,15999996
1790459316,7179480,15999996
1790459318,8218140,15999996
1790459320,8245756,15999996
1790459322,8072296,15999996
1790459324,8503840,15999996
1790459326,8537556,15999996
1790459328,8577472,15999996
1790459330,7538668,15999996
1790459332,7200640,15999996
1790459334,8670248,15999996
1790459336,8694568,15999996
1790459338,8700008,15999996
1790459340,7580236,15999996
1790459342,7567004,15999996
1790459344,8697712,15999996
1790459346,8695556,15999996
1790459348,8741068,15999996
1790459350,8217716,15999996
1790459352,8667180,15999996
1790459354,8715460,15999996
1790459356,8811216,15999996
1790459358,7700184,15999996
1790459360,7961100,15999996
1790459362,7252888,15999996
1790459364,8287428,15999996
1790459366,8401440,15999996
1790459368,8573152,15999996
1790459370,8543632,15999996
1790459372,8626496,15999996
1790459374,8709596,15999996
1790459376,7617576,15999996
1790459378,7466248,15999996
1790459380,8768896,15999996
1790459382,8772620,15999996
1790459384,8771260,15999996
1790459386,7415616,15999996
1790459388,7655408,15999996
1790459390,8695844,15999996
1790459392,8718424,15999996
1790459394,8803596,15999996
1790459396,8626864,15999996
1790459398,8646696,15999996
1790459400,8824540,15999996
1790459402,8907768,15999996
1790459404,7301144,15999996
1790459406,8432312,15999996
1790459408,7192960,15999996
1790459410,8360332,15999996
1790459412,8526672,15999996
1790459414,7674032,15999996
1790459416,8771084,15999996
1790459418,8781608,15999996
1790459420,8792348,15999996
1790459422,7548200,15999996
1790459424,7659240,15999996
1790459426,8864364,15999996
1790459428,8863364,15999996
1790459430,8885940,15999996
1790459432,7723448,15999996
1790459434,7713984,15999996
1790459436,8788656,15999996
1790459438,8788844,15999996
1790459440,8868100,15999996
1790459442,8869504,15999996
1790459444,8755744,15999996
1790459446,8770432,15999996
1790459448,8785264,15999996
1790459450,7222596,15999996
1790459452,8249732,15999996
1790459454,7127052,15999996
1790459456,8367204,15999996
1790459458,7714640,15999996
1790459460,7412448,15999996
1790459462,8754552,15999996
1790459464,8783060,15999996
1790459466,8851496,15999996
1790459468,7528232,15999996
1790459470,7634856,15999996
1790459472,8885660,15999996
1790459474,8906996,15999996
1790459476,8978168,15999996
1790459478,8481316,15999996
1790459480,7753916,15999996
1790459482,8781416,15999996
1790459484,8864584,15999996
1790459486,8934416,15999996
1790459488,7758540,15999996
1790459490,8860168,15999996
1790459492,8857252,15999996
1790459494,8865396,15999996
1790459496,7301272,15999996
1790459498,8340056,15999996
1790459500,7188740,15999996
1790459502,8416492,15999996
1790459504,7704048,15999996
1790459506,7311924,15999996
1790459508,8630712,15999996
1790459510,8742092,15999996
1790459512,8829588,15999996
1790459514,7413560,15999996
1790459516,7700412,15999996
1790459518,8854100,15999996
1790459520,8867580,15999996
1790459522,8872784,15999996
1790459525,8431164,15999996
1790459527,8781156,15999996
1790459529,8773116,15999996
1790459531,8811460,15999996
1790459533,8858016,15999996
1790459535,7708884,15999996
1790459537,8850496,15999996
1790459539,8851740,15999996
1790459541,8844712,15999996
1790459543,7269924,15999996
1790459545,8242936,15999996
1790459547,7206968,15999996
1790459549,8439624,15999996
1790459551,7751600,15999996
1790459553,7520952,15999996
1790459555,8664280,15999996
1790459557,8831944,15999996
1790459559,8877592,15999996
1790459561,7373044,15999996
1790459563,7777712,15999996
1790459565,8927348,15999996
1790459567,8930844,15999996
1790459569,8943612,15999996
1790459571,8477524,15999996
1790459573,8758000,15999996
1790459575,8858604,15999996
1790459577,8910324,15999996
1790459579,8945716,15999996
1790459581,7730672,15999996
1790459583,8860616,15999996
1790459585,8865488,15999996
1790459587,8890920,15999996
1790459589,7286916,15999996
1790459591,8274288,15999996
1790459593,7094552,15999996
1790459595,8342760,15999996
1790459597,7647264,15999996
1790459599,7406036,15999996
1790459601,8569928,15999996
1790459603,8730112,15999996
1790459605,8803632,15999996
1790459607,7519028,15999996
1790459609,7685708,15999996
1790459611,8846124,15999996
1790459613,8873640,15999996
1790459615,8875612,15999996
1790459617,8460232,15999996
1790459619,8731888,15999996
1790459621,8789464,15999996
1790459623,8963652,15999996
1790459625,8972004,15999996
1790459627,7724912,15999996
1790459629,8778456,15999996
1790459631,8818484,15999996
1790459633,8849712,15999996
1790459635,7265424,15999996
1790459637,7977184,15999996
1790459639,7206980,15999996
1790459641,8435448,15999996
1790459643,7753588,15999996
1790459645,7417696,15999996
1790459647,8650660,15999996
1790459649,8793792,15999996
1790459651,8886420,15999996
1790459653,7619512,15999996
1790459655,7749732,15999996
1790459657,8908692,15999996
1790459659,8923396,15999996
1790459661,8921220,15999996
1790459663,8459544,15999996
1790459665,8799768,15999996
1790459667,8844372,15999996
1790459669,8908580,15999996
1790459671,8948336,15999996
1790459673,7769492,15999996
1790459675,8814580,15999996
1790459677,8834192,15999996
1790459679,8902024,15999996
1790459681,7311216,15999996
1790459683,7687052,15999996
1790459685,7165944,15999996
1790459687,8384904,15999996
1790459689,7716692,15999996
1790459691,7434644,15999996
1790459693,8609688,15999996
1790459695,8773396,15999996
1790459697,8043492,15999996
1790459699,6694016,15999996
1790459701,7142536,15999996
1790459703,8287740,15999996
1790459705,8396952,15999996
1790459707,8432860,15999996
1790459709,7824060,15999996
1790459711,7260304,15999996
1790459713,8441492,15999996
1790459715,8461732,15999996
1790459717,8467212,15999996
1790459719,8462072,15999996
1790459721,8336716,15999996
1790459723,8337428,15999996
1790459725,8403340,15999996
1790459727,6901320,15999996
1790459729,7849412,15999996
1790459731,6749832,15999996
1790459733,7973856,15999996
1790459735,7999284,15999996
1790459737,7206936,15999996
1790459739,8108832,15999996
1790459741,8229908,15999996
1790459743,8354576,15999996
1790459745,6964820,15999996
1790459747,7098484,15999996
1790459749,8348824,15999996
1790459751,8371740,15999996
1790459753,8395376,15999996
1790459755,7209692,15999996
1790459757,7214376,15999996
1790459759,8321684,15999996
1790459761,8439104,15999996
1790459763,8485616,15999996
1790459765,8366596,15999996
1790459767,8427560,15999996
1790459769,8424804,15999996
1790459771,8460156,15999996
1790459773,6943080,15999996
1790459775,8051100,15999996
1790459777,6834300,15999996
1790459779,8026596,15999996
1790459781,8041412,15999996
1790459783,7291120,15999996
1790459785,8293188,15999996
1790459787,8386364,15999996
1790459789,8347600,15999996
1790459791,7103220,15999996
1790459793,7080992,15999996
1790459795,8289900,15999996
1790459797,8371408,15999996
1790459799,8393348,15999996
1790459801,7005668,15999996
1790459803,7240244,15999996
1790459805,8375716,15999996
1790459807,8373068,15999996
1790459809,8377792,15999996
1790459811,8183008,15999996
1790459813,8288500,15999996
1790459815,8310560,15999996
1790459817,8392500,15999996
1790459819,6825220,15999996
1790459821,8000040,15999996
1790459823,6782696,15999996
1790459825,8039036,15999996
1790459827,8071428,15999996
1790459829,7254532,15999996
1790459831,8243440,15999996
1790459833,8359868,15999996
1790459835,8403792,15999996
1790459837,7365148,15999996
1790459839,7231876,15999996
1790459841,8514644,15999996
1790459843,8544356,15999996
1790459845,8549120,15999996
1790459847,7180100,15999996
1790459849,7205480,15999996
1790459851,8339984,15999996
1790459853,8400548,15999996
1790459855,8481180,15999996
1790459857,7922212,15999996
1790459859,8422804,15999996
1790459861,8411276,15999996
1790459863,8424236,15999996
1790459865,6958040,15999996
1790459867,8091712,15999996
1790459869,6724604,15999996
1790459871,7964920,15999996
1790459873,7978200,15999996
1790459875,8247008,15999996
1790459877,8148208,15999996
1790459879,8252240,15999996
1790459881,8401664,15999996
1790459883,7334404,15999996
1790459885,7232672,15999996
1790459887,8444396,15999996
1790459889,8478396,15999996
1790459891,8517816,15999996
1790459893,7218960,15999996
1790459895,7247568,15999996
1790459897,8367200,15999996
1790459899,8419164,15999996
1790459901,8486128,15999996
1790459903,7875192,15999996
1790459905,7305492,15999996
1790459907,8478264,15999996
1790459909,8424852,15999996
1790459911,7380820,15999996
1790459913,6847312,15999996
1790459915,6793324,15999996
1790459917,7947644,15999996
1790459919,7974596,15999996
1790459921,8154340,15999996
1790459923,8126960,15999996
1790459925,8227152,15999996
1790459927,8312472,15999996
1790459929,8316864,15999996
1790459931,7299912,15999996
1790459933,8361236,15999996
1790459935,8364972,15999996
1790459937,8393356,15999996
1790459939,7080836,15999996
1790459941,7198796,15999996
1790459943,8426560,15999996
1790459945,8483500,15999996
1790459947,8535976,15999996
1790459949,7263692,15999996
1790459951,7355928,15999996
1790459953,8385780,15999996
1790459955,8425452,15999996
1790459957,7364672,15999996
1790459959,6927580,15999996
1790459961,6729400,15999996
1790459963,8031152,15999996
1790459965,8020576,15999996
1790459967,7907964,15999996
1790459969,8083964,15999996
1790459971,8200272,15999996
1790459973,8270140,15999996
1790459975,8315680,15999996
1790459977,7233756,15999996
1790459979,8341768,15999996
1790459981,8360512,15999996
1790459983,8365652,15999996
1790459985,7243456,15999996
1790459987,7045744,15999996
1790459989,8289728,15999996
1790459991,8283076,15999996
1790459993,8336928,15999996
1790459995,7110712,15999996
1790459997,7251928,15999996
1790459999,8313504,15999996
1790460001,8394444,15999996
1790460003,7561392,15999996
1790460005,6892976,15999996
1790460007,6823376,15999996
1790460009,8051108,15999996
1790460011,8056344,15999996
1790460013,7590632,15999996
1790460015,6913420,15999996
1790460017,8354692,15999996
1790460019,8407416,15999996
1790460021,8453600,15999996
1790460023,8118984,15999996
1790460025,8457028,15999996
1790460027,8457692,15999996
1790460029,8414908,15999996
1790460031,7283440,15999996
1790460033,7101492,15999996
1790460035,8307944,15999996
1790460037,8392256,15999996
1790460039,8399780,15999996
1790460041,7212244,15999996
1790460043,7247016,15999996
1790460045,8343832,15999996
1790460047,8407808,15999996
1790460049,8446804,15999996
1790460051,6991648,15999996
1790460053,6624212,15999996
1790460055,7918924,15999996
1790460057,7949796,15999996
1790460059,7052380,15999996
1790460061,7088528,15999996
1790460063,8344904,15999996
1790460065,8366000,15999996
1790460067,8460736,15999996
1790460069,8245660,15999996
1790460071,8465516,15999996
1790460073,8452608,15999996
1790460075,8465404,15999996
1790460077,7313592,15999996
1790460079,7285484,15999996
1790460081,8309296,15999996
1790460083,8388260,15999996
1790460085,8513472,15999996
1790460087,7245788,15999996
1790460089,7152292,15999996
1790460091,8340892,15999996
1790460093,8349696,15999996
1790460095,5701156,15999996
1790460097,5534320,15999996
1790460099,6210136,15999996
1790460101,6209704,15999996
1790460103,6217420,15999996
1790460105,6175180,15999996
1790460107,6208944,15999996
1790460109,6199340,15999996
1790460111,6186700,15999996
1790460113,6409808,15999996
1790460115,6636764,15999996
1790460117,18689208,15999996
1790460119,11640160,15999996
1790460121,10483308,15999996
1790460123,10003020,15999996
1790460125,11124336,15999996
1790460127,11137264,15999996
1790460129,11252132,15999996
1790460131,11362464,15999996
1790460133,11389560,15999996
1790460135,11419696,15999996
1790460137,11392168,15999996
1790460139,11361368,15999996
1790460141,11323072,15999996
1790460143,11266264,15999996
1790460145,11186432,15999996
1790460147,11133932,15999996
1790460149,11017684,15999996
1790460151,10959324,15999996
1790460153,10898744,15999996
1790460155,10851060,15999996
1790460157,10910584,15999996
1790460159,10854176,15999996
1790460161,9534968,15999996
1790460163,9871992,15999996
1790460165,8887576,15999996
1790460167,7588152,15999996
1790460169,8691216,15999996
1790460171,8689472,15999996
1790460173,8722484,15999996
1790460175,7584748,15999996
1790460177,7365728,15999996
1790460179,8434120,15999996
1790460181,8659344,15999996
1790460183,8729904,15999996
1790460185,7389940,15999996
1790460187,7377780,15999996
1790460189,8629700,15999996
1790460191,8657888,15999996
1790460193,8683804,15999996
1790460195,8250228,15999996
1790460197,7535780,15999996
1790460199,8573060,15999996
1790460201,8603796,15999996
1790460203,7520224,15999996
1790460205,7072780,15999996
1790460207,6971792,15999996
1790460209,8129288,15999996
1790460211,8238640,15999996
1790460213,8242492,15999996
1790460215,8518664,15999996
1790460217,8520228,15999996
1790460219,8616608,15999996
1790460221,8659336,15999996
1790460223,7536492,15999996
1790460225,8639868,15999996
1790460227,8639036,15999996
1790460229,8667004,15999996
1790460231,7515332,15999996
1790460233,7283968,15999996
1790460235,8495784,15999996
1790460237,8596400,15999996
1790460239,8703284,15999996
1790460241,7401012,15999996
1790460243,7551504,15999996
1790460245,8714632,15999996
1790460247,8726560,15999996
1790460249,8771152,15999996
1790460251,7154636,15999996
1790460253,6936072,15999996
1790460255,8197116,15999996
1790460257,8224108,15999996
1790460259,7168588,15999996
1790460261,7122568,15999996
1790460263,8557216,15999996
1790460265,8681980,15999996
1790460267,8769904,15999996
1790460269,8397244,15999996
1790460271,8544128,15999996
1790460273,8543452,15999996
1790460275,8634916,15999996
1790460277,8701552,15999996
1790460279,7517568,15999996
1790460281,8609928,15999996
1790460283,8603336,15999996
1790460286,8679608,15999996
1790460288,7508720,15999996
1790460290,7299828,15999996
1790460292,8586520,15999996
1790460294,8647024,15999996
1790460296,8684556,15999996
1790460298,7065632,15999996
1790460300,6905892,15999996
1790460302,8241812,15999996
1790460304,8230576,15999996
1790460306,7294456,15999996
1790460308,7371092,15999996
1790460310,8699712,15999996
1790460312,8701532,15999996
1790460314,8761720,15999996
1790460316,7361044,15999996
1790460318,7468440,15999996
1790460320,8717852,15999996
1790460322,8719300,15999996
1790460324,8807004,15999996
1790460326,8500808,15999996
1790460328,8634644,15999996
1790460330,8560120,15999996
1790460332,8616080,15999996
1790460334,8753828,15999996
1790460336,7502016,15999996
1790460338,8537304,15999996
1790460340,8609472,15999996
1790460342,8670400,15999996
1790460344,7043292,15999996
1790460346,7970792,15999996
1790460348,6917592,15999996
1790460350,8127152,15999996
1790460352,7489496,15999996
1790460354,7361000,15999996
1790460356,8414884,15999996
1790460358,8506788,15999996
1790460360,8665244,15999996
1790460362,7306992,15999996
1790460364,7410768,15999996
1790460366,8641172,15999996
1790460368,8674248,15999996
1790460370,8720668,15999996
1790460372,7403516,15999996
1790460374,7469980,15999996
1790460376,8649436,15999996
1790460378,8680672,15999996
1790460380,8763380,15999996
1790460382,8255404,15999996
1790460384,7494620,15999996
1790460386,8582164,15999996
1790460388,8768216,15999996
1790460390,7491552,15999996
1790460392,7048548,15999996
1790460394,6851800,15999996
1790460396,8106084,15999996
1790460398,8207528,15999996
1790460400,8179864,15999996
1790460402,8515996,15999996
1790460404,8520184,15999996
1790460406,8626000,15999996
1790460408,8678780,15999996
1790460410,7545340,15999996
1790460412,8663580,15999996
1790460414,8666632,15999996
1790460416,8687072,15999996
1790460418,7499764,15999996
1790460420,7280096,15999996
1790460422,8615416,15999996
1790460424,8677616,15999996
1790460426,8777300,15999996
1790460428,7414556,15999996
1790460430,7426468,15999996
1790460432,8565856,15999996
1790460434,8697772,15999996
1790460436,8796364,15999996
1790460438,7168064,15999996
1790460440,6989684,15999996
1790460442,8257964,15999996
1790460444,8255720,15999996
1790460446,7239760,15999996
1790460448,7275008,15999996
1790460450,8526088,15999996
1790460452,8637220,15999996
1790460454,8661032,15999996
1790460456,8223956,15999996
1790460458,7463836,15999996
1790460460,8568364,15999996
1790460462,8681360,15999996
1790460464,8715320,15999996
1790460466,8697836,15999996
1790460468,8599772,15999996
1790460470,8602700,15999996
1790460472,8687036,15999996
1790460474,7530968,15999996
1790460476,7235044,15999996
1790460478,8634788,15999996
1790460480,8735424,15999996
1790460482,8744592,15999996
1790460484,7185780,15999996
1790460486,6911196,15999996
1790460488,7018648,15999996
1790460490,8214380,15999996
1790460492,7616628,15999996
1790460494,7252464,15999996
1790460496,8690520,15999996
1790460498,8678240,15999996
1790460500,8713852,15999996
1790460502,7510204,15999996
1790460504,7512324,15999996
1790460506,8628468,15999996
1790460508,8658376,15999996
1790460510,8649964,15999996
1790460512,7510136,15999996
1790460514,7508904,15999996
1790460516,8624376,15999996
1790460518,8635060,15999996
1790460520,8683244,15999996
1790460522,8536736,15999996
1790460524,8586984,15999996
1790460526,8639100,15999996
1790460528,8727444,15999996
1790460530,7107080,15999996
1790460532,8151560,15999996
1790460534,6906436,15999996
1790460536,8160028,15999996
1790460538,8198068,15999996
1790460540,7596568,15999996
1790460542,8625260,15999996
1790460544,8673980,15999996
1790460546,8681100,15999996
1790460548,7606432,15999996
1790460550,7536996,15999996
1790460552,8730600,15999996
1790460554,8778952,15999996
1790460556,8753568,15999996
1790460558,7532604,15999996
1790460560,7420484,15999996
1790460562,8661400,15999996
1790460564,8673960,15999996
1790460566,8779928,15999996
1790460568,7586084,15999996
1790460570,7498324,15999996
1790460572,8648296,15999996
1790460574,8635788,15999996
1790460576,7646228,15999996
1790460578,7088048,15999996
1790460580,6908240,15999996
1790460582,8179788,15999996
1790460584,8246388,15999996
1790460586,8063452,15999996
1790460588,7250744,15999996
1790460590,8614176,15999996
1790460592,8665680,15999996
1790460594,8706036,15999996
1790460596,8759684,15999996
1790460598,8720600,15999996
1790460600,8703752,15999996
1790460602,8717260,15999996
1790460604,7624840,15999996
1790460606,7650760,15999996
1790460608,8717300,15999996
1790460610,8718444,15999996
1790460612,8738556,15999996
1790460614,7507716,15999996
1790460616,7415268,15999996
1790460618,8660456,15999996
1790460620,8716956,15999996
1790460622,8757392,15999996
1790460624,7109864,15999996
1790460626,6848588,15999996
1790460628,8184568,15999996
1790460630,8109152,15999996
1790460632,7051824,15999996
1790460634,7052832,15999996
1790460636,8557384,15999996
1790460638,8546524,15999996
1790460640,8555672,15999996
1790460642,7236628,15999996
1790460644,7461992,15999996
1790460646,8583684,15999996
1790460648,8657856,15999996
1790460650,8723588,15999996
1790460652,8179508,15999996
1790460654,8565520,15999996
1790460656,8570760,15999996
1790460658,8645908,15999996
1790460660,8747436,15999996
1790460662,7594456,15999996
1790460664,8642164,15999996
1790460666,8637748,15999996
1790460668,8735196,15999996
1790460670,7130540,15999996
1790460672,8048640,15999996
1790460674,7060552,15999996
1790460676,8256100,15999996
1790460678,7589292,15999996
1790460680,7618436,15999996
1790460682,8654568,15999996
1790460684,8704176,15999996
1790460686,8715508,15999996
1790460688,7344412,15999996
1790460690,7376076,15999996
1790460692,8612824,15999996
1790460694,8640604,15999996
1790460696,8671612,15999996
1790460698,7377576,15999996
1790460700,7519664,15999996
1790460702,8603956,15999996
1790460704,8605932,15999996
1790460706,8733656,15999996
1790460708,8127084,15999996
1790460710,8619820,15999996
1790460712,8625160,15999996
1790460714,8659064,15999996
1790460716,7358892,15999996
1790460718,7335932,15999996
1790460720,6925904,15999996
1790460722,8185716,15999996
1790460724,8219088,15999996
1790460726,8396664,15999996
1790460728,8493412,15999996
1790460730,8644156,15999996
1790460732,8698424,15999996
1790460734,8728840,15999996
1790460736,7629436,15999996
1790460738,8658132,15999996
1790460740,8700276,15999996
1790460742,8731176,15999996
1790460744,7629208,15999996
1790460746,7430796,15999996
1790460748,8504252,15999996
1790460750,8578752,15999996
1790460752,8620124,15999996
1790460754,7291516,15999996
1790460756,7361720,15999996
1790460758,8511708,15999996
1790460760,8590992,15999996
1790460762,8705664,15999996
1790460764,7044724,15999996
1790460766,6782064,15999996
1790460768,8121672,15999996
1790460770,8122984,15999996
1790460772,7126808,15999996
1790460774,7067440,15999996
1790460776,8631076,15999996
1790460778,8635172,15999996
1790460780,8712952,15999996
1790460782,8201156,15999996
1790460784,8676488,15999996
1790460786,8737920,15999996
1790460788,8718864,15999996
1790460790,8767420,15999996
1790460792,7626552,15999996
1790460794,8691044,15999996
1790460796,8719796,15999996
1790460798,8850760,15999996
1790460800,7624888,15999996
1790460802,7294308,15999996
1790460804,8616204,15999996
1790460806,8684264,15999996
1790460808,8667856,15999996
1790460810,7074196,15999996
1790460812,7164924,15999996
1790460814,7029276,15999996
1790460816,8174760,15999996
1790460818,7444752,15999996
1790460820,6831748,15999996
1790460822,8366888,15999996
1790460824,8580080,15999996
1790460826,8654372,15999996
1790460828,7197312,15999996
1790460830,7369344,15999996
1790460832,8652372,15999996
1790460834,8653708,15999996
1790460836,8695828,15999996
1790460838,7824992,15999996
1790460840,7590048,15999996
1790460842,8684184,15999996
1790460844,8805224,15999996
1790460846,8825804,15999996
1790460848,8610032,15999996
1790460850,8643660,15999996
1790460852,8681412,15999996
1790460854,8689056,15999996
1790460856,7539524,15999996
1790460858,8229380,15999996
1790460860,7146168,15999996
1790460862,8195120,15999996
1790460864,8401912,15999996
1790460866,7580256,15999996
1790460868,8502496,15999996
1790460870,8545756,15999996
1790460872,8555436,15999996
1790460874,7515748,15999996
1790460876,7341720,15999996
1790460878,8526288,15999996
1790460880,8626440,15999996
1790460882,8682820,15999996
1790460884,7420160,15999996
1790460886,7381276,15999996
1790460888,8617544,15999996
1790460890,8625160,15999996
1790460892,8685688,15999996
1790460894,7548416,15999996
1790460896,7542420,15999996
1790460898,8596404,15999996
1790460900,8699564,15999996
1790460902,7483160,15999996
1790460904,7381348,15999996
1790460906,7176488,15999996
1790460908,8194076,15999996
1790460910,8225476,15999996
1790460912,8083860,15999996
1790460914,8649464,15999996
1790460916,8708960,15999996
1790460918,8717000,15999996
1790460920,8753820,15999996
1790460922,8168372,15999996
1790460924,8665536,15999996
1790460926,8802820,15999996
1790460928,8757668,15999996
1790460930,7541800,15999996
1790460932,7174380,15999996
1790460934,8587892,15999996
1790460936,8652256,15999996
1790460938,8769704,15999996
1790460940,7485840,15999996
1790460942,7204560,15999996
1790460944,8578588,15999996
1790460946,8589476,15999996
1790460948,8667360,15999996
1790460950,7062772,15999996
1790460952,6851072,15999996
1790460954,8114840,15999996
1790460956,8161724,15999996
1790460958,7209100,15999996
1790460960,7062748,15999996
1790460962,8589884,15999996
1790460964,8657460,15999996
1790460966,8775828,15999996
1790460968,7603628,15999996
1790460970,7565220,15999996
1790460972,8740864,15999996
1790460974,8746164,15999996
1790460976,8818976,15999996
1790460978,8595284,15999996
1790460980,8692392,15999996
1790460982,8732812,15999996
1790460984,8788808,15999996
1790460986,7971932,15999996
1790460988,7541928,15999996
1790460990,8561384,15999996
1790460992,8616992,15999996
1790460994,8667912,15999996
1790460996,7073392,15999996
1790460998,7314208,15999996
1790461000,7003616,15999996
1790461002,8197520,15999996
1790461004,7498944,15999996
1790461006,7183400,15999996
1790461008,8553196,15999996
1790461010,8602296,15999996
1790461012,8680608,15999996
1790461014,7253924,15999996
1790461016,7490916,15999996
1790461018,8654032,15999996
1790461020,8738808,15999996
1790461022,8789520,15999996
1790461024,7638440,15999996
1790461026,7602212,15999996
1790461028,8663864,15999996
1790461030,8749820,15999996
1790461032,8833760,15999996
1790461034,8677288,15999996
1790461036,8663952,15999996
1790461038,8694012,15999996
1790461040,8832368,15999996
1790461042,7179940,15999996
1790461044,8310116,15999996
1790461046,6970984,15999996
1790461048,8088624,15999996
1790461050,8281060,15999996
1790461052,7468848,15999996
1790461055,8381404,15999996
1790461057,8514568,15999996
1790461059,8647940,15999996
1790461061,7503712,15999996
1790461063,7199244,15999996
1790461065,8614484,15999996
1790461067,8613896,15999996
1790461069,8634692,15999996
1790461071,7419596,15999996
1790461073,7438780,15999996
1790461075,8648804,15999996
1790461077,8633588,15999996
1790461079,8662772,15999996
1790461081,7444148,15999996
1790461083,7535900,15999996
1790461085,8712260,15999996
1790461087,8712148,15999996
1790461089,7702496,15999996
1790461091,7156648,15999996
1790461093,6947504,15999996
1790461095,8229496,15999996
1790461097,8256480,15999996
1790461099,7997028,15999996
1790461101,8537852,15999996
1790461103,8539428,15999996
1790461105,8717940,15999996
1790461107,8800260,15999996
1790461109,7527840,15999996
1790461111,8632144,15999996
1790461113,8639720,15999996
1790461115,8674356,15999996
1790461117,7517856,15999996
1790461119,7346212,15999996
1790461121,8546956,15999996
1790461123,8650320,15999996
1790461125,8728308,15999996
1790461127,7426004,15999996
1790461129,7435076,15999996
1790461131,8580564,15999996
1790461133,8706024,15999996
1790461135,8717252,15999996
1790461137,7100524,15999996
1790461139,6892804,15999996
1790461141,8306048,15999996
1790461143,8318252,15999996
1790461145,7367552,15999996
1790461147,7285384,15999996
1790461149,8566864,15999996
1790461151,8600332,15999996
1790461153,8669780,15999996
1790461155,8307760,15999996
1790461157,8646800,15999996
1790461159,8723416,15999996
1790461161,8730840,15999996
1790461163,8797616,15999996
1790461165,8762588,15999996
1790461167,8620964,15999996
1790461169,8598452,15999996
1790461171,8672320,15999996
1790461173,7528740,15999996
1790461175,7549748,15999996
1790461177,8638448,15999996
1790461179,8645744,15999996
1790461181,8689512,15999996
1790461183,7082920,15999996
1790461185,6806648,15999996
1790461187,6896356,15999996
1790461189,8106768,15999996
1790461191,7498000,15999996
1790461193,7073192,15999996
1790461195,8537156,15999996
1790461197,8549944,15999996
1790461199,8667916,15999996
1790461201,7457628,15999996
1790461203,7514920,15999996
1790461205,8689524,15999996
1790461207,8720544,15999996
1790461209,8806788,15999996
1790461211,7711520,15999996
1790461213,7553068,15999996
1790461215,8670636,15999996
1790461217,8693096,15999996
1790461219,8747072,15999996
1790461221,8598876,15999996
1790461223,8634608,15999996
1790461225,8661820,15999996
1790461227,8731828,15999996
1790461229,7060344,15999996
1790461231,8129616,15999996
1790461233,6880544,15999996
1790461235,8119928,15999996
1790461237,8153588,15999996
1790461239,7459664,15999996
1790461241,8558188,15999996
1790461243,8548032,15999996
1790461245,8606160,15999996
1790461247,7484076,15999996
1790461249,7356636,15999996
1790461251,8583472,15999996
1790461253,8581108,15999996
1790461255,8661588,15999996
1790461257,7441428,15999996
1790461259,7354160,15999996
1790461261,8646856,15999996
1790461263,8683160,15999996
1790461265,8788340,15999996
1790461267,7393584,15999996
1790461269,7589756,15999996
1790461271,8721132,15999996
1790461273,8758348,15999996
1790461275,7720508,15999996
1790461277,7161828,15999996
1790461279,6952168,15999996
1790461281,8242184,15999996
1790461283,8262684,15999996
1790461285,8096000,15999996
1790461287,7129152,15999996
1790461289,8590368,15999996
1790461291,8635836,15999996
1790461293,8698232,15999996
1790461295,8595896,15999996
1790461297,8607096,15999996
1790461299,8615424,15999996
1790461301,8680048,15999996
1790461303,7532848,15999996
1790461305,7511140,15999996
1790461307,8586152,15999996
1790461309,8648136,15999996
1790461311,8669392,15999996
1790461313,7313468,15999996
1790461315,7276076,15999996
1790461317,8551476,15999996
1790461319,8633652,15999996
1790461321,8823884,15999996
1790461323,7177444,15999996
1790461325,6881500,15999996
1790461327,8212732,15999996
1790461329,8225612,15999996
1790461331,7289076,15999996
1790461333,7205784,15999996
1790461335,8606932,15999996
1790461337,8664284,15999996
1790461339,8779208,15999996
1790461341,8103500,15999996
1790461343,7634384,15999996
1790461345,8784000,15999996
1790461347,8787812,15999996
1790461349,8713100,15999996
1790461351,8583092,15999996
1790461353,8583992,15999996
1790461355,8586812,15999996
1790461357,8671304,15999996
1790461359,7565808,15999996
1790461361,7377112,15999996
1790461363,8671560,15999996
1790461365,8669392,15999996
1790461367,8691524,15999996
1790461369,7091696,15999996
1790461371,6798704,15999996
1790461373,6943988,15999996
1790461375,8156752,15999996
1790461377,7552092,15999996
1790461379,6970660,15999996
1790461381,8630988,15999996
1790461383,8638904,15999996
1790461385,8667368,15999996
1790461387,7447596,15999996
1790461389,7478368,15999996
1790461391,8726884,15999996
1790461393,8800928,15999996
1790461395,8809224,15999996
1790461397,8139380,15999996
1790461399,7569120,15999996
1790461401,8726200,15999996
1790461403,8770088,15999996
1790461405,8814160,15999996
1790461407,8743284,15999996
1790461409,8574084,15999996
1790461411,8585248,15999996
1790461413,8654264,15999996
1790461415,7105108,15999996
1790461417,8145884,15999996
1790461419,6854592,15999996
1790461421,8119872,15999996
1790461423,8166532,15999996
1790461425,7478292,15999996
1790461427,8577280,15999996
1790461429,8630816,15999996
1790461431,8654832,15999996
1790461433,7503692,15999996
1790461435,7409796,15999996
1790461437,8644312,15999996
1790461439,8642180,15999996
1790461441,8829504,15999996
1790461443,7536728,15999996
1790461445,7517568,15999996
1790461447,8772236,15999996
1790461449,8762896,15999996
1790461451,8826208,15999996
1790461453,8118748,15999996
1790461455,7569628,15999996
1790461457,8660860,15999996
1790461459,8714032,15999996
1790461461,7780428,15999996
1790461463,7171688,15999996
1790461465,6972808,15999996
1790461467,8173384,15999996
1790461469,8135440,15999996
1790461471,8219652,15999996
1790461473,8408116,15999996
1790461475,8505184,15999996
1790461477,8622120,15999996
1790461479,8629964,15999996
1790461481,7571688,15999996
1790461483,8627376,15999996
1790461485,8641448,15999996
1790461487,8682472,15999996
1790461489,7534664,15999996
1790461491,7411388,15999996
1790461493,8660244,15999996
1790461495,8667636,15999996
1790461497,8746784,15999996
1790461499,7429868,15999996
1790461501,7515024,15999996
1790461503,8684352,15999996
1790461505,8722344,15999996
1790461507,8776768,15999996
1790461509,7154668,15999996
1790461511,6892168,15999996
1790461513,8186576,15999996
1790461515,8185396,15999996
1790461517,7305860,15999996
1790461519,7182484,15999996
1790461521,8681804,15999996
1790461523,8746876,15999996
1790461525,8770648,15999996
1790461527,8628708,15999996
1790461529,8638748,15999996
1790461531,8701684,15999996
1790461533,8702928,15999996
1790461535,8709540,15999996
1790461537,7576436,15999996
1790461539,8605256,15999996
1790461541,8612780,15999996
1790461543,8624404,15999996
1790461545,7451060,15999996
1790461547,7400128,15999996
1790461549,8621580,15999996
1790461551,8621364,15999996
1790461553,5603244,15999996
1790461555,5532960,15999996
1790461557,5733984,15999996
1790461559,6417572,15999996
1790461561,6518868,15999996
1790461563,6518732,15999996
1790461565,6498800,15999996
1790461567,6569824,15999996
1790461569,6513544,15999996
1790461571,6546860,15999996
1790461573,6561232,15999996
1790461575,7609128,15999996
1790461577,1236452,15607352
1790461579,9801088,14714916
1790461581,8329440,14714916
1790461583,8381908,14714916
1790461585,9360020,14714916
1790461587,10213996,14714916
1790461589,10345852,14759980
1790461591,8284720,14759980
1790461593,8009108,14759980
1790461595,9466280,14759980
1790461597,9644000,14759980
1790461599,9576232,14793672
1790461601,8025188,14793672
1790461603,8238564,14793672
1790461605,9571560,14793672
1790461607,9624884,14793672
1790461609,9645180,14793680
1790461611,8924680,14793680
1790461613,8453068,14793680
1790461615,9553960,14793680
1790461617,9571600,14793680
1790461619,9485024,14793680
1790461621,9311488,14795512
1790461623,9381716,14795512
1790461625,9450312,14795512
1790461627,9459952,14795512
1790461629,8349576,14795512
1790461631,8984136,14795512
1790461633,7784528,14795512
1790461635,8987892,14795512
1790461637,9233076,14795512
1790461639,8283792,14795512
1790461641,9278076,14795512
1790461643,9334964,14795512
1790461645,9401616,14795512
1790461647,8297004,14795512
1790461649,8046796,14795512
1790461651,9322748,14795512
1790461653,9303524,14795512
1790461655,9352368,14795512
1790461657,8103648,14795512
1790461659,8015488,14795512
1790461661,9317076,14795512
1790461663,9333400,14795512
1790461665,9347836,14795512
1790461667,8107056,14795512
1790461669,8198188,14795512
1790461671,9275252,14795512
1790461673,9303028,14795512
1790461675,8272536,14795516
1790461677,7886300,14795516
1790461679,7636784,14795516
1790461681,8946912,14795516
1790461683,9025668,14795516
1790461685,8716364,14795516
1790461687,9199824,14795532
1790461689,9194760,14795532
1790461691,9317504,14795532
1790461693,9433928,14795532
1790461695,9422572,14795532
1790461697,9420720,14795532
1790461699,9447912,14795532
1790461701,9451948,14795532
1790461703,8282712,14795532
1790461705,8026688,14795532
1790461707,9372604,14795532
1790461709,9280676,14795532
1790461711,9311156,14795532
1790461713,8078272,14795532
1790461715,7909408,14795564
1790461717,9278232,14795564
1790461719,9331432,14795564
1790461721,9362244,14795564
1790461723,7764400,14795564
1790461725,7588932,14795564
1790461727,8815664,14795564
1790461729,8859356,14795564
1790461731,7861520,14795564
1790461733,7796704,14795564
1790461735,9210992,14795564
1790461737,9264420,14795564
1790461739,9402772,14795564
1790461741,8484964,14795596
1790461743,8341744,14795596
1790461745,9376240,14795596
1790461747,9374440,14795596
1790461749,9434192,14795596
1790461751,9468656,14795596
1790461753,9344088,14795596
1790461755,9366080,14795596
1790461757,9416084,14795596
1790461759,8273808,14795596
1790461761,8079100,14795596
1790461763,9311044,14795596
1790461765,9321800,14795596
1790461767,9396964,14795596
1790461769,7702004,14795596
1790461771,7510268,14795596
1790461773,7648036,14795596
1790461775,8825564,14795596
1790461777,7994108,14795596
1790461779,7805156,14795600
1790461781,9181708,14795600
1790461783,9249544,14795600
1790461785,9278224,14795600
1790461787,7870100,14795600
1790461789,8027980,14795600
1790461791,9246196,14795600
1790461793,9307244,14795600
1790461795,9372568,14795600
1790461797,8854824,14795600
1790461799,9188344,14795600
1790461801,9270908,14795600
1790461803,9305024,14795600
1790461806,9475788,14795600
1790461808,8252872,14795600
1790461810,9371852,14795600
1790461812,9439832,14795600
1790461814,9468616,14795600
1790461816,7791868,14795600
1790461818,8748688,14795600
1790461820,7668988,14795600
1790461822,8870468,14795600
1790461824,8227952,14795600
1790461826,8213304,14795600
1790461828,9244388,14795600
1790461830,9301552,14795600
1790461832,9307116,14795600
1790461834,8055056,14795600
1790461836,8035260,14795600
1790461838,9277244,14795600
1790461840,9263592,14795608
1790461842,9396400,14795608
1790461844,8054372,14795608
1790461846,8109600,14795608
1790461848,9246380,14795608
1790461850,9283848,14795608
1790461852,9356456,14795608
1790461854,9043560,14795608
1790461856,9189332,14795612
1790461858,9213012,14795616
1790461860,9314188,14795616
1790461862,8150836,14795616
1790461864,8944972,14795616
1790461866,7598212,14795616
1790461868,8873696,14795616
1790461870,8949672,14795616
1790461872,9139284,14795616
1790461874,9233712,14795616
1790461876,9227956,14795616
1790461878,9293388,14795616
1790461880,8225452,14795616
1790461882,8224696,14795616
1790461884,9391664,14795616
1790461886,9390752,14795616
1790461888,9391376,14795616
1790461890,8059072,14795616
1790461892,8007384,14795616
1790461894,9267028,14795616
1790461896,9262056,14795616
1790461898,9312780,14795616
1790461900,8042748,14795620
1790461902,8162472,14795620
1790461904,9276648,14795620
1790461906,9269244,14795620
1790461908,8274988,14795620
1790461910,7695452,14795620
1790461912,7602248,14795620
1790461914,8817224,14795620
1790461916,8849808,14795620
1790461918,8785148,14795620
1790461920,9284288,14795620
1790461922,9288688,14795620
1790461924,9291872,14795620
1790461926,9345568,14795620
1790461928,8265468,14795620
1790461930,9390080,14795620
1790461932,9456500,14795620
1790461934,9457196,14795620
1790461936,8258624,14795620
1790461938,8056904,14795620
1790461940,9337848,14795620
1790461942,9342956,14795620
1790461944,9405048,14795620
1790461946,8130916,14795620
1790461948,8004964,14795620
1790461950,9210440,14795620
1790461952,9241832,14795620
1790461954,9271088,14795620
1790461956,7674264,14795620
1790461958,7558656,14795620
1790461960,8812784,14795620
1790461962,8815780,14795620
1790461964,7795952,14795620
1790461966,7685936,14795620
1790461968,9086180,14795620
1790461970,9258068,14795620
1790461972,9282072,14795620
1790461974,8634056,14795620
1790461976,8095916,14795620
1790461978,9315852,14795620
1790461980,9410600,14795620
1790461982,9436184,14795620
1790461984,9326964,14795620
1790461986,9261784,14795620
1790461988,9287428,14795620
1790461990,9322852,14795620
1790461992,8257832,14795620
1790461994,8159536,14795620
1790461996,9414928,14795620
1790461998,9408580,14795620
1790462000,9403560,14795620
1790462002,7759624,14795620
1790462004,7553552,14795620
1790462006,8050700,14795620
1790462008,8861056,14795620
1790462010,7763136,14795620
1790462012,7576204,14795620
1790462014,9111240,14795620
1790462016,9116588,14795620
1790462018,9190324,14795620
1790462020,7950408,14795620
1790462022,8188716,14795620
1790462024,9321700,14795620
1790462026,9315892,14795620
1790462028,9317148,14795620
1790462030,8997940,14795620
1790462032,9248600,14795620
1790462034,9248540,14795620
1790462036,9249968,14795620
1790462038,9327260,14795620
1790462040,8243284,14795620
1790462042,9246732,14795620
1790462044,9224564,14795620
1790462046,9371924,14795620
1790462048,7764224,14795620
1790462050,8763512,14795624
1790462052,7685488,14795624
1790462054,8886000,14795624
1790462056,8192672,14795624
1790462058,7716952,14795624
1790462060,9031040,14795624
1790462062,9279372,14795624
1790462064,9347280,14795624
1790462066,7970660,14795624
1790462068,8104404,14795624
1790462070,9241932,14795624
1790462072,9216080,14795624
1790462074,9264876,14795624
1790462076,8202676,14795624
1790462078,8119036,14795624
1790462080,9259384,14795624
1790462082,9292240,14795624
1790462084,9328268,14795624
1790462086,9112488,14795624
1790462088,9260752,14795624
1790462090,9245228,14795624
1790462092,9254576,14795624
1790462094,7682496,14795624
1790462096,8783912,14795624
1790462098,7551144,14795624
1790462100,8855192,14795624
1790462102,8945388,14795624
1790462104,8174812,14795624
1790462106,9164668,14795624
1790462108,9173920,14795624
1790462110,9244568,14795624
1790462112,8198860,14795624
1790462114,8058344,14795624
1790462116,9285544,14795624
1790462118,9370500,14795624
1790462120,9374568,14795624
1790462122,8104576,14795624
1790462124,8150596,14795624
1790462126,9277552,14795624
1790462128,9291676,14795628
1790462130,9299512,14795628
1790462132,8179216,14795628
1790462134,8134068,14795628
1790462136,9279912,14795628
1790462138,9293356,14795628
1790462140,6249612,14795628
1790462142,6644080,14795628
1790462144,7109308,14795628
1790462146,7101748,14795628
1790462148,7100612,14795628
1790462150,7115768,14795628
1790462152,7097776,14795628
1790462154,7159408,14795628
1790462156,7104184,14795628
1790462158,7134704,14795628
1790462160,8567240,14795628
1790462162,11176180,14795628
1790462164,9806632,13788356
1790462166,9106616,13788356
1790462168,8539252,13788460
1790462170,8457936,13788460
1790462172,9243356,13788460
1790462174,10721680,13788460
1790462176,10340264,13788460
1790462178,9499644,13788460
1790462180,9867068,13788460
1790462182,10089752,13788460
1790462184,10178692,13788460
1790462186,10193332,13788460
1790462188,9105572,13788460
1790462190,10115980,13788460
1790462192,10118316,13788460
1790462194,10143668,13788460
1790462196,9013684,13788460
1790462198,8879252,13788460
1790462200,10120708,13788460
1790462202,10107440,13788460
1790462204,10120372,13788460
1790462206,8946208,13788460
1790462208,8816140,13788460
1790462210,10062380,13788460
1790462212,10112752,13788460
1790462214,10156652,13788460
1790462216,8538680,13788460
1790462218,8246096,13788460
1790462220,9754596,13788460
1790462222,9754000,13788460
1790462224,8592876,13788460
1790462226,8557728,13788460
1790462228,10075456,13788460
1790462230,10117156,13788460
1790462232,10277944,13788460
1790462234,9748200,13788460
1790462236,10164676,13788460
1790462238,10158204,13788460
1790462240,10223128,13788460
1790462242,10288388,13788460
1790462244,9098880,13788460
1790462246,10216624,13788460
1790462248,10124848,13788460
1790462250,10156248,13788460
1790462252,8996980,13788460
1790462254,8848884,13788460
1790462256,10084684,13788460
1790462258,10084580,13788460
1790462260,10100232,13788460
1790462262,8536672,13788460
1790462264,8314708,13788460
1790462266,9646200,13788468
1790462268,9638468,13788468
1790462270,8509828,13788468
1790462272,8271572,13788468
1790462274,9923208,13788468
1790462276,10045212,13788468
1790462278,10130300,13788468
1790462280,8907868,13788468
1790462282,8986184,13788468
1790462284,10194812,13788468
1790462286,10211740,13788468
1790462288,10222232,13788468
1790462290,9850248,13788468
1790462292,10165176,13788468
1790462294,10177320,13788468
1790462296,10172248,13788468
1790462298,10240780,13788468
1790462300,9099112,13788468
1790462302,10083416,13788468
1790462304,10188836,13788468
1790462306,10187280,13788468
1790462308,8530336,13788468
1790462310,9501732,13788468
1790462312,8405744,13788468
1790462314,9629860,13788468
1790462316,8967880,13788468
1790462318,8893632,13788468
1790462320,10148748,13788468
1790462322,10126540,13788468
1790462324,10128432,13788468
1790462326,8800488,13788468
1790462328,8810244,13788468
1790462330,10131088,13788468
1790462332,10126684,13788468
1790462334,10154196,13788468
1790462336,8869040,13788468
1790462338,9004240,13788468
1790462340,10191348,13788500
1790462342,10229000,13788500
1790462344,10292136,13788500
1790462346,10082748,13788500
1790462348,10106680,13788500
1790462350,10192500,13788500
1790462352,10245300,13788500
1790462354,8847904,13788500
1790462356,9681180,13788500
1790462358,8782256,13788500
1790462360,9702284,13788500
1790462362,9861332,13788500
1790462364,9023576,13788500
1790462366,9926724,13788500
1790462368,10068240,13788500
1790462370,10135416,13788500
1790462372,9002832,13788500
1790462374,8752796,13788500
1790462376,10076312,13788500
1790462378,10068308,13788500
1790462380,10128388,13788500
1790462382,8917896,13788500
1790462384,8921248,13788500
1790462386,10074524,13788500
1790462388,10086916,13788500
1790462390,10180096,13788500
1790462392,8827616,13788500
1790462394,8915188,13788500
1790462396,10199932,13788568
1790462398,10137944,13788568
1790462400,9086628,13788568
1790462402,8864424,13788732
1790462404,8657264,13788732
1790462406,9667900,13788732
1790462408,9778220,13788732
1790462410,9350632,13788732
1790462412,8771112,13788732
1790462414,10143356,13788732
1790462416,10180432,13788760
1790462418,10232852,13788760
1790462420,9082532,13788760
1790462422,10167808,13788760
1790462424,10166448,13788760
1790462426,10237812,13788760
1790462428,8968048,13788760
1790462430,8800292,13788760
1790462432,10056984,13788768
1790462434,10071324,13788768
1790462436,10138500,13788768
1790462438,8733016,13788768
1790462440,8944572,13788768
1790462442,10083332,13788768
1790462444,10103916,13788768
1790462446,10031748,13788768
1790462448,8568524,13788768
1790462450,8337848,13788768
1790462452,9572656,13788768
1790462454,9660328,13788768
1790462456,8582532,13788768
1790462458,8513940,13788768
1790462460,10092356,13788768
1790462462,10094792,13788768
1790462464,10178468,13788768
1790462466,9661628,13788768
1790462468,10090312,13788768
1790462470,10134544,13788768
1790462472,10199472,13788768
1790462474,10264204,13788768
1790462476,9075188,13788768
1790462478,10159680,13788768
1790462480,10171132,13788768
1790462482,10176764,13788768
1790462484,9050740,13788768
1790462486,8803376,13788768
1790462488,10038508,13788768
1790462490,10075264,13788768
1790462492,10183228,13788768
1790462494,8514284,13788768
1790462496,8376324,13788768
1790462498,9641044,13788768
1790462500,9654100,13788768
1790462502,8608796,13788768
1790462504,8428448,13788768
1790462506,9868640,13788768
1790462508,9963636,13788768
1790462510,10043168,13788768
1790462512,8757208,13788768
1790462514,8920284,13788768
1790462516,10122708,13788768
1790462518,10110912,13788768
1790462520,10212476,13788768
1790462522,10022136,13788768
1790462524,10062828,13788768
1790462526,10123916,13788768
1790462528,10185544,13788768
1790462530,10274860,13788768
1790462532,9086244,13788768
1790462534,10194716,13788768
1790462536,10237976,13788768
1790462538,10234872,13788768
1790462540,8609692,13788768
1790462542,8452984,13788768
1790462544,8554768,13788768
1790462546,9748132,13788768
1790462548,8968408,13788768
1790462550,8416508,13788768
1790462552,9869508,13788776
1790462554,10079084,13788776
1790462556,10128688,13788776
1790462558,8722688,13788776
1790462560,8977456,13788776
1790462562,10136096,13788776
1790462565,10160900,13788776
1790462567,10207688,13788776
1790462569,9335044,13788776
1790462571,8959720,13788776
1790462573,10022744,13788776
1790462575,10067352,13788776
1790462577,10139176,13788776
1790462579,10108760,13788776
1790462581,10155740,13788776
1790462583,10156508,13788776
1790462585,10159352,13788776
1790462587,8596296,13788776
1790462589,9825972,13788776
1790462591,8476148,13788776
1790462593,9664796,13788776
1790462595,9907868,13788776
1790462597,9023664,13788776
1790462599,9990124,13788776
1790462601,10077512,13788776
1790462603,10170492,13788776
1790462605,8889204,13788776
1790462607,8910316,13788776
1790462609,10081148,13788776
1790462611,10114952,13788776
1790462613,10117264,13788780
1790462615,8813980,13788780
1790462617,8932448,13788788
1790462619,10128996,13788788
1790462621,10163300,13788788
1790462623,10165572,13788788
1790462625,9647652,13788788
1790462627,8929376,13788788
1790462629,10048460,13788788
1790462631,10119508,13788788
1790462633,8849340,13788788
1790462635,8510228,13788788
1790462637,8347412,13788788
1790462639,9633268,13788788
1790462641,9761964,13788792
1790462643,9858896,13788792
1790462645,10153952,13788792
1790462647,10164908,13788792
1790462649,10189088,13788792
1790462651,10237080,13788792
1790462653,9068612,13788792
1790462655,10185192,13788792
1790462657,10202936,13788792
1790462659,10206572,13788792
1790462661,8845228,13788792
1790462663,8828576,13788792
1790462665,10127896,13788792
1790462667,10190296,13788792
1790462669,10148988,13788792
1790462671,8763636,13788792
1790462673,8928332,13788792
1790462675,10050064,13788792
1790462677,10133652,13788792
1790462679,9020808,13788792
1790462681,8494324,13788792
1790462683,8347200,13789788
1790462685,9622356,13789788
1790462687,9696852,13789788
1790462689,8873784,13789788
1790462691,8755624,13789788
1790462693,10015400,13789788
1790462695,10078852,13789788
1790462697,10152940,13789788
1790462699,9932548,13789792
1790462701,10148920,13789792
1790462703,10124792,13789792
1790462705,10143604,13789792
1790462707,9787568,13789792
1790462709,9022156,13789792
1790462711,10062868,13789792
1790462713,10093776,13789792
1790462715,10190472,13789792
1790462717,8882368,13789792
1790462719,8738948,13789792
1790462721,10183596,13789792
1790462723,10219848,13789792
1790462725,10240032,13789792
1790462727,8610708,13789792
1790462729,8294348,13789792
1790462731,9623036,13789792
1790462733,9623984,13789792
1790462735,8568236,13789792
1790462737,8738312,13789792
1790462739,10080840,13789796
1790462741,10143032,13789796
1790462743,10119900,13789796
1790462745,8753084,13789796
1790462747,8857292,13789796
1790462749,10065516,13789796
1790462751,10068064,13789796
1790462753,10119632,13789796
1790462755,10106932,13789796
1790462757,9975416,13789796
1790462759,10049720,13789796
1790462761,10146160,13789796
1790462763,10256708,13789796
1790462765,9061760,13789796
1790462767,10128256,13789796
1790462769,10172828,13789796
1790462771,10180580,13789796
1790462773,8606360,13789796
1790462775,8473968,13789796
1790462777,8526296,13789796
1790462779,9723976,13789796
1790462781,9058620,13789796
1790462783,8553860,13789796
1790462785,10117392,13789796
1790462787,10182208,13789796
1790462789,10144068,13789796
1790462791,8802820,13789796
1790462793,8933048,13789796
1790462795,10057568,13789796
1790462797,10060668,13789796
1790462799,10081164,13789796
1790462801,8964896,13789796
1790462803,8912456,13789796
1790462805,10032384,13789796
1790462807,10050292,13789796
1790462809,10146892,13789796
1790462811,10101416,13789796
1790462813,10052548,13789796
1790462815,10100220,13789796
1790462817,10146632,13789796
1790462819,8526736,13789796
1790462821,9719544,13789796
1790462823,8449124,13789796
1790462825,9728272,13789796
1790462827,9748192,13789796
1790462829,9066096,13789796
1790462831,10079164,13789796
1790462833,10076092,13789796
1790462835,10207292,13789796
1790462837,9064876,13789796
1790462839,8905180,13789796
1790462841,10093348,13789796
1790462843,10169080,13789796
1790462845,10181104,13789796
1790462847,8892252,13789796
1790462849,8903504,13789796
1790462851,10060076,13789796
1790462853,10073872,13789796
1790462855,10142884,13789796
1790462857,9562336,13789796
1790462859,8909872,13789796
1790462861,10042236,13789796
1790462863,10138956,13789796
1790462865,7105124,13789796
1790462867,7314980,13789796
1790462869,7962276,13789796
1790462871,7899060,13789796
1790462873,7997552,13789796
1790462875,7944756,13789796
1790462877,7954868,13789796
1790462879,7951032,13789796
1790462881,8042852,13789800
1790462883,8048160,13789800
1790462885,9336784,13789800
1790462887,9474204,13789800
1790462889,10145512,13785668
1790462891,8507476,13785668
1790462893,9650268,13785668
1790462895,8421296,13785668
1790462897,9388240,13785876
1790462899,10685720,13785880
1790462901,10353084,13785880
1790462903,9987644,13785880
1790462905,9919288,13785880
1790462907,10103880,13785880
1790462909,10062656,13785880
1790462911,10165588,13785880
1790462913,8996208,13785880
1790462915,10092636,13785880
1790462917,10098420,13785880
1790462919,10095608,13785880
1790462921,8681696,13785880
1790462923,8774544,13785880
1790462925,10138604,13785880
1790462927,10137412,13785880
1790462929,10155424,13785880
1790462931,8943332,13785880
1790462933,8980516,13785880
1790462935,10034824,13785880
1790462937,10071300,13785880
1790462939,9201804,13785880
1790462941,8594012,13785884
1790462943,8366528,13785884
1790462945,9734272,13785884
1790462947,9718720,13785884
1790462949,8648620,13785888
1790462951,8497368,13785888
1790462953,9946920,13785888
1790462955,10030680,13786036
1790462957,10118056,13786036
1790462959,9949224,13786036
1790462961,10012980,13786040
1790462963,10157700,13786040
1790462965,10160888,13786040
1790462967,9002340,13786040
1790462969,8911884,13786040
1790462971,9942220,13786040
1790462973,9988488,13789564
1790462975,9986044,13789564
1790462977,8764968,13789564
1790462979,8740268,13789568
1790462981,9996352,13789568
1790462983,9999164,13789568
1790462985,10081784,13789568
1790462987,8441604,13789568
1790462989,8237848,13789568
1790462991,9543496,13789568
1790462993,9559652,13789568
1790462995,8416560,13789568
1790462997,8327568,13789568
1790462999,9834692,13789568
1790463001,10025868,13789568
1790463003,10072808,13789568
1790463005,8978180,13789568
1790463007,8994304,13789568
1790463009,10069700,13789568
1790463011,10091148,13789568
1790463013,10138764,13789568
1790463015,9956664,13789568
1790463017,10058796,13789568
1790463019,10096268,13789568
1790463021,10090864,13789568
1790463023,8963676,13789568
1790463025,8980832,13789568
1790463027,9978016,13789608
1790463029,10012212,13789608
1790463031,10060756,13789608
1790463033,8442724,13789608
1790463035,8226320,13789608
1790463037,8361872,13789608
1790463039,9585164,13789608
1790463041,8835240,13789608
1790463043,8279524,13789608
1790463045,9723140,13789608
1790463047,9983500,13789608
1790463049,9998688,13789608
1790463051,8491172,13789608
1790463053,8644128,13789608
1790463055,9937260,13789608
1790463057,9997044,13789608
1790463059,10050624,13789640
1790463061,9128336,13789640
1790463063,8869268,13789640
1790463065,10069568,13789644
1790463067,10106120,13789644
1790463069,10135124,13789644
1790463071,10116084,13789644
1790463073,10032436,13789644
1790463075,10044728,13789644
1790463077,10113056,13789644
1790463079,8892288,13789644
1790463081,9526088,13789644
1790463083,8419964,13789644
1790463085,9640420,13789644
1790463087,9875320,13789648
1790463089,8833620,13789648
1790463091,9913020,13789648
1790463093,9936112,13789648
1790463095,9957320,13789648
1790463097,8843560,13789648
1790463099,8800588,13789648
1790463101,10075004,13789648
1790463103,10068120,13789648
1790463105,10068416,13789648
1790463107,8735676,13789648
1790463109,8862300,13789648
1790463111,9970988,13789648
1790463113,10019236,13789648
1790463115,10078608,13789648
1790463117,9532604,13789648
1790463119,9959148,13789648
1790463121,10039128,13789648
1790463123,10133744,13789648
1790463125,9098448,13789648
1790463127,8783704,13789648
1790463129,8459240,13789648
1790463131,9680340,13789648
1790463133,9882000,13789648
1790463135,9776484,13789648
1790463137,9807340,13789648
1790463139,10026868,13789648
1790463141,10064344,13789648
1790463143,9930748,13789648
1790463145,8980184,13789648
1790463147,10103524,13789648
1790463149,10034520,13789648
1790463151,10087244,13789648
1790463153,8729128,13789648
1790463155,8759072,13789648
1790463157,10015192,13789648
1790463159,10025236,13789648
1790463161,10053668,13789648
1790463163,8829280,13789648
1790463165,8863180,13789648
1790463167,10051660,13789648
1790463169,10057780,13789648
1790463171,9241804,13789648
1790463173,8625304,13789648
1790463175,8296576,13789648
1790463177,9559396,13789648
1790463179,9635900,13789648
1790463181,9071964,13789648
1790463183,8499840,13789684
1790463185,9951204,13789684
1790463187,10035584,13789684
1790463189,10109412,13789684
1790463191,9745692,13789684
1790463193,10088244,13789684
1790463195,10144568,13789684
1790463197,10144072,13789684
1790463199,9239524,13789684
1790463201,8993544,13789684
1790463203,10080076,13789684
1790463205,10081512,13789684
1790463207,10110012,13789684
1790463209,8663728,13789684
1790463211,8730340,13789684
1790463213,10019680,13789684
1790463215,10018420,13789684
1790463217,10055272,13789684
1790463219,8583092,13789684
1790463221,8319056,13789684
1790463223,9563912,13789684
1790463225,9599232,13789684
1790463227,8512600,13789684
1790463229,8465332,13789684
1790463231,9873348,13789684
1790463233,9954528,13789684
1790463235,10044120,13789684
1790463237,9397936,13789684
1790463239,8907960,13789684
1790463241,10097740,13789684
1790463243,10111448,13789684
1790463245,10135596,13789684
1790463247,9988612,13789684
1790463249,10090152,13789684
1790463251,10149284,13789684
1790463253,10151000,13789684
1790463255,8971192,13789684
1790463257,8994660,13789684
1790463259,10024628,13789684
1790463261,10082836,13789684
1790463263,10122448,13789684
1790463265,8545132,13789684
1790463267,8310304,13789684
1790463269,8363704,13789684
1790463271,9560340,13789684
1790463273,8859540,13789684
1790463275,8461120,13789684
1790463277,9825872,13789684
1790463279,9928280,13789684
1790463281,9975136,13789684
1790463283,8547588,13789684
1790463285,8910528,13789684
1790463287,10052852,13789684
1790463289,10045484,13789684
1790463291,10083988,13789684
1790463293,9211848,13789684
1790463295,8861240,13789684
1790463297,9970008,13789684
1790463299,10034084,13789684
1790463301,10147944,13789684
1790463303,9694572,13789684
1790463305,10104988,13789684
1790463307,10165468,13789684
1790463310,10167236,13789684
1790463312,8552020,13789684
1790463314,9540392,13789684
1790463316,8452788,13789684
1790463318,9656816,13789684
1790463320,9875584,13789684
1790463322,8956072,13789684
1790463324,9931624,13789684
1790463326,10009616,13789684
1790463328,10095980,13789684
1790463330,8772388,13789684
1790463332,8726784,13789684
1790463334,9974952,13789684
1790463336,9976452,13789684
1790463338,10013000,13789684
1790463340,8648744,13789684
1790463342,8899212,13789684
1790463344,10039636,13789684
1790463346,10026576,13789684
1790463348,10036288,13789684
1790463350,9538612,13789684
1790463352,9969844,13789684
1790463354,9989508,13789684
1790463356,10019392,13789684
1790463358,8946528,13789684
1790463360,9183408,13789684
1790463362,8375528,13789684
1790463364,9635356,13789684
1790463366,9655020,13789684
1790463368,9994120,13789684
1790463370,9996584,13789684
1790463372,10062036,13789684
1790463374,10047888,13789684
1790463376,8972776,13789684
1790463378,8723300,13789684
1790463380,10019476,13789684
1790463382,10084176,13789684
1790463384,10107668,13789684
1790463386,8858804,13789684
1790463388,8764948,13789684
1790463390,9955112,13789684
1790463392,9982640,13789684
1790463394,10033608,13789684
1790463396,8921440,13789684
1790463398,8860720,13789684
1790463400,10040256,13789720
1790463402,10040312,13789720
1790463404,8825640,13789756
1790463406,8433416,13789756
1790463408,8302020,13789756
1790463410,9569596,13789756
1790463412,9605840,13789756
1790463414,9378364,13789756
1790463416,9935712,13789756
1790463418,9921952,13789756
1790463420,10037400,13789756
1790463422,10073860,13789756
1790463424,8966668,13789756
1790463426,10147900,13789756
1790463428,10155496,13789756
1790463430,10151096,13789756
1790463432,8951844,13789756
1790463434,8690272,13789756
1790463436,10026984,13789756
1790463438,10070636,13789756
1790463440,10091736,13789756
1790463442,8791200,13791912
1790463444,8859844,13791912
1790463446,9984188,13791912
1790463448,10083148,13791912
1790463450,10021788,13791912
1790463452,8438160,13791912
1790463454,8250744,13791912
1790463456,9600872,13791912
1790463458,9598456,13791912
1790463460,8607828,13791912
1790463462,8532516,13791912
1790463464,9907024,13791912
1790463466,9938932,13791912
1790463468,10072552,13791912
1790463470,9537224,13791912
1790463472,9983520,13791912
1790463474,9999468,13791912
1790463476,10049300,13791912
1790463478,10065088,13791912
1790463480,8983012,13791912
1790463482,10107984,13791912
1790463484,10100312,13791912
1790463486,10111492,13791912
1790463488,8963984,13791912
1790463490,8742276,13791912
1790463492,10067068,13791912
1790463494,10078948,13791912
1790463496,7558732,13791912
1790463498,7298028,13791912
1790463500,7325904,13791912
1790463502,7961076,13791912
1790463504,7960640,13791912
1790463506,7971464,13791912
1790463508,8012112,13791912
1790463510,7902760,13791912
1790463512,7917380,13791912
1790463514,7893292,13791912
1790463516,7971620,13791928
1790463518,8932832,13791928
1790463520,2545100,13657560
1790463522,10145456,13657560
1790463524,8453940,13657560
1790463526,8374084,13657560
1790463528,9902680,13657564
1790463530,10763852,13657564
1790463532,10744720,13657564
1790463534,8754824,13657564
1790463536,8574080,13657564
1790463538,10091968,13657564
1790463540,10211796,13657564
1790463542,10267456,13657564
1790463544,8889960,13657564
1790463546,9098228,13657564
1790463548,10241196,13657564
1790463550,10248952,13657564
1790463552,10284364,13657564
1790463554,9916620,13657564
1790463556,10123976,13657564
1790463558,10182164,13657564
1790463560,10247496,13657564
1790463562,10301408,13657564
1790463564,9121136,13657564
1790463566,10193036,13657564
1790463568,10243308,13657564
1790463570,10156628,13657564
1790463572,8573832,13657564
1790463574,9225312,13657564
1790463576,8501704,13657564
1790463578,9703608,13657564
1790463580,9036444,13657564
1790463582,8493696,13657564
1790463584,10011800,13657564
1790463586,10105304,13657564
1790463588,10157388,13657564
1790463590,8803844,13657564
1790463592,8925768,13657564
1790463594,10128212,13657564
1790463596,10170556,13657564
1790463598,10188648,13657564
1790463600,9112576,13657564
1790463602,9063796,13657564
1790463604,10220376,13657564
1790463606,10273816,13657564
1790463608,10303304,13657564
1790463610,10050884,13657564
1790463612,10124204,13657564
1790463614,10156460,13657564
1790463616,10274628,13657564
1790463618,8645516,13657564
1790463620,9756384,13657564
1790463622,8451816,13657564
1790463624,9710040,13657564
1790463626,9766908,13657564
1790463628,9028992,13657564
1790463630,9961724,13657564
1790463632,9964560,13657564
1790463634,9998964,13657564
1790463636,8978900,13657564
1790463638,8878580,13657564
1790463640,10133904,13657564
1790463642,10154356,13657564
1790463644,10159508,13657564
1790463646,8932228,13657564
1790463648,8858960,13657564
1790463650,10122788,13657564
1790463652,10163156,13657564
1790463654,10196920,13657564
1790463656,9345520,13657564
1790463658,8948576,13657564
1790463660,10122936,13657564
1790463662,10162308,13657564
1790463664,8941376,13657564
1790463666,8618996,13657564
1790463668,8469440,13657564
1790463670,9733700,13657564
1790463672,9755176,13657564
1790463674,9726924,13657564
1790463676,10118896,13657564
1790463678,10171368,13657564
1790463680,10163720,13657564
1790463682,10164296,13657564
1790463684,9080644,13657564
1790463686,10075996,13657564
1790463688,10063368,13657564
1790463690,10083012,13657564
1790463692,8994936,13657564
1790463694,8854996,13657564
1790463696,10014696,13657564
1790463698,10132420,13657564
1790463700,10134540,13657564
1790463702,8827504,13657564
1790463704,8847932,13657564
1790463706,9982524,13657564
1790463708,10077044,13657564
1790463710,9058448,13657564
1790463712,8563544,13657564
1790463714,8396352,13657564
1790463716,9711956,13657564
1790463718,9707440,13657564
1790463720,9207740,13657564
1790463722,8778176,13657564
1790463724,10105244,13657584
1790463726,10135384,13657584
1790463728,10157764,13657584
1790463730,10069616,13657584
1790463732,10075184,13657588
1790463734,10109080,13657588
1790463736,10234888,13657588
1790463738,9120116,13657592
1790463740,9127956,13657592
1790463742,10134756,13657656
1790463744,10118396,13657656
1790463746,10196944,13657656
1790463748,8841776,13657656
1790463750,8837120,13657656
1790463752,10151468,13657656
1790463754,10141448,13657656
1790463756,10149136,13657656
1790463758,8559276,13657656
1790463760,8343644,13657656
1790463762,9643492,13657656
1790463764,9653244,13657656
1790463766,8616672,13657656
1790463768,8508348,13657656
1790463770,9999636,13657656
1790463772,10088824,13657656
1790463774,10169816,13657656
1790463776,9289232,13657656
1790463778,8906004,13657664
1790463780,10095324,13657664
1790463782,10104224,13657664
1790463784,10236872,13657664
1790463786,10283136,13657664
1790463788,10143976,13657664
1790463790,10176112,13657664
1790463792,10248116,13657664
1790463794,9121180,13657664
1790463796,9127016,13657664
1790463798,10181592,13657664
1790463800,10241728,13657664
1790463802,10280804,13657664
1790463804,8658864,13657664
1790463806,8657708,13657664
1790463808,8458548,13657664
1790463810,9767028,13657664
1790463812,8938496,13657664
1790463814,8418448,13657664
1790463816,10022280,13657664
1790463818,10086776,13657664
1790463820,10161932,13657664
1790463822,8910756,13657704
1790463824,8766436,13657704
1790463826,10039044,13657720
1790463828,10112288,13657720
1790463830,10198108,13657720
1790463832,9197928,13657720
1790463834,8880992,13657720
1790463836,10115980,13657720
1790463838,10194488,13657752
1790463840,10328144,13657752
1790463842,10310648,13657752
1790463844,10157944,13657752
1790463846,10198496,13657752
1790463848,10247128,13657752
1790463850,9239256,13657752
1790463852,9739092,13657752
1790463854,8761812,13657752
1790463856,9740172,13657752
1790463858,9886384,13657752
1790463860,9055080,13657752
1790463862,10065696,13657752
1790463864,10106416,13657752
1790463866,10231088,13657752
1790463868,9003532,13657752
1790463870,8896420,13657752
1790463872,10106152,13657752
1790463874,10131280,13657752
1790463876,10172796,13657752
1790463878,8833472,13657784
1790463880,8821816,13657784
1790463882,10045552,13657784
1790463884,10093776,13657784
1790463886,10161272,13657784
1790463888,9516072,13657784
1790463890,9007448,13657784
1790463892,10097508,13657784
1790463894,10131204,13657784
1790463896,8936204,13657784
1790463898,8879772,13657784
1790463900,8682016,13657784
1790463902,9832656,13657784
1790463904,9850392,13657784
1790463906,9925140,13657784
1790463908,9998420,13657784
1790463910,10133600,13657784
1790463912,10186028,13657784
1790463914,10257584,13657784
1790463916,9113824,13657784
1790463918,10117472,13657784
1790463920,10151720,13657784
1790463922,10236124,13657784
1790463924,8872032,13657784
1790463926,8845360,13657784
1790463928,10106532,13657784
1790463930,10106088,13657784
1790463932,10150204,13657784
1790463934,8798852,13657784
1790463936,8831192,13657784
1790463938,10063280,13657784
1790463940,10136708,13657784
1790463942,8712216,13657784
1790463944,8531244,13657784
1790463946,8411192,13657784
1790463948,9626196,13657784
1790463950,9661436,13657784
1790463952,9241760,13657784
1790463954,8697376,13657784
1790463956,9985128,13657784
1790463958,10070732,13657784
1790463960,10181028,13657784
1790463962,10273000,13657784
1790463964,10197132,13657784
1790463966,10174556,13657784
1790463968,10199492,13657784
1790463970,9076760,13657784
1790463972,8877664,13657784
1790463974,10108952,13657784
1790463976,10160800,13657784
1790463978,10248584,13657784
1790463980,8944416,13657784
1790463982,9010044,13657784
1790463984,10146628,13657784
1790463986,10215256,13657784
1790463988,10209804,13657784
1790463990,8570612,13657784
1790463992,8381460,13657784
1790463994,9643740,13657784
1790463996,9688740,13657784
1790463998,8685880,13657784
1790464000,8720072,13657784
1790464002,10093836,13657784
1790464004,10160088,13657784
1790464006,10165280,13657784
1790464008,9508028,13657784
1790464010,8834844,13657784
1790464012,10061608,13657784
1790464014,10106656,13657784
1790464016,10187380,13657784
1790464018,9861544,13657784
1790464020,10188504,13657784
1790464022,10230508,13657784
1790464024,10286232,13657784
1790464026,9083368,13657784
1790464028,8883268,13657784
1790464030,10143124,13657784
1790464032,10144456,13657784
1790464034,10243140,13657784
1790464036,8634364,13657784
1790464038,8423964,13657784
1790464040,8631536,13657784
1790464042,9754928,13657784
1790464044,9037504,13657784
1790464046,8831892,13657784
1790464048,10053140,13657784
1790464050,10092164,13657784
1790464052,10092208,13657784
1790464055,8827512,13657784
1790464057,8911596,13657784
1790464059,10041984,13657784
1790464061,10135124,13657784
1790464063,10148568,13657784
1790464065,9403112,13657784
1790464067,8854476,13657784
1790464069,10093508,13657784
1790464071,10117984,13657784
1790464073,10193244,13657784
1790464075,10199376,13657784
1790464077,10112332,13657784
1790464079,10103032,13657784
1790464081,10240064,13657784
1790464083,8603748,13657784
1790464085,9732764,13657784
1790464087,8498684,13657784
1790464089,9740412,13657784
1790464091,9882984,13657784
1790464093,9082064,13657784
1790464095,10028136,13657784
1790464097,10174904,13657784
1790464099,10208652,13657784
1790464101,9056756,13657784
1790464103,8949800,13657784
1790464105,10077668,13657784
1790464107,10205032,13657792
1790464109,10200328,13657792
1790464111,8900764,13657792
1790464113,9015684,13657792
1790464115,10169604,13657792
1790464117,10164380,13657792
1790464119,10195904,13657792
1790464121,9516640,13657792
1790464123,8948504,13657792
1790464125,10089832,13657792
1790464127,10111640,13657792
1790464129,7074580,13657792
1790464131,7340012,13657792
1790464133,8716576,13657792
1790464135,8030088,13657792
1790464137,7960420,13657792
1790464139,7998444,13657792
1790464141,8078504,13657792
1790464143,8210748,13657792
1790464145,8064424,13657792
1790464147,8037788,13657792
1790464149,9557708,13657792
1790464151,9763960,13657792
1790464153,9486908,13657792
1790464155,8476464,13657792
1790464157,9670092,13657792
1790464159,8450844,13657792
1790464161,9367376,13657792
1790464163,10633216,13657792
1790464165,10388612,13657792
1790464167,9993464,13657792
1790464169,9915744,13657792
1790464171,9952364,13657792
1790464173,10103640,13657792
1790464175,9918760,13657792
1790464177,8984008,13657792
1790464179,10124828,13657792
1790464181,10130332,13657792
1790464183,10157320,13657792
1790464185,8946864,13657792
1790464187,8792016,13657792
1790464189,10151100,13657792
1790464191,10147272,13657792
1790464193,10171332,13657792
1790464195,8865896,13657792
1790464197,9003160,13657792
1790464199,10116056,13657792
1790464201,10194432,13657792
1790464203,9254668,13657792
1790464205,8633812,13657792
1790464207,8482288,13657792
1790464209,9731360,13657792
1790464211,9761532,13657792
1790464213,9074076,13657792
1790464215,8608720,13657792
1790464217,10003900,13657792
1790464219,10119700,13657792
1790464221,10225544,13659120
1790464223,9978248,13659120
1790464225,10149468,13659120
1790464227,10188548,13659120
1790464229,10134784,13659120
1790464231,8990548,13659120
1790464233,8985628,13659120
1790464235,10076208,13659120
1790464237,10097140,13659120
1790464239,10144896,13659120
1790464241,8839708,13659120
1790464243,8675072,13659120
1790464245,10090856,13659120
1790464247,10077320,13659120
1790464249,10118496,13659120
1790464251,8525320,13659564
1790464253,8303524,13659564
1790464255,9653708,13659564
1790464257,9655736,13659564
1790464259,8628284,13659564
1790464261,8606764,13659564
1790464263,10058708,13659612
1790464265,10110980,13659612
1790464267,10164784,13659612
1790464269,9327104,13659612
1790464271,9005368,13659612
1790464273,10136400,13659612
1790464275,10196460,13659612
1790464277,10239316,13659612
1790464279,10182840,13659612
1790464281,10075604,13659612
1790464283,10102740,13659612
1790464285,10192064,13659612
1790464287,9075848,13659612
1790464289,8991260,13659684
1790464291,10086896,13659684
1790464293,10097708,13659684
1790464295,10123124,13659684
1790464297,8527456,13659684
1790464299,8327756,13659684
1790464301,8420844,13659684
1790464303,9621468,13659684
1790464305,8958628,13659684
1790464307,8406148,13659684
1790464309,9859264,13659684
1790464311,10013204,13659684
1790464313,10120668,13659684
1790464315,8813036,13659684
1790464317,8996532,13659684
1790464319,10058640,13659684
1790464321,10144564,13659684
1790464323,10175600,13659684
1790464325,9391404,13659684
1790464327,9042832,13659684
1790464329,10139236,13659684
1790464331,10162444,13659684
1790464333,10168400,13659684
1790464335,10197320,13659684
1790464337,10104868,13659684
1790464339,10169380,13659684
1790464341,10203040,13659684
1790464343,8630540,13659684
1790464345,9713588,13659684
1790464347,8463712,13659684
1790464349,9617596,13659684
1790464351,9637560,13659684
1790464353,8922900,13659684
1790464355,10042288,13659684
1790464357,10043696,13659684
1790464359,10058260,13659684
1790464361,8963960,13659684
1790464363,8856096,13659684
1790464365,10041336,13659684
1790464367,10057452,13659684
1790464369,10107200,13659684
1790464371,8876128,13659684
1790464373,8886668,13659684
1790464375,10037524,13659684
1790464377,10065884,13659684
1790464379,10099392,13659684
1790464381,9543464,13659684
1790464383,9022744,13659684
1790464385,10193944,13659684
1790464387,10217720,13659684
1790464389,8925304,13659684
1790464391,8609124,13659684
1790464393,8448860,13659684
1790464395,9710308,13659684
1790464397,9752052,13659684
1790464399,9742656,13659684
1790464401,10041616,13659684
1790464403,10094604,13659684
1790464405,10182488,13659684
1790464407,10202460,13659684
1790464409,8991840,13659684
1790464411,10031108,13659684
1790464413,10042660,13659684
1790464415,10045916,13659684
1790464417,8738204,13659684
1790464419,8827692,13659684
1790464421,10111716,13659684
1790464423,10107296,13659684
1790464425,10114072,13659684
1790464427,8872156,13659684
1790464429,8931152,13659684
1790464431,9997568,13659684
1790464433,10032576,13659684
1790464435,8877224,13659684
1790464437,8543208,13659684
1790464439,8373256,13659688
1790464441,9776200,13659688
1790464443,9773768,13659688
1790464445,8794540,13659688
1790464447,8569848,13659688
1790464449,10058204,13659688
1790464451,10077432,13659688
1790464453,10134788,13659688
1790464455,10020192,13659688
1790464457,10112244,13659688
1790464459,10169888,13659688
1790464461,10206492,13659688
1790464463,10266408,13659688
1790464465,9069808,13659688
1790464467,10037652,13659688
1790464469,10019212,13659688
1790464471,10084624,13659688
1790464473,8826104,13659688
1790464475,8838440,13659688
1790464477,10058628,13659688
1790464479,10062900,13659688
1790464481,10089716,13659688
1790464483,8504632,13659688
1790464485,8307236,13659688
1790464487,9630548,13659688
1790464489,9657620,13659688
1790464491,8651972,13659688
1790464493,8504380,13659688
1790464495,9979500,13659688
1790464497,10007328,13659688
1790464499,10070304,13659688
1790464501,9051264,13659688
1790464503,9061772,13659688
1790464505,10112536,13659688
1790464507,10111464,13659688
1790464509,10252620,13659688
1790464511,10066392,13659688
1790464513,10169124,13659688
1790464515,10165560,13659688
1790464517,10172112,13659688
1790464519,9042332,13659688
1790464521,9060164,13659688
1790464523,10042380,13659688
1790464525,10141592,13659688
1790464527,10202928,13659772
1790464529,8503048,13659772
1790464531,8263256,13659772
1790464533,8396176,13659772
1790464535,9657224,13659772
1790464537,8949608,13659772
1790464539,8428960,13659772
1790464541,9906352,13659772
1790464543,10003980,13659772
1790464545,10058916,13659772
1790464547,8686204,13659772
1790464549,8694020,13659772
1790464551,9987644,13659772
1790464553,10062296,13659772
1790464555,10156892,13659780
1790464557,9065716,13659780
1790464559,8891988,13659780
1790464561,10111996,13659780
1790464563,10115248,13659780
1790464565,10195360,13659780
1790464567,10193468,13659780
1790464569,10144972,13659780
1790464571,10158156,13659780
1790464573,10158376,13659780
1790464575,8994040,13659780
1790464577,9694032,13659780
1790464579,8566020,13659780
1790464581,9700744,13659780
1790464583,9893012,13659780
1790464585,9007368,13659780
1790464587,10118980,13659780
1790464589,10032120,13659780
1790464591,10089268,13659780
1790464593,8968032,13659780
1790464595,8786604,13659780
1790464597,10084856,13659780
1790464599,10109024,13659780
1790464601,10186088,13659780
1790464603,8891672,13659780
1790464605,8921140,13659780
1790464607,10080984,13659780
1790464609,10159832,13659780
1790464611,10202464,13659780
1790464613,9505236,13659780
1790464615,8977108,13659780
1790464617,10014732,13659780
1790464619,10128368,13659780
1790464621,9208572,13659780
1790464623,8703796,13659780
1790464625,8531720,13659780
1790464627,9767040,13659780
1790464629,9876068,13659780
1790464631,9901436,13659780
1790464633,9965284,13659780
1790464635,10105644,13659780
1790464637,10146760,13659780
1790464639,10170376,13659780
1790464641,9091040,13659780
1790464643,10143968,13659780
1790464645,10170200,13659780
1790464647,10201128,13659780
1790464649,8840096,13659780
1790464651,8854944,13659780
1790464653,10032044,13659780
1790464655,10079976,13659780
1790464657,10146552,13659780
1790464659,8831904,13659780
1790464661,9005776,13659844
1790464663,10081416,13659844
1790464665,10112444,13659844
1790464667,7220440,13659844
1790464669,7443136,13659844
1790464671,7958432,13659844
1790464673,7953456,13659844
1790464675,7983784,13659844
1790464677,7952260,13659844
1790464679,8102716,13659844
1790464681,8007780,13659844
1790464683,8007536,13659844
1790464685,8030024,13659844
1790464687,9529504,13659844
1790464689,9323984,13659844
1790464691,9427392,13659844
1790464693,8524876,13659844
1790464695,8515864,13659844
1790464697,8467208,13659844
1790464699,9220548,13659844
1790464701,10737056,13659844
1790464703,10320472,13659844
1790464705,9339832,13659844
1790464707,8731016,13659844
1790464709,10024224,13659844
1790464711,10020836,13659844
1790464713,10096988,13659844
1790464715,10156764,13659844
1790464717,10124444,13659844
1790464719,10112184,13659844
1790464721,10120716,13659844
1790464723,8982176,13659844
1790464725,8733196,13659844
1790464727,10040788,13659844
1790464729,10099728,13659844
1790464731,10155560,13659844
1790464733,8885036,13659844
1790464735,8906788,13659844
1790464737,10079704,13659844
1790464739,10116376,13659844
1790464741,10265236,13659844
1790464743,8613808,13659844
1790464745,8494016,13659844
1790464747,9722168,13659844
1790464749,9777564,13659848
1790464751,8631968,13659848
1790464753,8666040,13659848
1790464755,10086632,13659848
1790464757,10152428,13659848
1790464759,10185668,13659848
1790464761,9650372,13659848
1790464763,10092740,13659848
1790464765,10091020,13659848
1790464767,10162508,13659848
1790464769,10166908,13659848
1790464771,8978972,13659848
1790464773,10002824,13659848
1790464775,10002424,13659848
1790464777,10083960,13659848
1790464779,8958440,13659848
1790464781,8664668,13659848
1790464783,10032152,13659848
1790464785,10047920,13659848
1790464787,10124360,13659848
1790464789,8507048,13659848
1790464791,8384468,13659848
1790464793,9670108,13659848
1790464796,9666660,13659848
1790464798,8802380,13659848
1790464800,8539052,13659848
1790464802,10011896,13659848
1790464804,10084652,13659848
1790464806,10159204,13659848
1790464808,9079304,13659848
1790464810,8899184,13659848
1790464812,10083396,13659848
1790464814,10153328,13659848
1790464816,10263204,13659848
1790464818,10056180,13659848
1790464820,10046308,13659848
1790464822,10098680,13659848
1790464824,10274844,13659848
1790464826,9054588,13659848
1790464828,8968600,13659848
1790464830,10119904,13659848
1790464832,10111668,13659848
1790464834,10136900,13659848
1790464836,8517440,13659848
1790464838,8615304,13659848
1790464840,8396636,13659848
1790464842,9612388,13659848
1790464844,8853932,13659848
1790464846,8578928,13659848
1790464848,9925652,13659848
1790464850,10002200,13659848
1790464852,10086680,13659848
1790464854,8727292,13659848
1790464856,8910928,13659848
1790464858,10045128,13659848
1790464860,10184228,13659848
1790464862,10236080,13659848
1790464864,9720572,13659848
1790464866,10060916,13659848
1790464868,10063196,13659848
1790464870,10148140,13659848
1790464872,10239368,13659848
1790464874,9063292,13659848
1790464876,10177232,13659848
1790464878,10169056,13659848
1790464880,10186728,13659848
1790464882,8570720,13659848
1790464884,9577080,13659848
1790464886,8501676,13659848
1790464888,9719556,13659848
1790464890,8959112,13659848
1790464892,8518024,13659848
1790464894,10002852,13659848
1790464896,10046584,13659880
1790464898,10051224,13659880
1790464900,8814444,13659880
1790464902,8895956,13659880
1790464904,10032576,13659880
1790464906,10086248,13659880
1790464908,10182636,13659880
1790464910,8962672,13659880
1790464912,8820016,13659880
1790464914,10083992,13659880
1790464916,10106392,13659880
1790464918,10171936,13659880
1790464920,10281652,13659880
1790464922,10011772,13659880
1790464924,10005744,13659880
1790464926,10231328,13659880
1790464928,8583300,13659880
1790464930,9626056,13659880
1790464932,8467824,13659880
1790464934,9781484,13659880
1790464936,9829108,13659880
1790464938,9014704,13659880
1790464940,10064472,13659880
1790464942,10126068,13659880
1790464944,10153752,13659880
1790464946,9041716,13659880
1790464948,8905184,13659880
1790464950,10007640,13659880
1790464952,10058572,13659880
1790464954,10142376,13659880
1790464956,8868348,13659880
1790464958,8954484,13659880
1790464960,10099032,13659880
1790464962,10124668,13659880
1790464964,10163404,13659880
1790464966,9557620,13659880
1790464968,10047552,13659880
1790464970,10048888,13659880
1790464972,10144928,13659880
1790464974,8665436,13659880
1790464976,9565832,13659880
1790464978,8341508,13659880
1790464980,9673568,13659880
1790464982,9727928,13659880
1790464984,10089684,13659880
1790464986,10137360,13659880
1790464988,10135348,13659880
1790464990,10222300,13659880
1790464992,9074740,13659880
1790464994,9071228,13659880
1790464996,10215420,13659880
1790464998,10192292,13659880
1790465000,10202224,13659880
1790465002,8935580,13659880
1790465004,8885352,13659880
1790465006,10093968,13659880
1790465008,10198244,13659880
1790465010,10154260,13659880
1790465012,9082232,13659884
1790465014,8897896,13659884
1790465016,10117684,13659884
1790465018,10160676,13659884
1790465020,9127608,13659884
1790465022,8502360,13659884
1790465024,8353924,13659884
1790465026,9630956,13659884
1790465028,9638788,13659884
1790465030,9520544,13659884
1790465032,9978848,13659884
1790465034,10006804,13659884
1790465036,10090164,13659884
1790465038,10118616,13659884
1790465040,9078072,13659884
1790465042,10114516,13659884
1790465044,10122920,13659884
1790465046,10227452,13659884
1790465048,9075064,13659884
1790465050,8967356,13659884
1790465052,10183384,13659884
1790465054,10189828,13659884
1790465056,10216096,13659884
1790465058,8904556,13659884
1790465060,8915656,13659884
1790465062,10091704,13659884
1790465064,10179300,13659884
1790465066,10159796,13659884
1790465068,8620144,13659884
1790465070,8305508,13659884
1790465072,9617864,13659884
1790465074,9618584,13659884
1790465076,8632972,13660028
1790465078,8684956,13660028
1790465080,9915580,13660028
1790465082,9996936,13660028
1790465084,10074432,13660028
1790465086,9760892,13660028
1790465088,9970136,13660028
1790465090,10032220,13660028
1790465092,10165672,13660028
1790465094,10233900,13660028
1790465096,9003480,13660028
1790465098,9985884,13660028
1790465100,10162664,13660028
1790465102,10188676,13660028
1790465104,8855684,13660028
1790465106,8928620,13660028
1790465108,10117240,13660028
1790465110,10152948,13660048
1790465112,10214068,13660048
1790465114,8590112,13660048
1790465116,8358408,13660048
1790465118,9720776,13660048
1790465120,9703216,13660048
1790465122,8550880,13660048
1790465124,8395408,13660048
1790465126,9952708,13660048
1790465128,9994044,13660048
1790465130,10059336,13660048
1790465132,8915780,13660048
1790465134,8931044,13660076
1790465136,10078692,13660076
1790465138,10088040,13660076
1790465140,10094116,13660076
1790465142,9973920,13660076
1790465144,9954032,13660076
1790465146,10028456,13660076
1790465148,10123768,13660076
1790465150,8941848,13660076
1790465152,8829552,13660088
1790465154,10011488,13660088
1790465156,10071016,13660088
1790465158,7540272,13660092
1790465160,7068488,13660092
1790465162,7355984,13660092
1790465164,8013872,13660092
1790465166,7997436,13660092
1790465168,8003684,13660092
1790465170,8007572,13660092
1790465172,8014292,13660092
1790465174,8075284,13660092
1790465176,8007484,13660092
1790465178,8009280,13660092
1790465180,9559148,13660092
1790465182,2701744,13660092
1790465184,9450788,13660092
1790465186,8450844,13660092
1790465188,8369452,13660092
1790465190,9586768,13660092
1790465192,10491180,13660092
1790465194,10639332,13660092
1790465196,8510548,13660092
1790465198,8576648,13660092
1790465200,9826620,13660092
1790465202,9950940,13660092
1790465204,10104836,13660092
1790465206,8716288,13660092
1790465208,8904560,13660092
1790465210,10041112,13660092
1790465212,10093436,13660092
1790465214,10104224,13660092
1790465216,9691624,13660092
1790465218,10038328,13660092
1790465220,10120680,13660092
1790465222,10156456,13660092
1790465224,10223864,13660092
1790465226,9048368,13660092
1790465228,10100016,13660092
1790465230,10137972,13660092
1790465232,10181840,13660092
1790465234,8622920,13660092
1790465236,9605372,13660092
1790465238,8501852,13660092
1790465240,9728252,13660092
1790465242,9820012,13660092
1790465244,9039324,13660092
1790465246,10027864,13660092
1790465248,9968604,13660092
1790465250,9964360,13660092
1790465252,8814412,13660092
1790465254,8858868,13660092
1790465256,10143268,13660092
1790465258,10137432,13660092
1790465260,10128720,13660092
1790465262,8808640,13660092
1790465264,8965592,13660092
1790465266,10018108,13660092
1790465268,10008840,13660092
1790465270,10084024,13660124
1790465272,9756840,13660124
1790465274,10044032,13660124
1790465276,10051756,13660124
1790465278,10039004,13660164
1790465280,8669524,13660164
1790465282,9694612,13660164
1790465284,8412480,13660164
1790465286,9680644,13660164
1790465288,9779444,13660164
1790465290,9937536,13660164
1790465292,9976216,13660164
1790465294,10079208,13660164
1790465296,10131124,13660164
1790465298,9029236,13660164
1790465300,8963164,13660164
1790465302,10060212,13660164
1790465304,10107252,13660164
1790465306,10195376,13660164
1790465308,8897036,13660164
1790465310,8861508,13660164
1790465312,10118364,13660164
1790465314,10125764,13660164
1790465316,10178724,13660164
1790465318,8793352,13660164
1790465320,8969208,13660164
1790465322,10059980,13660164
1790465324,10102236,13660164
1790465326,8761700,13660164
1790465328,8529960,13660164
1790465330,8799212,13660164
1790465332,9680536,13660164
1790465334,9702300,13660164
1790465336,9439168,13660164
1790465338,9857972,13660164
1790465340,10092632,13660164
1790465342,10131528,13660164
1790465344,10205136,13660164
1790465346,9044020,13660164
1790465348,10134680,13660164
1790465350,10159520,13660164
1790465352,10220496,13660164
1790465354,9037096,13660164
1790465356,8857232,13660164
1790465358,10133688,13660164
1790465360,10154224,13660164
1790465362,10186652,13660164
1790465364,8917500,13660164
1790465366,9036564,13660164
1790465368,10125516,13660164
1790465370,10162260,13660164
1790465372,10182588,13660164
1790465374,8876088,13660164
1790465376,8683168,13660164
1790465378,9622680,13660164
1790465380,9772192,13660164
1790465382,8705392,13660164
1790465384,8600796,13660164
1790465386,10008892,13660164
1790465388,10077952,13660164
1790465390,10107964,13660164
1790465392,9585616,13660164
1790465394,10017712,13660164
1790465396,10032364,13660164
1790465398,10124164,13660164
1790465400,10248552,13660164
1790465402,9079320,13660164
1790465404,10049520,13660164
1790465406,10160024,13660164
1790465408,10219236,13660164
1790465410,9073704,13660164
1790465412,8781492,13660164
1790465414,10095964,13660164
1790465416,10162528,13660164
1790465418,10225752,13660164
1790465420,8642684,13660164
1790465422,8501840,13660164
1790465424,9034192,13660164
1790465426,9895200,13660164
1790465428,8710432,13660164
1790465430,8582524,13660164
1790465432,9918768,13660164
1790465434,10059524,13660164
1790465436,10135712,13660164
1790465438,8769224,13660164
1790465440,8729184,13660348
1790465442,10029028,13661616
1790465444,10088536,13661668
1790465446,10146148,13661768
1790465448,9647648,13661820
1790465450,10087980,13661824
1790465452,10087504,13661824
1790465454,10126400,13661856
1790465456,10172552,13661864
1790465458,8982520,13661880
1790465460,10104916,13662056
1790465462,10127308,13662064
1790465464,10192112,13662064
1790465466,8658664,13662064
1790465468,9575060,13662124
1790465470,8516720,13662236
1790465472,9718228,13662252
1790465474,9048000,13662252
1790465476,8618620,13662252
1790465478,10048164,13662252
1790465480,10073560,13662252
1790465482,10100840,13662252
1790465484,8805468,13662252
1790465486,9009240,13662252
1790465488,10106396,13662284
1790465490,10109288,13662284
1790465492,10117972,13662284
1790465494,8980412,13662284
1790465496,8991032,13662284
1790465498,10039456,13662464
1790465500,10050960,13662480
1790465502,10110224,13662516
1790465504,9809104,13662516
1790465506,9991416,13662536
1790465508,10104688,13662536
1790465510,10129588,13662536
1790465512,8861956,13662536
1790465514,9661000,13662536
1790465516,8383684,13662536
1790465518,9614100,13662544
1790465520,9845196,13662544
1790465522,9015028,13662544
1790465524,9957236,13662544
1790465526,10079000,13662544
1790465528,10126684,13662548
1790465530,9029648,13662980
1790465532,8903368,13662980
1790465534,10172772,13662980
1790465536,10170964,13662984
1790465538,10180156,13662984
1790465540,8897104,13662984
1790465542,9017028,13662984
1790465544,10131116,13662984
1790465546,10153312,13662988
1790465548,10172148,13662988
1790465550,9241396,13662988
1790465553,8971220,13662988
1790465555,10038540,13662992
1790465557,10076680,13662992
1790465559,7123724,13663020
1790465561,7287672,13663020
1790465563,7949004,13663020
1790465565,7963288,13663020
1790465567,7964812,13663020
1790465569,7858760,13663020
1790465571,8042544,13663020
1790465573,7966564,13663020
1790465575,7950424,13663020
1790465577,7941900,13663020
1790465579,9429788,13663020
1790465581,10624924,13663020
1790465583,9571812,13663020
1790465585,8445408,13663020
1790465587,9614824,13663020
1790465589,8476408,13663020
1790465591,9321476,13663020
1790465593,10824036,13663020
1790465595,10273672,13663020
1790465597,10044772,13663020
1790465599,10068864,13663020
1790465601,10182528,13663020
1790465603,10200980,13663020
1790465605,9073656,13663020
1790465607,9089460,13663020
1790465609,10089128,13663020
1790465611,10075492,13663020
1790465613,10089840,13663020
1790465615,8786180,13663028
1790465617,8776172,13663028
1790465619,9999816,13663032
1790465621,10150776,13663036
1790465623,10166836,13663044
1790465625,8809212,13663044
1790465627,8927688,13663044
1790465629,10065116,13663044
1790465631,10099936,13663580
1790465633,8892900,13663580
1790465635,8514444,13663580
1790465637,8347108,13663580
1790465639,9630464,13663580
1790465641,9756444,13663580
1790465643,9372576,13663580
1790465645,10086840,13663580
1790465647,10075724,13663580
1790465649,10140060,13663580
1790465651,10202900,13663580
1790465653,9077024,13663580
1790465655,10127400,13663580
1790465657,10201588,13663580
1790465659,10201360,13663580
1790465661,9071816,13663580
1790465663,8848724,13663580
1790465665,10079364,13663580
1790465667,10107124,13663580
1790465669,10107204,13663580
1790465671,8758912,13663580
1790465673,8866440,13663580
1790465675,9995084,13663580
1790465677,10025892,13663580
1790465679,10133428,13663580
1790465681,8522792,13663580
1790465683,8302280,13663580
1790465685,9617448,13663584
1790465687,9625424,13663584
1790465689,8627156,13663584
1790465691,8619388,13663584
1790465693,9932320,13663584
1790465695,9993832,13663584
1790465697,10088256,13663584
1790465699,9597168,13663584
1790465701,10096508,13663584
1790465703,10148872,13663584
1790465705,10197216,13663584
1790465707,10280568,13663584
1790465709,9071540,13663584
1790465711,10142652,13663584
1790465713,10157576,13663584
1790465715,10226768,13663584
1790465717,9052880,13663584
1790465719,8838912,13663584
1790465721,10068120,13663584
1790465723,10132464,13663584
1790465725,10259588,13663584
1790465727,8583724,13663584
1790465729,8300144,13663584
1790465731,8867288,13663584
1790465733,9609564,13663584
1790465735,8628448,13663584
1790465737,8282836,13663584
1790465739,9867556,13663596
1790465741,9985236,13663596
1790465743,10061188,13663604
1790465745,8856124,13663604
1790465747,8943128,13663604
1790465749,10077724,13663604
1790465751,10089264,13663604
1790465753,10199424,13664124
1790465755,9434760,13664124
1790465757,10176508,13664124
1790465759,10109664,13667684
1790465761,10130900,13667684
1790465763,10219212,13667684
1790465765,9114656,13667684
1790465767,9969508,13667684
1790465769,10014404,13667684
1790465771,10175972,13667684
1790465773,8563484,13667684
1790465775,9538772,13667684
1790465777,8413868,13667684
1790465779,9712440,13667684
1790465781,8927496,13667684
1790465783,8864900,13667696
1790465785,10011344,13667696
1790465787,10075912,13667696
1790465789,10006732,13667696
1790465791,8781460,13667696
1790465793,8762396,13667696
1790465795,9999316,13667696
1790465797,10020444,13667696
1790465799,10099504,13667696
1790465801,8764792,13667696
1790465803,8877420,13667696
1790465805,10048036,13667696
1790465807,10099648,13667696
1790465809,10122928,13667696
1790465811,9927412,13667696
1790465813,10039748,13667696
1790465815,10038668,13667696
1790465817,10038800,13667696
1790465819,8476716,13667696
1790465821,9664960,13667696
1790465823,8374344,13667696
1790465825,9583148,13667696
1790465827,9646108,13667696
1790465829,8931052,13667696
1790465831,10013568,13667696
1790465833,10015028,13667696
1790465835,10042036,13667696
1790465837,9002312,13667696
1790465839,8904548,13667696
1790465841,10081544,13667696
1790465843,10115888,13667696
1790465845,10153144,13667696
1790465847,8982392,13667696
1790465849,8879620,13667696
1790465851,9986800,13667696
1790465853,10033788,13667696
1790465855,10057588,13667696
1790465857,9228820,13667696
1790465859,8933716,13667696
1790465861,10030728,13667696
1790465863,10062376,13667696
1790465865,9045560,13667696
1790465867,8482460,13667696
1790465869,8360224,13667696
1790465871,9600284,13667696
1790465873,9680856,13667696
1790465875,9827532,13667696
1790465877,9868428,13667696
1790465879,9909516,13667696
1790465881,10128220,13667696
1790465883,10113220,13667696
1790465885,9036912,13667696
1790465887,10037152,13667696
1790465889,10072816,13667696
1790465891,10145668,13667760
1790465893,8940912,13667760
1790465895,8892244,13667760
1790465897,10144940,13667760
1790465899,10182456,13667760
1790465901,10184244,13667760
1790465903,8874696,13667760
1790465905,8928504,13667760
1790465907,10033100,13667760
1790465909,10074540,13667760
1790465911,9012012,13667760
1790465913,8475840,13667760
1790465915,8324256,13667760
1790465917,9692052,13667760
1790465919,9697016,13667760
1790465921,9201816,13667760
1790465923,8701220,13667760
1790465925,10025540,13667760
1790465927,10054988,13667760
1790465929,10079736,13667760
1790465931,10083316,13667760
1790465933,9935080,13667760
1790465935,10066848,13667760
1790465937,10092340,13667760
1790465939,8918264,13667764
1790465941,8829688,13667764
1790465943,10021348,13667764
1790465945,10077852,13667764
1790465947,10167720,13667764
1790465949,8777708,13667764
1790465951,8857188,13667764
1790465953,10064472,13667764
1790465955,10079864,13667764
1790465957,7446440,13667764
1790465959,7254904,13667764
1790465961,8000724,13667764
1790465963,8006728,13667764
1790465965,8004040,13667764
1790465967,8003344,13667764
1790465969,7914396,13667768
1790465971,7915572,13667768
1790465973,7921388,13667768
1790465975,7950516,13667768
1790465977,7936424,13667768
1790465979,9536184,13667768
1790465981,9048688,13630508
1790465983,9009696,13630508
1790465985,8408300,13630508
1790465987,8392720,13630508
1790465989,9207116,13630508
1790465991,10497724,13630508
1790465993,10776928,13630508
1790465995,8475752,13630512
1790465997,8570624,13630512
1790465999,10010124,13630516
1790466001,10094268,13630516
1790466003,10135552,13630516
1790466005,9587592,13630516
1790466007,10218212,13630516
1790466009,10215188,13630516
1790466011,10207016,13630516
1790466013,10223396,13630516
1790466015,9076988,13630516
1790466017,10139488,13630516
1790466019,10134280,13630516
1790466021,10227304,13630516
1790466023,9088364,13630516
1790466025,8925412,13630516
1790466027,10204140,13630516
1790466029,10131644,13630516
1790466031,10124356,13630516
1790466033,8527096,13630516
1790466035,8412636,13630516
1790466037,9684820,13630516
1790466039,9680708,13630544
1790466041,8654520,13630548
1790466043,8453600,13630552
1790466045,9996316,13630552
1790466047,10114844,13630552
1790466049,10156992,13630552
1790466051,9080660,13630552
1790466053,8962804,13630552
1790466055,10086756,13630552
1790466057,10102300,13630616
1790466059,10140120,13630756
1790466061,10075928,13630756
1790466063,10190308,13630756
1790466065,10171688,13630756
1790466067,10173176,13630756
1790466069,9370860,13630756
1790466071,9081320,13630756
1790466073,10123856,13630756
1790466075,10110264,13630756
1790466077,10185344,13630756
1790466079,9200228,13630756
1790466081,8526496,13630756
1790466083,8784148,13630756
1790466085,9777476,13630756
1790466087,9040356,13630756
1790466089,8427508,13630760
1790466091,9999524,13630760
1790466093,10003172,13630760
1790466095,10072024,13630760
1790466097,8776708,13630760
1790466099,8809660,13630760
1790466101,10139364,13630764
1790466103,10167540,13630764
1790466105,10166580,13630892
1790466107,9324744,13630892
1790466109,9023528,13630892
1790466111,10062092,13630892
1790466113,10114572,13630892
1790466115,10167768,13630892
1790466117,10141308,13630892
1790466119,10089188,13630892
1790466121,10174140,13630892
1790466123,10191508,13630892
1790466125,8950172,13630892
1790466127,9633784,13630892
1790466129,8651072,13630892
1790466131,9758108,13630892
1790466133,10003868,13630892
1790466135,9064864,13630892
1790466137,10045216,13630892
1790466139,10110308,13630892
1790466141,10172728,13630892
1790466143,9053252,13630892
1790466145,8897620,13630892
1790466147,10238100,13630892
1790466149,10155220,13630892
1790466151,10216508,13630892
1790466153,8857052,13630892
1790466155,8912456,13630892
1790466157,10165196,13630892
1790466159,10166332,13630892
1790466161,10190600,13630892
1790466163,9505512,13630892
1790466165,9976376,13630892
1790466167,10063116,13630892
1790466169,10117944,13630892
1790466171,8900864,13630892
1790466173,8650360,13630892
1790466175,8550804,13630892
1790466177,9710508,13630892
1790466179,9774304,13630904
1790466181,9909388,13630904
1790466183,10086716,13630904
1790466185,10173644,13630904
1790466187,10161048,13630904
1790466189,10262888,13630904
1790466191,9089292,13630904
1790466193,10154704,13630904
1790466195,10149564,13630904
1790466197,10182872,13630904
1790466199,8891864,13630904
1790466201,8926532,13630904
1790466203,10083060,13630912
1790466205,10146128,13630912
1790466207,10258328,13630916
1790466209,8848360,13630916
1790466211,8874896,13630916
1790466213,10018972,13630916
1790466215,10116872,13630916
1790466217,9161156,13630916
1790466219,8532144,13630916
1790466221,8343676,13630916
1790466223,9611532,13630916
1790466225,9643276,13630916
1790466227,8947908,13630916
1790466229,8562588,13630916
1790466231,9976676,13630916
1790466233,9997056,13630916
1790466235,10116552,13630916
1790466237,9924860,13630916
1790466239,10183808,13630916
1790466241,10249080,13630916
1790466243,10258216,13630916
1790466245,9543788,13630916
1790466247,9103060,13630916
1790466249,10150628,13630916
1790466251,10159516,13630916
1790466253,10246192,13630916
1790466255,8872824,13630916
1790466257,8890852,13630920
1790466259,10111496,13630920
1790466261,10142436,13630920
1790466263,10229868,13630920
1790466265,8602732,13630920
1790466267,8409832,13630920
1790466269,9617800,13630920
1790466271,9658364,13630920
1790466273,8690052,13630920
1790466275,8545884,13630920
1790466277,9995976,13630920
1790466279,10035512,13630920
1790466281,10088392,13630920
1790466283,9324500,13630920
1790466285,8984360,13630920
1790466287,10048104,13630920
1790466289,10130600,13630920
1790466291,10140092,13630920
1790466294,10153728,13630920
1790466296,10166440,13630920
1790466298,10140832,13630920
1790466300,10135924,13630924
1790466302,9073240,13630924
1790466304,9074644,13630924
1790466306,10170224,13630924
1790466308,10172384,13630924
1790466310,10244248,13630924
1790466312,8613328,13630924
1790466314,8374748,13630924
1790466316,8540124,13630924
1790466318,9731724,13630924
1790466320,8981164,13630924
1790466322,8542060,13630924
1790466324,10048484,13630924
1790466326,10052760,13630924
1790466328,10152620,13630924
1790466330,8853768,13630924
1790466332,8977960,13630924
1790466334,10099804,13630924
1790466336,10141076,13630924
1790466338,10157592,13630924
1790466340,9489120,13630924
1790466342,10048736,13630924
1790466344,10057904,13630924
1790466346,10085216,13630924
1790466348,10156508,13630924
1790466350,8992440,13630924
1790466352,10120764,13630924
1790466354,10126652,13630924
1790466356,7574076,13630924
1790466358,6984668,13630924
1790466360,7365168,13630924
1790466362,8721820,13630924
1790466364,8070932,13630924
1790466366,8120120,13630924
1790466368,8110816,13630924
1790466370,8136252,13630924
1790466372,8003124,13630924
1790466374,8081136,13630924
1790466376,8038564,13630924
1790466378,9126252,13630924
1790466380,4519700,13630924
1790466382,9383648,13630924
1790466384,8498912,13630924
1790466386,8524256,13630924
1790466388,8517072,13630924
1790466390,10693016,13630924
1790466392,10813664,13630924
1790466394,8899056,13630924
1790466396,8612724,13630924
1790466398,9997756,13630924
1790466400,9999784,13630924
1790466402,10027160,13630924
1790466404,8878252,13630924
1790466406,8850724,13630924
1790466408,10030264,13630924
1790466410,10036348,13630924
1790466412,10137044,13630924
1790466414,8792944,13630924
1790466416,8891224,13630924
1790466418,10051112,13630924
1790466420,10155040,13630924
1790466422,10235800,13630924
1790466424,10060248,13630924
1790466426,10044776,13630924
1790466428,10128892,13630924
1790466430,10171488,13630924
1790466432,8630708,13630924
1790466434,9727432,13630924
1790466436,8533248,13630924
1790466438,9777792,13630924
1790466440,9816016,13630924
1790466442,9058116,13630924
1790466444,10146864,13630924
1790466446,10123632,13630924
1790466448,10159064,13630924
1790466450,8964932,13630924
1790466452,8869192,13630924
1790466454,10002196,13630924
1790466456,10064280,13630924
1790466458,10084860,13630924
1790466460,8825564,13630924
1790466462,8720968,13630924
1790466464,10002248,13630924
1790466466,10122744,13630924
1790466468,10168500,13630924
1790466470,9147216,13630924
1790466472,8812268,13630924
1790466474,10052964,13630924
1790466476,10114668,13630924
1790466478,9057172,13630924
1790466480,8606960,13630924
1790466482,8468308,13630924
1790466484,9689232,13630924
1790466486,9833140,13630924
1790466488,9653704,13630924
1790466490,9983708,13630924
1790466492,10045092,13630924
1790466494,10123980,13630924
1790466496,10215436,13630924
1790466498,9075748,13630924
1790466500,10191320,13630924
1790466502,10187680,13630924
1790466504,10192072,13630924
1790466506,8906212,13630924
1790466508,8748744,13630924
1790466510,10008272,13630924
1790466512,10080688,13630924
1790466514,10131164,13630924
1790466516,8868652,13630924
1790466518,8970744,13630924
1790466520,10067256,13630924
1790466522,10122036,13630924
1790466524,8954132,13630924
1790466526,8514052,13630924
1790466528,8351932,13630924
1790466530,9635236,13630924
1790466532,9632744,13630924
1790466534,9082172,13630924
1790466536,8621316,13630924
1790466538,9982324,13630924
1790466540,10158008,13630924
1790466542,10182232,13630924
1790466544,9078244,13630924
1790466546,10115000,13630924
1790466548,10150836,13630924
1790466550,10181040,13630924
1790466552,9057776,13630924
1790466554,8811524,13630924
1790466556,10108600,13630924
1790466558,10152876,13630924
1790466560,10185872,13630924
1790466562,8946912,13630924
1790466564,9003480,13630924
1790466566,10094728,13630924
1790466568,10217616,13630924
1790466570,9390532,13630924
1790466572,8511044,13630924
1790466574,8296120,13630924
1790466576,9687892,13630924
1790466578,9690576,13630924
1790466580,8743256,13630924
1790466582,8645260,13630924
1790466584,9995000,13630924
1790466586,10063924,13630948
1790466588,10082508,13630956
1790466590,9902140,13630956
1790466592,10073304,13630956
1790466594,10090156,13630956
1790466596,10142788,13630956
1790466598,8991980,13630956
1790466600,9056872,13630956
1790466602,10076320,13630956
1790466604,10143112,13630956
1790466606,10227480,13630956
1790466608,8960868,13630956
1790466610,8899604,13630956
1790466612,10067572,13630956
1790466614,10163596,13630956
1790466616,10185960,13630956
1790466618,8594976,13630956
1790466620,8399764,13630956
1790466622,9725156,13630956
1790466624,9721268,13630956
1790466626,8897036,13630956
1790466628,8744120,13630956
1790466630,9982468,13630956
1790466632,10069592,13630956
1790466634,10099532,13630956
1790466636,9689744,13630956
1790466638,10032412,13630964
1790466640,10026880,13630964
1790466642,10074540,13630964
1790466644,10128852,13630964
1790466646,9000860,13630964
1790466648,10015000,13630964
1790466650,10034428,13630964
1790466652,10079352,13630964
1790466654,8981912,13630964
1790466656,8826052,13630964
1790466658,9960676,13630964
1790466660,10128740,13630964
1790466662,10165340,13630964
1790466664,8598796,13630964
1790466666,8362144,13630964
1790466668,9691244,13630964
1790466670,9702600,13630964
1790466672,8742300,13630964
1790466674,8543632,13630964
1790466676,10119652,13630964
1790466678,10168984,13630964
1790466680,10164668,13630964
1790466682,8903708,13630964
1790466684,8974544,13630964
1790466686,10175344,13630964
1790466688,10129756,13630968
1790466690,10180624,13630968
1790466692,9805908,13630968
1790466694,10038012,13630968
1790466696,10046316,13630968
1790466698,10119704,13630968
1790466700,10165332,13630968
1790466702,9009184,13630968
1790466704,9964708,13630968
1790466706,10002784,13630968
1790466708,10142904,13630968
1790466710,8539232,13630968
1790466712,9523192,13630968
1790466714,8447568,13630968
1790466716,9676984,13630968
1790466718,8967608,13630968
1790466720,8633724,13630968
1790466722,10024340,13630968
1790466724,10036428,13630968
1790466726,10204656,13630968
1790466728,8865048,13630968
1790466730,8890092,13630968
1790466732,10125312,13630968
1790466734,10151900,13630968
1790466736,10163136,13630968
1790466738,9051308,13630968
1790466740,9044916,13630968
1790466742,10137876,13630968
1790466744,10178308,13630968
1790466746,10275748,13630968
1790466748,10002012,13630968
1790466750,10048900,13630968
1790466752,10063836,13630968
1790466754,10137332,13630968
1790466756,8521708,13630968
1790466758,9636896,13630968
1790466760,8363168,13630968
1790466762,9638252,13630968
1790466764,9650856,13630968
1790466766,8990540,13630968
1790466768,9939680,13630968
1790466770,9959168,13630968
1790466772,10072016,13630968
1790466774,8734256,13630968
1790466776,8867016,13630968
1790466778,10103680,13630968
1790466780,10190484,13630968
1790466782,10189024,13630968
1790466784,8786288,13630968
1790466786,8997060,13630968
1790466788,10075244,13630968
1790466790,10246392,13630968
1790466792,10264912,13630968
1790466794,9882132,13630968
1790466796,10140292,13630968
1790466798,10176028,13630968
1790466800,10185800,13630968
1790466802,8627680,13630968
1790466804,9712384,13630968
1790466806,8707328,13630968
1790466808,9623324,13630968
1790466810,9700808,13630968
1790466812,8953732,13630968
1790466814,9943836,13630968
1790466816,9957600,13630968
1790466818,10045472,13630968
1790466820,8970728,13630968
1790466822,8757496,13630968
1790466824,9969468,13630968
1790466826,10051148,13630968
1790466828,10158928,13630968
1790466830,8885040,13630968
1790466832,8895332,13630968
1790466834,10053580,13630968
1790466836,10094392,13630968
1790466838,10221416,13630968
1790466840,9012280,13630968
1790466842,8875332,13630968
1790466844,10057652,13630968
1790466846,10273736,13630968
1790466848,7461980,13630968
1790466850,7390144,13630968
1790466852,8041836,13630968
1790466854,8060860,13630968
1790466856,8043360,13630968
1790466858,8049980,13630968
1790466860,8069812,13630968
1790466862,8153700,13630968
1790466864,8039336,13630968
1790466866,8049668,13630968
1790466868,9390572,13630968
1790466870,12301800,13630968
1790466872,9146060,13624804
1790466874,8472588,13624804
1790466876,9710284,13624804
1790466878,8517296,13624804
1790466880,9269528,13624804
1790466882,10729924,13624804
1790466884,10309088,13624804
1790466886,9721880,13624804
1790466888,9881632,13624804
1790466890,10047148,13624804
1790466892,10134404,13624804
1790466894,10181172,13624804
1790466896,9017360,13624804
1790466898,10083860,13624804
1790466900,10167636,13624804
1790466902,10182788,13624804
1790466904,9081264,13624804
1790466906,8771832,13624804
1790466908,10101828,13624804
1790466910,10132024,13624804
1790466912,10251452,13624804
1790466914,8841692,13624804
1790466916,8887088,13624804
1790466918,10135152,13624804
1790466920,10193036,13624804
1790466922,10218204,13624804
1790466924,8664408,13624804
1790466926,8458880,13624804
1790466928,9652780,13624804
1790466930,9670692,13624804
1790466932,8584144,13624804
1790466934,8506844,13624804
1790466936,10047008,13624804
1790466938,10086236,13624804
1790466940,10141676,13624804
1790466942,9696748,13624808
1790466944,10103480,13624808
1790466946,10113668,13624808
1790466948,10132892,13624808
1790466950,10152836,13624808
1790466952,9006612,13624808
1790466954,10109936,13624808
1790466956,10105140,13624808
1790466958,10115476,13624808
1790466960,9061428,13624808
1790466962,8873072,13624808
1790466964,10097072,13624808
1790466966,10147816,13624808
1790466968,10220128,13624808
1790466970,8609608,13624808
1790466972,8512428,13624808
1790466974,9802492,13624808
1790466976,9807760,13624808
1790466978,8828268,13624808
1790466980,8702804,13624808
1790466982,10034616,13624808
1790466984,10148804,13624808
1790466986,10180008,13624808
1790466988,8963484,13624808
1790466990,8762184,13624808
1790466992,10016792,13624808
1790466994,10065784,13624808
1790466996,10140836,13624808
1790466998,9946240,13624808
1790467000,10152124,13624808
1790467002,10143684,13624808
1790467004,10130068,13624808
1790467006,8973908,13624808
1790467008,8832296,13624808
1790467010,10044836,13624808
1790467012,10094764,13624808
1790467014,10095352,13624808
1790467016,8522896,13624808
1790467018,8301792,13624808
1790467020,8539200,13624808
1790467022,9738264,13624808
1790467024,8950452,13624808
1790467026,8639392,13624808
1790467028,10111840,13624808
1790467030,10111092,13624808
1790467032,10152996,13624808
1790467034,8831236,13624808
1790467036,9028500,13624808
1790467039,10176264,13624808
1790467041,10244064,13624808
1790467043,10244524,13624808
1790467045,9719284,13624808
1790467047,10102136,13624808
1790467049,10021964,13624808
1790467051,10075768,13624808
1790467053,10184952,13624808
1790467055,8996964,13624808
1790467057,10075560,13624808
1790467059,10073936,13624808
1790467061,10121104,13624808
1790467063,8533752,13624808
1790467065,9528544,13624808
1790467067,8433188,13624808
1790467069,9635788,13624808
1790467071,8955960,13624808
1790467073,8700344,13624808
1790467075,9934424,13624808
1790467077,10046096,13624872
1790467079,10109440,13624872
1790467081,8665176,13624872
1790467083,8763780,13624872
1790467085,10145384,13624872
1790467087,10160292,13624872
1790467089,10194028,13624876
1790467091,8913864,13624876
1790467093,9040032,13624876
1790467095,10191092,13624876
1790467097,10213200,13624876
1790467099,10246780,13624876
1790467101,10103844,13624876
1790467103,10055032,13624876
1790467105,10113172,13624876
1790467107,10184196,13624876
1790467109,8711704,13624876
1790467111,9632308,13624876
1790467113,8438084,13624876
1790467115,9689044,13624876
1790467117,9704948,13624876
1790467119,8913928,13624876
1790467121,9940140,13624876
1790467123,10000932,13624876
1790467125,10089964,13624876
1790467127,8977036,13624876
1790467129,8840280,13624876
1790467131,10032852,13624876
1790467133,10072620,13624876
1790467135,10133684,13624876
1790467137,8892052,13624880
1790467139,8997312,13624880
1790467141,10193872,13624880
1790467143,10201752,13624880
1790467145,10210396,13624880
1790467147,9649108,13624884
1790467149,9093188,13624884
1790467151,10097808,13624884
1790467153,10206384,13624904
1790467155,9204736,13624904
1790467157,8610140,13624904
1790467159,8453212,13624904
1790467161,9709684,13624904
1790467163,9748404,13624904
1790467165,9959792,13624904
1790467167,9961620,13624904
1790467169,10027044,13624904
1790467171,10017636,13624904
1790467173,10107860,13624904
1790467175,8986704,13624908
1790467177,10098808,13624908
1790467179,10164868,13624908
1790467181,10146884,13624908
1790467183,8893592,13624908
1790467185,8818644,13624924
1790467187,10102528,13624924
1790467189,10132208,13624924
1790467191,10172344,13624924
1790467193,8847120,13624924
1790467195,8973196,13624924
1790467197,10073956,13624924
1790467199,10081216,13624924
1790467201,8812908,13624924
1790467203,8604316,13624924
1790467205,8446800,13624924
1790467207,9734584,13624924
1790467209,9837876,13624924
1790467211,9536924,13624924
1790467213,9928800,13624924
1790467215,10173120,13624924
1790467217,10180372,13624924
1790467219,10225496,13624924
1790467221,9059552,13624924
1790467223,10078056,13624924
1790467225,10128656,13624924
1790467227,10209312,13624924
1790467229,8981748,13624924
1790467231,8835140,13624924
1790467233,10113840,13624924
1790467235,10091112,13624924
1790467237,10131040,13624924
1790467239,8868424,13624992
1790467241,8884492,13624992
1790467243,9997688,13624992
1790467245,10082676,13624992
1790467247,10133100,13624992
1790467249,8510908,13624992
1790467251,8315972,13624992
1790467253,9681328,13624992
1790467255,9674304,13624992
1790467257,8603320,13624992
1790467259,8592796,13624992
1790467261,9950512,13624992
1790467263,10085012,13624992
1790467265,10144740,13624992
1790467267,9659560,13624992
1790467269,10090812,13624992
1790467271,10153084,13624992
1790467273,10214804,13624992
1790467275,10289080,13624992
1790467277,9088144,13624992
1790467279,10185552,13624992
1790467281,10210916,13624992
1790467283,10239816,13624992
1790467285,9073384,13624992
1790467287,8870920,13624992
1790467289,10078860,13624992
1790467291,10117804,13624996
1790467293,10181940,13624996
1790467295,8517532,13624996
1790467297,8311868,13624996
1790467299,8857968,13624996
1790467301,9617840,13624996
1790467303,8666044,13624996
1790467305,8416036,13624996
1790467307,9971076,13624996
1790467309,10025900,13624996
1790467311,10080944,13624996
1790467313,8852576,13624996
1790467315,9003032,13625000
1790467317,10046504,13625000
1790467319,10063816,13625000
1790467321,10177120,13625000
1790467323,9674988,13625000
1790467325,10159088,13625000
1790467327,10151312,13625000
1790467329,10179300,13625000
1790467331,10222140,13625000
1790467333,9105160,13625000
1790467335,10136696,13625000
1790467337,10203156,13625000
1790467339,10205656,13625000
1790467341,8618464,13625000
1790467343,9601024,13625004
1790467345,8484052,13625004
1790467347,9738876,13625008
1790467349,8934136,13625008
1790467351,8852420,13625008
1790467353,9887420,13625008
1790467355,9960796,13625008
1790467357,10087472,13625008
1790467359,8766668,13625008
1790467361,8783676,13625008
1790467363,9997776,13625008
1790467365,10058688,13625008
1790467367,10097464,13625008
1790467369,8771692,13625008
1790467371,8982700,13625008
1790467373,10106856,13625008
1790467375,10115720,13625008
1790467377,10180504,13625008
1790467379,9767408,13625008
1790467381,10146328,13625008
1790467383,10151804,13625008
1790467385,10178840,13625008
1790467387,8621848,13625008
1790467389,9727548,13625008
1790467391,8473824,13625008
1790467393,9756220,13625008
1790467395,9772576,13625008
1790467397,9073776,13625008
1790467399,10178688,13625008
1790467401,10160508,13625008
1790467403,10154680,13625008
1790467405,9062692,13625008
1790467407,8926028,13625008
1790467409,10054796,13625008
1790467411,10062080,13625008
1790467413,10107820,13625008
1790467415,8857568,13625008
1790467417,8975092,13625008
1790467419,10034972,13625008
1790467421,10087660,13625008
1790467423,10133900,13625008
1790467425,9309044,13625008
1790467427,8986392,13625008
1790467429,10121700,13625008
1790467431,10121760,13625008
1790467433,7161636,13625008
1790467435,7332568,13625008
1790467437,7976596,13625008
1790467439,7983908,13625008
1790467441,8070136,13625008
1790467443,8059920,13625008
1790467445,8045164,13625008
1790467447,8057688,13625008
1790467449,7835552,13625008
1790467451,8243844,13625008
1790467453,9315284,13625008
1790467455,9821172,13625008
1790467457,9840360,13591468
1790467459,8524124,13591468
1790467461,9689056,13591468
1790467463,8473836,13591504
1790467465,9349196,13591504
1790467467,10653668,13591504
1790467469,10315436,13591504
1790467471,9725976,13591504
1790467473,10050992,13591504
1790467475,10092196,13591504
1790467477,10093744,13591548
1790467479,10129380,13591556
1790467481,9057900,13591560
1790467483,10060328,13591560
1790467485,10085820,13591560
1790467487,10126296,13591560
1790467489,9044732,13591560
1790467491,8887512,13591560
1790467493,10133756,13591564
1790467495,10138752,13591564
1790467497,10166048,13591564
1790467499,8794132,13591564
1790467501,8863252,13591564
1790467503,10129076,13591564
1790467505,10225528,13591564
1790467507,10290632,13591564
1790467509,8657832,13591564
1790467511,8424580,13591564
1790467513,9767856,13591564
1790467515,9761384,13591564
1790467517,8728804,13591564
1790467519,8767572,13591564
1790467521,10096272,13591564
1790467523,10142360,13591564
1790467525,10228108,13591564
1790467527,10189892,13591564
1790467529,10107020,13591564
1790467531,10096392,13591564
1790467533,10094432,13591564
1790467535,9038512,13591564
1790467537,9062180,13591564
1790467539,10002980,13591572
1790467541,10081228,13591572
1790467543,10208608,13591572
1790467545,8823700,13591572
1790467547,8787572,13591572
1790467549,10113424,13591572
1790467551,10162604,13591572
1790467553,10181172,13591572
1790467555,8735168,13591572
1790467557,8736304,13591572
1790467559,9665756,13591572
1790467561,9783660,13591572
1790467563,8757208,13591572
1790467565,8778188,13591572
1790467567,10153812,13591572
1790467569,10150040,13591572
1790467571,10245016,13591572
1790467573,9572336,13591572
1790467575,10197796,13591572
1790467577,10216260,13591572
1790467579,10284040,13591572
1790467581,10277276,13591572
1790467583,9126976,13591572
1790467585,10147220,13591572
1790467587,10185308,13591572
1790467589,10173068,13591572
1790467591,9030956,13591572
1790467593,8795516,13591572
1790467595,10115092,13591572
1790467597,10217236,13591572
1790467599,10224784,13591572
1790467601,8916468,13591572
1790467603,8575152,13591572
1790467605,8982164,13591572
1790467607,9721728,13591572
1790467609,8735328,13591572
1790467611,8533456,13591572
1790467613,10097784,13591572
1790467615,10124744,13591572
1790467617,10178936,13591572
1790467619,8856540,13591572
1790467621,8996124,13591572
1790467623,10111500,13591572
1790467625,10213636,13591572
1790467627,10302224,13591572
1790467629,9706148,13591572
1790467631,10119132,13591572
1790467633,10186072,13591572
1790467635,10188548,13591572
1790467637,10272580,13591572
1790467639,9109444,13591572
1790467641,10085432,13591572
1790467643,10146972,13591572
1790467645,10261212,13591572
1790467647,8750456,13591572
1790467649,9562124,13591572
1790467651,8622084,13591572
1790467653,9635536,13591572
1790467655,8975404,13591572
1790467657,8914728,13591572
1790467659,9998324,13591572
1790467661,10021712,13591572
1790467663,10105940,13591572
1790467665,8769988,13591572
1790467667,8806652,13591572
1790467669,10111612,13591572
1790467671,10152948,13591572
1790467673,10166096,13591572
1790467675,8954016,13591572
1790467677,8937280,13591572
1790467679,10105292,13591572
1790467681,10257944,13591572
1790467683,10312796,13591572
1790467685,9924140,13591572
1790467687,10081844,13591572
1790467689,10139416,13591572
1790467691,10234844,13591572
1790467693,8769504,13591572
1790467695,9886240,13591572
1790467697,8486948,13591572
1790467699,9686656,13591572
1790467701,9939900,13591572
1790467703,9287040,13591572
1790467705,10035236,13591572
1790467707,10185088,13591572
1790467709,10127752,13591572
1790467711,9055428,13591572
1790467713,9052264,13591572
1790467715,10175944,13591572
1790467717,10160424,13591572
1790467719,10232704,13591572
1790467721,8874692,13591572
1790467723,8930316,13591572
1790467725,10077088,13591572
1790467727,10138196,13591572
1790467729,10158460,13591572
1790467731,8837560,13591572
1790467733,8855360,13591572
1790467735,10061672,13591572
1790467737,10130908,13591572
1790467739,8753176,13591576
1790467741,8625228,13591576
1790467743,8463400,13591576
1790467745,9766900,13591576
1790467747,9822300,13591576
1790467749,9322780,13591576
1790467751,8759692,13591576
1790467753,10184544,13591576
1790467755,10220804,13591576
1790467757,10293820,13591576
1790467759,9973484,13591576
1790467761,10181624,13591576
1790467763,10257460,13591576
1790467765,10259612,13591576
1790467767,9111916,13591576
1790467769,8886668,13591576
1790467771,10092872,13591576
1790467773,10150908,13591576
1790467775,10207004,13591576
1790467778,8868372,13591576
1790467780,8838940,13591576
1790467782,10134760,13591576
1790467784,10166368,13591576
1790467786,10196588,13591576
1790467788,8569788,13591576
1790467790,8383272,13591576
1790467792,9676288,13591576
1790467794,9688428,13591576
1790467796,8725732,13591576
1790467798,8706876,13591576
1790467800,10197240,13591576
1790467802,10194328,13591576
1790467804,10205348,13591576
1790467806,9999628,13591576
1790467808,10120984,13591576
1790467810,10177760,13591576
1790467812,10288104,13591576
1790467814,10353944,13591576
1790467816,9129140,13591576
1790467818,10118452,13591576
1790467820,10185840,13591576
1790467822,10275072,13591576
1790467824,8944996,13591576
1790467826,8926044,13591576
1790467828,10082488,13591576
1790467830,10096504,13591576
1790467832,10189064,13591576
1790467834,8582084,13591576
1790467836,8349012,13591576
1790467838,9693444,13591576
1790467840,9674852,13591580
1790467842,8822676,13591580
1790467844,8549644,13591580
1790467846,9987872,13591580
1790467848,10093232,13591580
1790467850,10137156,13591580
1790467852,9119552,13591580
1790467854,8935320,13591580
1790467856,10070660,13591580
1790467858,10129764,13591580
1790467860,10232828,13591580
1790467862,10093336,13591580
1790467864,10207528,13591580
1790467866,10230780,13591580
1790467868,10302492,13591580
1790467870,9133428,13591580
1790467872,8997288,13591580
1790467874,10162196,13591580
1790467876,10160668,13591580
1790467878,10314780,13591580
1790467880,8638752,13591580
1790467882,8426992,13591580
1790467884,8519616,13591580
1790467886,9733520,13591580
1790467888,8973604,13591580
1790467890,8405956,13591580
1790467892,10074304,13591580
1790467894,10085624,13591580
1790467896,10137464,13591580
1790467898,8891164,13591580
1790467900,8979440,13591584
1790467902,10096400,13591584
1790467904,10114052,13591584
1790467906,10157192,13591584
1790467908,9704688,13591584
1790467910,10035928,13591584
1790467912,10098276,13591584
1790467914,10188144,13591584
1790467916,10250068,13591584
1790467918,9044572,13591584
1790467920,10097712,13591584
1790467922,10167128,13591584
1790467924,10272488,13591584
1790467926,8640000,13591584
1790467928,9723952,13591584
1790467930,8467988,13591584
1790467932,9689212,13591584
1790467934,9076488,13591584
1790467936,8997912,13591584
1790467938,10128524,13591584
1790467940,10111348,13591632
1790467942,10151740,13591632
1790467944,8887348,13591636
1790467946,8926372,13591680
1790467948,10068764,13591796
1790467950,10015804,13591796
1790467952,10135428,13591796
1790467954,8815976,13591796
1790467956,8938376,13591796
1790467958,10075324,13591796
1790467960,10118544,13591796
1790467962,10206624,13591796
1790467964,9938312,13591796
1790467966,10101392,13591796
1790467968,10116812,13591796
1790467970,10163388,13591796
1790467972,7169664,13591796
1790467974,7345156,13591796
1790467976,8004052,13591796
1790467978,7991924,13591796
1790467980,8073824,13591796
1790467982,8077984,13591796
1790467984,7887648,13591796
1790467986,8215456,13591796
1790467988,8070032,13591796
1790467990,8081388,13591796
1790467992,9423540,13591796
1790467994,6281256,13591796
1790467996,9454112,13591796
1790467998,8500544,13591796
1790468000,9604292,13591796
1790468002,8600112,13591796
1790468004,9477644,13591796
1790468006,10796496,13591796
1790468008,10403416,13591796
1790468010,9007552,13591796
1790468012,10008564,13591796
1790468014,10082140,13591796
1790468016,10119600,13591796
1790468018,9021208,13591796
1790468020,8915380,13591796
1790468022,10072408,13591796
1790468024,10121180,13591796
1790468026,10189264,13591796
1790468028,8891380,13591800
1790468030,8972328,13591800
1790468032,10034180,13591800
1790468034,10085820,13591800
1790468036,10191920,13591800
1790468038,9555240,13591800
1790468040,10005540,13591800
1790468042,10127572,13591800
1790468044,10170168,13591800
1790468046,8921492,13591800
1790468048,8636848,13591800
1790468050,8461372,13591800
1790468052,9736440,13591800
1790468054,9885480,13591800
1790468056,9942004,13591800
1790468058,10046988,13591800
1790468060,10168680,13591800
1790468062,10162284,13591800
1790468064,9107248,13591800
1790468066,9078492,13591800
1790468068,10268408,13591800
1790468070,10169864,13591800
1790468072,10187832,13591800
1790468074,8818224,13591800
1790468076,8790844,13591800
1790468078,10132832,13591800
1790468080,10160532,13591800
1790468082,10217768,13591800
1790468084,8881636,13591800
1790468086,8993216,13591800
1790468088,10064152,13591800
1790468090,10094332,13591800
1790468092,9139620,13591800
1790468094,8563400,13591800
1790468096,8387172,13591800
1790468098,9676188,13591800
1790468100,9800952,13591800
1790468102,9186952,13591800
1790468104,10025480,13591800
1790468106,10134916,13591800
1790468108,10168328,13591800
1790468110,10251256,13591800
1790468112,9110688,13591800
1790468114,10140812,13591800
1790468116,10209732,13591800
1790468118,10254548,13591800
1790468120,9121124,13591800
1790468122,8965348,13591800
1790468124,10216000,13591800
1790468126,10209800,13591800
1790468128,10273540,13591800
1790468130,8946572,13591800
1790468132,9042204,13591800
1790468134,10083108,13591800
1790468136,10086260,13591800
1790468138,10174884,13591800
1790468140,8563372,13591800
1790468142,8426776,13591800
1790468144,9712224,13591800
1790468146,9720112,13591800
1790468148,8715300,13591800
1790468150,8657204,13591800
1790468152,10046364,13591800
1790468154,10058268,13591800
1790468156,10128968,13591800
1790468158,9938332,13591800
1790468160,10132704,13591800
1790468162,10161588,13591800
1790468164,10236032,13591800
1790468166,9392268,13591800
1790468168,9094608,13591800
1790468170,10121876,13591800
1790468172,10114312,13591800
1790468174,10240300,13591800
1790468176,8858972,13591800
1790468178,8843760,13591800
1790468180,10200344,13591800
1790468182,10227024,13591800
1790468184,10257056,13591800
1790468186,8641576,13591800
1790468188,8309244,13591800
1790468190,9680036,13591800
1790468192,9665652,13591800
1790468194,8591328,13591800
1790468196,8428052,13591800
1790468198,9940192,13591800
1790468200,10066180,13591800
1790468202,10096420,13591800
1790468204,9454744,13591800
1790468206,10171664,13591800
1790468208,10182552,13591800
1790468210,10188500,13591800
1790468212,10199620,13591800
1790468214,9567788,13591800
1790468216,10071312,13591800
1790468218,10125496,13591800
1790468220,10192348,13591800
1790468222,9094568,13591800
1790468224,8981684,13591800
1790468226,10084200,13591800
1790468228,10135856,13591800
1790468230,10248316,13591800
1790468232,8639788,13591800
1790468234,8405732,13591800
1790468236,8739032,13591800
1790468238,9708652,13591800
1790468240,8722808,13591800
1790468242,8456548,13591800
1790468244,9995712,13591800
1790468246,10094472,13591800
1790468248,10135472,13591800
1790468250,8809008,13591800
1790468252,8902780,13591800
1790468254,10114264,13591800
1790468256,10116772,13591800
1790468258,10158688,13591800
1790468260,9640956,13591800
1790468262,10147944,13591800
1790468264,10160988,13591800
1790468266,10153476,13591800
1790468268,10188072,13591800
1790468270,9037808,13591800
1790468272,10120612,13591800
1790468274,10118120,13591800
1790468276,10186240,13591800
1790468278,8781500,13591800
1790468280,9629508,13591800
1790468282,8463832,13591800
1790468284,9695360,13591800
1790468286,8999584,13591800
1790468288,8830012,13591800
1790468290,10136900,13591800
1790468292,10124112,13591804
1790468294,10129516,13591804
1790468296,8807532,13591804
1790468298,9015308,13591804
1790468300,10257316,13591804
1790468302,10274504,13591804
1790468304,10310484,13591804
1790468306,9003340,13591804
1790468308,9040108,13591804
1790468310,10042844,13591804
1790468312,10188180,13591804
1790468314,10215968,13591804
1790468316,10041776,13591804
1790468318,10120184,13591804
1790468320,10167864,13591804
1790468322,10225500,13591804
1790468324,9137756,13591804
1790468326,9666276,13591804
1790468328,8854228,13591804
1790468330,9680148,13591804
1790468332,9851448,13591804
1790468334,8988672,13591804
1790468336,10030416,13591804
1790468338,10056456,13591804
1790468340,10155736,13591804
1790468342,9104212,13591804
1790468344,8946548,13591804
1790468346,10172472,13591820
1790468348,10191872,13591820
1790468350,10221900,13591820
1790468352,9019428,13591820
1790468354,8906256,13591820
1790468356,10177040,13591820
1790468358,10202424,13591820
1790468360,10265808,13591820
1790468362,9129604,13591820
1790468364,9097868,13591820
1790468366,10160768,13591820
1790468368,10100304,13591820
1790468370,8809368,13591820
1790468372,8675072,13591820
1790468374,8453920,13591820
1790468376,9649468,13591820
1790468378,9731472,13591820
1790468380,9440192,13591820
1790468382,9932992,13591820
1790468384,10005652,13591820
1790468386,10053708,13591820
1790468388,10146848,13591820
1790468390,9034116,13591820
1790468392,10144484,13591820
1790468394,10179828,13591820
1790468396,10162188,13591820
1790468398,9004604,13591820
1790468400,8885280,13591820
1790468402,10117324,13591820
1790468404,10166584,13591820
1790468406,10263664,13591820
1790468408,8973932,13591820
1790468410,8995880,13591820
1790468412,10179584,13591820
1790468414,10194540,13591820
1790468416,10273692,13591820
1790468418,8661536,13592056
1790468420,8515584,13592060
1790468422,9774876,13592060
1790468424,9859952,13592076
1790468426,8878648,13592076
1790468428,8550352,13592088
1790468430,10039640,13592088
1790468432,10043356,13592088
1790468434,10142932,13592100
1790468436,9932340,13592100
1790468438,10197748,13592100
1790468440,10180204,13592100
1790468442,10166408,13592100
1790468444,10200924,13592104
1790468446,9020188,13592104
1790468448,10122200,13592104
1790468450,10117468,13592104
1790468452,10142480,13592104
1790468454,8890132,13592104
1790468456,8819960,13592112
1790468458,9977708,13592112
1790468460,10217276,13592152
1790468462,10245476,13592152
1790468464,8635352,13592152
1790468466,8434940,13592152
1790468468,9863920,13592152
1790468470,9862056,13592152
1790468472,8727964,13592192
1790468474,8650220,13592192
1790468476,10015780,13592192
1790468478,10153540,13592192
1790468480,10266880,13592192
1790468482,9018808,13592192
1790468484,9005384,13592192
1790468486,10145648,13592192
1790468488,10125964,13592192
1790468490,10212088,13592192
1790468492,10101744,13592192
1790468494,10056948,13592192
1790468496,10059560,13592192
1790468498,10164504,13592192
1790468500,10229404,13592308
1790468502,9038824,13592308
1790468504,10118300,13592308
1790468506,10214276,13592308
1790468508,7596644,13592308
1790468510,7006824,13592308
1790468512,7400152,13592308
1790468514,8019460,13592308
1790468516,8006656,13592308
1790468518,8006396,13592308
1790468520,8077984,13592308
1790468523,8096012,13592308
1790468525,8092840,13592308
1790468527,8078176,13592308
1790468529,8303848,13592308
1790468531,9537232,13592308
1790468533,4119044,13592308
1790468535,9730228,13586076
1790468537,8515872,13586076
1790468539,8668388,13586076
1790468541,8512800,13586076
1790468543,9359048,13586076
1790468545,10842712,13586076
1790468547,9025948,13586076
1790468549,8668228,13586076
1790468551,10047100,13586076
1790468553,10055376,13586076
1790468555,10082636,13586076
1790468557,8787912,13586076
1790468559,8846980,13586076
1790468561,10043360,13586076
1790468563,10085700,13586076
1790468565,10241388,13586076
1790468567,8894820,13586076
1790468569,8979616,13586076
1790468571,10140592,13586076
1790468573,10151896,13586076
1790468575,10181472,13586076
1790468577,10099980,13586076
1790468579,10132872,13586076
1790468581,10267000,13586076
1790468583,10349036,13586076
1790468585,8671532,13586076
1790468587,9774652,13586076
1790468589,8547404,13586076
1790468591,9829936,13586076
1790468593,9849776,13586076
1790468595,9076836,13586076
1790468597,10070820,13586076
1790468599,10152068,13586076
1790468601,10216348,13586076
1790468603,9109192,13586076
1790468605,8957048,13586076
1790468607,10142780,13586076
1790468609,10143184,13586076
1790468611,10193648,13586076
1790468613,8772556,13586076
1790468615,9039180,13586076
1790468617,10093216,13586076
1790468619,10209888,13586076
1790468621,10224016,13586076
1790468623,9668748,13586080
1790468625,10037724,13586080
1790468627,10082392,13586080
1790468629,10227700,13586080
1790468631,8990012,13586080
1790468633,8874524,13586080
1790468635,8471336,13586080
1790468637,9686740,13586080
1790468639,9709140,13586080
1790468641,10106244,13586080
1790468643,10086644,13586080
1790468645,10111384,13586080
1790468647,10207012,13586080
1790468649,9098136,13586080
1790468651,8786192,13586080
1790468653,10152544,13586080
1790468655,10153144,13586080
1790468657,10288912,13586080
1790468659,9034960,13586080
1790468661,8843948,13586080
1790468663,10154648,13586080
1790468665,10316104,13586080
1790468667,10367036,13586080
1790468669,9245276,13586080
1790468671,8916200,13586080
1790468673,10107656,13586080
1790468675,10181444,13586080
1790468677,9180132,13586080
1790468679,8571372,13586080
1790468681,8448972,13586080
1790468683,9686036,13586080
1790468685,9708256,13586080
1790468687,9816296,13586080
1790468689,10008392,13586080
1790468691,10006576,13586080
1790468693,10094052,13586080
1790468695,9911488,13586080
1790468697,9045096,13586080
1790468699,10146752,13586080
1790468701,10228216,13586080
1790468703,10284964,13586080
1790468705,8929340,13586080
1790468707,8918960,13586080
1790468709,10123652,13586080
1790468711,10233632,13586080
1790468713,10303536,13586084
1790468715,8978652,13586084
1790468717,9074452,13586084
1790468719,10205404,13586084
1790468721,10226488,13586084
1790468723,9314236,13586084
1790468725,8647800,13586084
1790468727,8469524,13586084
1790468729,9612736,13586084
1790468731,9651428,13586084
1790468733,9071376,13586084
1790468735,8620388,13586088
1790468737,9995708,13586088
1790468739,10067552,13586088
1790468741,10125976,13586088
1790468743,10148052,13586088
1790468745,10081620,13586088
1790468747,10071004,13586088
1790468749,10119084,13586088
1790468751,9026068,13586088
1790468753,8786168,13586088
1790468755,10055008,13586088
1790468757,10075820,13586088
1790468759,10128004,13586088
1790468761,9055752,13586088
1790468763,8900612,13586088
1790468765,10153608,13586088
1790468767,10225552,13586088
1790468769,10316640,13586088
1790468771,8653688,13586088
1790468773,8416408,13586088
1790468775,9755532,13586088
1790468777,9742752,13586088
1790468779,8890796,13586088
1790468781,8700152,13586088
1790468783,10104348,13586088
1790468785,10093196,13586088
1790468787,10182348,13586088
1790468789,9534476,13586088
1790468791,10058788,13586088
1790468793,10075780,13586088
1790468795,10110684,13586088
1790468797,10178464,13586088
1790468799,9028540,13586088
1790468801,10048292,13586088
1790468803,10101256,13586088
1790468805,10193440,13586088
1790468807,9042456,13586088
1790468809,8859376,13586088
1790468811,10064512,13586088
1790468813,10057164,13586088
1790468815,10092052,13586088
1790468817,8568092,13586088
1790468819,8318924,13586088
1790468821,9719380,13586088
1790468823,9713732,13586088
1790468825,8580984,13586088
1790468827,8405608,13586088
1790468829,10055316,13586088
1790468831,10131396,13586088
1790468833,10223236,13586088
1790468835,8947860,13586088
1790468837,9021576,13586088
1790468839,10217784,13586088
1790468841,10213352,13586088
1790468843,10240216,13586088
1790468845,10024172,13586088
1790468847,10114288,13586088
1790468849,10117836,13586088
1790468851,10176388,13586088
1790468853,10197864,13586088
1790468855,9034216,13586088
1790468857,10061740,13586088
1790468859,10106312,13586088
1790468861,10200072,13586088
1790468863,8585708,13586088
1790468865,9247612,13586088
1790468867,8479264,13586088
1790468869,9729840,13586088
1790468871,9005200,13586088
1790468873,8460664,13586088
1790468875,9843164,13586088
1790468877,10076168,13586088
1790468879,10087588,13586088
1790468881,8920580,13586088
1790468883,8857628,13586088
1790468885,10150856,13586088
1790468887,10159640,13586088
1790468889,10241316,13586088
1790468891,8994280,13586088
1790468893,9062372,13586088
1790468895,10197868,13586088
1790468897,10226600,13586088
1790468899,10258028,13586088
1790468901,10108164,13586088
1790468903,10169500,13586088
1790468905,10197416,13586088
1790468907,10249668,13586088
1790468909,8559672,13586088
1790468911,9676912,13586088
1790468913,8416540,13586088
1790468915,9669820,13586088
1790468917,9702492,13586088
1790468919,8994204,13586088
1790468921,9932328,13586088
1790468923,10004284,13586088
1790468925,10109748,13586088
1790468927,9031492,13586088
1790468929,8920096,13586088
1790468931,10139484,13586088
1790468933,10136028,13586088
1790468935,10122820,13586088
1790468937,8808184,13586088
1790468939,8900712,13586088
1790468941,10150424,13586088
1790468943,10199060,13586088
1790468945,10242968,13586088
1790468947,9354760,13586088
1790468949,9084324,13586088
1790468951,10221076,13586088
1790468953,10264456,13586088
1790468955,9194428,13586088
1790468957,8667228,13586088
1790468959,8467432,13586088
1790468961,9708748,13586088
1790468963,9764320,13586088
1790468965,9772308,13586088
1790468967,10035264,13586088
1790468969,10042516,13586088
1790468971,10079236,13586088
1790468973,10158524,13586088
1790468975,9012104,13586088
1790468977,10032892,13586088
1790468979,10071964,13586088
1790468981,10111984,13586088
1790468983,9027960,13586088
1790468985,8844596,13586088
1790468987,9998664,13586088
1790468989,10134872,13586088
1790468991,10178744,13586088
1790468993,8741480,13586088
1790468995,8728192,13586088
1790468997,10126756,13586088
1790468999,10158212,13586088
1790469001,10288352,13586088
1790469003,8644032,13586088
1790469005,8433236,13586088
1790469007,9797476,13586088
1790469009,9799724,13586088
1790469011,8668312,13586088
1790469013,8691904,13586088
1790469015,10129828,13586088
1790469017,10196760,13586088
1790469019,10270480,13586088
1790469021,9860024,13586088
1790469023,10166564,13586088
1790469025,10242900,13586088
1790469027,10237644,13586088
1790469029,10209832,13586088
1790469031,9025976,13586088
1790469033,10059012,13586088
1790469035,10064780,13586088
1790469037,10130048,13586088
1790469039,9007808,13586096
1790469041,8865392,13586096
1790469043,10044316,13586096
1790469045,10147940,13586096
1790469047,7388624,13586096
1790469049,7353112,13586096
1790469051,7315620,13586096
1790469053,7994156,13586096
1790469055,7980952,13586096
1790469057,7990212,13586096
1790469059,7963204,13586096
1790469061,8035368,13586096
1790469063,8151032,13586096
1790469065,8505000,13586096
1790469067,8090868,13586096
1790469069,9124972,13586096
1790469071,3107712,13562676
1790469073,9701516,13562676
1790469075,9159352,13562676
1790469077,8775100,13562676
1790469079,10765048,13562676
1790469081,10640260,13562676
1790469083,10902012,13562676
1790469085,8837804,13562676
1790469087,8717220,13562676
1790469089,10063012,13562676
1790469091,10100176,13562676
1790469093,10139604,13562676
1790469095,8861928,13562676
1790469097,9016804,13562676
1790469099,10125424,13562676
1790469101,10145364,13562676
1790469103,10187740,13562676
1790469105,9748124,13562676
1790469107,10068184,13562676
1790469109,10114652,13562676
1790469111,10199928,13562676
1790469113,10259812,13562684
1790469115,9047436,13562684
1790469117,10110732,13562684
1790469119,10137804,13562684
1790469121,10262912,13562688
1790469123,9019648,13562688
1790469125,9635988,13562688
1790469127,8685692,13562688
1790469129,9780064,13562688
1790469131,9048200,13562688
1790469133,9058176,13562688
1790469135,10092112,13562688
1790469137,10122652,13562688
1790469139,10150616,13562688
1790469141,8837888,13562688
1790469143,9028868,13562688
1790469145,10189340,13562688
1790469147,10236716,13562688
1790469149,10201448,13562688
1790469151,9127612,13562688
1790469153,9039856,13562688
1790469155,10113240,13562688
1790469157,10205104,13562688
1790469159,10196520,13562688
1790469161,10095272,13562688
1790469163,10178460,13562688
1790469165,10175708,13562688
1790469167,10175864,13562688
1790469169,8664572,13562688
1790469171,9769936,13562688
1790469173,8548772,13562688
1790469175,9717644,13562688
1790469177,9839932,13562688
1790469179,9023740,13562688
1790469181,10168888,13562688
1790469183,10170668,13562688
1790469185,10192984,13562688
1790469187,9107816,13562688
1790469189,8934228,13562688
1790469191,10195996,13562688
1790469193,10205424,13562688
1790469195,10270060,13562688
1790469197,9024604,13562688
1790469199,9099084,13562688
1790469201,10271328,13562688
1790469203,10266336,13562688
1790469205,10344704,13562688
1790469207,9336664,13562688
1790469209,9057200,13562688
1790469211,10112348,13562688
1790469213,10154832,13562688
1790469215,8966368,13562688
1790469217,8573796,13562688
1790469219,8521292,13562688
1790469221,9770812,13562688
1790469223,9839532,13562688
1790469225,9887048,13562688
1790469227,9834516,13562688
1790469229,10057992,13562688
1790469231,10155096,13562688
1790469233,10202348,13562688
1790469235,9066200,13562688
1790469237,10152176,13562688
1790469239,10185288,13562688
1790469241,10276868,13562688
1790469243,9029388,13562688
1790469245,8914280,13562688
1790469247,10169828,13562688
1790469249,10317264,13562688
1790469251,10326584,13562688
1790469253,8866516,13562688
1790469255,9099232,13562688
1790469257,10223152,13562688
1790469259,10287776,13562688
1790469261,9308568,13562688
1790469263,8677928,13562688
1790469265,8468720,13562688
1790469267,9773244,13562688
1790469270,9807308,13562688
1790469272,8943780,13562688
1790469274,8566860,13562688
1790469276,10080228,13562688
1790469278,10131344,13562688
1790469280,10155660,13562688
1790469282,10121764,13562688
1790469284,10178060,13562688
1790469286,10179268,13562688
1790469288,10224172,13562688
1790469290,9048872,13562688
1790469292,8946968,13562688
1790469294,10117284,13562688
1790469296,10162724,13562688
1790469298,10152100,13562688
1790469300,8978360,13562688
1790469302,8950380,13562688
1790469304,10237960,13562688
1790469306,10272592,13562688
1790469308,10353120,13562688
1790469310,8683792,13562688
1790469312,8534160,13562688
1790469314,9856864,13562688
1790469316,9860308,13562688
1790469318,8935392,13562688
1790469320,8889640,13562688
1790469322,10120032,13562688
1790469324,10166240,13562688
1790469326,10320700,13562688
1790469328,9803832,13562688
1790469330,10134332,13562688
1790469332,10149480,13562688
1790469334,10200180,13562688
1790469336,10242132,13562688
1790469338,9065320,13562688
1790469340,10132512,13562688
1790469342,10167048,13562688
1790469344,10168916,13562688
1790469346,9030328,13562688
1790469348,8854128,13562688
1790469350,10121496,13562688
1790469352,10122848,13562688
1790469354,10157792,13562688
1790469356,8593136,13562688
1790469358,8369120,13562688
1790469360,8658472,13562688
1790469362,9756388,13562688
1790469364,8621404,13562688
1790469366,8701972,13562688
1790469368,10062612,13562688
1790469370,10111108,13562688
1790469372,10232004,13562688
1790469374,8957308,13562688
1790469376,9112076,13562688
1790469378,10217520,13562688
1790469380,10220204,13562688
1790469382,10310848,13562688
1790469384,9716992,13562688
1790469386,10125944,13562688
1790469388,10200100,13562688
1790469390,10166928,13562688
1790469392,10207888,13562688
1790469394,9061632,13562688
1790469396,10145448,13562688
1790469398,10152280,13562688
1790469400,10198932,13562688
1790469402,8598972,13562688
1790469404,9601848,13562688
1790469406,8478044,13562688
1790469408,9700416,13562688
1790469410,9020880,13562688
1790469412,8803352,13562688
1790469414,9946112,13562688
1790469416,10041652,13562688
1790469418,10087036,13562688
1790469420,8728220,13562688
1790469422,9016352,13562688
1790469424,10237868,13562688
1790469426,10263152,13562688
1790469428,10328088,13562688
1790469430,8992012,13562688
1790469432,9107148,13562688
1790469434,10226916,13562688
1790469436,10235028,13562688
1790469438,10259636,13562688
1790469440,10012500,13562688
1790469442,10178244,13562688
1790469444,10182604,13562688
1790469446,10275328,13562688
1790469448,8881900,13562688
1790469450,9696132,13562688
1790469452,8465312,13562688
1790469454,9733940,13562688
1790469456,9836284,13562688
1790469458,9459944,13562688
1790469460,9999488,13562688
1790469462,10048188,13562688
1790469464,10150040,13562688
1790469466,9053384,13562688
1790469468,8991420,13562688
1790469470,10141028,13562688
1790469472,10226328,13562688
1790469474,10222544,13562688
1790469476,8970148,13562688
1790469478,8859204,13562688
1790469480,10149216,13562688
1790469482,10240984,13562688
1790469484,10319092,13562688
1790469486,9124180,13562688
1790469488,9128800,13562688
1790469490,10240164,13562688
1790469492,10253624,13562688
1790469494,9301696,13562688
1790469496,8705616,13562688
1790469498,8532560,13562688
1790469500,9774020,13562688
1790469502,9839952,13562688
1790469504,9667760,13562688
1790469506,10159148,13562688
1790469508,10167028,13562688
1790469510,10123288,13562688
1790469512,10168324,13562688
1790469514,9072040,13562688
1790469516,10167332,13562688
1790469518,10167380,13562688
1790469520,10235244,13562688
1790469522,9052544,13562688
1790469524,8906344,13562688
1790469526,10183688,13562688
1790469528,10229484,13562688
1790469530,10223624,13562688
1790469532,8860280,13562688
1790469534,9011440,13562688
1790469536,10125960,13562688
1790469538,10138908,13562688
1790469540,7507216,13562688
1790469542,7509764,13562688
1790469544,8852356,13562688
1790469546,8715976,13562688
1790469548,8175196,13562688
1790469550,8123640,13562688
1790469552,8179928,13562688
1790469554,8122508,13562688
1790469556,8136916,13562688
1790469558,8132416,13562688
1790469560,9393264,13562688
1790469562,9437644,13562688
1790469564,8416268,13562688
1790469566,8596452,13562688
1790469568,8547528,13562688
1790469570,8349844,13562688
1790469572,9301196,13562688
1790469574,10635716,13562688
1790469576,10794056,13562688
1790469578,8528108,13562688
1790469580,8708800,13562688
1790469582,9976436,13562688
1790469584,10095388,13562688
1790469586,10130236,13562688
1790469588,9854472,13562688
1790469590,10045476,13562688
1790469592,10076368,13562688
1790469594,10217176,13562688
1790469596,10217940,13562688
1790469598,9076900,13562688
1790469600,10168836,13562688
1790469602,10176188,13562688
1790469604,10319600,13562688
1790469606,9154420,13562688
1790469608,8897968,13562744
1790469610,10274860,13562748
1790469612,10278008,13562748
1790469614,10277356,13562748
1790469616,8694960,13562748
1790469618,8469828,13562748
1790469620,9790560,13562748
1790469622,9793480,13562748
1790469624,8604412,13562748
1790469626,8575440,13562748
1790469628,10096612,13562748
1790469630,10117844,13562748
1790469632,10127076,13562748
1790469634,9069964,13562748
1790469636,9061624,13562748
1790469638,10161304,13562748
1790469640,10215588,13562748
1790469642,10214192,13562748
1790469644,10014512,13562748
1790469646,10126696,13562748
1790469648,10146636,13562748
1790469650,10204164,13562748
1790469652,9059460,13562748
1790469654,9067264,13562748
1790469656,10024376,13562748
1790469658,10124628,13562748
1790469660,10291008,13562748
1790469662,8681356,13562748
1790469664,8427044,13562748
1790469666,8542464,13562748
1790469668,9834400,13562748
1790469670,9094724,13562748
1790469672,8578160,13562748
1790469674,10058364,13562748
1790469676,10193348,13562748
1790469678,10255720,13562748
1790469680,8807004,13562748
1790469682,8916908,13562748
1790469684,10238208,13562748
1790469686,10287812,13562748
1790469688,10233644,13562748
1790469690,9612140,13562748
1790469692,10156940,13562748
1790469694,10170516,13562748
1790469696,10184348,13562748
1790469698,10255368,13562748
1790469700,9080044,13562748
1790469702,10158844,13562748
1790469704,10131192,13562748
1790469706,10156808,13562748
1790469708,8586680,13562748
1790469710,9584544,13562748
1790469712,8469356,13562748
1790469714,9696460,13562748
1790469716,9731116,13562752
1790469718,9011856,13562752
1790469720,10139020,13562752
1790469722,10147076,13562752
1790469724,10207596,13562752
1790469726,9027880,13562752
1790469728,9040604,13562752
1790469730,10242376,13562752
1790469732,10246828,13562752
1790469734,10235448,13562752
1790469736,9013536,13562752
1790469738,9062896,13562752
1790469740,10229424,13562752
1790469742,10231864,13562752
1790469744,10299360,13562752
1790469746,10002136,13562752
1790469748,10112344,13562752
1790469750,10138448,13562752
1790469752,10163536,13562752
1790469754,8667340,13562752
1790469756,9810452,13562752
1790469758,8484256,13562752
1790469760,9734040,13562752
1790469762,9744684,13562752
1790469764,9840348,13562752
1790469766,10083648,13562752
1790469768,10077224,13562752
1790469770,10116120,13562752
1790469772,9051364,13562752
1790469774,8965616,13562752
1790469776,10021220,13562752
1790469778,10030996,13562752
1790469780,10305788,13562752
1790469782,8987928,13562752
1790469784,8818440,13562752
1790469786,10225180,13562752
1790469788,10277752,13562752
1790469790,10277552,13562752
1790469792,9158416,13562752
1790469794,9038608,13562752
1790469796,10207180,13562752
1790469798,10328940,13562752
1790469800,8995196,13562752
1790469802,9269928,13562752
1790469804,8682280,13562752
1790469806,9873140,13562752
1790469808,9805580,13562752
1790469810,9481652,13562752
1790469812,10028824,13562752
1790469814,10137112,13562752
1790469816,10200872,13562752
1790469818,10240936,13562752
1790469820,9078560,13562752
1790469822,10113168,13562752
1790469824,10191280,13562752
1790469826,10227696,13562752
1790469828,9084380,13562752
1790469830,8930600,13562752
1790469832,10077148,13562752
1790469834,10166112,13562752
1790469836,10286904,13562752
1790469838,8858452,13562752
1790469840,8943548,13562752
1790469842,10142648,13562752
1790469844,10277536,13562752
1790469846,10306712,13562752
1790469848,9295616,13562752
1790469850,8703704,13562752
1790469852,9774332,13562752
1790469854,9801528,13562752
1790469856,8719864,13562752
1790469858,8717960,13562752
1790469860,10132204,13562752
1790469862,10146372,13562752
1790469864,10296428,13562752
1790469866,10040388,13562752
1790469868,10122376,13562752
1790469870,10184272,13562752
1790469872,10255644,13562752
1790469874,10285196,13562784
1790469876,9090056,13562784
1790469878,10129636,13562784
1790469880,10218060,13562784
1790469882,10254712,13562784
1790469884,9077856,13562784
1790469886,8915916,13562784
1790469888,10098608,13562784
1790469890,10178348,13562784
1790469892,10257608,13562784
1790469894,8767860,13562784
1790469896,8435012,13562784
1790469898,9699032,13562784
1790469900,9833840,13562784
1790469902,8857208,13562784
1790469904,8793572,13562784
1790469906,10157904,13562784
1790469908,10180268,13562784
1790469910,10223532,13562784
1790469912,9143280,13562784
1790469914,9069244,13562784
1790469916,10187096,13562784
1790469918,10243460,13562784
1790469920,10300520,13562784
1790469922,10061044,13562784
1790469924,10232624,13562784
1790469926,10265472,13562784
1790469928,10210312,13562784
1790469930,10242828,13562784
1790469932,9071648,13562784
1790469934,10071680,13562784
1790469936,10158876,13562784
1790469938,10243176,13562784
1790469940,8590208,13562784
1790469942,8944556,13562784
1790469944,8509892,13562784
1790469946,9728428,13562784
1790469948,9011864,13562784
1790469950,8723772,13562784
1790469952,10027516,13562784
1790469954,10073708,13562784
1790469956,10155260,13562784
1790469958,8782428,13562784
1790469960,8972804,13562784
1790469962,10242656,13562784
1790469964,10244180,13562784
1790469966,10287640,13562784
1790469968,9367212,13562784
1790469970,9089236,13562784
1790469972,10132300,13562784
1790469974,10253120,13562784
1790469976,10272816,13562784
1790469978,10293712,13562784
1790469980,10249064,13562784
1790469982,10310228,13562784
1790469984,10319432,13562784
1790469986,8655220,13562784
1790469988,9704784,13562784
1790469990,8470796,13562784
1790469992,9729916,13562784
1790469994,9947360,13562784
1790469996,9038604,13562784
1790469998,10086132,13562784
1790470000,10155460,13562784
1790470002,10200580,13562784
1790470004,8871700,13562784
1790470006,8903788,13562784
1790470008,10117616,13562784
1790470010,10118448,13562784
1790470012,10163140,13562784
1790470014,8669888,13562784
1790470016,8973504,13562784
1790470018,10098352,13562784
1790470020,10282816,13562784
1790470022,10283408,13562784
1790470024,9794768,13562784
1790470027,10179840,13562788
1790470029,10179668,13562788
1790470031,10291192,13562788
1790470033,7339704,13562788
1790470035,7446356,13562788
1790470037,8097596,13562788
1790470039,8228244,13562788
1790470041,8134796,13562788
1790470043,8114200,13562788
1790470045,8120348,13562788
1790470047,8127872,13562788
1790470049,8029320,13562788
1790470051,8031624,13562788
1790470053,9371716,13562788
1790470055,11203220,13562788
1790470057,9819476,13498812
1790470059,8784608,13498812
1790470061,8873220,13498812
1790470063,8568920,13498812
1790470065,9344848,13498812
1790470067,10782172,13498812
1790470069,10439684,13498812
1790470071,9599848,13498812
1790470073,10021188,13498812
1790470075,10121960,13498832
1790470077,10116496,13498832
1790470079,10303512,13498832
1790470081,9209480,13498832
1790470083,10294712,13498832
1790470085,10324852,13498832
1790470087,10341044,13498832
1790470089,9212680,13498832
1790470091,9093228,13498832
1790470093,10285416,13498832
1790470095,10292584,13498832
1790470097,10328332,13498832
1790470099,9085388,13498832
1790470101,9115400,13498832
1790470103,10193288,13498832
1790470105,10349732,13498832
1790470107,10468672,13498832
1790470109,8664548,13498832
1790470111,8510052,13498832
1790470113,9781040,13498832
1790470115,9894700,13498832
1790470117,8775028,13498832
1790470119,8727152,13498832
1790470121,10128240,13498832
1790470123,10189492,13498832
1790470125,10230324,13498832
1790470127,9973248,13498832
1790470129,10120624,13498832
1790470131,10126536,13498832
1790470133,10213680,13498832
1790470135,10309108,13498832
1790470137,9120040,13498832
1790470139,10258300,13498832
1790470141,10337480,13498832
1790470143,10334352,13498832
1790470145,9096356,13498832
1790470147,9010312,13498832
1790470149,10243548,13498832
1790470151,10279244,13498832
1790470153,10328928,13498832
1790470155,8740316,13498832
1790470157,8507980,13498832
1790470159,9853832,13498832
1790470161,9869396,13498832
1790470163,8826352,13498832
1790470165,8671444,13498832
1790470167,10237940,13498832
1790470169,10155192,13498832
1790470171,10191208,13498832
1790470173,9154732,13498832
1790470175,8938524,13498832
1790470177,10201336,13498832
1790470179,10288416,13498832
1790470181,10324808,13498832
1790470183,10303364,13498832
1790470185,10155600,13498832
1790470187,10156788,13498832
1790470189,10229248,13498836
1790470191,9117560,13498836
1790470193,9115300,13498836
1790470195,10204584,13498836
1790470197,10214276,13498836
1790470199,10279788,13498836
1790470201,8727660,13498836
1790470203,8517100,13498836
1790470205,8649448,13498836
1790470207,9854296,13498836
1790470209,9031812,13498836
1790470211,8633252,13498836
1790470213,10218504,13498836
1790470215,10214688,13498836
1790470217,10267380,13498836
1790470219,9100500,13498836
1790470221,9199580,13498836
1790470223,10349064,13498836
1790470225,10354296,13498836
1790470227,10336472,13498836
1790470229,9639436,13498836
1790470231,10188884,13498836
1790470233,10193660,13498836
1790470235,10205224,13498836
1790470237,10271296,13498836
1790470239,9442220,13498836
1790470241,10129680,13498836
1790470243,10154544,13498836
1790470245,10260092,13498836
1790470247,8660332,13498836
1790470249,9655484,13498836
1790470251,8581332,13498836
1790470253,9874584,13498836
1790470255,9691320,13498836
1790470257,9075632,13498836
1790470259,9936844,13498836
1790470261,10198452,13498836
1790470263,10249480,13498836
1790470265,8954464,13498836
1790470267,9003216,13498836
1790470269,10257844,13498836
1790470271,10261948,13498836
1790470273,10346824,13498836
1790470275,9054452,13498836
1790470277,9110072,13498836
1790470279,10214752,13498836
1790470281,10294552,13498836
1790470283,10423336,13498836
1790470285,9820788,13498836
1790470287,10284448,13498836
1790470289,10210368,13498836
1790470291,10241504,13498836
1790470293,8986284,13498836
1790470295,8664724,13498836
1790470297,8522256,13498836
1790470299,9766256,13498840
1790470301,9841672,13498840
1790470303,9983768,13498840
1790470305,10031580,13498840
1790470307,10135236,13498840
1790470309,10179252,13498840
1790470311,10263204,13498840
1790470313,9110320,13498840
1790470315,10180596,13498840
1790470317,10185708,13498840
1790470319,10231992,13498840
1790470321,8785868,13498840
1790470323,9048740,13498840
1790470325,10252264,13498840
1790470327,10279956,13498840
1790470329,10328964,13498840
1790470331,9088836,13498840
1790470333,9159644,13498840
1790470335,10174076,13498840
1790470337,10286956,13498840
1790470339,9310832,13498840
1790470341,8737056,13498840
1790470343,8546540,13498840
1790470345,9819508,13498840
1790470347,9874160,13498840
1790470349,9252408,13498840
1790470351,8732008,13498840
1790470353,10159376,13498840
1790470355,10238204,13498840
1790470357,10284088,13498840
1790470359,9418076,13498840
1790470361,10136876,13498840
1790470363,10134652,13498840
1790470365,10207844,13498840
1790470367,9090848,13498840
1790470369,8935496,13498840
1790470371,10231184,13498840
1790470373,10229008,13498840
1790470375,10254300,13498840
1790470377,9034392,13498840
1790470379,9101036,13498840
1790470381,10279256,13498848
1790470383,10321200,13498848
1790470385,10325948,13498848
1790470387,8750100,13498848
1790470389,8502508,13498848
1790470391,9886080,13498848
1790470393,9902028,13498848
1790470395,8808892,13498848
1790470397,8748788,13498848
1790470399,10243800,13498848
1790470401,10285568,13498848
1790470403,10345520,13498848
1790470405,9967152,13498848
1790470407,10365528,13498848
1790470409,10266472,13498848
1790470411,10262376,13498848
1790470413,10305616,13498848
1790470415,9142628,13498852
1790470417,10127788,13498852
1790470419,10230472,13498852
1790470421,10254340,13498852
1790470423,9127360,13498852
1790470425,8996192,13498852
1790470427,10232312,13498852
1790470429,10223140,13498852
1790470431,10271480,13498852
1790470433,8671632,13498852
1790470435,8446640,13498852
1790470437,9101900,13498852
1790470439,9787080,13498852
1790470441,8772432,13498852
1790470443,8638924,13498852
1790470445,10128980,13498852
1790470447,10245072,13498852
1790470449,10337004,13498852
1790470451,9075520,13498852
1790470453,9175364,13498852
1790470455,10336824,13498852
1790470457,10336212,13498852
1790470459,10352048,13498852
1790470461,10093772,13498852
1790470463,10311284,13498852
1790470465,10305840,13498852
1790470467,10305680,13498852
1790470469,10322212,13498852
1790470471,9157372,13498852
1790470473,10234356,13498852
1790470475,10222904,13498852
1790470477,10293412,13498852
1790470479,8689036,13498852
1790470481,9668800,13498852
1790470483,8533828,13498852
1790470485,9796136,13498852
1790470487,9083188,13498852
1790470489,8848172,13498852
1790470491,10128500,13498852
1790470493,10143916,13498852
1790470495,10191476,13498852
1790470497,8877208,13498852
1790470499,8952696,13498852
1790470501,10279916,13498852
1790470503,10281888,13498852
1790470505,10356188,13498852
1790470507,9040832,13498852
1790470509,9205936,13498852
1790470511,10243720,13498852
1790470513,10298476,13498852
1790470515,10324340,13498852
1790470517,10262108,13498852
1790470519,10347324,13498852
1790470521,10353932,13498852
1790470523,10353260,13498852
1790470525,8785616,13498852
1790470527,9879444,13498852
1790470529,8895208,13498852
1790470531,9721772,13498852
1790470533,9845316,13498852
1790470535,9096668,13498852
1790470537,10072300,13498852
1790470539,10126944,13498852
1790470541,10186140,13498852
1790470543,9097276,13498852
1790470545,9007488,13498852
1790470547,10190316,13498852
1790470549,10238932,13498852
1790470551,10254620,13498852
1790470553,9051240,13498852
1790470555,9110768,13498852
1790470557,10222408,13498852
1790470559,10218068,13498856
1790470561,10432004,13498856
1790470563,9088720,13498856
1790470565,9181688,13498856
1790470567,10261860,13498856
1790470569,10335748,13498856
1790470571,7381964,13498856
1790470573,7714388,13498856
1790470575,8194440,13498856
1790470577,8198992,13498856
1790470579,8176752,13498856
1790470581,8286636,13498856
1790470583,8199864,13498856
1790470585,8314272,13498856
1790470587,8194136,13498856
1790470589,8522548,13498856
1790470591,9584952,13498856
1790470593,13565552,13498856
1790470595,8717260,13446684
1790470597,8938520,13446684
1790470599,9048412,13446684
1790470601,8859956,13446684
1790470603,9318404,13446684
1790470605,10969060,13446684
1790470607,10981884,13446684
1790470609,9234332,13446684
1790470611,8868088,13446684
1790470613,10188484,13446684
1790470615,10248864,13446684
1790470617,10295172,13446684
1790470619,10229124,13446684
1790470621,10390000,13446684
1790470623,10396664,13446684
1790470625,10383560,13446684
1790470627,10453864,13446684
1790470629,9275788,13446684
1790470631,10292924,13446684
1790470633,10335200,13446684
1790470635,10414872,13446684
1790470637,9147072,13446684
1790470639,9131296,13446684
1790470641,10332736,13446684
1790470643,10372116,13446684
1790470645,10407784,13446684
1790470647,9002424,13446684
1790470649,8500696,13446684
1790470651,9780264,13446684
1790470653,9809936,13446684
1790470655,8856044,13446684
1790470657,8728292,13446684
1790470659,10129700,13446684
1790470661,10243640,13446684
1790470663,10318496,13446684
1790470665,9835536,13446684
1790470667,10253444,13446684
1790470669,10258408,13446684
1790470671,10297032,13446684
1790470673,10373768,13446684
1790470675,9585244,13446684
1790470677,10287536,13446684
1790470679,10281328,13446684
1790470681,10369704,13446684
1790470683,9228512,13446684
1790470685,9009480,13446684
1790470687,10261692,13446684
1790470689,10291328,13446684
1790470691,10416552,13446684
1790470693,8771268,13446684
1790470695,8575620,13446684
1790470697,8904740,13446684
1790470699,9888504,13446684
1790470701,8812856,13446684
1790470703,8777164,13446684
1790470705,10151488,13446684
1790470707,10288592,13446684
1790470709,10282036,13446684
1790470711,9022176,13446684
1790470713,9028524,13446684
1790470715,10254180,13446684
1790470717,10303448,13446684
1790470719,10366096,13446684
1790470721,9890224,13446684
1790470723,10168212,13446684
1790470725,10182604,13446684
1790470727,10286464,13446684
1790470729,10384540,13446684
1790470731,9167936,13446684
1790470733,10298220,13446684
1790470735,10295204,13446684
1790470737,10294324,13446684
1790470739,8696048,13446684
1790470741,9772540,13446684
1790470743,8624948,13446684
1790470745,9831880,13446684
1790470747,10101288,13446684
1790470749,9186900,13446684
1790470751,10256784,13446684
1790470753,10307288,13446684
1790470755,10329744,13446684
1790470757,9004916,13446684
1790470760,9089284,13446684
1790470762,10418996,13446684
1790470764,10434560,13446684
1790470766,10463788,13446684
1790470768,9101160,13446684
1790470770,9127160,13446684
1790470772,10266700,13446684
1790470774,10252984,13446684
1790470776,10325616,13446684
1790470778,9795148,13446684
1790470780,9082952,13446684
1790470782,10239572,13446684
1790470784,10324628,13446684
1790470786,9158020,13446684
1790470788,8686348,13446684
1790470790,8585016,13446684
1790470792,9804836,13446684
1790470794,9838832,13446684
1790470796,9953028,13446684
1790470798,10178760,13446684
1790470800,10257988,13446684
1790470802,10279092,13446684
1790470804,9407920,13446684
1790470806,9299040,13446684
1790470808,10385256,13446684
1790470810,10372240,13446684
1790470812,10376200,13446684
1790470814,9024988,13446684
1790470816,8966588,13446684
1790470818,10313692,13446684
1790470820,10392112,13446684
1790470822,10506676,13446684
1790470824,9011336,13446684
1790470826,9207048,13446684
1790470828,10334280,13446684
1790470830,10248340,13446684
1790470832,9093948,13446684
1790470834,8695072,13446684
1790470836,8522004,13446684
1790470838,9754540,13446684
1790470840,9816700,13446684
1790470842,8971884,13446684
1790470844,8757280,13446688
1790470846,10200300,13446688
1790470848,10227860,13446688
1790470850,10265836,13446688
1790470852,10116484,13446688
1790470854,10211232,13446688
1790470856,10261976,13446688
1790470858,10279204,13446688
1790470860,10461736,13446688
1790470862,9254164,13446688
1790470864,10307960,13446688
1790470866,10341980,13446688
1790470868,10372308,13446688
1790470870,9261016,13446688
1790470872,9068428,13446688
1790470874,10252548,13446688
1790470876,10311784,13446688
1790470878,10457888,13446688
1790470880,8777516,13446688
1790470882,8562264,13446688
1790470884,9871948,13446688
1790470886,9872524,13446688
1790470888,9026840,13446688
1790470890,8590216,13446688
1790470892,10141128,13446688
1790470894,10184664,13446688
1790470896,10268728,13446688
1790470898,9180200,13446688
1790470900,9090308,13446688
1790470902,10239088,13446688
1790470904,10229384,13446688
1790470906,10322848,13446688
1790470908,10115480,13446688
1790470910,10238552,13446688
1790470912,10231120,13446688
1790470914,10337944,13446688
1790470916,10400972,13446688
1790470918,9195696,13446688
1790470920,10368500,13446688
1790470922,10369296,13446688
1790470924,10410480,13446688
1790470926,8791384,13446688
1790470928,9464348,13446688
1790470930,8709968,13446688
1790470932,9923896,13446688
1790470934,9254304,13446688
1790470936,8785880,13446688
1790470938,10200212,13446688
1790470940,10307128,13446688
1790470942,10313196,13446688
1790470944,9014208,13446688
1790470946,9026804,13446688
1790470948,10243632,13446688
1790470950,10259552,13446688
1790470952,10297308,13446688
1790470954,9120016,13446688
1790470956,9145040,13446688
1790470958,10267952,13446688
1790470960,10314008,13446688
1790470962,10386168,13446688
1790470964,10255472,13446688
1790470966,10230548,13446688
1790470968,10242716,13446688
1790470970,10294412,13446688
1790470972,8734840,13446688
1790470974,9830880,13446688
1790470976,8564636,13446688
1790470978,9807140,13446688
1790470980,9938012,13446688
1790470982,9175440,13446688
1790470984,10210996,13446688
1790470986,10239692,13446688
1790470988,10304856,13446688
1790470990,9254968,13446688
1790470992,9125020,13446688
1790470994,10272772,13446688
1790470996,10297200,13446688
1790470998,10312888,13446688
1790471000,9000552,13446688
1790471002,8979092,13446688
1790471004,10273848,13446688
1790471006,10370060,13446688
1790471008,10477380,13446688
1790471010,9289136,13446688
1790471012,9142716,13446688
1790471014,10252812,13446688
1790471016,10333692,13446688
1790471018,9162880,13446688
1790471020,8729920,13446688
1790471022,8516012,13446688
1790471024,9789200,13446688
1790471026,9815636,13446688
1790471028,9836020,13446688
1790471030,10204920,13446688
1790471032,10240124,13446688
1790471034,10278064,13446688
1790471036,10358500,13446688
1790471038,9200264,13446688
1790471040,10338848,13446688
1790471042,10340448,13446688
1790471044,10389956,13446688
1790471046,9124576,13446688
1790471048,9112212,13446688
1790471050,10312836,13446688
1790471052,10345216,13446688
1790471054,10385924,13446688
1790471056,9074372,13446688
1790471058,9150304,13446688
1790471060,10244816,13446692
1790471062,10354072,13446700
1790471064,9578084,13446700
1790471066,8808320,13446700
1790471068,8639816,13446700
1790471070,9934256,13446700
1790471072,9914360,13446700
1790471074,8894612,13446756
1790471076,8846412,13446760
1790471078,10183796,13446764
1790471080,10292764,13446764
1790471082,10327824,13446764
1790471084,10327016,13446764
1790471086,10166216,13446764
1790471088,10197312,13446764
1790471090,10262124,13446772
1790471092,9186260,13446772
1790471094,9055900,13446772
1790471096,10221172,13446772
1790471098,10250396,13446772
1790471100,10367596,13446772
1790471102,9118688,13446772
1790471104,9084152,13446772
1790471106,10300856,13446772
1790471108,10369976,13446772
1790471110,7849552,13446772
1790471112,7772580,13446772
1790471114,8637788,13446772
1790471116,8446852,13446772
1790471118,8227600,13446772
1790471120,8246476,13446772
1790471122,8224700,13446772
1790471124,8255656,13446772
1790471126,8195700,13446772
1790471128,8364692,13446772
1790471130,8542348,13446772
1790471132,9528852,13446772
1790471134,3858180,13439912
1790471136,9653756,13439912
1790471138,8607840,13439912
1790471140,8465612,13439912
1790471142,9959488,13439912
1790471144,10663464,13439912
1790471146,10836360,13439912
1790471148,8458272,13439912
1790471150,8648360,13439912
1790471152,10149744,13439912
1790471154,10182872,13439920
1790471156,10235768,13439920
1790471158,9025780,13439920
1790471160,9250124,13439920
1790471162,10321724,13439920
1790471164,10338512,13439920
1790471166,10374844,13439920
1790471168,10142716,13439920
1790471170,10358508,13439920
1790471172,10354936,13439920
1790471174,10364212,13439920
1790471176,10422392,13439920
1790471178,9253104,13439920
1790471180,10309424,13439920
1790471182,10316176,13439920
1790471184,10329216,13439920
1790471186,8804852,13439920
1790471188,9703124,13439920
1790471190,8564620,13439920
1790471192,9846068,13439920
1790471194,9130260,13439920
1790471196,8795972,13439920
1790471198,10059080,13439920
1790471200,10205228,13439920
1790471202,10267812,13439920
1790471204,8809620,13439920
1790471206,9012728,13439920
1790471208,10292196,13439920
1790471210,10301992,13439920
1790471212,10386376,13439920
1790471214,9239088,13439920
1790471216,9203352,13439920
1790471218,10244640,13439920
1790471220,10376376,13439920
1790471222,10446896,13439920
1790471224,10189784,13439920
1790471226,10335116,13439920
1790471228,10333616,13439920
1790471230,10369348,13439920
1790471232,8827316,13439920
1790471234,9909880,13439920
1790471236,8645040,13439920
1790471238,9916728,13439920
1790471240,10032740,13439920
1790471242,9235368,13439920
1790471244,10216424,13439920
1790471246,10326696,13439920
1790471248,10268372,13439920
1790471250,9172632,13439920
1790471252,9081336,13439920
1790471254,10345228,13439920
1790471256,10335576,13439920
1790471258,10376868,13439924
1790471260,9039920,13439924
1790471262,9205296,13439924
1790471264,10267100,13439924
1790471266,10261496,13439924
1790471268,10346428,13439924
1790471270,9246444,13439924
1790471272,9118960,13439924
1790471274,10217044,13439924
1790471276,10323668,13439924
1790471278,9318872,13439924
1790471280,8812860,13439924
1790471282,9183960,13439924
1790471284,9956848,13439924
1790471286,9982244,13439924
1790471288,9821100,13439924
1790471290,10189776,13439924
1790471292,10237128,13439924
1790471294,10321744,13439924
1790471296,10404212,13439924
1790471298,9264652,13439924
1790471300,10250784,13439924
1790471302,10365868,13439924
1790471304,10424644,13439924
1790471306,9286472,13439924
1790471308,9049740,13439924
1790471310,10314248,13439924
1790471312,10315576,13439924
1790471314,10394596,13439924
1790471316,9047680,13439924
1790471318,9138324,13439924
1790471320,10326360,13439924
1790471322,10335736,13439924
1790471324,10376380,13439924
1790471326,9191588,13439924
1790471328,8705988,13439924
1790471330,9867804,13439924
1790471332,9917656,13439924
1790471334,8756864,13439924
1790471336,8719828,13439924
1790471338,10161540,13439924
1790471340,10280040,13439924
1790471342,10395688,13439924
1790471344,10105228,13439924
1790471346,10381116,13439924
1790471348,10385072,13439924
1790471350,10425664,13439924
1790471352,10452900,13439924
1790471354,9285612,13439924
1790471356,10282876,13439924
1790471358,10378524,13439924
1790471360,10485012,13439924
1790471362,9110456,13439924
1790471364,9101752,13439924
1790471366,10396576,13439924
1790471368,10342232,13439924
1790471370,10355724,13439924
1790471372,8728108,13439924
1790471374,8575712,13439924
1790471376,9878408,13439924
1790471378,9890512,13439924
1790471380,8843468,13439924
1790471382,8592928,13439924
1790471384,10120276,13439924
1790471386,10209052,13439924
1790471388,10290120,13439924
1790471390,9348896,13439924
1790471392,9208972,13439924
1790471394,10286656,13439924
1790471396,10295676,13439924
1790471398,10305692,13439924
1790471400,10374104,13439924
1790471402,10345456,13439924
1790471404,10351652,13439924
1790471406,10360092,13439924
1790471408,9259700,13439924
1790471410,9148616,13439924
1790471412,10341596,13439924
1790471414,10344452,13439924
1790471416,10386188,13439924
1790471418,8808136,13439924
1790471420,8589492,13439924
1790471422,8742984,13439924
1790471424,9982316,13439924
1790471426,9246648,13439924
1790471428,8748936,13439924
1790471430,10141392,13439924
1790471432,10147600,13439924
1790471434,10250516,13439924
1790471436,8937788,13439924
1790471438,9115280,13439924
1790471440,10313196,13439924
1790471442,10298624,13439924
1790471444,10350884,13439924
1790471446,9855804,13439924
1790471448,9148740,13439924
1790471450,10249808,13439924
1790471452,10328844,13439924
1790471454,10397860,13439924
1790471456,10394408,13439924
1790471458,10313364,13439924
1790471460,10427208,13439924
1790471462,10415768,13439924
1790471464,8822812,13439924
1790471466,9876676,13439924
1790471468,8665804,13439924
1790471470,9886960,13439924
1790471472,10028100,13439924
1790471474,9231656,13439924
1790471476,10240496,13439924
1790471478,10338056,13439924
1790471480,10384208,13439924
1790471482,9030368,13439924
1790471484,9077016,13439924
1790471486,10328664,13439924
1790471488,10256812,13439924
1790471490,10313272,13439924
1790471492,9066036,13439924
1790471494,9105796,13439924
1790471496,10256536,13439924
1790471498,10332668,13439924
1790471500,10340064,13439924
1790471502,9925424,13439924
1790471504,10248396,13439924
1790471507,10301104,13439924
1790471509,10304036,13439924
1790471511,9177856,13439924
1790471513,9792368,13439924
1790471515,8591652,13439924
1790471517,9866344,13439924
1790471519,9852012,13439924
1790471521,10302304,13439924
1790471523,10062012,13439924
1790471525,10275196,13439924
1790471527,10393076,13439924
1790471529,9263468,13439924
1790471531,9116092,13439924
1790471533,10282352,13439924
1790471535,10372168,13439924
1790471537,10440600,13439924
1790471539,9132540,13439924
1790471541,9167432,13439924
1790471543,10305724,13439924
1790471545,10400796,13439924
1790471547,10430112,13439924
1790471549,8968360,13439924
1790471551,9064968,13439924
1790471553,10263848,13439924
1790471555,10266516,13439924
1790471557,9176300,13439924
1790471559,8730620,13439924
1790471561,8586204,13439924
1790471563,9819252,13439924
1790471565,9921400,13439924
1790471567,9642836,13439924
1790471569,10165060,13439924
1790471571,10201352,13439924
1790471573,10251592,13439924
1790471575,10285548,13439924
1790471577,10027720,13439924
1790471579,10337960,13439924
1790471581,10415940,13439924
1790471583,10390604,13439924
1790471585,9247400,13439924
1790471587,9025288,13439924
1790471589,10343144,13439924
1790471591,10339008,13439924
1790471593,10394816,13439924
1790471595,8990356,13439924
1790471597,9074296,13439924
1790471599,10283224,13439924
1790471601,10351652,13439924
1790471603,7788800,13439924
1790471605,7757548,13439924
1790471607,8824680,13439924
1790471609,8489552,13439924
1790471611,8125772,13439924
1790471613,8180104,13439924
1790471615,8279652,13439924
1790471617,8184636,13439924
1790471619,8201016,13439924
1790471621,8181484,13439924
1790471623,8416684,13439924
1790471625,9621492,13439924
1790471627,3989448,13408500
1790471629,10321316,13408500
1790471631,8647448,13408500
1790471633,8552040,13408500
1790471635,9991608,13408500
1790471637,10895276,13408500
1790471639,10927052,13408500
1790471641,8997408,13408500
1790471643,8957304,13408500
1790471645,10351640,13408500
1790471647,10368624,13408500
1790471649,10366656,13408500
1790471651,9146936,13408500
1790471653,9301852,13408500
1790471655,10458236,13408500
1790471657,10450224,13408500
1790471659,10465084,13408500
1790471661,10129612,13408500
1790471663,10265004,13408500
1790471665,10328284,13408500
1790471667,10463396,13408500
1790471669,10473692,13408500
1790471671,9223116,13408500
1790471673,10296764,13408500
1790471675,10294016,13408500
1790471677,10340104,13408500
1790471679,8775096,13408500
1790471681,9808640,13408500
1790471683,8603800,13408500
1790471685,9866288,13408500
1790471687,9405300,13408500
1790471689,9170384,13408500
1790471691,10126952,13408500
1790471693,10182280,13408500
1790471695,10344716,13408500
1790471697,8921472,13408500
1790471699,9071820,13408500
1790471701,10320032,13408500
1790471703,10409924,13408500
1790471705,10453840,13408500
1790471707,9155676,13408500
1790471709,9284956,13408500
1790471711,10422556,13408500
1790471713,10473460,13408500
1790471715,10522564,13408500
1790471717,10348792,13408500
1790471719,10300348,13408500
1790471721,10379520,13408500
1790471723,10418100,13408500
1790471725,8844392,13408500
1790471727,9956416,13408500
1790471729,8576344,13408500
1790471731,9815844,13408500
1790471733,9839964,13408500
1790471735,9141744,13408500
1790471737,10195460,13408500
1790471739,10244020,13408500
1790471741,10289176,13408500
1790471743,9190068,13408500
1790471745,9065232,13408500
1790471747,10244116,13408500
1790471749,10246080,13408500
1790471751,10288808,13408500
1790471753,9044612,13408500
1790471755,8882968,13408500
1790471757,10236464,13408500
1790471759,10285108,13408500
1790471761,10473484,13408500
1790471763,9300824,13408500
1790471765,9249152,13408500
1790471767,10399156,13408500
1790471769,10429520,13408500
1790471771,9438264,13408500
1790471773,8806836,13408500
1790471775,8658124,13408500
1790471777,9906660,13408500
1790471779,9906904,13408500
1790471781,9703116,13408500
1790471783,10281796,13408500
1790471785,10324556,13408500
1790471787,10436472,13408500
1790471789,10370336,13408500
1790471791,9248328,13408500
1790471793,10238860,13408500
1790471795,10278916,13408500
1790471797,10284472,13408500
1790471799,9243200,13408500
1790471801,9079844,13408500
1790471803,10291928,13408500
1790471805,10292732,13408500
1790471807,10365388,13408500
1790471809,9035320,13408500
1790471811,9036708,13408500
1790471813,10217720,13408500
1790471815,10368036,13408500
1790471817,10382420,13408500
1790471819,8729972,13408500
1790471821,8590756,13408500
1790471823,9966496,13408500
1790471825,10000800,13408500
1790471827,8941568,13408500
1790471829,8904200,13408500
1790471831,10203664,13408500
1790471833,10371216,13408500
1790471835,10445364,13408500
1790471837,10186132,13408500
1790471839,10282836,13408500
1790471841,10311756,13408500
1790471843,10406420,13408500
1790471845,10461436,13408500
1790471847,9305196,13408500
1790471849,10219680,13408500
1790471851,10251708,13408500
1790471853,10406328,13408500
1790471855,9172836,13408500
1790471857,9040012,13408500
1790471859,10312232,13408500
1790471861,10314648,13408500
1790471863,10325912,13408500
1790471865,8744968,13408500
1790471867,8523148,13408500
1790471869,9814736,13408500
1790471871,9811584,13408500
1790471873,8835584,13408500
1790471875,8782788,13408500
1790471877,10210180,13408500
1790471879,10210812,13408500
1790471881,10447176,13408500
1790471883,9277504,13408500
1790471885,9263776,13408500
1790471887,10307064,13408500
1790471889,10371760,13408500
1790471891,10450872,13408500
1790471893,10288980,13408500
1790471895,10394516,13408500
1790471897,10395936,13408500
1790471899,10427508,13408500
1790471901,10495000,13408500
1790471903,9321968,13408500
1790471905,10359520,13408500
1790471907,10363772,13408500
1790471909,10354292,13408500
1790471911,8736932,13408500
1790471913,9657528,13408500
1790471915,8575808,13408500
1790471917,9872860,13408500
1790471919,9165676,13408500
1790471921,8871792,13408500
1790471923,10098904,13408500
1790471925,10249256,13408500
1790471927,10288236,13408500
1790471929,8954440,13408500
1790471931,8977728,13408500
1790471933,10278960,13408500
1790471935,10299004,13408500
1790471937,10306976,13408500
1790471939,9156904,13408500
1790471941,9196452,13408500
1790471943,10305764,13408500
1790471945,10428400,13408500
1790471947,10497472,13408500
1790471949,10230712,13408500
1790471951,10391516,13408500
1790471953,10368424,13408500
1790471955,10418628,13408500
1790471957,8819360,13408500
1790471959,9914772,13408500
1790471961,8624332,13408500
1790471963,9915640,13408500
1790471965,10008468,13408500
1790471967,9292728,13408500
1790471969,10215572,13408500
1790471971,10216688,13408500
1790471973,10322968,13408500
1790471975,9220804,13408500
1790471977,9096848,13408500
1790471979,10226956,13408500
1790471981,10327520,13408500
1790471983,10322392,13408500
1790471985,9137496,13408500
1790471987,8844280,13408500
1790471989,10196700,13408500
1790471991,10268140,13408500
1790471993,10390312,13408500
1790471995,9419960,13408500
1790471997,9199496,13408500
1790471999,10288464,13408500
1790472001,10419600,13408500
1790472003,9231140,13408500
1790472005,8804388,13408500
1790472007,8620768,13408500
1790472009,9964268,13408500
1790472011,10008096,13408500
1790472013,9887540,13408500
1790472015,10237992,13408500
1790472017,10325596,13408500
1790472019,10379876,13408500
1790472021,10414512,13408500
1790472023,9299048,13408500
1790472025,10325456,13408500
1790472027,10334512,13408500
1790472029,10290172,13408500
1790472031,9218296,13408500
1790472033,9053080,13408500
1790472035,10285344,13408500
1790472037,10275280,13408500
1790472039,10312724,13408500
1790472041,9094860,13408500
1790472043,9061932,13408504
1790472045,10179524,13408504
1790472047,10231600,13408504
1790472049,7533312,13408504
1790472051,7507904,13408504
1790472053,7850508,13408504
1790472055,8644884,13408504
1790472057,8363432,13408504
1790472059,8635948,13408504
1790472061,8782584,13408504
1790472063,8263408,13408504
1790472065,8282476,13408504
1790472067,8258772,13408504
1790472069,8644560,13408504
1790472071,9970316,13408504
1790472073,7506660,13408504
1790472075,8940276,13408504
1790472077,9135756,13408504
1790472079,8913156,13408504
1790472081,10064660,13408504
1790472083,10951852,13408504
1790472085,11204788,13408504
1790472087,9012088,13408504
1790472089,8741044,13408504
1790472091,10207844,13408504
1790472093,10210564,13408504
1790472095,10277720,13408504
1790472097,9437864,13408504
1790472099,9180928,13408504
1790472101,10254992,13408504
1790472103,10293524,13408504
1790472105,10399544,13408504
1790472107,10301844,13408504
1790472109,10283588,13408504
1790472111,10267828,13408504
1790472113,10281660,13408504
1790472115,9185124,13408504
1790472117,9219276,13408504
1790472119,10239168,13408504
1790472121,10407796,13408504
1790472123,10435496,13408504
1790472125,9040064,13408504
1790472127,9100616,13408504
1790472129,8736108,13408504
1790472131,9915656,13408504
1790472133,9218192,13408504
1790472135,8796400,13408504
1790472137,10254008,13408504
1790472139,10318772,13408504
1790472141,10361664,13408504
1790472143,9077104,13408504
1790472145,9054212,13408504
1790472147,10339372,13408504
1790472149,10320528,13408504
1790472151,10398540,13408504
1790472153,9594020,13408504
1790472155,9188496,13408504
1790472157,10323588,13408504
1790472159,10349680,13408504
1790472161,10457168,13408504
1790472163,10312392,13408504
1790472165,10321224,13408504
1790472167,10330336,13408504
1790472169,10354988,13408504
1790472171,8831836,13408504
1790472173,9788844,13408504
1790472175,8681232,13408504
1790472177,9882508,13408504
1790472179,10034680,13408504
1790472181,9255428,13408504
1790472183,10299276,13408504
1790472185,10384364,13408504
1790472187,10418596,13408504
1790472189,9194368,13408504
1790472191,9121188,13408504
1790472193,10304000,13408504
1790472195,10367204,13408504
1790472197,10418616,13408504
1790472199,9107668,13408504
1790472201,9285824,13408504
1790472203,10405828,13408504
1790472205,10403956,13408504
1790472207,10462236,13408504
1790472209,9480556,13408516
1790472211,9139828,13408516
1790472213,10285524,13408516
1790472215,10361988,13408516
1790472217,9200684,13408516
1790472219,8823780,13408516
1790472221,8586204,13408516
1790472223,9854040,13408516
1790472225,9878132,13408516
1790472227,10045524,13408516
1790472229,9960436,13408516
1790472231,10128184,13408516
1790472233,10290704,13408516
1790472235,10412344,13408516
1790472237,9186584,13408516
1790472239,10221660,13408516
1790472241,10338820,13408516
1790472243,10446376,13408516
1790472245,9222180,13408516
1790472247,9068044,13408516
1790472249,10332008,13408516
1790472251,10351588,13408516
1790472253,10411804,13408516
1790472255,9035024,13408516
1790472257,9178488,13408516
1790472259,10377424,13408516
1790472262,10388256,13408516
1790472264,10491120,13408516
1790472266,8863440,13408516
1790472268,8715264,13408516
1790472270,9872296,13408516
1790472272,9965596,13408516
1790472274,8896020,13408516
1790472276,8804632,13408516
1790472278,10209648,13408516
1790472280,10296084,13408516
1790472282,10340116,13408516
1790472284,10146796,13408516
1790472286,10222988,13408516
1790472288,10290812,13408516
1790472290,10330652,13408516
1790472292,10409444,13408516
1790472294,9211616,13408516
1790472296,10325032,13408516
1790472298,10331148,13408516
1790472300,10398728,13408516
1790472302,9252996,13408516
1790472304,8950740,13408516
1790472306,10357616,13408516
1790472308,10383260,13408516
1790472310,10439612,13408516
1790472312,8845752,13408516
1790472314,8643304,13408516
1790472316,8977880,13408516
1790472318,9956040,13408516
1790472320,9013828,13408516
1790472322,8919000,13408516
1790472324,10275196,13408516
1790472326,10401152,13408516
1790472328,10439512,13408516
1790472330,8924200,13408516
1790472332,9230296,13408516
1790472334,10333552,13408516
1790472336,10338040,13408516
1790472338,10351760,13408516
1790472340,9916940,13408520
1790472342,10262484,13408520
1790472344,10254980,13408520
1790472346,10261780,13408520
1790472348,10326056,13408520
1790472350,9201064,13408520
1790472352,10316712,13408520
1790472354,10321024,13408528
1790472356,10325392,13408528
1790472358,8772292,13408528
1790472360,9946440,13408528
1790472362,8735120,13408528
1790472364,9964128,13408528
1790472366,10099728,13408528
1790472368,9253876,13408528
1790472370,10145656,13408528
1790472372,10251672,13408528
1790472374,10399076,13408528
1790472376,8956216,13408528
1790472378,9134884,13408532
1790472380,10386048,13408532
1790472382,10384752,13408532
1790472384,10417648,13408532
1790472386,9108324,13408532
1790472388,9284212,13408576
1790472390,10313864,13408576
1790472392,10331852,13408576
1790472394,10366148,13408576
1790472396,9854376,13408576
1790472398,10271848,13408576
1790472400,10268156,13408576
1790472402,10263116,13408576
1790472404,9289908,13408576
1790472406,8810752,13408576
1790472408,8653392,13408576
1790472410,9867104,13408576
1790472412,9991904,13408576
1790472414,10011280,13408576
1790472416,10120040,13408576
1790472418,10277816,13408576
1790472420,10354964,13408576
1790472422,10461604,13408576
1790472424,9299000,13408576
1790472426,10312668,13408576
1790472428,10374004,13408576
1790472430,10395192,13408576
1790472432,9301196,13408576
1790472434,9123168,13408576
1790472436,10340024,13408576
1790472438,10360608,13408576
1790472440,10436140,13408576
1790472442,9030432,13408576
1790472444,9259828,13408576
1790472446,10322204,13408576
1790472448,10355216,13408576
1790472450,7398204,13408576
1790472452,7660852,13408576
1790472454,8162444,13408576
1790472456,8285512,13408576
1790472458,8200048,13408576
1790472460,8203796,13408576
1790472462,8167764,13408576
1790472464,7983608,13408576
1790472466,8318052,13408576
1790472468,8368856,13408576
1790472470,8741184,13408576
1790472472,10429464,13408576
1790472474,4621436,13346328
1790472476,10323720,13346328
1790472478,8705804,13346328
1790472480,8696556,13346328
1790472482,10153940,13346328
1790472484,10954620,13346328
1790472486,11048932,13346328
1790472488,9011292,13346328
1790472490,8986568,13346328
1790472492,10274948,13346328
1790472494,10445780,13346328
1790472496,10441380,13346328
1790472498,9044156,13346328
1790472500,9304116,13346328
1790472502,10432316,13346328
1790472504,10425112,13346328
1790472506,10470416,13346328
1790472508,10216108,13346328
1790472510,10212504,13346328
1790472512,10304152,13346328
1790472514,10458700,13346328
1790472516,10487520,13346328
1790472518,9301552,13346328
1790472520,10328968,13346328
1790472522,10412748,13346328
1790472524,10448700,13346328
1790472526,8796864,13346328
1790472528,9782780,13346328
1790472530,8692564,13346328
1790472532,9962676,13346328
1790472534,9832916,13346328
1790472536,9243340,13346328
1790472538,10260280,13346328
1790472540,10471784,13346328
1790472542,10449916,13346328
1790472544,9280968,13346328
1790472546,9144944,13346328
1790472548,10319624,13346328
1790472550,10452896,13346328
1790472552,10530564,13346328
1790472554,9056916,13346328
1790472556,9329600,13346328
1790472558,10402160,13346328
1790472560,10459424,13346824
1790472562,10515652,13346824
1790472564,9945104,13346824
1790472566,10372616,13346824
1790472568,10382212,13346824
1790472570,10333136,13346824
1790472572,9420988,13346824
1790472574,8813504,13346824
1790472576,8742964,13346824
1790472578,9963428,13346824
1790472580,9974676,13346824
1790472582,10108000,13346824
1790472584,10276476,13346824
1790472586,10332108,13346824
1790472588,10371236,13346824
1790472590,10363188,13346824
1790472592,9293476,13346824
1790472594,10292264,13346824
1790472596,10305516,13346824
1790472598,10387836,13346824
1790472600,9288000,13346824
1790472602,9193448,13346824
1790472604,10353716,13346824
1790472606,10342068,13346824
1790472608,10496768,13346824
1790472610,9184560,13346824
1790472612,9213264,13346824
1790472614,10357808,13346824
1790472616,10454488,13346824
1790472618,10473048,13346824
1790472620,8896636,13346824
1790472622,8679064,13346824
1790472624,10019056,13346824
1790472626,10010872,13346824
1790472628,9135188,13346824
1790472630,9028360,13346824
1790472632,10271828,13346824
1790472634,10312028,13346824
1790472636,10391896,13346824
1790472638,9943856,13346824
1790472640,10209244,13346824
1790472642,10248588,13346824
1790472644,10341932,13346824
1790472646,10437068,13346824
1790472648,9268876,13346824
1790472650,10296920,13346824
1790472652,10303816,13346824
1790472654,10345388,13346824
1790472656,9286440,13346824
1790472658,9084868,13346824
1790472660,10357148,13346824
1790472662,10442132,13346824
1790472664,10547832,13346824
1790472666,8894992,13346824
1790472668,8679416,13346824
1790472670,8785412,13346824
1790472672,10072760,13346828
1790472674,9286072,13346828
1790472676,8832308,13346828
1790472678,10316988,13346828
1790472680,10368720,13346828
1790472682,10431348,13346828
1790472684,9196168,13346828
1790472686,9224620,13346828
1790472688,10254544,13346832
1790472690,10262904,13346832
1790472692,10365708,13346832
1790472694,9123980,13346832
1790472696,9143204,13346832
1790472698,10246308,13346832
1790472700,10378824,13346832
1790472702,10475384,13346832
1790472704,10137380,13347664
1790472706,10276836,13347664
1790472708,10335004,13347664
1790472710,10374440,13347664
1790472712,8812944,13347664
1790472714,9928320,13347664
1790472716,8710616,13347664
1790472718,9950852,13347664
1790472720,10223220,13347664
1790472722,10436396,13347664
1790472724,10369628,13347664
1790472726,10422172,13347664
1790472728,10446548,13347664
1790472730,9364556,13347664
1790472732,9216120,13347664
1790472734,10367508,13347664
1790472736,10405888,13347664
1790472738,10477896,13347664
1790472740,9044824,13347664
1790472742,9149460,13347664
1790472744,10440388,13347664
1790472746,10459104,13347664
1790472748,10393152,13347664
1790472750,8983984,13347664
1790472752,9188080,13347664
1790472754,10317524,13347664
1790472756,10365816,13347664
1790472758,9534424,13347664
1790472760,8804056,13347664
1790472762,8585020,13347664
1790472764,9955716,13347664
1790472766,9958872,13347664
1790472768,9053304,13347664
1790472770,9039412,13347664
1790472772,10329100,13347664
1790472774,10341628,13347664
1790472776,10403812,13347664
1790472778,10371400,13347664
1790472780,10409696,13347664
1790472782,10457908,13347664
1790472784,10503580,13347664
1790472786,10568476,13347664
1790472788,9363164,13347664
1790472790,10416244,13347664
1790472792,10474668,13347664
1790472794,10477468,13347664
1790472796,9300012,13347664
1790472798,9209084,13347664
1790472800,10388040,13347664
1790472802,10404932,13347664
1790472804,10532268,13347664
1790472806,9124796,13347664
1790472808,8930108,13347664
1790472810,9270464,13347664
1790472812,10060096,13347664
1790472814,9081204,13347664
1790472816,8913344,13347664
1790472818,10324260,13347664
1790472820,10359228,13347664
1790472822,10380868,13347664
1790472824,9163364,13347664
1790472826,9134952,13347664
1790472828,10282948,13347664
1790472830,10327768,13347664
1790472832,10438224,13347664
1790472834,10135852,13347664
1790472836,10276068,13347664
1790472838,10369796,13347664
1790472840,10466436,13347664
1790472842,10559024,13347664
1790472844,9365632,13347664
1790472846,10349288,13347664
1790472848,10465964,13347664
1790472850,10528936,13347664
1790472852,8958572,13347664
1790472854,9870632,13347664
1790472856,8894412,13347664
1790472858,9937080,13347664
1790472860,10114212,13347664
1790472862,9336252,13347664
1790472864,10313708,13347664
1790472866,10371244,13347664
1790472868,10388052,13347664
1790472870,9261508,13347664
1790472872,8979116,13347664
1790472874,10334080,13347664
1790472876,10384772,13347664
1790472878,10387304,13347664
1790472880,9131180,13347664
1790472882,9141948,13347664
1790472884,10334584,13347664
1790472886,10381728,13347668
1790472888,10496048,13347668
1790472890,9218528,13347668
1790472892,9105300,13347668
1790472894,10328004,13347668
1790472896,10412512,13347668
1790472898,7526272,13347668
1790472900,7677016,13347668
1790472902,8319200,13347668
1790472904,8432012,13347668
1790472906,8254124,13347668
1790472908,8603112,13347668
1790472910,8428384,13347668
1790472912,8330684,13347668
1790472914,8345264,13347668
1790472916,8415240,13347668
1790472918,9758492,13347668
1790472920,14350324,13347668
1790472922,8532524,13347668
1790472924,8701604,13347668
1790472926,8762468,13347668
1790472928,8624780,13347668
1790472930,9513076,13347668
1790472932,10892012,13347668
1790472934,11066040,13347668
1790472936,8877640,13347668
1790472938,8874232,13347668
1790472940,10233044,13347668
1790472942,10236472,13347668
1790472944,10301312,13347668
1790472946,9837688,13347668
1790472948,10294300,13347668
1790472950,10308184,13347668
1790472952,10489024,13347700
1790472954,10560756,13347700
1790472956,9355804,13347700
1790472958,10245296,13347708
1790472960,10351636,13347708
1790472962,10438676,13347708
1790472964,9328260,13347708
1790472966,9262472,13347708
1790472968,10386100,13347708
1790472970,10464784,13347708
1790472972,10490180,13347708
1790472974,8893516,13347708
1790472976,8673548,13347708
1790472978,8770944,13347708
1790472980,9979252,13347708
1790472982,9271760,13347708
1790472984,8851356,13347708
1790472986,10253284,13347708
1790472988,10263836,13347708
1790472990,10301008,13347708
1790472992,8859916,13347708
1790472994,9236280,13347708
1790472996,10390064,13347708
1790472999,10430604,13347708
1790473001,10432840,13347708
1790473003,9718928,13347708
1790473005,9244804,13347708
1790473007,10371920,13347708
1790473009,10399060,13347708
1790473011,10472580,13347708
1790473013,10303116,13347708
1790473015,10314436,13347708
1790473017,10319060,13347708
1790473019,10382192,13347708
1790473021,8977008,13347708
1790473023,9977384,13347708
1790473025,8803104,13347708
1790473027,10022096,13347708
1790473029,10084628,13347708
1790473031,9313920,13347708
1790473033,10201292,13347708
1790473035,10447944,13347708
1790473037,10490344,13347708
1790473039,9325692,13347708
1790473041,9204416,13347708
1790473043,10394052,13347708
1790473045,10438372,13347708
1790473047,10453460,13347708
1790473049,9115884,13347708
1790473051,9172116,13347708
1790473053,10359520,13347708
1790473055,10420652,13347708
1790473057,10438796,13347708
1790473059,9155372,13347708
1790473061,9213292,13347708
1790473063,10361752,13347708
1790473065,10356692,13347708
1790473067,9181484,13347708
1790473069,8790884,13347708
1790473071,8658340,13347708
1790473073,9912076,13347708
1790473075,9972124,13347708
1790473077,9446460,13347708
1790473079,10149844,13347708
1790473081,10294956,13347708
1790473083,10424876,13347708
1790473085,10423756,13347708
1790473087,10452456,13347708
1790473089,10373308,13347708
1790473091,10424496,13347708
1790473093,10527572,13347708
1790473095,9331324,13347708
1790473097,9118000,13347708
1790473099,10294232,13347712
1790473101,10325376,13347712
1790473103,10537040,13347712
1790473105,9170976,13347712
1790473107,9245496,13347712
1790473109,10357652,13347712
1790473111,10348356,13347712
1790473113,10444676,13347712
1790473115,8806544,13347712
1790473117,8633460,13347712
1790473119,9902944,13347712
1790473121,9908244,13347712
1790473123,8879200,13347712
1790473125,8841788,13347712
1790473127,10126960,13347712
1790473129,10348772,13347712
1790473131,10383528,13347712
1790473133,9526140,13347712
1790473135,9052216,13347712
1790473137,10310868,13347712
1790473139,10309500,13347712
1790473141,10559556,13347712
1790473143,10407296,13347712
1790473145,10397516,13347712
1790473147,10422232,13347712
1790473149,10443628,13347716
1790473151,9331976,13347716
1790473153,9337372,13347716
1790473155,10457456,13347716
1790473157,10464184,13347716
1790473159,10487220,13347716
1790473161,8898868,13347716
1790473163,9896968,13347716
1790473165,8819496,13347716
1790473167,10024996,13347716
1790473169,9270912,13347716
1790473171,8805332,13347716
1790473173,10250800,13347716
1790473175,10365336,13347716
1790473177,10417908,13347716
1790473179,9006216,13347716
1790473181,9161224,13347716
1790473183,10327956,13347716
1790473185,10331152,13347716
1790473187,10388876,13347716
1790473189,9219456,13347716
1790473191,9235384,13347716
1790473193,10351324,13347716
1790473195,10348944,13347716
1790473197,10489468,13347716
1790473199,10231248,13347716
1790473201,10382032,13347716
1790473203,10430784,13347716
1790473205,10486220,13347716
1790473207,9061824,13347716
1790473209,10090940,13347716
1790473211,8744984,13347716
1790473213,9992456,13347716
1790473215,10074412,13347716
1790473217,10346812,13347716
1790473219,10322852,13347716
1790473221,10336860,13347716
1790473223,10385144,13347716
1790473225,9323392,13347716
1790473227,9301800,13347716
1790473229,10343832,13347716
1790473231,10355992,13347716
1790473233,10393048,13347716
1790473235,9154324,13347716
1790473237,9116708,13347716
1790473239,10295744,13347716
1790473241,10349280,13347716
1790473243,10398524,13347716
1790473245,9071880,13347716
1790473247,9220652,13347716
1790473249,10306920,13347716
1790473251,10380136,13347716
1790473253,9359992,13347716
1790473255,8811260,13347716
1790473257,8614976,13347716
1790473259,9970996,13347716
1790473261,10080304,13347716
1790473263,8954872,13347716
1790473265,8943880,13347716
1790473267,10307900,13347716
1790473269,10410432,13347716
1790473271,10514164,13347716
1790473273,10189516,13347716
1790473275,10380760,13347716
1790473277,10425552,13347716
1790473279,10466472,13347716
1790473281,10520416,13347716
1790473283,9350440,13347716
1790473285,10371288,13347716
1790473287,10420232,13347716
1790473289,10436740,13347716
1790473291,9261420,13347716
1790473293,9141932,13347716
1790473295,10344016,13347716
1790473297,10344776,13347716
1790473299,10419368,13347716
1790473301,8786352,13347716
1790473303,8572996,13347716
1790473305,8867912,13347716
1790473307,9917720,13347716
1790473309,9223196,13347716
1790473311,8756820,13347716
1790473313,10201828,13347716
1790473315,10280484,13347716
1790473317,10368420,13347716
1790473319,8961468,13347716
1790473321,9346088,13347716
1790473323,10426944,13347716
1790473325,10411400,13347716
1790473327,10464688,13347716
1790473329,9666184,13347716
1790473331,9296964,13347716
1790473333,10430288,13347716
1790473335,10433160,13347716
1790473337,10533968,13347716
1790473339,10325552,13347716
1790473341,10404816,13347716
1790473343,10453364,13347716
1790473345,10460024,13347716
1790473347,7341784,13347716
1790473349,7580240,13347716
1790473351,8242288,13347716
1790473353,8317424,13347716
1790473355,8269488,13347716
1790473357,8264440,13347716
1790473359,8175292,13347716
1790473361,8313200,13347716
1790473363,8272312,13347716
1790473365,8244796,13347716
1790473367,9693512,13347716
1790473369,6506612,13347716
1790473371,10323120,13347712
1790473373,8709368,13347712
1790473375,9797568,13347712
1790473377,8585252,13347712
1790473379,9388608,13347712
1790473381,10954428,13347712
1790473383,10525700,13347712
1790473385,9828020,13347712
1790473387,10258252,13347712
1790473389,10300708,13347712
1790473391,10400384,13347712
1790473393,10436568,13347712
1790473395,10475928,13347712
1790473397,10313876,13347712
1790473399,10362364,13347712
1790473401,10511656,13347712
1790473403,9353300,13347712
1790473405,9257028,13347712
1790473407,10370216,13347712
1790473409,10358908,13347712
1790473411,10444228,13347712
1790473413,9133592,13347712
1790473415,9046268,13347712
1790473417,10282892,13347712
1790473419,10343552,13347712
1790473421,10402060,13347712
1790473423,8794316,13347712
1790473425,8581920,13347712
1790473427,9881360,13347712
1790473429,9873960,13347712
1790473431,8710452,13347712
1790473433,8710880,13347712
1790473435,10274892,13347712
1790473437,10301452,13347712
1790473439,10399872,13347712
1790473441,9299340,13347712
1790473443,9193820,13347712
1790473445,10377868,13347712
1790473447,10446372,13347712
1790473449,10511524,13347712
1790473451,10207648,13347712
1790473453,10426776,13347712
1790473455,10440916,13347712
1790473457,10494744,13347712
1790473459,10537392,13347712
1790473461,9383724,13347712
1790473463,10328464,13347712
1790473465,10429248,13347712
1790473467,10444476,13347712
1790473469,8813196,13347712
1790473471,9790552,13347712
1790473473,8688576,13347712
1790473475,9915360,13347712
1790473477,10034932,13347712
1790473479,9223104,13347712
1790473481,10310568,13347712
1790473483,10309320,13347712
1790473485,10312800,13347712
1790473487,8927016,13347712
1790473489,9013636,13347712
1790473491,10300576,13347712
1790473493,10333068,13347712
1790473495,10378268,13347712
1790473497,9120128,13347712
1790473499,9017428,13347712
1790473501,10358328,13347712
1790473503,10444208,13347712
1790473505,10529380,13347712
1790473507,9818652,13347712
1790473509,9343380,13347712
1790473511,10429144,13347712
1790473513,10496724,13347712
1790473515,9367960,13347712
1790473517,9015260,13347712
1790473519,8894288,13347712
1790473521,10038444,13347712
1790473523,10081280,13347712
1790473525,10048448,13347712
1790473527,10331380,13347712
1790473529,10352588,13347712
1790473531,10355828,13347712
1790473533,10368744,13347712
1790473535,9278572,13347712
1790473537,10262440,13347712
1790473539,10297788,13347720
1790473541,10438064,13347720
1790473543,9232692,13347728
1790473545,9103064,13347744
1790473547,10209244,13347744
1790473549,10356160,13347744
1790473551,10428312,13347744
1790473553,9088492,13347744
1790473555,9110212,13347744
1790473557,10302200,13347744
1790473559,10386344,13347744
1790473561,10524716,13347744
1790473563,9413752,13347744
1790473565,8927868,13347744
1790473567,9977180,13347744
1790473569,10002116,13347744
1790473571,8878672,13347744
1790473573,8941556,13347744
1790473575,10379368,13347744
1790473577,10370184,13347744
1790473579,10450304,13347744
1790473581,9580032,13347744
1790473583,9232108,13347744
1790473585,10304524,13347744
1790473587,10468036,13347744
1790473589,10456816,13347744
1790473591,10359060,13347744
1790473593,10309048,13347744
1790473595,10357588,13347744
1790473597,10383324,13347744
1790473599,9249104,13347744
1790473601,9271436,13347744
1790473603,10348756,13347744
1790473605,10401968,13347744
1790473607,10414524,13347744
1790473609,8869392,13347744
1790473611,9451220,13347744
1790473613,8836492,13347744
1790473615,9892964,13347744
1790473617,9206060,13347744
1790473619,9124528,13347744
1790473621,10296112,13347744
1790473623,10417408,13347744
1790473625,10417920,13347744
1790473627,9180376,13347744
1790473629,9181832,13347744
1790473631,10468748,13347744
1790473633,10466608,13347744
1790473635,10475216,13347744
1790473637,9163484,13347744
1790473639,9187096,13347744
1790473641,10364240,13347744
1790473643,10522432,13347744
1790473645,10554068,13347744
1790473647,10158880,13347744
1790473649,10375748,13347744
1790473651,10391304,13347744
1790473653,10419716,13347744
1790473655,9382916,13347744
1790473657,9873792,13347744
1790473659,8720824,13347744
1790473661,9964544,13347744
1790473663,10035156,13347744
1790473665,10090912,13347744
1790473667,10192348,13347744
1790473669,10267864,13347744
1790473671,10349208,13347744
1790473673,10105900,13347744
1790473675,9294264,13347744
1790473677,10282184,13347744
1790473679,10334556,13347744
1790473681,10463896,13347744
1790473683,9273744,13347744
1790473685,9125480,13347744
1790473687,10314688,13347744
1790473689,10450872,13347744
1790473691,10554780,13347744
1790473693,9187120,13347744
1790473695,9296812,13347744
1790473697,10429544,13347744
1790473699,10456580,13347744
1790473701,10498948,13347744
1790473703,8893352,13347744
1790473705,8711012,13347744
1790473707,9987300,13347744
1790473709,9946440,13347744
1790473711,8947448,13347744
1790473713,8888508,13347744
1790473715,10322756,13347744
1790473717,10357292,13347744
1790473719,10446196,13347744
1790473721,9906704,13347744
1790473723,10282516,13347744
1790473725,10305716,13347744
1790473727,10376692,13347744
1790473729,10518824,13347744
1790473731,10392884,13347744
1790473733,10380340,13347744
1790473735,10361428,13347744
1790473737,10364912,13347744
1790473739,9238688,13347744
1790473742,9310572,13347744
1790473744,10357256,13347744
1790473746,10420420,13347744
1790473748,10505580,13347744
1790473750,8846128,13347744
1790473752,9376000,13347744
1790473754,8795856,13347744
1790473756,10003808,13347744
1790473758,9337232,13347744
1790473760,8846852,13347744
1790473762,10409564,13347744
1790473764,10453908,13347744
1790473766,10477024,13347744
1790473768,9270004,13347744
1790473770,9161648,13347744
1790473772,10326508,13347744
1790473774,10392936,13347744
1790473776,10440012,13347744
1790473778,8953032,13347744
1790473780,9168692,13347744
1790473782,10373636,13347744
1790473784,10397112,13347744
1790473786,10433792,13347744
1790473788,9914848,13347744
1790473790,9084212,13347744
1790473792,10293056,13347744
1790473794,10373920,13347744
1790473796,9394884,13347744
1790473798,8773744,13347744
1790473800,8686252,13347744
1790473802,9944936,13347744
1790473804,9992348,13347744
1790473806,10093744,13347744
1790473808,10359428,13347744
1790473810,10389012,13347744
1790473812,10446300,13347744
1790473814,10540852,13347744
1790473816,9348220,13347744
1790473818,10429944,13347744
1790473820,10497640,13347744
1790473822,10494432,13347744
1790473824,9343372,13347744
1790473826,9171180,13347744
1790473828,10374312,13347744
1790473830,10344552,13347744
1790473832,10396836,13347744
1790473834,9149872,13347744
1790473836,9053716,13347744
1790473838,10251680,13347744
1790473840,10318280,13347744
1790473842,10362868,13347744
1790473844,8760424,13347744
1790473846,8540832,13347744
1790473848,9894552,13347744
1790473850,9896768,13347744
1790473852,9052268,13347744
1790473854,8996920,13347744
1790473856,10336796,13347744
1790473858,10326836,13347744
1790473860,10386836,13347744
1790473862,9109608,13347744
1790473864,9269220,13347744
1790473866,10428192,13347744
1790473868,10423228,13347744
1790473870,10472948,13347744
1790473872,10129540,13347744
1790473874,10380548,13347744
1790473876,10386620,13347744
1790473878,10481808,13347744
1790473880,10502360,13347744
1790473882,9354456,13347744
1790473884,10352092,13347744
1790473886,10436540,13347744
1790473888,7528044,13347744
1790473890,7262212,13347744
1790473892,7575080,13347744
1790473894,8221236,13347744
1790473896,8263508,13347744
1790473898,8427600,13347744
1790473900,8009780,13347744
1790473902,8323276,13347744
1790473904,8247488,13347744
1790473906,8253044,13347744
1790473908,8237872,13347744
1790473910,9341044,13347744
1790473912,5721920,13347744
1790473914,10068932,13347692
1790473916,8671964,13347692
1790473918,9821992,13347692
1790473920,8756928,13347692
1790473922,9647856,13347692
1790473924,10937112,13347692
1790473926,10611876,13347692
1790473928,10025604,13347692
1790473930,10276124,13347692
1790473932,10320804,13347692
1790473934,10364036,13347692
1790473936,10458872,13347692
1790473938,9343392,13347692
1790473940,10380540,13347692
1790473942,10485352,13347692
1790473944,10473280,13347692
1790473946,9327516,13347692
1790473948,9102084,13347692
1790473950,10331832,13347692
1790473952,10351136,13347692
1790473954,10391144,13347692
1790473956,9152432,13347692
1790473958,9132864,13347692
1790473960,10393848,13347692
1790473962,10428364,13347692
1790473964,10449304,13347692
1790473966,8815248,13347692
1790473968,8588432,13347692
1790473970,9897904,13347692
1790473972,9903092,13347692
1790473974,8892648,13347692
1790473976,8670696,13347696
1790473978,10234980,13347696
1790473980,10342696,13347696
1790473982,10381876,13347696
1790473984,9651304,13347696
1790473986,9326876,13347696
1790473988,10453576,13347696
1790473990,10434268,13347696
1790473992,10469896,13347696
1790473994,10322368,13347696
1790473996,10414316,13347696
1790473998,10419488,13347696
1790474000,10456340,13347696
1790474002,9365932,13347696
1790474004,9376664,13347696
1790474006,10459924,13347696
1790474008,10459400,13347696
1790474010,10449608,13347696
1790474012,8800528,13347696
1790474014,9351472,13347696
1790474016,8724220,13347696
1790474018,9932292,13347696
1790474020,9246692,13347696
1790474022,8791460,13347696
1790474024,10182372,13347696
1790474026,10273896,13347696
1790474028,10370924,13347696
1790474030,9014048,13347696
1790474032,9153544,13347696
1790474034,10334104,13347696
1790474036,10372272,13347696
1790474038,10390616,13347696
1790474040,9118456,13347696
1790474042,9291376,13347696
1790474044,10416172,13347696
1790474046,10430036,13347696
1790474048,10501196,13347696
1790474050,10004200,13347696
1790474052,10468988,13347696
1790474054,10470076,13347696
1790474056,10491876,13347696
1790474058,9325276,13347696
1790474060,9192716,13347696
1790474062,8686136,13347696
1790474064,9965668,13347696
1790474066,10032532,13347696
1790474068,10091792,13347696
1790474070,10256860,13347696
1790474072,10257744,13347696
1790474074,10303104,13347696
1790474076,10361796,13347696
1790474078,9252940,13347696
1790474080,10319116,13347696
1790474082,10322136,13347696
1790474084,10373844,13347696
1790474086,9264608,13347696
1790474088,9055336,13347696
1790474090,10354780,13347696
1790474092,10374432,13347696
1790474094,10415124,13347696
1790474096,9109172,13347696
1790474098,8922344,13347696
1790474100,10362200,13347696
1790474102,10425624,13347696
1790474104,10528828,13347696
1790474106,8890084,13347696
1790474108,8666856,13347696
1790474110,9978016,13347696
1790474112,9983324,13347696
1790474114,8932964,13347696
1790474116,8842004,13347696
1790474118,10395488,13347696
1790474120,10400040,13347696
1790474122,10407136,13347696
1790474124,9491988,13347696
1790474126,9346456,13347696
1790474128,10441620,13347696
1790474130,10421896,13347696
1790474132,10466036,13347696
1790474134,10314236,13347696
1790474136,10334316,13347696
1790474138,10382436,13347696
1790474140,10399860,13347696
1790474142,10397808,13347696
1790474144,9243288,13347696
1790474146,10254960,13347696
1790474148,10374804,13347696
1790474150,10466076,13347696
1790474152,8831572,13347696
1790474154,9808968,13347696
1790474156,8666504,13347700
1790474158,9906144,13347700
1790474160,10061720,13347700
1790474162,9322760,13347700
1790474164,10231232,13347700
1790474166,10298436,13347700
1790474168,10385064,13347700
1790474170,9320180,13347700
1790474172,9236404,13347700
1790474174,10505464,13347700
1790474176,10514280,13347700
1790474178,10529792,13347700
1790474180,9232916,13347700
1790474182,9324432,13347700
1790474184,10370688,13347700
1790474186,10427156,13347700
1790474188,10390744,13347700
1790474190,9351908,13347700
1790474192,9205568,13347700
1790474194,10267756,13347700
1790474196,10338812,13347700
1790474198,9077796,13347700
1790474200,8802456,13347700
1790474202,8631184,13347700
1790474204,9944856,13347700
1790474206,9946748,13347700
1790474208,9424008,13347700
1790474210,8883108,13347700
1790474212,10198404,13347700
1790474214,10277868,13347700
1790474216,10328092,13347700
1790474218,10159356,13347700
1790474220,10400484,13347700
1790474222,10436024,13347700
1790474224,10493860,13347700
1790474226,10509680,13347700
1790474228,9353812,13347700
1790474230,10424384,13347700
1790474232,10428336,13347700
1790474234,10456288,13347700
1790474236,9351660,13347700
1790474238,9178748,13347700
1790474240,10304460,13347700
1790474242,10325820,13347700
1790474244,10479960,13347700
1790474246,9093900,13347700
1790474248,8564792,13347700
1790474250,8846724,13347700
1790474252,10070120,13347700
1790474254,9203088,13347700
1790474256,8755388,13347700
1790474258,10250644,13347700
1790474260,10335592,13347700
1790474262,10337908,13347700
1790474264,8980780,13347700
1790474266,9108464,13347700
1790474268,10384480,13347700
1790474270,10396288,13347700
1790474272,10456412,13347700
1790474274,9389644,13347700
1790474276,9273840,13347700
1790474278,10312992,13347700
1790474280,10428436,13347700
1790474282,10520156,13347700
1790474284,10181336,13347700
1790474286,10390560,13347700
1790474288,10443844,13347700
1790474290,10509528,13347700
1790474292,9186148,13347700
1790474294,9478136,13347700
1790474296,9029132,13347700
1790474298,10019296,13347700
1790474300,10174428,13347700
1790474302,10201128,13347700
1790474304,10270828,13347700
1790474306,10405176,13347700
1790474308,10353484,13347700
1790474310,10425680,13347700
1790474312,9274572,13347700
1790474314,10243584,13347700
1790474316,10398380,13347700
1790474318,10458660,13347700
1790474320,9280396,13347700
1790474322,9130972,13347700
1790474324,10348768,13347700
1790474326,10376336,13347700
1790474328,10430960,13347700
1790474330,9203620,13347700
1790474332,9116884,13347700
1790474334,10383508,13347700
1790474336,10381360,13347700
1790474338,7599356,13347700
1790474340,7795496,13347700
1790474342,8739624,13347700
1790474344,8777456,13347700
1790474346,8332036,13347700
1790474348,8330044,13347700
1790474350,8417268,13347700
1790474352,8298516,13347700
1790474354,8418252,13347700
1790474356,8410400,13347700
1790474358,8590684,13347700
1790474360,9595084,13347700
1790474362,3917520,13347700
1790474364,9814452,13347700
1790474366,8777484,13347700
1790474368,8790736,13347700
1790474370,9875912,13347700
1790474372,10832056,13347700
1790474374,10953776,13347700
1790474376,9187872,13347700
1790474378,8940616,13347700
1790474380,10225424,13347700
1790474382,10289384,13347700
1790474384,10388496,13347700
1790474386,9021784,13347700
1790474388,9185652,13347700
1790474390,10327580,13347700
1790474392,10362968,13347700
1790474394,10399892,13347700
1790474396,9289140,13347700
1790474398,9173100,13347700
1790474400,10443376,13347700
1790474402,10516632,13347700
1790474404,10566184,13347700
1790474406,10271988,13347700
1790474408,10381556,13347700
1790474410,10463272,13347700
1790474412,10561908,13347700
1790474414,9522836,13347700
1790474416,9909196,13347700
1790474418,8749932,13347700
1790474420,10065196,13347700
1790474422,10144024,13347700
1790474424,10405308,13347700
1790474426,10329256,13347700
1790474428,10299020,13347700
1790474430,10341132,13347700
1790474432,9262924,13347700
1790474434,9265636,13347700
1790474436,10311156,13347700
1790474438,10350604,13347700
1790474440,10349572,13347700
1790474442,9053476,13347700
1790474444,9005980,13347700
1790474446,10297220,13347700
1790474448,10385920,13347700
1790474450,10446160,13347700
1790474452,9033160,13347700
1790474454,9058608,13347700
1790474456,10349756,13347700
1790474458,10381944,13347700
1790474460,10469060,13347700
1790474462,8860808,13347700
1790474464,8705276,13347700
1790474466,9982036,13347700
1790474468,10072984,13347700
1790474470,9237988,13347700
1790474472,8990232,13347700
1790474474,10334612,13347700
1790474476,10453108,13347700
1790474478,10449612,13347700
1790474480,9584956,13347700
1790474482,9158544,13347700
1790474484,10389972,13347700
1790474486,10430768,13347700
1790474488,10399096,13347700
1790474490,10171100,13347700
1790474493,10244684,13347700
1790474495,10291700,13347700
1790474497,10398664,13347700
1790474499,10483952,13347700
1790474501,9268244,13347700
1790474503,10353796,13347700
1790474505,10348192,13347700
1790474507,10363836,13347700
1790474509,8787980,13347700
1790474511,9800028,13347700
1790474513,8669364,13347700
1790474515,9858504,13347700
1790474517,10018844,13347700
1790474519,9168604,13347700
1790474521,10338292,13347700
1790474523,10408140,13347700
1790474525,10395572,13347700
1790474527,9163832,13347700
1790474529,9096192,13347700
1790474531,10358072,13347700
1790474533,10420676,13347700
1790474535,10525860,13347700
1790474537,9207888,13347700
1790474539,9236636,13347700
1790474541,10399240,13347700
1790474543,10445696,13347700
1790474545,10481556,13347700
1790474547,9968504,13347700
1790474549,9234536,13347700
1790474551,10353120,13347700
1790474553,10353856,13347700
1790474555,9132028,13347700
1790474557,8794736,13347700
1790474559,8651932,13347700
1790474561,9868940,13347700
1790474563,9905280,13347700
1790474565,9968908,13347700
1790474567,10237656,13347700
1790474569,10281852,13347700
1790474571,10299276,13347700
1790474573,10369568,13347700
1790474575,9283840,13347700
1790474577,10289468,13347700
1790474579,10383168,13347700
1790474581,10465376,13347700
1790474583,9324676,13347700
1790474585,9120020,13347700
1790474587,10396084,13347700
1790474589,10402924,13347700
1790474591,10446504,13347700
1790474593,9197548,13347700
1790474595,9206568,13347700
1790474597,10404264,13347700
1790474599,10520688,13347716
1790474601,10545380,13347716
1790474603,8885224,13347716
1790474605,8686564,13347716
1790474607,10037904,13347716
1790474609,9936532,13347716
1790474611,9140480,13347716
1790474613,9010864,13347716
1790474615,10335232,13347716
1790474617,10344800,13347716
1790474619,10389276,13347716
1790474621,9255564,13347716
1790474623,9227764,13347716
1790474625,10348248,13347716
1790474627,10364372,13347716
1790474629,10373788,13347716
1790474631,10289060,13347716
1790474633,10249916,13347716
1790474635,10328620,13347716
1790474637,10384368,13347716
1790474639,10451124,13347716
1790474641,9321120,13347716
1790474643,10432588,13347716
1790474645,10490348,13347716
1790474647,10528192,13347716
1790474649,8868032,13347716
1790474651,9866696,13347728
1790474653,8794976,13347728
1790474655,10067988,13347728
1790474657,10198900,13347728
1790474659,9317516,13347728
1790474661,10273168,13347728
1790474663,10380440,13347728
1790474665,10411888,13347728
1790474667,9330660,13347728
1790474669,9127060,13347728
1790474671,10348720,13347728
1790474673,10387420,13347728
1790474675,10395672,13347728
1790474677,9162228,13347728
1790474679,9108372,13347728
1790474681,10294164,13347728
1790474683,10409688,13347728
1790474685,10411744,13347728
1790474687,9299476,13347728
1790474689,9188764,13347728
1790474691,10277976,13347728
1790474693,10422480,13347728
1790474695,9074800,13347728
1790474697,8785764,13347728
1790474699,8648632,13347728
1790474701,9969364,13347728
1790474703,10005780,13347728
1790474705,9246908,13347728
1790474707,9063484,13347728
1790474709,10430956,13347728
1790474711,10483272,13347728
1790474713,10518364,13347728
1790474715,10278932,13347728
1790474717,10378456,13347728
1790474719,10383364,13347728
1790474721,10392232,13347728
1790474723,10439312,13347728
1790474725,9340000,13347728
1790474727,10375720,13347728
1790474729,10294876,13347728
1790474731,10437532,13347728
1790474733,9239216,13347728
1790474735,9104384,13347728
1790474737,10281184,13347728
1790474739,10368736,13347728
1790474741,7645228,13347728
1790474743,7257504,13347728
1790474745,7535640,13347728
1790474747,8233748,13347728
1790474749,8237580,13347728
1790474751,8234600,13347768
1790474753,8256888,13347768
1790474755,8528524,13347768
1790474757,8333268,13347768
1790474759,8247384,13347768
1790474761,8391224,13347768
1790474763,9957992,13347768
1790474765,3769404,13347768
1790474767,9801924,13347768
1790474769,8727884,13347768
1790474771,8833016,13347768
1790474773,8739844,13347768
1790474775,9620896,13347768
1790474777,11017508,13347768
1790474779,10617772,13347768
1790474781,9303276,13347768
1790474783,10359980,13347768
1790474785,10409988,13347768
1790474787,10402980,13347768
1790474789,9238672,13347768
1790474791,9101476,13347768
1790474793,10314696,13347768
1790474795,10363804,13347768
1790474797,10418580,13347768
1790474799,9141564,13347768
1790474801,9192084,13347768
1790474803,10276332,13347768
1790474805,10351484,13347768
1790474807,10402516,13347768
1790474809,9622248,13347768
1790474811,9248424,13347768
1790474813,10386980,13347768
1790474815,10376724,13347768
1790474817,9416020,13347768
1790474819,8779836,13347768
1790474821,8713220,13347768
1790474823,9968960,13347768
1790474825,10038132,13347768
1790474827,9803440,13347768
1790474829,10115588,13347768
1790474831,10248876,13347768
1790474833,10386080,13347768
1790474835,10413504,13347768
1790474837,9329428,13347768
1790474839,10362196,13347768
1790474841,10423376,13347768
1790474843,10457084,13347768
1790474845,9326236,13347768
1790474847,9307376,13347768
1790474849,10340288,13347768
1790474851,10381468,13347768
1790474853,10470152,13347768
1790474855,9062048,13347768
1790474857,9043376,13347768
1790474859,10346164,13347768
1790474861,10342124,13347768
1790474863,10366300,13347768
1790474865,8778416,13347768
1790474867,8566192,13347768
1790474869,9919260,13347768
1790474871,9931576,13347768
1790474873,8821280,13347768
1790474875,8654492,13347768
1790474877,10244056,13347768
1790474879,10340296,13347768
1790474881,10460940,13347768
1790474883,9130408,13347768
1790474885,9344364,13347768
1790474887,10376552,13347768
1790474889,10422604,13347768
1790474891,10489088,13347768
1790474893,9974092,13347768
1790474895,10427312,13347768
1790474897,10447768,13347768
1790474899,10486204,13347768
1790474901,10528712,13347768
1790474903,10485684,13347768
1790474905,10401068,13347768
1790474907,10447916,13347768
1790474909,10359500,13347768
1790474911,8809820,13347768
1790474913,9906940,13347768
1790474915,8623628,13347768
1790474917,9907824,13347768
1790474919,9934892,13347768
1790474921,9220760,13347768
1790474923,10196940,13347768
1790474925,10251636,13347768
1790474927,10258524,13347768
1790474929,9250768,13347768
1790474931,9143536,13347768
1790474933,10333712,13347768
1790474935,10428400,13347768
1790474937,10432956,13347768
1790474939,9088424,13347768
1790474941,9089276,13347768
1790474943,10420172,13347768
1790474945,10416320,13347768
1790474947,10511808,13347768
1790474949,9141448,13347768
1790474951,9325712,13347768
1790474953,10372964,13347768
1790474955,10418256,13347768
1790474957,9624728,13347768
1790474959,8886100,13347768
1790474961,8668208,13347768
1790474963,9976464,13347768
1790474965,9968180,13347768
1790474967,9043892,13347768
1790474969,8785220,13347768
1790474971,10179588,13347768
1790474973,10276756,13347768
1790474975,10384204,13347768
1790474977,10227648,13347768
1790474979,10327500,13347768
1790474981,10357420,13347768
1790474983,10388512,13347768
1790474985,10393576,13347768
1790474987,9230888,13347768
1790474989,10269416,13347768
1790474991,10269596,13347768
1790474993,10339600,13347768
1790474995,9246924,13347768
1790474997,9011076,13347768
1790474999,10252688,13347768
1790475001,10406140,13347768
1790475003,10499992,13347768
1790475005,8901820,13347768
1790475007,8837288,13347768
1790475009,9226292,13347768
1790475011,10054000,13347768
1790475013,9306616,13347768
1790475015,8890684,13347768
1790475017,10215480,13347768
1790475019,10374840,13347768
1790475021,10433832,13347768
1790475023,9039008,13347768
1790475025,9096300,13347768
1790475027,10446032,13347768
1790475029,10378028,13347768
1790475031,10406476,13347768
1790475033,9129308,13347768
1790475035,9205108,13347768
1790475037,10295616,13347768
1790475039,10374532,13347768
1790475041,10445784,13347768
1790475043,10044612,13347768
1790475045,10344752,13347768
1790475047,10395160,13347768
1790475049,10433592,13347768
1790475051,9394140,13347768
1790475053,10047744,13347768
1790475055,8759144,13347768
1790475057,9894444,13347768
1790475059,10082728,13347768
1790475061,10217000,13347772
1790475063,10279832,13347772
1790475065,10371088,13347772
1790475067,10394396,13347772
1790475069,10492276,13347772
1790475071,9327296,13347772
1790475073,10423432,13347772
1790475075,10479052,13347772
1790475077,10499208,13347772
1790475079,9337956,13347772
1790475081,9174316,13347772
1790475083,10370644,13347772
1790475085,10431904,13347772
1790475087,10512892,13347772
1790475089,9190060,13347772
1790475091,9191972,13347772
1790475093,10362800,13347772
1790475095,10384596,13347772
1790475097,10451136,13347772
1790475099,9190016,13347772
1790475101,8803836,13347772
1790475103,9947332,13347772
1790475105,10035764,13347772
1790475107,8861252,13347772
1790475109,8824472,13347772
1790475111,10301684,13347772
1790475113,10320984,13347772
1790475115,10410612,13347772
1790475117,9628312,13347772
1790475119,9277260,13347772
1790475121,10447400,13347772
1790475123,10466840,13347772
1790475125,10557784,13347772
1790475127,10323292,13347772
1790475129,10435440,13347772
1790475131,10433692,13347772
1790475133,10567520,13347772
1790475135,10581336,13347772
1790475137,9358296,13347772
1790475139,10447156,13347792
1790475141,10398624,13347792
1790475143,10446336,13347792
1790475145,8868420,13347792
1790475147,9864656,13347792
1790475149,8639444,13347792
1790475151,9768320,13347792
1790475153,10127716,13347800
1790475155,9307996,13347800
1790475157,10316844,13347800
1790475159,10387024,13347800
1790475161,10456456,13347800
1790475163,9227700,13347800
1790475165,9190764,13347800
1790475167,10478064,13347800
1790475169,10514280,13347800
1790475171,10588708,13347800
1790475173,9325048,13347800
1790475175,9406756,13347800
1790475177,10548420,13347800
1790475179,10385488,13347800
1790475181,10516236,13347800
1790475183,9658328,13347800
1790475185,9321940,13347800
1790475187,10383176,13347800
1790475189,10428660,13347800
1790475191,9182192,13347800
1790475193,8866908,13347800
1790475195,8739192,13347800
1790475197,10002408,13347800
1790475199,10029440,13347800
1790475201,9490724,13347800
1790475203,10287704,13347800
1790475205,10329656,13347800
1790475207,10396588,13347800
1790475209,10342196,13347800
1790475211,10306256,13347800
1790475213,10408024,13347800
1790475215,10408432,13347800
1790475217,10437492,13347800
1790475219,9250948,13347800
1790475221,9272276,13347800
1790475223,10334884,13347800
1790475225,10352476,13347800
1790475227,10405456,13347800
1790475229,9231820,13347800
1790475231,9032956,13347800
1790475233,10335664,13347800
1790475235,10378432,13347800
1790475237,7778504,13347800
1790475239,7684148,13347800
1790475241,7615368,13347800
1790475244,8249988,13347800
1790475246,8288148,13347800
1790475248,8403236,13347800
1790475250,8418376,13347800
1790475252,8338128,13347800
1790475254,8346296,13347800
1790475256,8453596,13347800
1790475258,8461664,13347800
1790475260,9759584,13347800
1790475262,3153572,13347800
1790475264,10427868,13347748
1790475266,8736452,13347748
1790475268,8704448,13347748
1790475270,8647624,13347748
1790475272,9495356,13347748
1790475274,10921440,13347748
1790475276,10488644,13347748
1790475278,9189736,13347748
1790475280,10213800,13347748
1790475282,10238772,13347748
1790475284,10315240,13347748
1790475286,9258228,13347748
1790475288,9164412,13347748
1790475290,10303952,13347748
1790475292,10345116,13347748
1790475294,10401004,13347748
1790475296,8999232,13347748
1790475298,8967068,13347748
1790475300,10416388,13347748
1790475302,10424888,13347748
1790475304,10555888,13347748
1790475306,9118312,13347748
1790475308,9269256,13347748
1790475310,10402064,13347748
1790475312,10442208,13347748
1790475314,9282600,13347748
1790475316,8895892,13347748
1790475318,8764200,13347748
1790475320,10045384,13347748
1790475322,10044860,13347748
1790475324,9097300,13347748
1790475326,9003676,13347748
1790475328,10392204,13347748
1790475330,10361320,13347748
1790475332,10366196,13347748
1790475334,10222852,13347748
1790475336,10273120,13347748
1790475338,10300776,13347748
1790475340,10329392,13347748
1790475342,10415480,13347748
1790475344,9237844,13347752
1790475346,10311928,13347752
1790475348,10365412,13347752
1790475350,10419656,13347752
1790475352,9264356,13347752
1790475354,9225660,13347752
1790475356,10353364,13347752
1790475358,10382984,13347752
1790475360,10499268,13347752
1790475362,8901680,13347752
1790475364,8687156,13347752
1790475366,8762244,13347752
1790475368,9970708,13347752
1790475370,9317096,13347752
1790475372,8620540,13347752
1790475374,10294680,13347752
1790475376,10322564,13347752
1790475378,10456960,13347752
1790475380,9087896,13347752
1790475382,9142040,13347752
1790475384,10301212,13347752
1790475386,10399408,13347752
1790475388,10489000,13347752
1790475390,9390972,13347752
1790475392,9170264,13347752
1790475394,10381108,13347752
1790475396,10440132,13347752
1790475398,10442380,13347752
1790475400,10296744,13347752
1790475402,10331596,13347752
1790475404,10332780,13347752
1790475406,10445140,13347752
1790475408,8818048,13347752
1790475410,9856728,13347752
1790475412,8626380,13347752
1790475414,9879772,13347752
1790475416,9961916,13347752
1790475418,10177828,13347752
1790475420,10339360,13347752
1790475422,10344236,13347752
1790475424,10351004,13347752
1790475426,9942200,13347752
1790475428,9334328,13347752
1790475430,10449188,13347752
1790475432,10457372,13347752
1790475434,10430260,13347752
1790475436,9309876,13347752
1790475438,9131640,13347752
1790475440,10387636,13347752
1790475442,10428992,13347752
1790475444,10510336,13347752
1790475446,9189936,13347752
1790475448,9208204,13347752
1790475450,10440512,13347752
1790475452,10467992,13347752
1790475454,10464324,13347752
1790475456,8831412,13347752
1790475458,8596172,13347752
1790475460,9975168,13347752
1790475462,9975484,13347752
1790475464,9104388,13347752
1790475466,8819504,13347752
1790475468,10261972,13347752
1790475470,10370596,13347752
1790475472,10368592,13347752
1790475474,9506640,13347752
1790475476,9181692,13347752
1790475478,10358248,13347752
1790475480,10442464,13347752
1790475482,10487784,13347752
1790475484,10335240,13347752
1790475486,10318760,13347752
1790475488,10324200,13347752
1790475490,10444432,13347752
1790475492,10475236,13347752
1790475494,9368400,13347752
1790475496,10406856,13347752
1790475498,10482600,13347752
1790475500,10537776,13347752
1790475502,8899700,13347752
1790475504,9866212,13347752
1790475506,8775972,13347752
1790475508,10014628,13347752
1790475510,9233256,13347752
1790475512,9196980,13347752
1790475514,10191388,13347752
1790475516,10339484,13347752
1790475518,10352168,13347752
1790475520,8977904,13347752
1790475522,9009864,13347752
1790475524,10252144,13347752
1790475526,10305464,13347752
1790475528,10407368,13347752
1790475530,9058084,13347752
1790475532,9161088,13347752
1790475534,10306428,13347752
1790475536,10410056,13347752
1790475538,10480168,13347752
1790475540,9716456,13347752
1790475542,9266284,13347752
1790475544,10426076,13347752
1790475546,10518296,13347752
1790475548,9495436,13347752
1790475550,8869592,13347752
1790475552,8754108,13347752
1790475554,10025440,13347752
1790475556,10058540,13347752
1790475558,9877540,13347752
1790475560,10313220,13347752
1790475562,10381344,13347752
1790475564,10386980,13347752
1790475566,10441008,13347752
1790475568,9317528,13347752
1790475570,10255448,13347752
1790475572,10272512,13347752
1790475574,10345648,13347752
1790475576,9237640,13347752
1790475578,9134940,13347752
1790475580,10323312,13347752
1790475582,10362728,13347752
1790475584,10376484,13347752
1790475586,9052056,13347752
1790475588,9163900,13347752
1790475590,10292436,13347752
1790475592,10395160,13347752
1790475594,10427792,13347752
1790475596,8777640,13347752
1790475598,8552944,13347752
1790475600,9930228,13347752
1790475602,9944876,13347752
1790475604,8681340,13347752
1790475606,8713044,13347752
1790475608,10290592,13347752
1790475610,10352988,13347752
1790475612,10412456,13347752
1790475614,9494060,13347752
1790475616,9335416,13347752
1790475618,10400756,13347752
1790475620,10442792,13347752
1790475622,10444772,13347752
1790475624,10257728,13347752
1790475626,10426504,13347752
1790475628,10359828,13347752
1790475630,10367956,13347752
1790475632,10438348,13347752
1790475634,9267568,13347752
1790475636,10332864,13347752
1790475638,10368080,13347752
1790475640,10368188,13347752
1790475642,8769728,13347752
1790475644,9884496,13347752
1790475646,8619008,13347752
1790475648,9850484,13347752
1790475650,9879896,13347752
1790475652,9226424,13347752
1790475654,10252156,13347752
1790475656,10252752,13347752
1790475658,10339220,13347752
1790475660,9325284,13347752
1790475662,9151316,13347752
1790475664,10383324,13347752
1790475666,10430888,13347752
1790475668,10433576,13347752
1790475670,9236156,13347752
1790475672,9129484,13347752
1790475674,10391860,13347752
1790475676,10404100,13347752
1790475678,10509104,13347752
1790475680,9210992,13347752
1790475682,9148888,13347752
1790475684,10389112,13347752
1790475686,10407740,13347752
1790475688,7357044,13347752
1790475690,7485764,13347752
1790475692,8948036,13347752
1790475694,8117660,13347752
1790475696,8305788,13347752
1790475698,8226172,13347752
1790475700,8221844,13347752
1790475702,8235412,13347752
1790475704,8316304,13347752
1790475706,8230344,13347752
1790475708,8677824,13347752
