epoch,MemAvailable_kB,SwapFree_kB
1790482990,27351584,14513232
1790482992,27020792,14513232
1790482994,23958864,14513232
1790482996,23963152,14513232
1790482998,10222052,14513232
1790483000,12523112,14513232
1790483002,12298432,14513232
1790483004,13629788,14513232
1790483006,13383468,14513236
1790483008,13208816,14513236
1790483010,13184796,14513236
1790483012,13222824,14513236
1790483014,13374128,14513236
1790483016,13398120,14513236
1790483018,13412168,14513240
1790483020,13391480,14513240
1790483022,13353144,14513240
1790483024,13306796,14513240
1790483026,13279792,14513240
1790483028,13210496,14513240
1790483030,13169700,14513240
1790483032,13139516,14513240
1790483034,13068072,14513240
1790483036,13018696,14513240
1790483038,12965896,14513240
1790483040,12195120,14513240
1790483042,11351248,14513240
1790483044,10062260,14513240
1790483046,11015432,14513240
1790483048,11071652,14513240
1790483050,11225676,14513240
1790483052,9928952,14513240
1790483054,11046900,14513240
1790483056,11087932,14513240
1790483058,9936232,14513240
1790483060,10309512,14513240
1790483062,11032448,14513240
1790483064,11162724,14513240
1790483066,10090920,14513240
1790483068,10988564,14513240
1790483070,11010612,14513240
1790483072,11041448,14513240
1790483074,9441536,14513240
1790483076,9439572,14513240
1790483078,10638864,14513240
1790483080,9961612,14513240
1790483082,9759116,14513240
1790483084,10925904,14513240
1790483086,11019124,14513240
1790483088,9718312,14513240
1790483090,10413860,14513240
1790483092,10949364,14513240
1790483094,11054796,14513240
1790483096,10453496,14513240
1790483098,10919752,14513240
1790483100,11049404,14513240
1790483102,11151612,14513248
1790483104,11169952,14513248
1790483106,11008608,14513248
1790483108,11126316,14513248
1790483110,10056064,14513248
1790483112,10338020,14513248
1790483114,9871040,14513248
1790483116,10741152,14513248
1790483118,9639424,14513248
1790483120,10992684,14513248
1790483122,10991940,14513248
1790483124,11125704,14513248
1790483126,10951444,14513248
1790483128,10917908,14513248
1790483130,10972164,14513248
1790483132,11134924,14513248
1790483134,11210504,14513248
1790483136,10986680,14513248
1790483138,11000868,14513248
1790483140,11183400,14513248
1790483142,9971756,14513248
1790483144,10964288,14513248
1790483146,11016508,14513248
1790483148,10042672,14513248
1790483150,10607624,14513248
1790483152,9866788,14513248
1790483154,10676120,14513248
1790483156,10388368,14513248
1790483158,10888224,14513248
1790483160,11065340,14513248
1790483162,11165688,14513248
1790483164,11229828,14513248
1790483166,11032328,14513248
1790483168,11195756,14513248
1790483170,11247368,14513248
1790483172,10071676,14513248
1790483174,11016684,14513248
1790483176,11171500,14513248
1790483178,10074052,14513248
1790483180,9920536,14513248
1790483182,11039852,14513248
1790483184,11155220,14513248
1790483186,9671504,14513248
1790483188,9485696,14513248
1790483190,10680944,14513248
1790483192,10933528,14513248
1790483194,10826576,14513248
1790483196,10902624,14513248
1790483198,10987920,14513248
1790483200,11094224,14513248
1790483202,9987824,14513248
1790483204,10946432,14513248
1790483206,10996680,14513248
1790483208,11174268,14513248
1790483210,9843940,14513248
1790483212,10972420,14513248
1790483214,11019876,14513248
1790483216,9964168,14513248
1790483218,9953088,14513248
1790483220,11041044,14513248
1790483222,11168664,14513248
1790483224,9624592,14513252
1790483226,9561652,14513252
1790483228,10749116,14513252
1790483230,10770532,14513252
1790483232,10049344,14513252
1790483234,11033976,14513252
1790483236,11037200,14513252
1790483238,11151300,14513252
1790483240,10069608,14513252
1790483242,11008276,14513252
1790483244,11154868,14513252
1790483246,10058644,14513252
1790483248,9856912,14513252
1790483250,10952588,14513252
1790483252,11030240,14513252
1790483254,9964260,14513252
1790483256,10166756,14513252
1790483258,10925632,14513252
1790483260,11074572,14513252
1790483262,9422400,14513252
1790483264,9481644,14513252
1790483266,10642016,14513252
1790483268,10773972,14513256
1790483270,9944560,14513256
1790483272,10905760,14513256
1790483274,10959444,14513256
1790483276,11066568,14513256
1790483278,9716892,14513256
1790483280,10989556,14513256
1790483282,11103988,14513256
1790483284,10030824,14513256
1790483286,9837040,14513256
1790483288,11010540,14513256
1790483290,11091224,14513256
1790483292,9923468,14513256
1790483294,10278272,14513256
1790483296,11043092,14513256
1790483298,11118184,14513256
1790483300,9495920,14513256
1790483302,9541220,14513256
1790483304,10722068,14513256
1790483306,10749932,14513256
1790483308,9954796,14513256
1790483310,10999636,14513256
1790483312,11045052,14513256
1790483314,11085880,14513256
1790483316,9800016,14513256
1790483318,10909656,14513256
1790483320,11050900,14513256
1790483322,9958420,14513256
1790483324,10080276,14513256
1790483326,10956152,14513256
1790483328,11031224,14513256
1790483330,9783000,14513256
1790483332,10307948,14513256
1790483335,10972988,14513256
1790483337,11061668,14513256
1790483339,9412048,14513256
1790483341,9580496,14513256
1790483343,10733596,14513256
1790483345,10933688,14513256
1790483347,10057668,14513256
1790483349,11006432,14513256
1790483351,11117192,14513256
1790483353,11187616,14513256
1790483355,9846252,14513256
1790483357,11044468,14513256
1790483359,11076132,14513256
1790483361,10028116,14513256
1790483363,9878176,14513256
1790483365,11035144,14513256
1790483367,11072904,14513256
1790483369,9767280,14513256
1790483371,10155572,14513256
1790483373,10909644,14513256
1790483375,11084560,14513256
1790483377,9406072,14513256
1790483379,9445104,14513256
1790483381,10667372,14513256
1790483383,10798892,14513256
1790483385,9904164,14513256
1790483387,10865104,14513256
1790483389,10862876,14513256
1790483391,11106580,14513256
1790483393,9713076,14513256
1790483395,10914488,14513256
1790483397,11049552,14513256
1790483399,9989000,14513256
1790483401,9896728,14513256
1790483403,11054184,14513256
1790483405,11141836,14513256
1790483407,10024484,14513256
1790483409,10127560,14513256
1790483411,11025400,14513256
1790483413,11124944,14513256
1790483415,9498196,14513256
1790483417,9534036,14513256
1790483419,10796556,14513256
1790483421,10822576,14513256
1790483423,10028468,14513256
1790483425,11020252,14513256
1790483427,11007764,14513256
1790483429,11049880,14513256
1790483431,9975252,14513256
1790483433,10915096,14513256
1790483435,11024632,14513256
1790483437,11157168,14513256
1790483439,9711668,14513256
1790483441,10985396,14513256
1790483443,11017732,14513256
1790483445,9964600,14513256
1790483447,9786032,14513256
1790483449,10904396,14513256
1790483451,11055008,14513256
1790483453,9447480,14513256
1790483455,9481080,14513256
1790483457,10664292,14513256
1790483459,10665236,14513256
1790483461,10847876,14513256
1790483463,10966496,14513256
1790483465,10998700,14513256
1790483467,11141656,14513256
1790483469,10032500,14513256
1790483471,11020132,14513256
1790483473,11050272,14513256
1790483475,11163564,14513256
1790483477,9840848,14513256
1790483479,11102920,14513256
1790483481,11150964,14513256
1790483483,10022576,14513256
1790483485,9868716,14513256
1790483487,11013956,14513256
1790483489,11101996,14513256
1790483491,9406096,14513256
1790483493,9468416,14513256
1790483495,10658856,14513256
1790483497,10656748,14513256
1790483499,10795460,14513256
1790483501,10911136,14513256
1790483503,10930252,14513256
1790483505,10980000,14513256
1790483507,9971636,14513256
1790483509,10931692,14513256
1790483511,10991724,14513256
1790483513,11073600,14513256
1790483515,9968120,14513256
1790483517,10922332,14513256
1790483519,10921912,14513256
1790483521,11197868,14513256
1790483523,9838528,14513256
1790483525,10995864,14513256
1790483527,11056456,14513256
1790483529,9491964,14513256
1790483531,10382808,14513256
1790483533,9893480,14513256
1790483535,10696380,14513256
1790483537,10825916,14513256
1790483539,11066312,14513256
1790483541,11101256,14513256
1790483543,11173480,14513256
1790483545,11092100,14513256
1790483547,11000640,14513256
1790483549,10971180,14513256
1790483551,11086536,14513256
1790483553,9968820,14513256
1790483555,10949304,14513256
1790483557,10991892,14513256
1790483559,11069712,14513256
1790483561,9969460,14513256
1790483563,10927228,14513256
1790483565,10958644,14513256
1790483567,9470232,14513256
1790483569,10593816,14513256
1790483571,9466392,14513256
1790483573,10683540,14513256
1790483575,10390896,14513256
1790483577,10871536,14513256
1790483579,10925160,14513256
1790483581,11047508,14513256
1790483583,10944452,14513256
1790483585,10991480,14513256
1790483587,11077812,14513256
1790483589,11183128,14513256
1790483591,11140516,14513256
1790483593,11066452,14513256
1790483595,11057944,14513256
1790483597,11187768,14513256
1790483599,10072384,14513256
1790483601,11057888,14513256
1790483603,11136660,14513256
1790483605,9770216,14513256
1790483607,10693504,14513256
1790483609,9478628,14513256
1790483611,10705720,14513256
1790483613,9862852,14513256
1790483615,10860464,14513256
1790483617,10995064,14513256
1790483619,10997888,14513256
1790483621,10596592,14513256
1790483623,10950048,14513256
1790483625,10972612,14513256
1790483627,11018496,14513256
1790483629,10815580,14513256
1790483631,10866836,14513256
1790483633,10939196,14513256
1790483635,11170184,14513256
1790483637,10770244,14513256
1790483639,10910580,14513256
1790483641,11106108,14513256
1790483643,9858500,14513256
1790483645,9499660,14513256
1790483647,9571432,14513256
1790483649,10746496,14513256
1790483651,9462696,14513256
1790483653,10215244,14513256
1790483655,10940780,14513256
1790483657,11033864,14513256
1790483659,10021652,14513256
1790483661,10466468,14513256
1790483663,11025176,14513256
1790483665,11113520,14513256
1790483667,10407192,14513256
1790483669,10893716,14513256
1790483671,10916780,14513256
1790483673,11070736,14513256
1790483675,10836556,14513256
1790483677,10946712,14513256
1790483679,10927132,14513256
1790483681,11004128,14513256
1790483683,9417412,14513256
1790483685,9447036,14513256
1790483687,10627128,14513256
1790483689,9928396,14513256
1790483691,9890716,14513256
1790483693,10951744,14513256
1790483695,11010788,14513256
1790483697,9629964,14513256
1790483699,10410384,14513256
1790483701,11019384,14513256
1790483703,11089040,14513256
1790483705,9900372,14513256
1790483707,10471376,14513256
1790483709,11024236,14513256
1790483711,11045848,14513256
1790483713,10653144,14513256
1790483715,11009900,14513256
1790483717,11015160,14513256
1790483719,11121052,14513256
1790483721,9500660,14513256
1790483723,9561500,14513256
1790483725,10738964,14513256
1790483727,10047456,14513256
1790483729,9355940,14513256
1790483731,10958720,14513256
1790483733,11070316,14513256
1790483735,9831852,14513256
1790483737,10360436,14513256
1790483739,10937296,14513256
1790483741,10985556,14513256
1790483743,9720620,14513256
1790483745,10423904,14513256
1790483747,10935444,14513256
1790483749,11013912,14513256
1790483751,10024444,14513256
1790483753,10948704,14513256
1790483755,10965300,14513256
1790483757,11007808,14513256
1790483759,9433032,14513256
1790483761,9546760,14513256
1790483763,10841492,14513256
1790483765,10893596,14513256
1790483767,9441944,14513256
1790483769,10964560,14513256
1790483771,11037916,14513256
1790483773,10057748,14513256
1790483775,9948744,14513256
1790483777,11020212,14513256
1790483779,11036720,14513256
1790483781,9835116,14513256
1790483783,10284768,14513256
1790483785,11015436,14513256
1790483787,11030372,14513256
1790483789,9620360,14513256
1790483791,10335336,14513256
1790483793,10936672,14513256
1790483795,11050076,14513256
1790483797,9429360,14513256
1790483799,9483840,14513256
1790483801,10641468,14513256
1790483803,10648556,14513256
1790483805,9962484,14513256
1790483807,10850916,14513256
1790483809,10979264,14513256
1790483811,11013484,14513256
1790483813,9919728,14513256
1790483815,10971312,14513256
1790483817,10973188,14513256
1790483819,9988588,14513256
1790483821,9988836,14513256
1790483823,11028912,14513256
1790483825,11029116,14513256
1790483827,10036624,14513256
1790483829,10287600,14513256
1790483831,11024592,14513256
1790483833,11044660,14513256
1790483835,8038148,14513256
1790483837,9496212,14513256
1790483839,8979324,14513256
1790483841,8914036,14513256
1790483843,8990672,14513256
1790483845,8989592,14513256
1790483847,9098424,14513256
1790483849,9002336,14513256
1790483851,8906212,14513256
1790483853,20640548,14513256
1790483855,14393104,14513256
1790483857,12383572,14513256
1790483859,12207068,14513256
1790483861,13352636,14513256
1790483863,13253480,14513256
1790483865,13244264,14513256
1790483867,13335964,14513256
1790483869,13409220,14513256
1790483871,13434384,14513256
1790483873,13414600,14513256
1790483875,13399040,14513256
1790483877,13395332,14513256
1790483879,13362824,14513256
1790483881,13398548,14513256
1790483883,13346296,14513256
1790483885,13316604,14513256
1790483887,13253916,14513256
1790483889,13236960,14513256
1790483891,13225712,14513256
1790483893,13161724,14513256
1790483895,13124892,14513256
1790483897,11495620,14513256
1790483899,12239284,14513256
1790483901,10081060,14513256
1790483903,9955280,14513256
1790483905,11198740,14513256
1790483907,11230832,14513256
1790483909,10003020,14513256
1790483911,9856340,14513256
1790483913,10949844,14513256
1790483915,11086788,14513256
1790483917,9988368,14513256
1790483919,9875752,14513256
1790483921,10998516,14513256
1790483923,11117152,14513256
1790483925,9982128,14513256
1790483927,9854160,14513256
1790483929,10963628,14513256
1790483931,11047056,14513256
1790483933,9937460,14513256
1790483935,9469428,14513256
1790483937,10614504,14513256
1790483939,10729944,14513256
1790483941,10606264,14513256
1790483943,10966316,14513256
1790483945,11005552,14513256
1790483947,11088656,14513256
1790483949,10889168,14513256
1790483951,11067808,14513256
1790483953,11080792,14513256
1790483955,11188600,14513256
1790483957,11127684,14513256
1790483959,11062720,14513256
1790483961,11091596,14513256
1790483963,11172060,14513256
1790483965,11186440,14513256
1790483967,11059092,14513256
1790483969,10963344,14513256
1790483971,11059248,14513256
1790483973,9768092,14513256
1790483975,9587528,14513256
1790483977,10725968,14513256
1790483979,9893980,14513256
1790483981,10121344,14513256
1790483983,11028140,14513256
1790483985,11108048,14513256
1790483987,9944724,14513256
1790483989,10432416,14513256
1790483991,11188212,14513256
1790483993,11231828,14513256
1790483995,9944236,14513256
1790483997,10533168,14513256
1790483999,11181976,14513256
1790484001,11311148,14513256
1790484003,10037668,14513256
1790484005,10583964,14513256
1790484007,11303056,14513256
1790484009,11300144,14513256
1790484011,9758456,14513256
1790484013,9567724,14513256
1790484015,10725592,14513256
1790484017,10790732,14513256
1790484019,10007692,14513256
1790484021,11034616,14513256
1790484023,11114816,14513256
1790484025,11134432,14513256
1790484027,10062240,14513256
1790484029,10985804,14513256
1790484031,10978504,14513256
1790484033,11051408,14513256
1790484035,9972428,14513256
1790484037,11028292,14513256
1790484039,11070976,14513256
1790484041,11158320,14513256
1790484043,9982300,14513256
1790484045,11019120,14513256
1790484047,11034816,14513256
1790484049,10017996,14513256
1790484051,10559404,14513256
1790484053,9704684,14513256
1790484055,10781600,14513256
1790484057,9835964,14513256
1790484059,10160928,14513256
1790484061,11205916,14513256
1790484063,11296892,14513256
1790484065,10155104,14513256
1790484067,10678380,14513256
1790484069,11234888,14513256
1790484071,11366608,14513256
1790484073,10290056,14513256
1790484075,11246788,14513256
1790484077,11251848,14513256
1790484079,11340732,14513256
1790484081,10535104,14513256
1790484083,11262028,14513256
1790484086,11320400,14513256
1790484088,11348860,14513256
1790484090,9679900,14513256
1790484092,9443008,14513256
1790484094,10697192,14513256
1790484096,10828016,14513256
1790484098,9642324,14513256
1790484100,11020764,14513256
1790484102,11124828,14513256
1790484104,9974840,14513256
1790484106,9837708,14513256
1790484108,10966260,14513256
1790484110,11064468,14513256
1790484112,9979816,14513256
1790484114,9792888,14513256
1790484116,11012828,14513256
1790484118,11105364,14513256
1790484120,10059860,14513256
1790484122,9879312,14513256
1790484124,11037396,14513256
1790484126,11141588,14513256
1790484128,9530748,14513256
1790484130,10009592,14513256
1790484132,10874336,14513256
1790484134,10893516,14513256
1790484136,10947412,14513256
1790484138,11133628,14513256
1790484140,11259780,14513256
1790484142,11335468,14513256
1790484144,11160124,14513256
1790484146,11268824,14513256
1790484148,11269468,14513256
1790484150,11236368,14513256
1790484152,11076920,14513256
1790484154,11173160,14513256
1790484156,11246080,14513256
1790484158,11304816,14513256
1790484160,11265180,14513260
1790484162,11173272,14513260
1790484164,11196412,14513260
1790484166,9875384,14513260
1790484168,9698480,14513260
1790484170,9485204,14513260
1790484172,10761356,14513260
1790484174,9810240,14513260
1790484176,10046852,14513260
1790484178,11001956,14513260
1790484180,11103328,14513260
1790484182,9922008,14513260
1790484184,10193912,14513260
1790484186,11088788,14513260
1790484188,11129332,14513260
1790484190,9856552,14513260
1790484192,10322032,14513260
1790484194,11107496,14513260
1790484196,11130508,14513260
1790484198,9819968,14513260
1790484200,10394440,14513260
1790484202,11130240,14513260
1790484204,11234852,14513260
1790484206,9589140,14513260
1790484208,9577392,14513260
1790484210,10779852,14513260
1790484212,10813124,14513260
1790484214,10063832,14513260
1790484216,11160952,14513260
1790484218,11155408,14513260
1790484220,11195948,14513260
1790484222,10179680,14513260
1790484224,11198736,14513260
1790484226,11197684,14513260
1790484228,11242124,14513260
1790484230,10164096,14513260
1790484232,11134936,14513260
1790484234,11189084,14513260
1790484236,11352708,14513260
1790484238,10166380,14513260
1790484240,11316416,14513260
1790484242,11312476,14513260
1790484244,9994644,14513260
1790484246,10844336,14513260
1790484248,9606524,14513260
1790484250,10791400,14513260
1790484252,9732852,14513260
1790484254,10490232,14513260
1790484256,11145440,14513260
1790484258,11130444,14513260
1790484260,10018240,14513260
1790484262,10501376,14513260
1790484264,11088188,14513260
1790484266,11115460,14513260
1790484268,9981976,14513260
1790484270,10402428,14513260
1790484272,10963272,14513260
1790484274,11044856,14513260
1790484276,10077224,14513260
1790484278,10962620,14513260
1790484280,10999148,14513260
1790484282,11087800,14513260
1790484284,9493268,14513260
1790484286,9520192,14513260
1790484288,10683476,14513260
1790484290,10761240,14513260
1790484292,10102544,14513260
1790484294,11215664,14513260
1790484296,11215896,14513260
1790484298,11217564,14513260
1790484300,10160320,14513260
1790484302,11238604,14513260
1790484304,11285536,14513260
1790484306,11375400,14513260
1790484308,10055680,14513260
1790484310,11251620,14513260
1790484312,11292156,14513260
1790484314,10245996,14513260
1790484316,10099232,14513260
1790484318,11233452,14513260
1790484320,11306324,14513260
1790484322,9764608,14513260
1790484324,10752292,14513260
1790484326,9748188,14513260
1790484328,10790840,14513260
1790484330,10424128,14513260
1790484332,10890696,14513260
1790484334,10970784,14513260
1790484336,11058048,14513260
1790484338,10622808,14513260
1790484340,10980500,14513260
1790484342,11032856,14513260
1790484344,11112848,14513260
1790484346,10798872,14513260
1790484348,11024284,14513260
1790484350,11037332,14513260
1790484352,11104880,14513260
1790484354,10854396,14513260
1790484356,10972156,14513260
1790484358,11016488,14513260
1790484360,11166240,14513260
1790484362,9574456,14513260
1790484364,9685680,14513260
1790484366,10847428,14513260
1790484368,10177508,14513260
1790484370,9645964,14513260
1790484372,11269308,14513260
1790484374,11291628,14513260
1790484376,10224952,14513260
1790484378,10105052,14513260
1790484380,11208072,14513260
1790484382,11365760,14513260
1790484384,10246888,14513260
1790484386,10068832,14513260
1790484388,11190312,14513260
1790484390,11210548,14513260
1790484392,10154172,14513260
1790484394,10098180,14513260
1790484396,11203456,14513260
1790484398,11267608,14513260
1790484400,9642172,14513260
1790484402,9393448,14513260
1790484404,10662108,14513260
1790484406,10674548,14513260
1790484408,10805460,14513260
1790484410,10930560,14513260
1790484412,10969068,14513260
1790484414,11036096,14513260
1790484416,10945084,14513260
1790484418,10990336,14513260
1790484420,11071488,14513260
1790484422,11121124,14513260
1790484424,11197624,14513260
1790484426,11020428,14513260
1790484428,11083280,14513260
1790484430,11180504,14513260
1790484432,11142988,14513260
1790484434,11001856,14513260
1790484436,11033980,14513260
1790484438,9988996,14513260
1790484440,9550652,14513260
1790484442,9624320,14513260
1790484444,10816992,14513260
1790484446,9918460,14513260
1790484448,10158844,14513260
1790484450,11174532,14513260
1790484452,11173580,14513260
1790484454,9979228,14513260
1790484456,10399548,14513260
1790484458,11140612,14513260
1790484460,11232008,14513260
1790484462,9725644,14513260
1790484464,10534264,14513260
1790484466,11151000,14513260
1790484468,11247092,14513260
1790484470,9870132,14513260
1790484472,10607168,14513260
1790484474,11120920,14513260
1790484476,11231292,14513260
1790484478,9625808,14513260
1790484480,9473228,14513260
1790484482,10755376,14513260
1790484484,10744408,14513260
1790484486,10029316,14513260
1790484488,10951284,14513260
1790484490,11094972,14513260
1790484492,11178652,14513260
1790484494,10080772,14513260
1790484496,11096460,14513260
1790484498,11089084,14513260
1790484500,11154460,14513260
1790484502,10064512,14513260
1790484504,11036636,14513260
1790484506,11045180,14513260
1790484508,11134080,14513260
1790484510,9998320,14513260
1790484512,10948036,14513260
1790484514,11079060,14513260
1790484516,9957292,14513260
1790484518,10594696,14513260
1790484520,9607484,14513260
1790484522,10769008,14513260
1790484524,9485452,14513260
1790484526,10247288,14513260
1790484528,11140508,14513260
1790484530,11210632,14513260
1790484532,9915228,14513260
1790484534,10602460,14513260
1790484536,11162068,14513260
1790484538,11161096,14513260
1790484540,9954168,14513260
1790484542,10654660,14513260
1790484544,11307388,14513260
1790484546,11314176,14513260
1790484548,10250184,14513260
1790484550,10685024,14513260
1790484552,11259244,14513260
1790484554,11249808,14513260
1790484556,9720192,14513260
1790484558,9503612,14513260
1790484560,10778480,14513260
1790484562,10789396,14513260
1790484564,10050084,14513260
1790484566,11007484,14513260
1790484568,11053784,14513260
1790484570,11104636,14513260
1790484572,9653728,14513260
1790484574,11005492,14513260
1790484576,11006344,14513260
1790484578,11077440,14513260
1790484580,9789156,14513260
1790484582,10951292,14513260
1790484584,10977088,14513260
1790484586,9960436,14513260
1790484588,9763412,14513260
1790484590,10970868,14513260
1790484592,10979488,14513260
1790484594,9482556,14513260
1790484596,10594364,14513260
1790484598,10000740,14513260
1790484600,10792900,14513260
1790484602,10391300,14513260
1790484604,11152324,14513260
1790484606,11158272,14513260
1790484608,11200784,14513260
1790484610,10859400,14513260
1790484612,11256724,14513260
1790484614,11252520,14513260
1790484616,11329228,14513260
1790484618,11154956,14513260
1790484620,11216680,14513260
1790484622,11270952,14513260
1790484624,11366652,14513260
1790484626,11097528,14513260
1790484628,11131788,14513260
1790484630,11169260,14513260
1790484632,11336680,14513260
1790484634,10029440,14513260
1790484636,9585392,14513260
1790484638,10720192,14513260
1790484640,9919100,14513260
1790484642,9378144,14513260
1790484644,11009712,14513260
1790484646,11031584,14513260
1790484648,9960968,14513260
1790484650,9847844,14513260
1790484652,10984840,14513260
1790484654,11033800,14513260
1790484656,9954256,14513260
1790484658,10041452,14513260
1790484660,11049812,14513260
1790484662,11074192,14513260
1790484664,10049556,14513260
1790484666,10147872,14513260
1790484668,11065672,14513260
1790484670,11135560,14513260
1790484672,9803700,14513260
1790484674,9980824,14513260
1790484676,10861848,14513260
1790484678,10883456,14513260
1790484680,10972200,14513260
1790484682,11157216,14513260
1790484684,11247188,14513260
1790484686,11282080,14513260
1790484688,11218128,14513260
1790484690,11204048,14513260
1790484692,11234552,14513260
1790484694,11322844,14513260
1790484696,11340916,14513260
1790484698,11135472,14513260
1790484700,11207616,14513260
1790484702,11323392,14513260
1790484704,11393120,14513260
1790484706,11174596,14513260
1790484708,11181556,14513260
1790484710,10307180,14513260
1790484712,9886580,14513260
1790484714,9493496,14513260
1790484716,10680820,14513260
1790484718,9919224,14513260
1790484720,10004520,14513268
1790484722,11111168,14513268
1790484724,11120360,14513268
1790484726,9881384,14513268
1790484728,10221848,14513268
1790484730,11047264,14513268
1790484732,11146076,14513268
1790484734,9810712,14513268
1790484736,10520552,14513268
1790484738,11087736,14513268
1790484740,11152188,14513268
1790484742,9935108,14513268
1790484744,10536700,14513268
1790484746,11080380,14513268
1790484748,11066032,14513268
1790484750,9478552,14513268
1790484752,9515264,14513268
1790484754,10668516,14513268
1790484756,10707624,14513268
1790484758,10034668,14513268
1790484760,11060496,14513268
1790484762,11136544,14513268
1790484764,11229164,14513268
1790484766,10135344,14513268
1790484768,11162276,14513268
1790484770,11167872,14513268
1790484772,11227448,14513268
1790484774,10164160,14513268
1790484776,11121716,14513268
1790484778,11179992,14513268
1790484780,11474680,14513268
1790484782,10222472,14513268
1790484784,11300412,14513268
1790484786,11306832,14513268
1790484788,10316828,14513268
1790484790,10894316,14513268
1790484792,9580584,14513268
1790484794,10776740,14513268
1790484796,9665284,14513268
1790484798,10137232,14513268
1790484800,11074056,14513268
1790484802,11226520,14513268
1790484804,9966488,14513268
1790484806,10529524,14513268
1790484808,10994868,14513268
1790484810,11068884,14513268
1790484812,10134552,14513268
1790484814,10926040,14513268
1790484816,11062904,14513268
1790484818,11131540,14513268
1790484820,10128644,14513268
1790484822,10985212,14513268
1790484824,11046332,14513268
1790484826,8494716,14513268
1790484828,7964264,14513268
1790484830,8925964,14513268
1790484832,8935472,14513268
1790484834,8923148,14513268
1790484836,9105604,14513268
1790484839,9188936,14513268
1790484841,9020652,14513268
1790484843,9017768,14513268
1790484845,9647584,14513268
1790484847,10314688,14513268
1790484849,9229640,14513268
1790484851,8880488,14513268
1790484853,10177412,14513268
1790484855,9045636,14513268
1790484857,11350348,14513268
1790484859,11381256,14513268
1790484861,9701828,14513268
1790484863,9838348,14513268
1790484865,10533052,14513268
1790484867,10593612,14513268
1790484869,9371948,14513268
1790484871,9870876,14513268
1790484873,10450892,14513268
1790484875,10555508,14513268
1790484877,9710400,14513268
1790484879,10463580,14513268
1790484881,10530876,14513268
1790484883,10666436,14513268
1790484885,9868800,14513268
1790484887,10481448,14513268
1790484889,10512040,14513268
1790484891,10642456,14513268
1790484893,8973576,14513268
1790484895,8965992,14513268
1790484897,10140256,14513268
1790484899,10321868,14513268
1790484901,8958596,14513268
1790484903,10463876,14513268
1790484905,10543412,14513268
1790484907,9525852,14513268
1790484909,9396780,14513268
1790484911,10526496,14513268
1790484913,10541868,14513268
1790484915,9539588,14513268
1790484917,9337976,14513268
1790484919,10488132,14513268
1790484921,10602828,14513268
1790484923,9545896,14513268
1790484925,9309316,14513268
1790484927,10512180,14513268
1790484929,10547264,14513268
1790484931,8965644,14513268
1790484933,8952516,14513268
1790484935,10048808,14513268
1790484937,10233524,14513268
1790484939,10202048,14513268
1790484941,10442876,14513268
1790484943,10443692,14513268
1790484945,10526748,14513268
1790484947,10529044,14513268
1790484949,10469252,14513268
1790484951,10491600,14513268
1790484953,10530672,14513268
1790484955,10646932,14513268
1790484957,10435492,14513268
1790484959,10436588,14513268
1790484961,10600632,14513268
1790484963,10696068,14513268
1790484965,10524152,14513268
1790484967,10536736,14513268
1790484969,9060492,14513268
1790484971,9021320,14513268
1790484973,9025420,14513268
1790484975,10165832,14513268
1790484977,9247756,14513268
1790484979,9366780,14513268
1790484981,10536900,14513268
1790484983,10583908,14513268
1790484985,9204920,14513268
1790484987,9866916,14513268
1790484989,10452504,14513268
1790484991,10507544,14513268
1790484993,9260304,14513268
1790484995,9716296,14513268
1790484997,10486912,14513268
1790484999,10486980,14513268
1790485001,9182300,14513268
1790485003,9777084,14513268
1790485005,10457316,14513268
1790485007,10532324,14513268
1790485009,8962048,14513268
1790485011,8959876,14513268
1790485013,10161624,14513268
1790485015,10299424,14513268
1790485017,9409580,14513268
1790485019,10380660,14513268
1790485021,10492276,14513268
1790485023,10635660,14513268
1790485025,9512160,14513268
1790485027,10505148,14513268
1790485029,10561136,14513268
1790485031,10691280,14513268
1790485033,9503028,14513268
1790485035,10450440,14513332
1790485037,10569752,14513332
1790485039,10631408,14513332
1790485041,9531836,14513332
1790485043,10508212,14513332
1790485045,10521768,14513332
1790485047,9417544,14513332
1790485049,10087932,14513332
1790485051,8950440,14513332
1790485053,10181180,14513332
1790485055,8948476,14513332
1790485057,9847348,14513332
1790485059,10509432,14513332
1790485061,10503860,14513332
1790485063,9376628,14513332
1790485065,9848428,14513332
1790485067,10426760,14513332
1790485069,10452440,14513332
1790485071,9504444,14513332
1790485073,9827880,14513332
1790485075,10413912,14513332
1790485077,10448516,14513332
1790485079,9613596,14513332
1790485081,10531104,14513332
1790485083,10528648,14513332
1790485085,10556068,14513332
1790485087,9020248,14513332
1790485089,9048096,14513332
1790485091,10223576,14513332
1790485093,10445500,14513332
1790485095,9155120,14513332
1790485097,10551836,14513332
1790485099,10556848,14513332
1790485101,9499496,14513332
1790485103,9368068,14513372
1790485105,10484768,14513372
1790485107,10583016,14513372
1790485109,9415196,14513372
1790485111,9249608,14513372
1790485113,10438936,14513372
1790485115,10535872,14513372
1790485117,9396664,14513372
1790485119,9241196,14513372
1790485121,10420220,14513420
1790485123,10454028,14513420
1790485125,8943968,14513420
1790485127,8935728,14513420
1790485129,10062968,14513420
1790485131,10233168,14513420
1790485133,10077256,14513420
1790485135,10350192,14513420
1790485137,10397640,14513420
1790485139,10479996,14513420
1790485141,10300748,14513420
1790485143,10508244,14513420
1790485145,10565296,14513420
1790485147,10685640,14513420
1790485149,10463124,14513420
1790485151,10477140,14513420
1790485153,10518472,14513420
1790485155,10695124,14513420
1790485157,10460504,14513420
1790485159,10503176,14513420
1790485161,10525044,14513420
1790485163,10590028,14513420
1790485165,9027016,14513420
1790485167,9029496,14513420
1790485169,10196064,14513420
1790485171,9444160,14513420
1790485173,9200496,14513420
1790485175,10408952,14513420
1790485177,10599256,14513420
1790485179,9317156,14513420
1790485181,9656576,14513420
1790485183,10488720,14513420
1790485185,10497252,14513420
1790485187,9188400,14513420
1790485189,9632952,14513420
1790485191,10536804,14513420
1790485193,10611648,14513420
1790485195,9246772,14513420
1790485197,9750892,14513420
1790485199,10416176,14513420
1790485201,10562592,14513420
1790485203,9032168,14513420
1790485205,9054284,14513420
1790485207,10189176,14513420
1790485209,10291176,14513420
1790485211,10337484,14513420
1790485213,10307780,14513420
1790485215,10578376,14513420
1790485217,10624392,14513420
1790485219,9511476,14513420
1790485221,10493212,14513420
1790485223,10555156,14513420
1790485225,10680512,14513420
1790485227,9518520,14513420
1790485229,10464500,14513420
1790485231,10496580,14513420
1790485233,10616568,14513420
1790485235,9440536,14513420
1790485237,10376856,14513420
1790485239,10490016,14513420
1790485241,9197344,14513420
1790485243,9269508,14513420
1790485245,8951984,14513420
1790485247,10109440,14513420
1790485249,8733452,14513420
1790485251,9391600,14513420
1790485253,10340284,14513420
1790485255,10576304,14513420
1790485257,9171920,14513420
1790485259,9888556,14513420
1790485261,10576068,14513420
1790485263,10591976,14513420
1790485265,9348544,14513420
1790485267,9952972,14513420
1790485269,10507876,14513420
1790485271,10550348,14513420
1790485273,9449016,14513420
1790485275,9937272,14513420
1790485277,10518684,14513420
1790485279,10540984,14513420
1790485281,9012116,14513420
1790485283,9008316,14513420
1790485285,10168240,14513420
1790485287,10323568,14513420
1790485289,9451576,14513420
1790485291,10428652,14513420
1790485293,10417644,14513420
1790485295,10421148,14513420
1790485297,9251132,14513420
1790485299,10486756,14513420
1790485301,10490368,14513420
1790485303,10545396,14513420
1790485305,9315996,14513420
1790485307,10426096,14513420
1790485309,10509044,14513420
1790485311,10573868,14513420
1790485313,9374432,14513420
1790485315,10441168,14513420
1790485317,10452520,14513420
1790485319,7619996,14513420
1790485321,9353980,14513420
1790485323,8828204,14513420
1790485325,8749980,14513420
1790485327,8705096,14513420
1790485329,8709448,14513420
1790485331,8588152,14513420
1790485333,8669256,14513420
1790485335,8603872,14513420
1790485337,10027000,14513420
1790485339,7733692,14513420
1790485341,10085244,14513420
1790485343,9151440,14513420
1790485345,9544800,14513420
1790485347,10313156,14513420
1790485349,11098312,14513420
1790485351,10698168,14513420
1790485353,9410412,14513420
1790485355,10434180,14513420
1790485357,10456636,14513420
1790485359,10550492,14513420
1790485361,9445004,14513420
1790485363,10448488,14513420
1790485365,10499836,14513420
1790485367,10562204,14513420
1790485369,9431624,14513420
1790485371,10448684,14513420
1790485373,10522948,14513420
1790485375,10608536,14513420
1790485377,9414972,14513420
1790485379,10435452,14513420
1790485381,10588900,14513420
1790485383,9378824,14513420
1790485385,10323464,14513420
1790485387,9324152,14513420
1790485389,10221876,14513420
1790485391,8990736,14513420
1790485393,9702236,14513420
1790485395,10537276,14513420
1790485397,10673276,14513420
1790485399,9388072,14513420
1790485401,9993776,14513420
1790485403,10599780,14513420
1790485405,10629160,14513420
1790485407,9675540,14513420
1790485409,10410424,14513420
1790485411,10428728,14513420
1790485413,10631080,14513420
1790485415,9743408,14513420
1790485417,10442556,14513420
1790485419,10468748,14513420
1790485421,10605544,14513420
1790485423,9216860,14513420
1790485425,9147624,14513420
1790485427,10165148,14513420
1790485429,10240548,14513420
1790485431,9036496,14513420
1790485433,10470528,14513420
1790485435,10472052,14513420
1790485437,9622220,14513420
1790485439,9319416,14513420
1790485441,10572404,14513420
1790485443,10563316,14513420
1790485445,9508404,14513420
1790485447,9389632,14513420
1790485449,10505276,14513420
1790485451,10507480,14513420
1790485453,9494152,14513420
1790485455,9350156,14513420
1790485457,10498852,14513420
1790485459,10544800,14513420
1790485461,9057312,14513420
1790485463,9479072,14513420
1790485465,9573640,14513420
1790485467,10267960,14513420
1790485469,10080820,14513420
1790485471,10501464,14513420
1790485473,10468016,14513420
1790485475,10484592,14513420
1790485477,10441204,14513420
1790485479,10406516,14513420
1790485481,10483360,14513420
1790485483,10533508,14513420
1790485485,10538284,14513420
1790485487,10448612,14513420
1790485489,10446252,14513420
1790485491,10541212,14513420
1790485493,10554588,14513420
1790485495,10437580,14513420
1790485497,10435596,14513420
1790485499,9359740,14513420
1790485501,9040672,14513420
1790485503,9036328,14513420
1790485505,10198904,14513420
1790485507,9171228,14513420
1790485509,9692492,14513420
1790485511,10567208,14513420
1790485513,10614552,14513420
1790485515,9217656,14513420
1790485517,9964288,14513420
1790485519,10577280,14513420
1790485521,10628432,14513420
1790485523,9346596,14513420
1790485525,9955448,14513420
1790485527,10619748,14513420
1790485529,10568300,14513420
1790485531,9237980,14513420
1790485533,9906060,14513420
1790485535,10533160,14513420
1790485537,10583296,14513420
1790485539,8968376,14513420
1790485541,8949164,14513420
1790485543,10116092,14513420
1790485545,10210820,14513420
1790485547,9415348,14513420
1790485549,10442668,14513420
1790485551,10468216,14513420
1790485553,10477508,14513420
1790485555,9253696,14513420
1790485557,10454644,14513420
1790485559,10453212,14513420
1790485561,10651564,14513420
1790485563,9240304,14513420
1790485565,10548016,14513420
1790485567,10596284,14513420
1790485569,9507212,14513420
1790485571,9272176,14513420
1790485573,10471884,14513420
1790485575,10543368,14513420
1790485577,9080504,14513420
1790485580,10177956,14513420
1790485582,9082400,14513420
1790485584,10200812,14513420
1790485586,9936996,14513420
1790485588,10385408,14513420
1790485590,10418364,14513420
1790485592,10504556,14513420
1790485594,10071984,14513420
1790485596,10436324,14513420
1790485598,10423324,14513420
1790485600,10503760,14513420
1790485602,10251548,14513420
1790485604,10459016,14513420
1790485606,10453908,14513420
1790485608,10451232,14513420
1790485610,10273352,14513420
1790485612,10422608,14513420
1790485614,10412436,14513420
1790485616,10541956,14513420
1790485618,8916536,14513420
1790485620,9010724,14513420
1790485622,10195456,14513420
1790485624,9503248,14513420
1790485626,8831704,14513420
1790485628,10454244,14513420
1790485630,10578920,14513420
1790485632,9505928,14513420
1790485634,9577464,14513420
1790485636,10542452,14513420
1790485638,10548224,14513420
1790485640,9492860,14513420
1790485642,9725452,14513420
1790485644,10536736,14513420
1790485646,10546844,14513420
1790485648,9361140,14513420
1790485650,9596532,14513420
1790485652,10398628,14513420
1790485654,10432140,14513420
1790485656,8923884,14513420
1790485658,8929284,14513420
1790485660,10096288,14513420
1790485662,10327552,14513420
1790485664,10470172,14513420
1790485666,10446456,14513420
1790485668,10445712,14513420
1790485670,10468772,14513420
1790485672,9531832,14513420
1790485674,10445772,14513420
1790485676,10443536,14513420
1790485678,10530972,14513420
1790485680,9512480,14513420
1790485682,10486732,14513420
1790485684,10532776,14513420
1790485686,10634044,14513420
1790485688,9529268,14513420
1790485690,10527932,14513420
1790485692,10521388,14513420
1790485694,9608784,14513420
1790485696,10197516,14513420
1790485698,9007660,14513420
1790485700,10217280,14513420
1790485702,9097364,14513420
1790485704,9902476,14513420
1790485706,10565960,14513420
1790485708,10566660,14513420
1790485710,9304720,14513420
1790485712,9823496,14513420
1790485714,10415580,14513420
1790485716,10528788,14513420
1790485718,9474032,14513420
1790485720,9818748,14513420
1790485722,10478184,14513420
1790485724,10559228,14513420
1790485726,9506496,14513420
1790485728,10467840,14513420
1790485730,10468104,14513420
1790485732,10559412,14513420
1790485734,8954800,14513420
1790485736,8958004,14513420
1790485738,10134160,14513420
1790485740,10316828,14513420
1790485742,9221804,14513420
1790485744,10476392,14513420
1790485746,10480816,14513420
1790485748,10559156,14513420
1790485750,9396292,14513420
1790485752,10493456,14513420
1790485754,10581088,14513420
1790485756,9492112,14513420
1790485758,9327988,14513420
1790485760,10520572,14513420
1790485762,10547140,14513420
1790485764,9519208,14513420
1790485766,9355296,14513420
1790485768,10497504,14513420
1790485770,10462532,14513420
1790485772,8957380,14513420
1790485774,10160352,14513420
1790485776,9320976,14513420
1790485778,10122828,14513420
1790485780,10095256,14513420
1790485782,10379880,14513420
1790485784,10474708,14513420
1790485786,10521264,14513420
1790485788,10144340,14513420
1790485790,10448856,14513420
1790485792,10425636,14513420
1790485794,10520596,14513420
1790485796,10222800,14513420
1790485798,10406488,14513420
1790485800,10498988,14513420
1790485802,10615732,14513420
1790485804,10324864,14513420
1790485806,10491840,14513420
1790485808,10500792,14513420
1790485810,10559560,14513420
1790485812,9036572,14513420
1790485814,9024024,14513420
1790485816,10195892,14513420
1790485818,9481368,14513420
1790485820,9096024,14513420
1790485822,10590536,14513420
1790485824,10565536,14513420
1790485826,9518736,14513420
1790485828,9526584,14513420
1790485830,10460240,14513420
1790485832,10541644,14513420
1790485834,9355184,14513420
1790485836,9646400,14513420
1790485838,10411300,14513420
1790485840,10476608,14513420
1790485842,9246056,14513420
1790485844,9612652,14513420
1790485846,10426180,14513420
1790485848,10494972,14513420
1790485850,8926140,14513420
1790485852,8910900,14513420
1790485854,10106960,14513420
1790485856,10089836,14513420
1790485858,10437916,14513420
1790485860,10309048,14513420
1790485862,10435084,14513420
1790485864,10536384,14513420
1790485866,9472556,14513420
1790485868,10479252,14513420
1790485870,10560672,14513420
1790485872,10567892,14513420
1790485874,9512068,14513420
1790485876,10550084,14513420
1790485878,10552104,14513420
1790485880,10575028,14513420
1790485882,9526384,14513420
1790485884,10541180,14513420
1790485886,10549824,14513420
1790485888,9359444,14513420
1790485890,9082216,14513420
1790485892,8940136,14513420
1790485894,10099808,14513420
1790485896,8758516,14513420
1790485898,9288560,14513420
1790485900,10377456,14513420
1790485902,10492292,14513420
1790485904,9153920,14513420
1790485906,9908392,14513420
1790485908,10478128,14513420
1790485910,10486564,14513420
1790485912,9177772,14513420
1790485914,9873936,14513420
1790485916,10443648,14513420
1790485918,10448212,14513420
1790485920,9306000,14513420
1790485922,9984416,14513420
1790485924,10551348,14513420
1790485926,8133276,14513420
1790485928,7544728,14513420
1790485930,10461176,14513420
1790485932,8870976,14513420
1790485934,8800516,14513420
1790485936,8709144,14513420
1790485938,8700948,14513420
1790485940,8689364,14513420
1790485942,8767624,14513420
1790485944,9138132,14513420
1790485946,10007120,14513420
1790485948,3332968,14513420
1790485950,8948188,14513420
1790485952,8912612,14513420
1790485954,8932736,14513420
1790485956,10031636,14513420
1790485958,11090760,14513420
1790485960,9016404,14513420
1790485962,9376960,14513420
1790485964,10395896,14513420
1790485966,10470948,14513420
1790485968,9294012,14513420
1790485970,9682132,14513420
1790485972,10467568,14513420
1790485974,10557356,14513420
1790485976,9276600,14513420
1790485978,9604480,14513420
1790485980,10472456,14513420
1790485982,10556100,14513420
1790485984,9197032,14513420
1790485986,9868556,14513420
1790485988,10458848,14513420
1790485990,10518136,14513420
1790485992,9022280,14513420
1790485994,9016008,14513420
1790485996,10224596,14513420
1790485998,10215388,14513420
1790486000,9492000,14513420
1790486002,10444800,14513420
1790486004,10571804,14513420
1790486006,10630740,14513420
1790486008,9402552,14513420
1790486010,10438936,14513420
1790486012,10464044,14513420
1790486014,10560156,14513420
1790486016,9437312,14513420
1790486018,10400152,14513420
1790486020,10468456,14513420
1790486022,10619212,14513420
1790486024,9447984,14513420
1790486026,10404096,14513420
1790486028,10435828,14513420
1790486030,9336332,14513420
1790486032,10163940,14513420
1790486034,8961212,14513420
1790486036,10154508,14513420
1790486038,8918084,14513420
1790486040,9595628,14513420
1790486042,10470888,14513420
1790486044,10498288,14513420
1790486046,9565176,14513420
1790486048,10489284,14513420
1790486050,10520176,14513452
1790486052,10542516,14513452
1790486054,9691312,14513452
1790486056,10475440,14513452
1790486058,10505668,14513452
1790486060,10528900,14513456
1790486062,9834900,14513456
1790486064,10570224,14513456
1790486066,10562556,14513456
1790486068,10480880,14513456
1790486070,9096604,14513456
1790486072,8934144,14513456
1790486074,10146328,14513456
1790486076,10255264,14513456
1790486078,8828608,14513456
1790486080,10474408,14513456
1790486082,10484484,14513456
1790486084,9418888,14513456
1790486086,9298824,14513456
1790486088,10403684,14513456
1790486090,10416204,14513456
1790486092,9399692,14513456
1790486094,9288404,14513456
1790486096,10419144,14513456
1790486098,10474748,14513456
1790486100,9481496,14513456
1790486102,9377924,14513456
1790486104,10512412,14513456
1790486106,10525956,14513456
1790486108,9499768,14513456
1790486110,10157696,14513456
1790486112,9552384,14513456
1790486114,10366624,14513456
1790486116,10006928,14513456
1790486118,10537600,14513456
1790486120,10556704,14513456
1790486122,10584676,14513456
1790486124,10361060,14513456
1790486126,10518376,14513456
1790486128,10546608,14513456
1790486130,10669740,14513456
1790486132,10379156,14513456
1790486134,10432228,14513456
1790486136,10436228,14513456
1790486138,10510368,14513456
1790486140,10359196,14513456
1790486142,10412680,14513456
1790486144,10436160,14513456
1790486146,10578660,14513456
1790486148,9220824,14513456
1790486150,9049764,14513456
1790486152,10122984,14513456
1790486154,9423340,14513456
1790486156,9361716,14513456
1790486158,10450916,14513456
1790486160,10522200,14513456
1790486162,9230792,14513456
1790486164,9619472,14513456
1790486166,10526336,14513456
1790486168,10603428,14513456
1790486170,9223380,14513456
1790486172,9869040,14513456
1790486174,10493792,14513456
1790486176,10584928,14513456
1790486178,9255408,14513456
1790486180,9948552,14513456
1790486182,10472112,14513456
1790486184,10695792,14513456
1790486186,9055536,14513456
1790486188,8912552,14513456
1790486190,10137328,14513456
1790486192,10234788,14513456
1790486194,9414328,14513456
1790486196,10404996,14513456
1790486198,10514096,14513456
1790486200,10616904,14513456
1790486202,9449384,14513464
1790486204,10418608,14513464
1790486206,10449900,14513464
1790486208,10618280,14513464
1790486210,9435764,14513464
1790486212,10460044,14513464
1790486214,10469648,14513464
1790486216,10608748,14513464
1790486218,9262256,14513464
1790486220,10494388,14513464
1790486222,10540808,14513464
1790486224,9584304,14513464
1790486226,10261760,14513464
1790486228,9036048,14513464
1790486230,10255232,14513464
1790486232,9295304,14513464
1790486234,10557708,14513464
1790486236,10592772,14513464
1790486238,10624640,14513464
1790486240,9839076,14513464
1790486242,10528980,14513464
1790486244,10583920,14513464
1790486246,10602088,14513464
1790486248,10113148,14513464
1790486250,10394260,14513464
1790486252,10445812,14513464
1790486254,10578968,14513464
1790486256,10073732,14513464
1790486258,10423488,14513464
1790486260,10423040,14513464
1790486262,10535500,14513464
1790486264,8953612,14513464
1790486266,8955324,14513464
1790486268,10170820,14513464
1790486270,9418308,14513464
1790486272,8887148,14513464
1790486274,10377656,14513464
1790486276,10460724,14513464
1790486278,9446428,14513464
1790486280,9398220,14513464
1790486282,10553892,14513464
1790486284,10582548,14513464
1790486286,9501572,14513464
1790486288,9538732,14513464
1790486290,10553624,14513464
1790486292,10588068,14513464
1790486294,9519604,14513464
1790486296,9567228,14513464
1790486298,10470152,14513464
1790486300,10587312,14513464
1790486302,9020696,14513464
1790486304,9002572,14513464
1790486306,10310520,14513464
1790486308,10309048,14513464
1790486310,10328696,14513464
1790486312,10453468,14513464
1790486314,10456064,14513464
1790486316,10507500,14513464
1790486318,10595700,14513464
1790486320,10421176,14513464
1790486322,10474924,14513464
1790486324,10603732,14513464
1790486326,9425388,14513464
1790486329,10427544,14513464
1790486331,10443872,14513464
1790486333,10650028,14513464
1790486335,9434236,14513464
1790486337,10445744,14513464
1790486339,10476092,14513464
1790486341,9181024,14513464
1790486343,10158724,14513464
1790486345,8999972,14513464
1790486347,10249948,14513464
1790486349,9360324,14513464
1790486351,9713112,14513464
1790486353,10507208,14513464
1790486355,10529420,14513464
1790486357,9357232,14513464
1790486359,9934248,14513464
1790486361,10484224,14513464
1790486363,10638396,14513464
1790486365,9423360,14513464
1790486367,9967952,14513464
1790486369,10433912,14513464
1790486371,10517536,14513464
1790486373,9639064,14513464
1790486375,10363472,14513464
1790486377,10440960,14513464
1790486379,10521896,14513464
1790486381,8929796,14513468
1790486383,8930084,14513468
1790486385,10137192,14513468
1790486387,10227184,14513468
1790486389,8928404,14513468
1790486391,10405412,14513468
1790486393,10409856,14513468
1790486395,9436708,14513468
1790486397,9242640,14513468
1790486399,10397096,14513468
1790486401,10504248,14513468
1790486403,9512564,14513468
1790486405,9355980,14513468
1790486407,10499408,14513468
1790486409,10531748,14513468
1790486411,9503096,14513468
1790486413,9385152,14513468
1790486415,10499292,14513468
1790486417,10644988,14513468
1790486419,9033292,14513468
1790486421,9561020,14513472
1790486423,9552128,14513472
1790486425,10257504,14513472
1790486427,10191952,14513472
1790486429,10359680,14513472
1790486431,10379456,14513472
1790486433,10506960,14513472
1790486435,10267752,14513472
1790486437,10390424,14513472
1790486439,10468152,14513472
1790486441,10578052,14513472
1790486443,10273256,14513472
1790486445,10340212,14513472
1790486447,10406104,14513472
1790486449,10537932,14513472
1790486451,10351624,14513472
1790486453,10378260,14513472
1790486455,10397656,14513472
1790486457,8048836,14513472
1790486459,8212504,14513472
1790486461,8728328,14513472
1790486463,8975144,14513472
1790486465,8809436,14513472
1790486467,8810232,14513472
1790486469,8792756,14513472
1790486471,8726312,14513472
1790486473,8784276,14513472
1790486475,8977936,14513472
1790486477,10059644,14513472
1790486479,8243756,14513472
1790486481,8989556,14513472
1790486483,10221180,14513472
1790486485,9015688,14513472
1790486487,11228904,14513472
1790486489,11199760,14513472
1790486491,9385684,14513472
1790486493,9827996,14513472
1790486495,10461872,14513472
1790486497,10468608,14513472
1790486499,9256992,14513472
1790486501,9825904,14513472
1790486503,10420224,14513472
1790486505,10540476,14513472
1790486507,9441604,14513472
1790486509,9869456,14513472
1790486511,10420960,14513472
1790486513,10574032,14513472
1790486515,9553832,14513472
1790486517,9869312,14513472
1790486519,10432732,14513472
1790486521,10627312,14513472
1790486523,9037584,14513472
1790486525,9027020,14513472
1790486527,10210636,14513472
1790486529,10301688,14513472
1790486531,9489516,14513472
1790486533,10570316,14513472
1790486535,10582780,14513472
1790486537,10643760,14513472
1790486539,9447804,14513472
1790486541,10557056,14513472
1790486543,10641736,14513472
1790486545,9494768,14513472
1790486547,9334880,14513472
1790486549,10373492,14513472
1790486551,10489832,14513472
1790486553,9397608,14513472
1790486555,9287812,14513472
1790486557,10417672,14513472
1790486559,10472012,14513472
1790486561,8958992,14513472
1790486563,10149384,14513472
1790486565,9052536,14513472
1790486567,10121692,14513472
1790486569,9949348,14513472
1790486571,10318632,14513472
1790486573,10514536,14513472
1790486575,10522752,14513472
1790486577,10191272,14513472
1790486579,10431052,14513472
1790486581,10512384,14513472
1790486583,10595044,14513472
1790486585,10298564,14513472
1790486587,10484320,14513472
1790486589,10498684,14513472
1790486591,10639336,14513472
1790486593,10341616,14513472
1790486595,10498660,14513472
1790486597,10509528,14513472
1790486599,10584952,14513472
1790486601,9016696,14513472
1790486603,9043980,14513472
1790486605,10221272,14513472
1790486607,9529472,14513472
1790486609,8792908,14513472
1790486611,10370880,14513472
1790486613,10517768,14513472
1790486615,9432236,14513472
1790486617,9480964,14513472
1790486619,10448132,14513472
1790486621,10481452,14513472
1790486623,9269208,14513472
1790486625,9643900,14513472
1790486627,10381596,14513472
1790486629,10530340,14513472
1790486631,9023512,14513472
1790486633,9634460,14513472
1790486635,10425432,14513472
1790486637,10451888,14513472
1790486639,8938616,14513472
1790486641,9028648,14513476
1790486643,10198028,14513476
1790486645,10237080,14513476
1790486647,10552184,14513476
1790486649,10381840,14513476
1790486651,10429160,14513476
1790486653,10617832,14513476
1790486655,9692796,14513476
1790486657,10501888,14513476
1790486659,10530208,14513476
1790486661,10686192,14513476
1790486663,9540168,14513476
1790486665,10517360,14513476
1790486667,10549920,14513476
1790486669,10590488,14513476
1790486671,9457904,14513476
1790486673,10429804,14513476
1790486675,10469632,14513476
1790486677,9302760,14513476
1790486679,10112608,14513476
1790486681,8935952,14513476
1790486683,10125064,14513476
1790486685,8745644,14513476
1790486687,9654748,14513476
1790486689,10461360,14513476
1790486691,10461388,14513476
1790486693,9240192,14513476
1790486695,9886144,14513476
1790486697,10457208,14513476
1790486699,10465468,14513476
1790486701,9498844,14513500
1790486703,9918780,14513500
1790486705,10468032,14513500
1790486707,10581528,14513500
1790486709,9539808,14513500
1790486711,9957404,14513500
1790486713,10518464,14513500
1790486715,10526492,14513500
1790486717,9023756,14513500
1790486719,9031068,14513500
1790486721,10198136,14513500
1790486723,10347160,14513500
1790486725,9507144,14513500
1790486727,10538036,14513500
1790486729,10495972,14513500
1790486731,10500136,14513500
1790486733,9159984,14513500
1790486735,10391300,14513500
1790486737,10440136,14513500
1790486739,10524296,14513500
1790486741,9197004,14513500
1790486743,10382272,14513500
1790486745,10384928,14513500
1790486747,10483328,14513500
1790486749,9326348,14513500
1790486751,10408096,14513500
1790486753,10449048,14513500
1790486755,9176688,14513500
1790486757,10122788,14513500
1790486759,8955000,14513500
1790486761,10390136,14513500
1790486763,9523568,14513500
1790486765,10543712,14513500
1790486767,10556096,14513500
1790486769,10551864,14513500
1790486771,9897792,14513500
1790486773,10462980,14513500
1790486775,10470964,14513500
1790486777,10636012,14513500
1790486779,10231820,14513500
1790486781,10486788,14513500
1790486783,10491608,14513500
1790486785,10536256,14513500
1790486787,10295540,14513500
1790486789,10387904,14513500
1790486791,10410812,14513500
1790486793,10453580,14513500
1790486795,8923180,14513500
1790486797,8916372,14513500
1790486799,10085012,14513500
1790486801,9420588,14513500
1790486803,8839572,14513500
1790486805,10493928,14513500
1790486807,10506776,14513500
1790486809,9441876,14513500
1790486811,9472468,14513500
1790486813,10421508,14513500
1790486815,10433196,14513500
1790486817,9434700,14513500
1790486819,9510828,14513500
1790486821,10562676,14513500
1790486823,10576900,14513500
1790486825,9431540,14513500
1790486827,9719684,14513500
1790486829,10512912,14513500
1790486831,10533548,14513500
1790486833,9238936,14513500
1790486835,9175624,14513500
1790486837,10195276,14513500
1790486839,10231928,14513500
1790486841,10490680,14513500
1790486843,10441712,14513500
1790486845,10509832,14513500
1790486847,10586676,14513500
1790486849,9414436,14513500
1790486851,10409024,14513500
1790486853,10458204,14513500
1790486855,10582760,14513500
1790486857,9424448,14513500
1790486859,10425688,14513500
1790486861,10472828,14513500
1790486863,10619968,14513500
1790486865,9433932,14513500
1790486867,10432864,14513500
1790486869,10477868,14513500
1790486871,9461680,14513500
1790486873,10125924,14513500
1790486875,9171932,14513500
1790486877,10104688,14513500
1790486879,8875568,14513500
1790486881,9717288,14513500
1790486883,10538048,14513500
1790486885,10570988,14513500
1790486887,9370896,14513500
1790486889,9978788,14513500
1790486891,10593276,14513500
1790486893,10591548,14513500
1790486895,9439392,14513500
1790486897,9967160,14513500
1790486899,10488872,14513500
1790486901,10657424,14513500
1790486903,9532404,14513500
1790486905,10483224,14513500
1790486907,10537616,14513500
1790486909,10514716,14513500
1790486911,9342476,14513500
1790486913,9091944,14513500
1790486915,10100476,14513500
1790486917,10166880,14513500
1790486919,9014328,14513500
1790486921,10361016,14513500
1790486923,10488176,14513500
1790486925,9680484,14513500
1790486927,9333772,14513500
1790486929,10481876,14513500
1790486931,10510284,14513500
1790486933,9425236,14513500
1790486935,9260548,14513500
1790486937,10491880,14513500
1790486939,10510184,14513500
1790486941,9491348,14513500
1790486943,9358012,14513500
1790486945,10490436,14513500
1790486947,10533248,14513500
1790486949,9139504,14513500
1790486951,9870876,14513500
1790486953,9469816,14513500
1790486955,10228352,14513500
1790486957,10252976,14513500
1790486959,10533576,14513500
1790486961,10544492,14513500
1790486963,10548784,14513500
1790486965,10382984,14513500
1790486967,10528448,14513500
1790486969,10443304,14513500
1790486971,10506952,14513500
1790486973,10264956,14513500
1790486975,10369556,14513500
1790486977,10443232,14513500
1790486979,10530948,14513500
1790486981,10384468,14513500
1790486983,10380072,14513500
1790486985,10479088,14513500
1790486987,7984808,14513500
1790486989,8204560,14513500
1790486991,8697940,14513500
1790486993,8785200,14513500
1790486995,8704348,14513500
1790486997,8718732,14513500
1790486999,8772616,14513500
1790487001,8830592,14513500
1790487003,8827012,14513500
1790487005,9321828,14513500
1790487007,9814656,14513500
1790487009,6418496,14513500
1790487011,9004760,14513500
1790487013,10263796,14513500
1790487015,9044656,14513500
1790487017,10227364,14513500
1790487019,11256484,14513500
1790487021,9271968,14513500
1790487023,9663160,14513500
1790487025,10582580,14513500
1790487027,10579808,14513500
1790487029,9153564,14513500
1790487031,9799220,14513500
1790487033,10402308,14513500
1790487035,10525684,14513500
1790487037,9271360,14513500
1790487039,9834740,14513500
1790487041,10391804,14513500
1790487043,10437508,14513500
1790487045,9298512,14513500
1790487047,9833412,14513500
1790487049,10404764,14513500
1790487051,10490032,14513500
1790487053,8921004,14513500
1790487055,8910404,14513500
1790487057,10145916,14513500
1790487059,10242424,14513500
1790487061,9488232,14513500
1790487063,10469184,14513500
1790487065,10538564,14513500
1790487067,10657428,14513500
1790487069,9527384,14513500
1790487071,10498880,14513500
1790487073,10545820,14513500
1790487075,10601292,14513500
1790487077,9503660,14513500
1790487079,10454284,14513500
1790487082,10495984,14513500
1790487084,10677048,14513500
1790487086,9315600,14513500
1790487088,10476316,14513500
1790487090,10431564,14513500
1790487092,9493716,14513500
1790487094,10252552,14513500
1790487096,8916756,14513500
1790487098,10144012,14513500
1790487100,9480648,14513500
1790487102,10318696,14513500
1790487104,10443696,14513500
1790487106,10492436,14513500
1790487108,9743596,14513500
1790487110,10447272,14513500
1790487112,10451420,14513500
1790487114,10584780,14513500
1790487116,9977888,14513500
1790487118,10397928,14513500
1790487120,10484936,14513500
1790487122,10617528,14513500
1790487124,10313912,14513500
1790487126,10543948,14513500
1790487128,10550892,14513500
1790487130,10638564,14513500
1790487132,9016868,14513500
1790487134,9016680,14513500
1790487136,10211596,14513500
1790487138,9484248,14513500
1790487140,9099236,14513500
1790487142,10502524,14513500
1790487144,10524112,14513500
1790487146,9492932,14513500
1790487148,9585452,14513500
1790487150,10473140,14513500
1790487152,10471288,14513500
1790487154,9399396,14513500
1790487156,9431492,14513500
1790487158,10436476,14513500
1790487160,10468900,14513500
1790487162,9160548,14513500
1790487164,9632568,14513500
1790487166,10453044,14513500
1790487168,10493196,14513500
1790487170,8933308,14513500
1790487172,8935940,14513500
1790487174,10225380,14513500
1790487176,10287144,14513500
1790487178,10366764,14513500
1790487180,10559632,14513500
1790487182,10563288,14513500
1790487184,10568376,14513500
1790487186,10321460,14513500
1790487188,10518124,14513500
1790487190,10525456,14513500
1790487192,10655548,14513500
1790487194,9514352,14513500
1790487196,10577888,14513500
1790487198,10610340,14513500
1790487200,10730324,14513500
1790487202,9513708,14513500
1790487204,10479448,14513500
1790487206,10533988,14513500
1790487208,9654088,14513500
1790487210,9255400,14513500
1790487212,8936672,14513500
1790487214,10209116,14513500
1790487216,9069012,14513500
1790487218,9615724,14513500
1790487220,10444652,14513500
1790487222,10505228,14513500
1790487224,9234932,14513500
1790487226,9838692,14513500
1790487228,10481152,14513500
1790487230,10563408,14513500
1790487232,9343708,14513500
1790487234,9848320,14513500
1790487236,10413500,14513500
1790487238,10507468,14513500
1790487240,9427568,14513500
1790487242,9943420,14513500
1790487244,10493108,14513500
1790487246,10547972,14513500
1790487248,9025196,14513500
1790487250,9014696,14513500
1790487252,10198724,14513500
1790487254,10242520,14513500
1790487256,9479312,14513500
1790487258,10580772,14513500
1790487260,10572056,14513500
1790487262,10600716,14513500
1790487264,9435456,14513500
1790487266,10490772,14513500
1790487268,10550012,14513500
1790487270,9522660,14513500
1790487272,9323024,14513500
1790487274,10434016,14513500
1790487276,10445208,14513500
1790487278,9440152,14513500
1790487280,9301028,14513500
1790487282,10429876,14513500
1790487284,10443188,14513500
1790487286,8995820,14513500
1790487288,10071884,14513500
1790487290,9107708,14513500
1790487292,10154080,14513500
1790487294,9936700,14513500
1790487296,10387536,14513500
1790487298,10466120,14513500
1790487300,10570944,14513500
1790487302,10258148,14513500
1790487304,10489652,14513500
1790487306,10496032,14513500
1790487308,10618140,14513500
1790487310,10428924,14513500
1790487312,10448860,14513500
1790487314,10483952,14513500
1790487316,10730504,14513500
1790487318,10624100,14513500
1790487320,10486140,14513500
1790487322,10491976,14513500
1790487324,10650480,14513500
1790487326,9025656,14513500
1790487328,9026276,14513500
1790487330,10143192,14513500
1790487332,9398564,14513500
1790487334,9455732,14513500
1790487336,10336944,14513500
1790487338,10464524,14513500
1790487340,9224052,14513500
1790487342,9775224,14513500
1790487344,10378252,14513500
1790487346,10404016,14513500
1790487348,9059684,14513500
1790487350,9850740,14513500
1790487352,10571064,14513512
1790487354,10528304,14513512
1790487356,9303676,14513512
1790487358,9887536,14513512
1790487360,10475052,14513516
1790487362,10545160,14513516
1790487364,8973704,14513516
1790487366,8994788,14513516
1790487368,10195648,14513516
1790487370,10360544,14513516
1790487372,9494360,14513516
1790487374,10435648,14513516
1790487376,10525076,14513516
1790487378,10543136,14513516
1790487380,9499200,14513516
1790487382,10505996,14513516
1790487384,10508884,14513516
1790487386,10611292,14513516
1790487388,9493520,14513516
1790487390,10424760,14513516
1790487392,10496036,14513516
1790487394,10671776,14513516
1790487396,9446104,14513516
1790487398,10425068,14513516
1790487400,10433008,14513516
1790487402,9146976,14513516
1790487404,10161268,14513516
1790487406,8956324,14513516
1790487408,10186788,14513516
1790487410,9296988,14513516
1790487412,10441852,14513516
1790487414,10446208,14513516
1790487416,10498392,14513516
1790487418,9663432,14513516
1790487420,10483156,14513516
1790487422,10480632,14513516
1790487424,10571772,14513516
1790487426,9927496,14513516
1790487428,10454844,14513516
1790487430,10521504,14513516
1790487432,10579040,14513516
1790487434,10234156,14513516
1790487436,10508580,14513516
1790487438,10512084,14513516
1790487440,7793896,14513516
1790487442,7806588,14513516
1790487444,8890040,14513516
1790487446,8803560,14513516
1790487448,8650960,14513516
1790487450,8612304,14513516
1790487452,8606588,14513516
1790487454,8488704,14513516
1790487456,8531168,14513516
1790487458,8746956,14513516
1790487460,9731420,14513516
1790487462,6464160,14513516
1790487464,8942940,14513516
1790487466,9976728,14513516
1790487468,8939224,14513516
1790487470,10136608,14513516
1790487472,11271368,14513516
1790487474,8775424,14513516
1790487476,9354936,14513516
1790487478,10459992,14513516
1790487480,10571872,14513516
1790487482,9295280,14513516
1790487484,9896920,14513516
1790487486,10521884,14513516
1790487488,10562628,14513516
1790487490,9112456,14513516
1790487492,9901728,14513516
1790487494,10502044,14513516
1790487496,10521352,14513516
1790487498,9158384,14513516
1790487500,9960380,14513516
1790487502,10479124,14513516
1790487504,10521624,14513516
1790487506,9012188,14513516
1790487508,8887780,14513516
1790487510,10108848,14513516
1790487512,10106812,14513516
1790487514,9403324,14513516
1790487516,10303096,14513516
1790487518,10480840,14513516
1790487520,10517200,14513516
1790487522,9444324,14513516
1790487524,10426680,14513516
1790487526,10445664,14513516
1790487528,10509332,14513516
1790487530,9454572,14513516
1790487532,10472604,14513516
1790487534,10469580,14513516
1790487536,10510232,14513516
1790487538,9415612,14513516
1790487540,10509012,14513516
1790487542,10528872,14513516
1790487544,9599980,14513516
1790487546,10192344,14513516
1790487548,9020656,14513516
1790487550,10194488,14513516
1790487552,9037044,14513516
1790487554,9535640,14513516
1790487556,10481364,14513516
1790487558,10538084,14513516
1790487560,9435444,14513516
1790487562,10572244,14513516
1790487564,10573244,14513516
1790487566,10572684,14513516
1790487568,9749256,14513516
1790487570,10392332,14513516
1790487572,10437116,14513516
1790487574,10516504,14513516
1790487576,10006280,14513516
1790487578,10405336,14513516
1790487580,10436728,14513516
1790487582,10524456,14513516
1790487584,8931816,14513516
1790487586,8935832,14513516
1790487588,10198096,14513516
1790487590,9414580,14513516
1790487592,8744000,14513516
1790487594,10464784,14513516
1790487596,10546360,14513516
1790487598,9395096,14513516
1790487600,9406016,14513516
1790487602,10509452,14513516
1790487604,10532984,14513516
1790487606,9512884,14513516
1790487608,9432704,14513516
1790487610,10510004,14513516
1790487612,10578980,14513516
1790487614,9505804,14513516
1790487616,9609432,14513516
1790487618,10510892,14513516
1790487620,10522580,14513516
1790487622,9207940,14513516
1790487624,9296144,14513516
1790487626,10179736,14513516
1790487628,10153536,14513516
1790487630,10400084,14513516
1790487632,10473928,14513516
1790487634,10477620,14513516
1790487636,10508364,14513516
1790487638,10456668,14513516
1790487640,10401448,14513516
1790487642,10417052,14513516
1790487644,10594248,14513516
1790487646,10648364,14513516
1790487648,10425024,14513516
1790487650,10414940,14513516
1790487652,10552460,14513516
1790487654,10621584,14513516
1790487656,10383204,14513516
1790487658,10435732,14513516
1790487660,9290088,14513516
1790487662,9233856,14513516
1790487664,9355984,14513516
1790487666,10193056,14513516
1790487668,9017568,14513516
1790487670,9587528,14513516
1790487672,10491404,14513516
1790487674,10603440,14513516
1790487676,9206920,14513516
1790487678,9844708,14513516
1790487680,10533240,14513516
1790487682,10603688,14513516
1790487684,9269864,14513516
1790487686,9811228,14513516
1790487688,10466120,14513516
1790487690,10512884,14513516
1790487692,9156356,14513516
1790487694,9873208,14513516
1790487696,10423792,14513516
1790487698,10510940,14513516
1790487700,8992096,14513516
1790487702,9087048,14513516
1790487704,10122504,14513516
1790487706,10183416,14513516
1790487708,9423108,14513516
1790487710,10374656,14513516
1790487712,10541712,14513516
1790487714,10577356,14513516
1790487716,9432140,14513516
1790487718,10445960,14513516
1790487720,10538124,14513516
1790487722,10610392,14513516
1790487724,9508820,14513516
1790487726,10475336,14513516
1790487728,10544336,14513516
1790487730,10652616,14513516
1790487732,9438676,14513516
1790487734,10488796,14513516
1790487736,10578680,14513516
1790487738,9570500,14513516
1790487740,10193816,14513516
1790487742,9064408,14513516
1790487744,10205000,14513516
1790487746,9536140,14513516
1790487748,10362504,14513516
1790487750,10500696,14513516
1790487752,10544320,14513516
1790487754,9935428,14513516
1790487756,10436556,14513516
1790487758,10430684,14513516
1790487760,10554344,14513516
1790487762,10299752,14513516
1790487764,10467728,14513516
1790487766,10456120,14513516
1790487768,10488072,14513516
1790487770,10238640,14513516
1790487772,10485872,14513516
1790487774,10483384,14513516
1790487776,10527180,14513516
1790487778,8964336,14513516
1790487780,9027216,14513516
1790487782,10336772,14513516
1790487784,9500504,14513516
1790487786,8841852,14513516
1790487788,10506988,14513516
1790487790,10559052,14513516
1790487792,9496900,14513516
1790487794,9613072,14513516
1790487796,10520504,14513516
1790487798,10572540,14513516
1790487800,9372828,14513516
1790487802,9755752,14513516
1790487804,10501772,14513516
1790487806,10596740,14513516
1790487808,9326340,14513516
1790487810,9669852,14513516
1790487812,10418080,14513516
1790487814,9938996,14513516
1790487816,7487228,14513516
1790487818,9251512,14513516
1790487820,8789992,14513516
1790487822,8786232,14513516
1790487824,8761128,14513516
1790487826,8761068,14513516
1790487828,8734076,14513516
1790487830,8780224,14513516
1790487832,8850428,14513516
1790487834,9767088,14513516
1790487836,5255324,14513516
1790487839,10018952,14513516
1790487841,9033924,14513516
1790487843,9031440,14513516
1790487845,9640184,14513516
1790487847,11208348,14513516
1790487849,9752320,14513516
1790487851,9146576,14513516
1790487853,10541452,14513516
1790487855,10613036,14513516
1790487857,10624204,14513516
1790487859,9426240,14513516
1790487861,10573440,14513516
1790487863,10590796,14513516
1790487865,9704076,14513516
1790487867,9247528,14513516
1790487869,10452740,14513516
1790487871,10490432,14513516
1790487873,9426756,14513516
1790487875,9278316,14513516
1790487877,10434696,14513516
1790487879,10472156,14513516
1790487881,8988028,14513516
1790487883,10153648,14513516
1790487885,9104400,14513516
1790487887,10149220,14513516
1790487889,9898088,14513516
1790487891,10418764,14513516
1790487893,10447124,14513516
1790487895,10544552,14513516
1790487897,10302136,14513516
1790487899,10433564,14513516
1790487901,10518180,14513516
1790487903,10624100,14513516
1790487905,10390472,14513516
1790487907,10491216,14513516
1790487909,10544068,14513516
1790487911,10645684,14513516
1790487913,10537460,14513516
1790487915,10542268,14513516
1790487917,10545856,14513516
1790487919,10564356,14513516
1790487921,9025444,14513516
1790487923,9026248,14513516
1790487925,10266832,14513516
1790487927,9490284,14513516
1790487929,9410948,14513516
1790487931,10476660,14513516
1790487933,10505600,14513516
1790487935,9248760,14513516
1790487937,9715676,14513516
1790487939,10437836,14513516
1790487941,10569696,14513516
1790487943,9305840,14513516
1790487945,9762760,14513516
1790487947,10433160,14513516
1790487949,10506692,14513516
1790487951,9222328,14513516
1790487953,9858292,14513516
1790487955,10410800,14513516
1790487957,10482044,14513516
1790487959,8933624,14513516
1790487961,9000444,14513516
1790487963,10173308,14513516
1790487965,10419048,14513516
1790487967,9469140,14513516
1790487969,10524780,14513516
1790487971,10532560,14513516
1790487973,10616148,14513516
1790487975,9524760,14513516
1790487977,10515096,14513516
1790487979,10610372,14513516
1790487981,10776808,14513516
1790487983,9527760,14513516
1790487985,10463708,14513516
1790487987,10538816,14513516
1790487989,10602028,14513516
1790487991,9424248,14513516
1790487993,10432732,14513516
1790487995,10436416,14513516
1790487997,9519812,14513516
1790487999,10130168,14513516
1790488001,8918012,14513516
1790488003,10138304,14513516
1790488005,9294500,14513516
1790488007,9605956,14513516
1790488009,10438464,14513516
1790488011,10498444,14513516
1790488013,9339724,14513516
1790488015,10416876,14513516
1790488017,10439192,14513516
1790488019,10518000,14513516
1790488021,9633792,14513516
1790488023,10500656,14513516
1790488025,10498764,14513516
1790488027,10546412,14513516
1790488029,9926528,14513516
1790488031,10465588,14513516
1790488033,10464160,14513516
1790488035,10590400,14513516
1790488037,9022400,14513516
1790488039,9016648,14513516
1790488041,10219484,14513516
1790488043,9742040,14513516
1790488045,9067036,14513516
1790488047,10569572,14513516
1790488049,10518896,14513516
1790488051,9450972,14513516
1790488053,9300688,14513516
1790488055,10432332,14513516
1790488057,10443536,14513516
1790488059,9443524,14513516
1790488061,9276064,14513516
1790488063,10452468,14513516
1790488065,10534240,14513516
1790488067,9444236,14513516
1790488069,9457132,14513516
1790488071,10454508,14513516
1790488073,10524056,14513516
1790488075,8963056,14513516
1790488077,8938288,14513516
1790488079,10134600,14513516
1790488081,10218852,14513516
1790488083,10328544,14513516
1790488085,10448204,14513516
1790488087,10519656,14513516
1790488089,10578488,14513516
1790488091,10473044,14513516
1790488093,10497292,14513516
1790488095,10535712,14513516
1790488097,10751428,14513516
1790488099,10499028,14513516
1790488101,10480468,14513516
1790488103,10635268,14513516
1790488105,10761124,14513516
1790488107,10697856,14513516
1790488109,10413592,14513516
1790488111,10395948,14513516
1790488113,7911248,14513516
1790488115,8589612,14513516
1790488117,8820716,14513516
1790488119,8654428,14513516
1790488121,8576212,14513516
1790488123,8612032,14513516
1790488125,8539896,14513516
1790488127,8621284,14513516
1790488129,8630332,14513516
1790488131,8874172,14513516
1790488133,10796492,14513516
1790488135,8968044,14513516
1790488137,8894132,14513516
1790488139,10137700,14513516
1790488141,9017672,14513516
1790488143,11200860,14513516
1790488145,11245480,14513516
1790488147,9762812,14513516
1790488149,9917948,14513516
1790488151,10566060,14513516
1790488153,10572296,14513516
1790488155,9489304,14513516
1790488157,10492316,14513516
1790488159,10504100,14513516
1790488161,10637864,14513516
1790488163,9893116,14513516
1790488165,10469232,14513516
1790488167,10473756,14513516
1790488169,10549456,14513516
1790488171,9914840,14513516
1790488173,10369648,14513516
1790488175,10393904,14513516
1790488177,10462664,14513516
1790488179,8926348,14513516
1790488181,8911616,14513516
1790488183,10121252,14513516
1790488185,9429628,14513516
1790488187,8864984,14513516
1790488189,10440028,14513516
1790488191,10442356,14513516
1790488193,9433164,14513516
1790488195,9349300,14513516
1790488197,10430580,14513516
1790488199,10494512,14513516
1790488201,9508004,14513516
1790488203,9616364,14513516
1790488205,10498132,14513516
1790488207,10544028,14513516
1790488209,9504452,14513516
1790488211,9544708,14513676
1790488213,10533948,14513676
1790488215,10536588,14513676
1790488217,9007148,14513676
1790488219,8999368,14513676
1790488221,10187584,14513676
1790488223,10254828,14513676
1790488225,10485884,14513676
1790488227,10453996,14513676
1790488229,10407512,14513676
1790488231,10472024,14513676
1790488233,10429160,14513676
1790488235,10428868,14513676
1790488237,10429084,14513676
1790488239,10512720,14513676
1790488241,9405840,14513676
1790488243,10366816,14513676
1790488245,10406604,14513676
1790488247,10516072,14513676
1790488249,9410524,14513676
1790488251,10409044,14513744
1790488253,10426948,14513744
1790488255,9504872,14513744
1790488257,9503488,14513744
1790488259,8928396,14513744
1790488261,10186224,14513744
1790488263,8918220,14513744
1790488265,9809156,14513744
1790488267,10516572,14513744
1790488269,10565816,14513744
1790488271,9251260,14513744
1790488273,9987412,14513744
1790488275,10520832,14513744
1790488277,10631284,14513744
1790488279,9224816,14513744
1790488281,9967788,14513744
1790488283,10489420,14513744
1790488285,10584396,14513744
1790488287,9373584,14513744
1790488289,9873420,14513744
1790488291,10434064,14513744
1790488293,10547852,14513744
1790488295,8944008,14513744
1790488297,8941960,14513744
1790488299,10107088,14513744
1790488301,10137796,14513744
1790488303,9412444,14513744
1790488305,10382856,14513744
1790488307,10439728,14513744
1790488309,10452664,14513744
1790488311,9402404,14513744
1790488313,10437664,14513744
1790488315,10461644,14513744
1790488317,10515320,14513744
1790488319,9362512,14513744
1790488321,10502460,14513744
1790488323,10511864,14513744
1790488325,10647876,14513744
1790488327,9267636,14513744
1790488329,10509564,14513744
1790488331,10525028,14513744
1790488333,9239228,14513744
1790488335,10209952,14513744
1790488337,9236608,14513744
1790488339,10240656,14513744
1790488341,9479532,14513744
1790488343,10517740,14513744
1790488345,10565380,14513744
1790488347,10560768,14513744
1790488349,9920176,14513744
1790488351,10395128,14513744
1790488353,10388776,14513744
1790488355,10452464,14513744
1790488357,10170000,14513744
1790488359,10453072,14513744
1790488361,10461092,14513744
1790488363,10534644,14513744
1790488365,10316704,14513744
1790488367,10412744,14513744
1790488369,10426104,14513744
1790488371,10586024,14513744
1790488373,9462772,14513744
1790488375,9254876,14513744
1790488377,10166768,14513744
1790488379,9429744,14513744
1790488381,9173704,14513744
1790488383,10582464,14513744
1790488385,10570268,14513744
1790488387,9510808,14513744
1790488389,9592692,14513744
1790488391,10530152,14513744
1790488393,10675488,14513744
1790488395,9511192,14513744
1790488397,9578624,14513744
1790488399,10642688,14513744
1790488401,10640576,14513744
1790488403,9432072,14513744
1790488405,9741872,14513744
1790488407,10518412,14513744
1790488409,10486276,14513744
1790488411,9323944,14513744
1790488413,9083816,14513744
1790488415,10122032,14513744
1790488417,10188456,14513744
1790488419,10370316,14513744
1790488421,10463508,14513744
1790488423,10475440,14513744
1790488425,10480588,14513744
1790488427,10552420,14513744
1790488429,10440208,14513744
1790488431,10470672,14513744
1790488433,10504536,14513744
1790488435,9435104,14513744
1790488437,10462468,14513744
1790488439,10487836,14513744
1790488441,10657736,14513744
1790488443,9514580,14513744
1790488445,10514524,14513744
1790488447,10546632,14513744
1790488449,9570256,14513744
1790488451,9369504,14513744
1790488453,9243316,14513744
1790488455,10236080,14513744
1790488457,9024508,14513744
1790488459,9794388,14513744
1790488461,10559692,14513744
1790488463,10592652,14513744
1790488465,9372900,14513744
1790488467,9987604,14513744
1790488469,10455748,14513744
1790488471,10486080,14513744
1790488473,9178076,14513744
1790488475,9853072,14513744
1790488477,10381860,14513744
1790488479,10476384,14513744
1790488481,9140300,14513744
1790488483,9897620,14513744
1790488485,10415048,14513744
1790488487,8028300,14513744
1790488489,7529048,14513744
1790488491,9238316,14513744
1790488493,8845300,14513744
1790488495,8793216,14513744
1790488497,8713208,14513744
1790488499,8733724,14513744
1790488501,8820160,14513744
1790488503,8775632,14513744
1790488505,9007808,14513744
1790488507,10147932,14513744
1790488509,4553436,14513744
1790488511,10179784,14513744
1790488513,9002212,14513744
1790488515,9013480,14513744
1790488517,9746216,14513744
1790488519,11306036,14513744
1790488521,9429628,14513744
1790488523,8883592,14513744
1790488525,10471580,14513744
1790488527,10540724,14513744
1790488529,9434200,14513744
1790488531,9271812,14513744
1790488533,10426784,14513744
1790488535,10496944,14513744
1790488537,9433708,14513744
1790488539,9267780,14513744
1790488541,10443840,14513744
1790488543,10430240,14513744
1790488545,9410948,14513744
1790488547,9369848,14513744
1790488549,10448672,14513744
1790488551,10473024,14513744
1790488553,8919984,14513744
1790488555,8916352,14513744
1790488557,10144536,14513744
1790488559,10311216,14513744
1790488561,10166812,14513744
1790488563,10565744,14513744
1790488565,10571168,14513744
1790488567,10621176,14513744
1790488569,10640296,14513744
1790488571,10532712,14513744
1790488573,10556984,14513744
1790488575,10682040,14513744
1790488577,10731356,14513744
1790488579,10528556,14513744
1790488581,10612956,14513744
1790488583,10735196,14513744
1790488586,9875808,14513744
1790488588,10487696,14513744
1790488590,10449112,14513744
1790488592,9069712,14513744
1790488594,8930044,14513744
1790488596,8935028,14513744
1790488598,10158980,14513744
1790488600,9251216,14513744
1790488602,9647660,14513744
1790488604,10459152,14513744
1790488606,10459788,14513744
1790488608,9171608,14513744
1790488610,9819624,14513744
1790488612,10443752,14513744
1790488614,10571752,14513744
1790488616,9439300,14513744
1790488618,9785160,14513744
1790488620,10488188,14513744
1790488622,10674548,14513744
1790488624,9446960,14513744
1790488626,9966960,14513744
1790488628,10527304,14513744
1790488630,10691620,14513744
1790488632,9022544,14513744
1790488634,9011956,14513744
1790488636,10231196,14513744
1790488638,10260592,14513744
1790488640,9492468,14513744
1790488642,10447300,14513744
1790488644,10581484,14513744
1790488646,10650452,14513744
1790488648,9277404,14513744
1790488650,10436824,14513744
1790488652,10435760,14513744
1790488654,10588008,14513744
1790488656,9227292,14513744
1790488658,10452752,14513744
1790488660,10497496,14513744
1790488662,9452832,14513744
1790488664,9222552,14513744
1790488666,10489084,14513744
1790488668,10588740,14513744
1790488670,9037124,14513744
1790488672,10181420,14513744
1790488674,9103896,14513744
1790488676,10162612,14513744
1790488678,9947956,14513744
1790488680,10428376,14513744
1790488682,10533604,14513744
1790488684,10599536,14513744
1790488686,10317380,14513744
1790488688,10488524,14513744
1790488690,10523712,14513744
1790488692,10665332,14513744
1790488694,10373756,14513744
1790488696,10505524,14513744
1790488698,10538300,14513744
1790488700,10700264,14513744
1790488702,10504296,14513744
1790488704,10485660,14513744
1790488706,10545428,14513744
1790488708,10618396,14513744
1790488710,8949092,14513744
1790488712,8942424,14513744
1790488714,10145712,14513744
1790488716,9409340,14513744
1790488718,9154500,14513744
1790488720,10364888,14513744
1790488722,10437616,14513744
1790488724,9214560,14513744
1790488726,9630900,14513744
1790488728,10452124,14513744
1790488730,10503568,14513744
1790488732,9252852,14513744
1790488734,9780400,14513744
1790488736,10422364,14513744
1790488738,10432856,14513744
1790488740,9336436,14513744
1790488742,9815636,14513744
1790488744,10515620,14513744
1790488746,10586588,14513744
1790488748,9006844,14513744
1790488750,9000432,14513744
1790488752,10303856,14513744
1790488754,10382048,14513744
1790488756,9505564,14513744
1790488758,10566336,14513744
1790488760,10581172,14513744
1790488762,10565532,14513744
1790488764,9501284,14513744
1790488766,10466404,14513744
1790488768,10527568,14513744
1790488770,10586220,14513744
1790488772,9426748,14513744
1790488774,10388472,14513744
1790488776,10476672,14513744
1790488778,10548084,14513744
1790488780,9429088,14513744
1790488782,10408384,14513744
1790488784,10433448,14513744
1790488786,9546536,14513744
1790488788,10138352,14513744
1790488790,8931560,14513744
1790488792,10157580,14513744
1790488794,9363432,14513744
1790488796,10463640,14513744
1790488798,10446876,14513744
1790488800,10571504,14513744
1790488802,9722860,14513744
1790488804,10492044,14513744
1790488806,10599952,14513744
1790488808,10708284,14513744
1790488810,9914952,14513744
1790488812,10476188,14513744
1790488814,10587488,14513744
1790488816,10641700,14513744
1790488818,10084292,14513744
1790488820,10496696,14513744
1790488822,10522896,14513744
1790488824,10639680,14513744
1790488826,9039576,14513744
1790488828,9040236,14513744
1790488830,10151088,14513744
1790488832,9426740,14513744
1790488834,8804220,14513744
1790488836,10492972,14513744
1790488838,10497128,14513744
1790488840,9452520,14513744
1790488842,9309844,14513744
1790488844,10430044,14513744
1790488846,10453804,14513744
1790488848,9430308,14513744
1790488850,9301288,14513744
1790488852,10434120,14513744
1790488854,10523668,14513744
1790488856,9454300,14513744
1790488858,9264332,14513744
1790488860,10512720,14513744
1790488862,10608584,14513744
1790488864,9052652,14513744
1790488866,9037536,14513744
1790488868,9639936,14513744
1790488870,10233324,14513744
1790488872,10218844,14513744
1790488874,10438744,14513744
1790488876,10495632,14513744
1790488878,10599320,14513744
1790488880,10455328,14513744
1790488882,10509660,14513744
1790488884,10508872,14513744
1790488886,10690864,14513744
1790488888,10518292,14513744
1790488890,10419720,14513744
1790488892,10449780,14513744
1790488894,10641300,14513744
1790488896,10602868,14513752
1790488898,10411228,14513756
1790488900,10442364,14513756
1790488902,9318712,14513756
1790488904,8973352,14513756
1790488906,8966516,14513756
1790488908,10178284,14513756
1790488910,9009892,14513756
1790488912,9542612,14513756
1790488914,10422776,14513756
1790488916,10488316,14513756
1790488918,9092132,14513756
1790488920,9848556,14513756
1790488922,10566024,14513756
1790488924,10626720,14513756
1790488926,9274620,14513756
1790488928,9978064,14513756
1790488930,10543244,14513756
1790488932,10599696,14513756
1790488934,9352316,14513756
1790488936,9967056,14513756
1790488938,10533844,14513756
1790488940,8157092,14513756
1790488942,7602864,14513756
1790488944,9372784,14513756
1790488946,9018212,14513756
1790488948,8819580,14513756
1790488950,8643724,14513756
1790488952,8594388,14513756
1790488954,8596632,14513756
1790488956,8656040,14513756
1790488958,8964448,14513756
1790488960,10039940,14513756
1790488962,4316756,14513756
1790488964,10705432,14513756
1790488966,8983592,14513756
1790488968,8936408,14513756
1790488970,9719828,14513756
1790488972,11234308,14513756
1790488974,9410128,14513756
1790488976,8827572,14513756
1790488978,10472544,14513756
1790488980,10556860,14513756
1790488982,9521688,14513756
1790488984,9318888,14513756
1790488986,10558668,14513756
1790488988,10560660,14513756
1790488990,9530112,14513756
1790488992,9426596,14513756
1790488994,10545556,14513756
1790488996,10542036,14513756
1790488998,9532788,14513756
1790489000,9417300,14513756
1790489002,10536888,14513756
1790489004,10551536,14513756
1790489006,9055448,14513756
1790489008,9338172,14513756
1790489010,9381996,14513756
1790489012,10160776,14513756
1790489014,10262216,14513756
1790489016,10501624,14513756
1790489018,10518204,14513756
1790489020,10520724,14513756
1790489022,10343984,14513756
1790489024,10461328,14513756
1790489026,10486324,14513756
1790489028,10520028,14513756
1790489030,10534048,14513756
1790489032,10431764,14513756
1790489034,10458952,14513756
1790489036,10497840,14513756
1790489038,10614824,14513756
1790489040,10514288,14513756
1790489042,10499692,14513756
1790489044,9480032,14513756
1790489046,9037148,14513756
1790489048,9047272,14513756
1790489050,10212980,14513756
1790489052,9071860,14513756
1790489054,9440676,14513756
1790489056,10576804,14513756
1790489058,10606300,14513756
1790489060,9196044,14513756
1790489062,9861092,14513756
1790489064,10562800,14513756
1790489066,10624688,14513756
1790489068,9222580,14513756
1790489070,9911128,14513756
1790489072,10453476,14513756
1790489074,10492732,14513756
1790489076,9211544,14513756
1790489078,9918008,14513756
1790489080,10440904,14513756
1790489082,10515236,14513756
1790489084,8972528,14513756
1790489086,8960352,14513756
1790489088,10144128,14513756
1790489090,10160500,14513756
1790489092,9444576,14513756
1790489094,10393992,14513756
1790489096,10492244,14513756
1790489098,10511928,14513756
1790489100,9541608,14513756
1790489102,10593200,14513756
1790489104,10600504,14513756
1790489106,10640824,14513756
1790489108,9532596,14513756
1790489110,10509804,14513756
1790489112,10582216,14513756
1790489114,10730860,14513756
1790489116,9469748,14513756
1790489118,10574300,14513756
1790489120,10580096,14513756
1790489122,9418552,14513756
1790489124,10238924,14513756
1790489126,9279660,14513756
1790489128,10160436,14513756
1790489130,9287312,14513756
1790489132,10438612,14513756
1790489134,10493188,14513756
1790489136,10560252,14513756
1790489138,9877472,14513756
1790489140,10508680,14513756
1790489142,10479168,14513756
1790489144,10531448,14513756
1790489146,10182976,14513756
1790489148,10399372,14513756
1790489150,10433840,14513756
1790489152,10575168,14513756
1790489154,10295788,14513756
1790489156,10433772,14513756
1790489158,10451168,14513756
1790489160,10590924,14513756
1790489162,9447292,14513756
1790489164,9576500,14513756
1790489166,10380032,14513756
1790489168,9528772,14513756
1790489170,9070864,14513756
1790489172,10581976,14513756
1790489174,10575468,14513756
1790489176,9525624,14513756
1790489178,9479320,14513756
1790489180,10505460,14513756
1790489182,10604916,14513756
1790489184,9528592,14513756
1790489186,9631828,14513756
1790489188,10438564,14513756
1790489190,10560416,14513756
1790489192,9449696,14513756
1790489194,9668188,14513756
1790489196,10450200,14513756
1790489198,10529720,14513756
1790489200,9202824,14513756
1790489202,8986452,14513756
1790489204,10159168,14513756
1790489206,10209508,14513756
1790489208,10522220,14513756
1790489210,10488008,14513756
1790489212,10483160,14513756
1790489214,10521968,14513756
1790489216,9447488,14513756
1790489218,10415864,14513756
1790489220,10571432,14513756
1790489222,10665008,14513756
1790489224,9512660,14513756
1790489226,10498472,14513756
1790489228,10613052,14513756
1790489230,10694064,14513756
1790489232,9523440,14513756
1790489234,10498532,14513756
1790489236,10637208,14513756
1790489238,9570968,14513756
1790489240,10272596,14513756
1790489242,9027776,14513756
1790489244,10215280,14513756
1790489246,9112164,14513756
1790489248,9756104,14513756
1790489250,10482604,14513756
1790489252,10562100,14513756
1790489254,9446432,14513756
1790489256,9946316,14513756
1790489258,10497756,14513756
1790489260,10549240,14513756
1790489262,9498208,14513756
1790489264,10458448,14513756
1790489266,10509132,14513756
1790489268,10629864,14513756
1790489270,9837332,14513756
1790489272,10426568,14513756
1790489274,10458020,14513756
1790489276,10522572,14513756
1790489278,8941740,14513756
1790489280,9018148,14513756
1790489282,10192712,14513756
1790489284,10269708,14513756
1790489286,9216520,14513756
1790489288,10455004,14513756
1790489290,10557484,14513756
1790489292,9513988,14513756
1790489294,9321596,14513756
1790489296,10527440,14513756
1790489298,10643000,14513756
1790489300,9535084,14513756
1790489302,9308516,14513756
1790489304,10527316,14513756
1790489306,10631940,14513756
1790489308,9436280,14513756
1790489310,9303216,14513756
1790489312,10449428,14513756
1790489314,10523844,14513756
1790489316,8989704,14513756
1790489318,10142692,14513756
1790489320,9327324,14513756
1790489322,10125664,14513756
1790489324,10048196,14513756
1790489326,10283692,14513756
1790489328,10463044,14513756
1790489330,10502432,14513756
1790489332,10211068,14513756
1790489334,10432912,14513756
1790489336,10439324,14513756
1790489338,10502752,14513756
1790489340,10344600,14513756
1790489342,10472688,14513756
1790489344,10548364,14513756
1790489347,10689752,14513756
1790489349,10372140,14513756
1790489351,10570652,14513756
1790489353,10575644,14513756
1790489355,8136804,14513756
1790489357,8188652,14513756
1790489359,8874232,14513756
1790489361,8709096,14513756
1790489363,8874312,14513756
1790489365,8854572,14513756
1790489367,8908820,14513756
1790489369,8724480,14513756
1790489371,8671340,14513756
1790489373,9032420,14513756
1790489375,9792612,14513756
1790489377,6348508,14513756
1790489379,8935612,14513756
1790489381,10129748,14513756
1790489383,8945628,14513756
1790489385,10134556,14513756
1790489387,11222312,14513756
1790489389,9247204,14513756
1790489391,9786700,14513756
1790489393,10459612,14513756
1790489395,10463896,14513756
1790489397,9180068,14513756
1790489399,9792364,14513756
1790489401,10528232,14513756
1790489403,10606116,14513756
1790489405,9268676,14513756
1790489407,9954452,14513756
1790489409,10523604,14513756
1790489411,10556424,14513756
1790489413,9385336,14513756
1790489415,9916580,14513756
1790489417,10575772,14513756
1790489419,10657460,14513756
1790489421,9041820,14513756
1790489423,9027480,14513756
1790489425,10235000,14513756
1790489427,10335780,14513756
1790489429,9415044,14513756
1790489431,10443672,14513756
1790489433,10472084,14513756
1790489435,10498532,14513756
1790489437,9444552,14513756
1790489439,10425572,14513756
1790489441,10426020,14513756
1790489443,10579332,14513756
1790489445,9403256,14513756
1790489447,10403868,14513756
1790489449,10478632,14513756
1790489451,10588096,14513756
1790489453,9284872,14513756
1790489455,10415696,14513756
1790489457,10480100,14513756
1790489459,9181528,14513756
1790489461,10166640,14513756
1790489463,9006612,14513756
1790489465,10272888,14513756
1790489467,9754996,14513756
1790489469,10443044,14513756
1790489471,10484316,14513756
1790489473,10609668,14513756
1790489475,9938584,14513756
1790489477,10452028,14513756
1790489479,10560680,14513756
1790489481,10739444,14513756
1790489483,10339324,14513756
1790489485,10558280,14513756
1790489487,10583576,14513756
1790489489,10574104,14513756
1790489491,10288800,14513756
1790489493,10442800,14513756
1790489495,10469236,14513756
1790489497,10592328,14513756
1790489499,8964004,14513756
1790489501,8958960,14513756
1790489503,10182640,14513756
1790489505,9429052,14513756
1790489507,8750360,14513756
1790489509,10436812,14513756
1790489511,10494916,14513756
1790489513,9448012,14513756
1790489515,9433388,14513756
1790489517,10440416,14513756
1790489519,10469164,14513756
1790489521,9510156,14513756
1790489523,9526860,14513756
1790489525,10462992,14513756
1790489527,10567788,14513756
1790489529,9497660,14513756
1790489531,9527968,14513756
1790489533,10486240,14513756
1790489535,10553760,14513756
1790489537,9022220,14513756
1790489539,9008156,14513756
1790489541,10200552,14513760
1790489543,10220344,14513760
1790489545,10118952,14513760
1790489547,10534428,14513768
1790489549,10402576,14513768
1790489551,10477112,14513768
1790489553,10318788,14513768
1790489555,10395552,14513768
1790489557,10444708,14513768
1790489559,10589260,14513768
1790489561,10451184,14513768
1790489563,10394632,14513768
1790489565,10470852,14513768
1790489567,10623800,14513768
1790489569,10419104,14513768
1790489571,10384852,14513768
1790489573,10410488,14513768
1790489575,9851564,14513768
1790489577,8932148,14513768
1790489579,8931892,14513768
1790489581,10245552,14513768
1790489583,9299164,14513768
1790489585,9360556,14513768
1790489587,10495928,14513768
1790489589,10500752,14513768
1790489591,9293616,14513768
1790489593,9726072,14513768
1790489595,10477884,14513768
1790489597,10526556,14513768
1790489599,9255372,14513768
1790489601,9871788,14513768
1790489603,10569872,14513768
1790489605,10605004,14513768
1790489607,9371360,14513768
1790489609,9874736,14513768
1790489611,10448660,14513768
1790489613,10553024,14513768
1790489615,8950076,14513768
1790489617,8949008,14513768
1790489619,10125152,14513768
1790489621,10209388,14513768
1790489623,9406304,14513768
1790489625,10387760,14513768
1790489627,10517708,14513768
1790489629,10525780,14513768
1790489631,9431016,14513768
1790489633,10446884,14513768
1790489635,10454568,14513768
1790489637,10516832,14513772
1790489639,9418576,14513772
1790489641,10499656,14513772
1790489643,10538084,14513772
1790489645,10713764,14513772
1790489647,9324128,14513772
1790489649,10487744,14513772
1790489651,10519844,14513772
1790489653,9339996,14513772
1790489655,10240412,14513772
1790489657,9005432,14513772
1790489659,10262024,14513772
1790489661,9718756,14513772
1790489663,10538020,14513772
1790489665,10557608,14513772
1790489667,10601232,14513772
1790489669,10055824,14513772
1790489671,10408796,14513772
1790489673,10440984,14513772
1790489675,10497532,14513772
1790489677,10275860,14513772
1790489679,10394076,14513772
1790489681,10441632,14513772
1790489683,10550980,14513772
1790489685,10242220,14513772
1790489687,10412188,14513776
1790489689,10418992,14513776
1790489691,10487524,14513776
1790489693,8952596,14513776
1790489695,8916968,14513776
1790489697,10152680,14513776
1790489699,9414372,14513776
1790489701,9378192,14513776
1790489703,10538604,14513776
1790489705,10535504,14513776
1790489707,9256764,14513776
1790489709,9731956,14513776
1790489711,10491672,14513776
1790489713,10528444,14513776
1790489715,9326976,14513776
1790489717,9798184,14513776
1790489719,10484248,14513776
1790489721,10485984,14513776
1790489723,9189820,14513776
1790489725,9842984,14513776
1790489727,10468024,14513776
1790489729,10496028,14513776
1790489731,8936048,14513776
1790489733,8904028,14513776
1790489735,10123212,14513776
1790489737,10142880,14513776
1790489739,10236500,14513776
1790489741,10406040,14513776
1790489743,10412528,14513776
1790489745,10474784,14513776
1790489747,9391796,14513776
1790489749,10368416,14513776
1790489751,10461148,14513776
1790489753,10607220,14513776
1790489755,9419092,14513776
1790489757,10392480,14513776
1790489759,10441652,14513776
1790489761,10666904,14513776
1790489763,9509132,14513776
1790489765,10489924,14513776
1790489767,10507556,14513776
1790489769,7726140,14513776
1790489771,8867324,14513776
1790489773,8883608,14513776
1790489775,8879348,14513776
1790489777,8569284,14513776
1790489779,8698532,14513776
1790489781,8655536,14513776
1790489783,8666960,14513776
1790489785,8648604,14513776
1790489787,9099988,14513776
1790489789,14248324,14513776
1790489791,10541764,14513808
1790489793,8931716,14513808
1790489795,8899912,14513808
1790489797,9379444,14513808
1790489799,11189784,14513808
1790489801,11251488,14513808
1790489803,9897508,14513808
1790489805,10498032,14513808
1790489807,10481932,14513808
1790489809,10489800,14513808
1790489811,9829720,14513808
1790489813,10385976,14513808
1790489815,10397288,14513808
1790489817,10470256,14513808
1790489819,9930796,14513808
1790489821,10534372,14513808
1790489823,10566400,14513808
1790489825,10649560,14513808
1790489827,10343224,14513808
1790489829,10473980,14513808
1790489831,10463044,14513808
1790489833,10610532,14513808
1790489835,9074048,14513808
1790489837,9027248,14513808
1790489839,10230684,14513808
1790489841,9489624,14513808
1790489843,8976604,14513808
1790489845,10551424,14513808
1790489847,10574172,14513808
1790489849,9425964,14513808
1790489851,9551272,14513808
1790489853,10447700,14513808
1790489855,10469668,14513808
1790489857,9241732,14513808
1790489859,9663996,14513808
1790489861,10433332,14513808
1790489863,10532820,14513808
1790489865,9290160,14513808
1790489867,9756992,14513808
1790489869,10476948,14513808
1790489871,10545476,14513808
1790489873,9340280,14513808
1790489875,8942152,14513808
1790489877,10122208,14513808
1790489879,10209652,14513808
1790489881,9489060,14513808
1790489883,10456332,14513808
1790489885,10558132,14513808
1790489887,10617692,14513808
1790489889,9503416,14513808
1790489891,10527520,14513808
1790489893,10616396,14513808
1790489895,10714832,14513808
1790489897,9599284,14513808
1790489899,10609120,14513808
1790489901,10662352,14513808
1790489903,10754392,14513808
1790489905,9584872,14513808
1790489907,10617444,14513808
1790489909,10532468,14513808
1790489911,9374912,14513808
1790489913,10127548,14513808
1790489915,9364256,14513808
1790489917,10136200,14513808
1790489919,9338516,14513808
1790489921,10359368,14513808
1790489923,10444120,14513808
1790489925,10479168,14513808
1790489927,9586776,14513808
1790489929,10422988,14513808
1790489931,10450576,14513808
1790489933,10484216,14513808
1790489935,9987400,14513808
1790489937,10452580,14513808
1790489939,10428344,14513808
1790489941,10692208,14513808
1790489943,10322344,14513808
1790489945,10483656,14513808
1790489947,10499800,14513808
1790489949,10674852,14513808
1790489951,9327788,14513808
1790489953,9081844,14513808
1790489955,10311796,14513808
1790489957,9501352,14513808
1790489959,8989880,14513808
1790489961,10583280,14513808
1790489963,10581716,14513808
1790489965,9500788,14513808
1790489967,9561912,14513808
1790489969,10502172,14513808
1790489971,10529000,14513808
1790489973,9401736,14513808
1790489975,9633980,14513808
1790489977,10417520,14513808
1790489979,10459320,14513808
1790489981,9155792,14513808
1790489983,9641848,14513808
1790489985,10424608,14513808
1790489987,10466500,14513808
1790489989,9236396,14513808
1790489991,8919196,14513808
1790489993,10091788,14513808
1790489995,10177132,14513808
1790489997,10504376,14513808
1790489999,10489948,14513808
1790490001,10560120,14513808
1790490003,10570744,14513808
1790490005,9548196,14513808
1790490007,10518876,14513808
1790490009,10515584,14513808
1790490011,10630200,14513808
1790490013,9523576,14513808
1790490015,10504904,14513808
1790490017,10531968,14513808
1790490019,10653472,14513808
1790490021,9524092,14513808
1790490023,10504360,14513808
1790490025,10529840,14513808
1790490027,9357916,14513808
1790490029,10191092,14513808
1790490031,8912444,14513808
1790490033,10092820,14513808
1790490035,9069164,14513808
1790490037,9711188,14513808
1790490039,10487008,14513808
1790490041,10520612,14513808
1790490043,9322876,14513808
1790490045,9848048,14513808
1790490047,10457348,14513808
1790490049,10487020,14513808
1790490051,9469084,14513808
1790490053,9852520,14513808
1790490055,10473140,14513808
1790490057,10577132,14513808
1790490059,9386636,14513808
1790490061,9957104,14513808
1790490063,10529112,14513808
1790490065,10558732,14513808
1790490067,9025808,14513808
1790490069,9001092,14513808
1790490071,10177988,14513808
1790490073,10292104,14513808
1790490075,9154404,14513808
1790490077,10532000,14513808
1790490079,10596636,14513808
1790490081,10591548,14513808
1790490083,9193300,14513808
1790490085,10466880,14513808
1790490087,10600876,14513808
1790490090,9394976,14513808
1790490092,9170648,14513808
1790490094,10433484,14513808
1790490096,10528136,14513808
1790490098,9408544,14513808
1790490100,9226776,14513808
1790490102,10414736,14513808
1790490104,10489984,14513808
1790490106,8945084,14513808
1790490108,9255192,14513808
1790490110,10115800,14513808
1790490112,10123500,14513808
1790490114,10050808,14513808
1790490116,10279992,14513808
1790490118,10376156,14513808
1790490120,10639460,14513808
1790490122,10382848,14513808
1790490124,10556600,14513808
1790490126,10542088,14513808
1790490128,10599600,14513808
1790490130,10591096,14513808
1790490132,10441996,14513808
1790490134,10554152,14513808
1790490136,10669316,14513808
1790490138,10521212,14513808
1790490140,10480080,14513808
1790490142,10511144,14513808
1790490144,9370548,14513808
1790490146,8994708,14513808
1790490148,9004236,14513808
1790490150,10247536,14513808
1790490152,9192332,14513808
1790490154,9414664,14513808
1790490156,10451156,14513808
1790490158,10491592,14513808
1790490160,9234472,14513808
1790490162,9688692,14513808
1790490164,10436808,14513808
1790490166,10468144,14513808
1790490168,9251440,14513808
1790490170,9783612,14513808
1790490172,10425272,14513808
1790490174,10482648,14513808
1790490176,9242852,14513808
1790490178,9810604,14513808
1790490180,10532840,14513808
1790490182,7514624,14513808
1790490184,7538736,14513808
1790490186,9309528,14513808
1790490188,8867656,14513808
1790490190,8929856,14513808
1790490192,8721480,14513808
1790490194,8751348,14513808
1790490196,8729904,14513808
1790490198,8793276,14513808
1790490200,8989084,14513808
1790490202,9913244,14513808
1790490204,5130632,14513808
1790490206,10753096,14513776
1790490208,9060576,14513776
1790490210,8944904,14513776
1790490212,9549104,14513776
1790490214,11252252,14513776
1790490216,10673388,14513776
1790490218,9136008,14513776
1790490220,10459280,14513776
1790490222,10479680,14513776
1790490224,10557696,14513776
1790490226,9263624,14513776
1790490228,10389176,14513776
1790490230,10455036,14513776
1790490232,10474720,14513776
1790490234,9182000,14513776
1790490236,10381320,14513776
1790490238,10477004,14513776
1790490240,9507472,14513776
1790490242,9346256,14513776
1790490244,10482732,14513776
1790490246,10567416,14513776
1790490248,9033484,14513776
1790490250,10190700,14513776
1790490252,9418936,14513776
1790490254,10278952,14513776
1790490256,10105076,14513776
1790490258,10491644,14513776
1790490260,10587532,14513776
1790490262,10604620,14513776
1790490264,10382436,14513776
1790490266,10507976,14513776
1790490268,10492316,14513776
1790490270,10535368,14513776
1790490272,10501696,14513776
1790490274,10401232,14513776
1790490276,10384340,14513776
1790490278,10498944,14513776
1790490280,10477712,14513776
1790490282,10411948,14513776
1790490284,10426976,14513776
1790490286,9276176,14513776
1790490288,8929752,14513776
1790490290,8951936,14513776
1790490292,10152948,14513776
1790490294,9099888,14513776
1790490296,9431632,14513776
1790490298,10454688,14513776
1790490300,10580224,14513776
1790490302,9189448,14513776
1790490304,9873192,14513776
1790490306,10524864,14513776
1790490308,10549468,14513776
1790490310,9368484,14513776
1790490312,9894152,14513776
1790490314,10549512,14513776
1790490316,10563288,14513776
1790490318,9402304,14513776
1790490320,9939972,14513776
1790490322,10525700,14513776
1790490324,10555540,14513776
1790490326,9013500,14513776
1790490328,9010060,14513776
1790490330,10146276,14513776
1790490332,10233912,14513776
1790490334,9399000,14513776
1790490336,10450324,14513776
1790490338,10446964,14513776
1790490340,10464620,14513776
1790490342,9313200,14513776
1790490344,10372896,14513776
1790490346,10412368,14513776
1790490348,9407100,14513776
1790490350,9295900,14513776
1790490352,10428180,14513776
1790490354,10478992,14513776
1790490356,9432072,14513776
1790490358,9287632,14513776
1790490360,10466488,14513776
1790490362,10533820,14513776
1790490364,9036176,14513776
1790490366,9029900,14513776
1790490368,10230612,14513776
1790490370,10279592,14513776
1790490372,10205332,14513776
1790490374,10417872,14513776
1790490376,10565452,14513776
1790490378,10603780,14513776
1790490380,10348468,14513776
1790490382,10458788,14513776
1790490384,10528536,14513776
1790490386,10652976,14513776
1790490388,10521492,14513776
1790490390,10373184,14513776
1790490392,10399704,14513776
1790490394,10532428,14513776
1790490396,10569900,14513776
1790490398,10393872,14513776
1790490400,10389008,14513776
1790490402,9335900,14513776
1790490404,8937704,14513776
1790490406,8916736,14513776
1790490408,10147812,14513776
1790490410,9035912,14513776
1790490412,9444116,14513776
1790490414,10410852,14513776
1790490416,10478220,14513776
1790490418,9106412,14513776
1790490420,9941184,14513780
1790490422,10524328,14513780
1790490424,10527028,14513780
1790490426,9397396,14513780
1790490428,9915144,14513780
1790490430,10470404,14513780
1790490432,10543588,14513780
1790490434,9571024,14513780
1790490436,9931488,14513780
1790490438,10465080,14513780
1790490440,10600392,14513780
1790490442,9016640,14513780
1790490444,8999988,14513780
1790490446,10311860,14513780
1790490448,10365236,14513780
1790490450,9024596,14513780
1790490452,10497460,14513780
1790490454,10480064,14513780
1790490456,10481836,14513780
1790490458,9234032,14513780
1790490460,10443108,14513780
1790490462,10446360,14513780
1790490464,9420992,14513780
1790490466,9290664,14513780
1790490468,10406932,14513780
1790490470,10403780,14513780
1790490472,9403856,14513780
1790490474,9286688,14513780
1790490476,10398332,14513780
1790490478,10433316,14513780
1790490480,9029344,14513780
1790490482,10196936,14513780
1790490484,9319984,14513780
1790490486,10251636,14513780
1790490488,10177508,14513780
1790490490,10519712,14513780
1790490492,10559152,14513780
1790490494,10560032,14513780
1790490496,10375896,14513780
1790490498,10515384,14513780
1790490500,10526580,14513780
1790490502,10612864,14513780
1790490504,10512192,14513780
1790490506,10487868,14513780
1790490508,10440880,14513780
1790490510,10537756,14513780
1790490512,10468916,14513780
1790490514,10414848,14513780
1790490516,10414512,14513780
1790490518,10603116,14513780
1790490520,8946632,14513780
1790490522,8940116,14513780
1790490524,10142924,14513780
1790490526,9429956,14513780
1790490528,9248992,14513780
1790490530,10407776,14513780
1790490532,10507864,14513780
1790490534,9146580,14513780
1790490536,9666080,14513780
1790490538,10431528,14513780
1790490540,10539128,14513780
1790490542,9184496,14513780
1790490544,9910564,14513780
1790490546,10504540,14513780
1790490548,10600008,14513780
1790490550,9253896,14513780
1790490552,9977864,14513780
1790490554,10494216,14513780
1790490556,8137056,14513780
1790490558,7569704,14513780
1790490560,9368372,14513780
1790490562,8864808,14513780
1790490564,8579040,14513780
1790490566,8709696,14513780
1790490568,8615516,14513780
1790490570,8601172,14513780
1790490572,8696700,14513780
1790490574,8790020,14513780
1790490576,9777436,14513780
1790490578,4903588,14513780
1790490580,10712216,14513780
1790490582,9044588,14513780
1790490584,8952080,14513780
1790490586,9563824,14513780
1790490588,11185100,14513780
1790490590,9401880,14513780
1790490592,8906632,14513780
1790490594,10496596,14513780
1790490596,10501424,14513780
1790490598,9436076,14513780
1790490600,9417716,14513780
1790490602,10513720,14513780
1790490604,10645928,14513780
1790490606,9540300,14513780
1790490608,9425208,14513780
1790490610,10529516,14513780
1790490612,10552736,14513780
1790490614,9504932,14513780
1790490616,9408960,14513780
1790490618,10503448,14513780
1790490620,10559128,14513780
1790490622,9269124,14513780
1790490624,9261092,14513780
1790490626,9641864,14513780
1790490628,10250476,14513780
1790490630,10270388,14513780
1790490632,10515820,14513780
1790490634,10510780,14513780
1790490636,10540880,14513780
1790490638,10368412,14513780
1790490640,10405916,14513780
1790490642,10443468,14513780
1790490644,10607432,14513780
1790490646,10371112,14513780
1790490648,10408348,14513780
1790490650,10432840,14513780
1790490652,10559892,14513780
1790490654,10506140,14513780
1790490656,10388000,14513780
1790490658,10438516,14513780
1790490660,10659076,14513780
1790490662,9433440,14513780
1790490664,9183844,14513780
1790490666,10168860,14513780
1790490668,9499928,14513780
1790490670,9480260,14513780
1790490672,10554348,14513780
1790490674,10551288,14513780
1790490676,9444344,14513780
1790490678,9772628,14513780
1790490680,10519716,14513780
1790490682,10614368,14513780
1790490684,9404300,14513780
1790490686,9783268,14513780
1790490688,10377188,14513780
1790490690,10440488,14513780
1790490692,9057780,14513780
1790490694,9814172,14513780
1790490696,10436744,14513780
1790490698,10507996,14513780
1790490700,9098532,14513780
1790490702,9030376,14513780
1790490704,10104132,14513780
1790490706,10170368,14513780
1790490708,9417144,14513780
1790490710,10394320,14513780
1790490712,10494584,14513780
1790490714,10514844,14513780
1790490716,9441600,14513780
1790490718,10486280,14513780
1790490720,10558360,14513780
1790490722,10644828,14513780
1790490724,9516884,14513780
1790490726,10479084,14513780
1790490728,10562940,14513780
1790490730,10727168,14513780
1790490732,9539484,14513780
1790490734,10522900,14513780
1790490736,10652000,14513780
1790490738,9620696,14513780
1790490740,10205488,14513780
1790490742,9065192,14513780
1790490744,10226864,14513780
1790490746,8985548,14513780
1790490748,9746740,14513780
1790490750,10384860,14513780
1790490752,10529420,14513780
1790490754,9371884,14513780
1790490756,10449380,14513780
1790490758,10450480,14513780
1790490760,10541524,14513780
1790490762,9551304,14513780
1790490764,10412928,14513780
1790490766,10464860,14513780
1790490768,10634516,14513780
1790490770,9937504,14513780
1790490772,10429964,14513780
1790490774,10422068,14513780
1790490776,10503784,14513780
1790490778,8953600,14513780
1790490780,9036828,14513780
1790490782,10206320,14513780
1790490784,10266868,14513780
1790490786,8901236,14513780
1790490788,10386456,14513780
1790490790,10556380,14513780
1790490792,9516964,14513780
1790490794,9414800,14513780
1790490796,10573600,14513780
1790490798,10583288,14513780
1790490800,9524808,14513780
1790490802,9381880,14513780
1790490804,10541324,14513780
1790490806,10551936,14513780
1790490808,9438888,14513780
1790490810,9262804,14513780
1790490812,10435840,14513780
1790490814,10483076,14513780
1790490816,8951016,14513780
1790490818,8941852,14513780
1790490820,10116176,14513780
1790490822,10137264,14513780
1790490824,10192096,14513780
1790490826,10444592,14513780
1790490828,10461296,14513780
1790490830,10513120,14513780
1790490832,10551244,14513780
1790490835,10480976,14513780
1790490837,10469556,14513780
1790490839,10615504,14513780
1790490841,10603604,14513780
1790490843,10521160,14513780
1790490845,10556396,14513780
1790490847,10674188,14513780
1790490849,10603236,14513780
1790490851,10512104,14513780
1790490853,10554688,14513780
1790490855,9926184,14513780
1790490857,9009344,14513780
1790490859,9030732,14513780
1790490861,10298464,14513780
1790490863,9268948,14513780
1790490865,9498112,14513780
1790490867,10548072,14513780
1790490869,10444980,14513780
1790490871,9225984,14513780
1790490873,9768132,14513780
1790490875,10398940,14513780
1790490877,10517524,14513780
1790490879,9154616,14513780
1790490881,9845804,14513780
1790490883,10403276,14513780
1790490885,10497540,14513780
1790490887,9331756,14513780
1790490889,9865384,14513780
1790490891,10420268,14513780
1790490893,10448944,14513780
1790490895,8934776,14513780
1790490897,8932912,14513780
1790490899,10115520,14513780
1790490901,10269912,14513780
1790490903,9494956,14513780
1790490905,10518068,14513780
1790490907,10557052,14513780
1790490909,10606468,14513780
1790490911,9509288,14513780
1790490913,10527596,14513780
1790490915,10571912,14513780
1790490917,10623420,14513780
1790490919,9421480,14513780
1790490921,10493280,14513780
1790490923,10513864,14513780
1790490925,10681448,14513780
1790490927,9450140,14513780
1790490929,10437900,14513780
1790490931,10450688,14513780
1790490933,7789468,14513780
1790490935,9252092,14513780
1790490937,8794004,14513780
1790490939,8828048,14513780
1790490941,8724600,14513780
1790490943,8693148,14513780
1790490945,8573904,14513780
1790490947,8663596,14513780
1790490949,8453404,14513780
1790490951,9954384,14513780
1790490953,11802056,14513780
1790490955,10642352,14513736
1790490957,8968364,14513736
1790490959,8942176,14513736
1790490961,10171888,14513736
1790490963,11017548,14513736
1790490965,10823488,14513736
1790490967,10232620,14513736
1790490969,10454020,14513736
1790490971,10547696,14513736
1790490973,10641684,14513736
1790490975,10238076,14513736
1790490977,10461320,14513736
1790490979,10525212,14513736
1790490981,10776348,14513736
1790490983,10521200,14513736
1790490985,10583176,14513736
1790490987,10577064,14513736
1790490989,10494976,14513736
1790490991,10546696,14513736
1790490993,10396308,14513736
1790490995,10433620,14513736
1790490997,9147940,14513736
1790490999,8916212,14513736
1790491001,8921788,14513736
1790491003,10125188,14513736
1790491005,8909012,14513736
1790491007,9429976,14513736
1790491009,10397724,14513736
1790491011,10498956,14513736
1790491013,9141892,14513736
1790491015,9854940,14513736
1790491017,10415400,14513736
1790491019,10441752,14513736
1790491021,9408548,14513736
1790491023,9964240,14513736
1790491025,10537360,14513736
1790491027,10570580,14513736
1790491029,9387676,14513736
1790491031,9965568,14513736
1790491033,10519992,14513736
1790491035,10536008,14513736
1790491037,9035508,14513736
1790491039,9010564,14513736
1790491041,10259972,14513736
1790491043,10340032,14513736
1790491045,9499500,14513736
1790491047,10585844,14513736
1790491049,10498404,14513736
1790491051,10490620,14513736
1790491053,9332712,14513736
1790491055,10409160,14513736
1790491057,10443320,14513736
1790491059,10149268,14513736
1790491061,9133264,14513736
1790491063,10415020,14513736
1790491065,10414264,14513736
1790491067,9422920,14513736
1790491069,9295888,14513736
1790491071,10415228,14513736
1790491073,10502352,14513736
1790491075,8959676,14513736
1790491077,10143340,14513736
1790491079,9239492,14513736
1790491081,10212068,14513736
1790491083,9928336,14513736
1790491085,10432464,14513736
1790491087,10501424,14513736
1790491089,10582336,14513736
1790491091,10272500,14513736
1790491093,10466352,14513736
1790491095,10472764,14513736
1790491097,10627596,14513736
1790491099,10402508,14513736
1790491101,10511264,14513736
1790491103,10527752,14513736
1790491105,10614080,14513736
1790491107,10562984,14513736
1790491109,10396628,14513736
1790491111,10408152,14513736
1790491113,10554456,14513736
1790491115,8935168,14513736
1790491117,8945408,14513736
1790491119,10135544,14513736
1790491121,9417032,14513736
1790491123,9309580,14513736
1790491125,10427004,14513736
1790491127,10493264,14513736
1790491129,9255420,14513736
1790491131,9679684,14513736
1790491133,10456664,14513736
1790491135,10476152,14513736
1790491137,9299160,14513736
1790491139,9709128,14513736
1790491141,10484944,14513736
1790491143,10561500,14513736
1790491145,9208152,14513736
1790491147,9818824,14513736
1790491149,10509400,14513736
1790491151,10535168,14513736
1790491153,9030780,14513736
1790491155,9022132,14513736
1790491157,10232172,14513736
1790491159,10233368,14513736
1790491161,9501680,14513736
1790491163,10388048,14513736
1790491165,10488596,14513736
1790491167,10602740,14513736
1790491169,9425488,14513736
1790491171,10483348,14513736
1790491173,10480512,14513736
1790491175,10495376,14513736
1790491177,9434084,14513736
1790491179,10459568,14513736
1790491181,10459420,14513736
1790491183,10565224,14513736
1790491185,9442308,14513736
1790491187,10431536,14513736
1790491189,10428804,14513736
1790491191,9384952,14513736
1790491193,10161156,14513736
1790491195,8925524,14513736
1790491197,10188596,14513736
1790491199,8977208,14513736
1790491201,9593084,14513736
1790491203,10549364,14513736
1790491205,10581340,14513736
1790491207,9389272,14513736
1790491209,10496840,14513736
1790491211,10525720,14513736
1790491213,10553664,14513736
1790491215,9624976,14513736
1790491217,10457988,14513736
1790491219,10495612,14513736
1790491221,10544820,14513736
1790491223,9805300,14513736
1790491225,10493440,14513736
1790491227,10491128,14513736
1790491229,10513412,14513736
1790491231,8959552,14513736
1790491233,8936368,14513736
1790491235,10114748,14513736
1790491237,10306516,14513736
1790491239,8904588,14513736
1790491241,10465832,14513736
1790491243,10510116,14513736
1790491245,9413684,14513736
1790491247,9272816,14513736
1790491249,10400456,14513736
1790491251,10488492,14513736
1790491253,9421716,14513736
1790491255,9273660,14513736
1790491257,10391460,14513736
1790491259,10440324,14513736
1790491261,9481308,14513736
1790491263,9355904,14513736
1790491265,10529160,14513736
1790491267,10546588,14513736
1790491269,9022704,14513736
1790491271,9010540,14513736
1790491273,9564060,14513736
1790491275,10250956,14513736
1790491277,10220384,14513736
1790491279,10545712,14513736
1790491281,10508972,14513736
1790491283,10565164,14513736
1790491285,10453232,14513736
1790491287,10454452,14513736
1790491289,10390448,14513736
1790491291,10492668,14513736
1790491293,10591420,14513736
1790491295,10405500,14513736
1790491297,10424040,14513736
1790491299,10469648,14513736
1790491301,10465296,14513736
1790491303,10445368,14513736
1790491305,10428220,14513736
1790491307,10491112,14513736
1790491309,8914260,14513736
1790491311,8927444,14513736
1790491313,10141748,14513736
1790491315,9367884,14513736
1790491317,9132668,14513736
1790491319,10431276,14513736
1790491321,10563160,14513736
1790491323,9312984,14513736
1790491325,9710768,14513736
1790491327,10476552,14513736
1790491329,10530396,14513736
1790491331,9303024,14513736
1790491333,9784744,14513736
1790491335,10541736,14513736
1790491337,10648084,14513736
1790491339,9170092,14513736
1790491341,9887800,14513736
1790491343,10481492,14513736
1790491345,10639924,14513736
1790491347,9177632,14513736
1790491349,8926044,14513736
1790491351,10126196,14513736
1790491353,10153404,14513736
1790491355,9400872,14513736
1790491357,10380332,14513736
1790491359,10502784,14513736
1790491361,10516320,14513736
1790491363,9433472,14513736
1790491365,10409804,14513736
1790491367,10442716,14513736
1790491369,10586400,14513736
1790491371,9434784,14513736
1790491373,10466208,14513736
1790491375,10588944,14513736
1790491377,10675976,14513736
1790491379,9442512,14513736
1790491381,10483100,14513736
1790491383,10606468,14513736
1790491385,7904336,14513736
1790491387,9152996,14513736
1790491389,9060496,14513736
1790491391,8802132,14513736
1790491393,8840012,14513736
1790491395,8671344,14513736
1790491397,8782000,14513736
1790491399,8816468,14513736
1790491401,8710340,14513736
1790491403,10190556,14513736
1790491405,14021476,14513736
1790491407,10604412,14513736
1790491409,8977956,14513736
1790491411,9013340,14513736
1790491413,9636428,14513736
1790491415,11221180,14513736
1790491417,11232408,14513736
1790491419,10052068,14513736
1790491421,10455536,14513736
1790491423,10457292,14513736
1790491425,10456512,14513736
1790491427,9997148,14513736
1790491429,10466136,14513736
1790491431,10482444,14513736
1790491433,10545012,14513736
1790491435,10169904,14513736
1790491437,10427928,14513736
1790491439,10432336,14513736
1790491441,10619164,14513736
1790491443,10443628,14513736
1790491445,10511064,14513736
1790491447,10510696,14513736
1790491449,10698732,14513736
1790491451,9262220,14513736
1790491453,9071760,14513736
1790491455,10246800,14513736
1790491457,9501044,14513736
1790491459,8928896,14513736
1790491461,10533468,14513736
1790491463,10547132,14513736
1790491465,9509052,14513736
1790491467,9380432,14513736
1790491469,10421216,14513736
1790491471,10512048,14513736
1790491473,9429348,14513736
1790491475,9320284,14513736
1790491477,10415448,14513736
1790491479,10466956,14513736
1790491481,9425132,14513736
1790491483,9387928,14513736
1790491485,10460336,14513736
1790491487,10482944,14513736
1790491489,8939612,14513736
1790491491,8952556,14513736
1790491493,10180364,14513736
1790491495,10254632,14513736
1790491497,10316340,14513736
1790491499,10464252,14513736
1790491501,10508068,14513736
1790491503,10523868,14513736
1790491505,10537780,14513736
1790491507,10434080,14513736
1790491509,10478284,14513736
1790491511,10615988,14513736
1790491513,10603808,14513736
1790491515,10478676,14513736
1790491517,10552144,14513736
1790491519,10630628,14513736
1790491521,10723712,14513736
1790491523,10503348,14513736
1790491525,10529004,14513736
1790491527,9244656,14513736
1790491529,8960404,14513736
1790491531,8959200,14513736
1790491533,10178884,14513736
1790491535,9090608,14513736
1790491537,9691304,14513736
1790491539,10489892,14513736
1790491541,10484860,14513736
1790491543,9129080,14513736
1790491545,9783480,14513736
1790491547,10435760,14513736
1790491549,10454096,14513736
1790491551,9300616,14513736
1790491553,9867184,14513736
1790491555,10401532,14513736
1790491557,10449124,14513736
1790491559,9266760,14513736
1790491561,9940352,14513736
1790491563,10483700,14513736
1790491565,10614960,14513736
1790491567,8994800,14513736
1790491569,8994420,14513736
1790491571,10179476,14513736
1790491573,10385652,14513736
1790491575,9492680,14513736
1790491578,10456092,14513736
1790491580,10643340,14513736
1790491582,10658200,14513736
1790491584,9468876,14513736
1790491586,10519044,14513736
1790491588,10573756,14513736
1790491590,10588308,14513736
1790491592,9329140,14513736
1790491594,10409100,14513736
1790491596,10418328,14513736
1790491598,9400812,14513736
1790491600,9259280,14513736
1790491602,10400368,14513736
1790491604,10411552,14513736
1790491606,8989492,14513736
1790491608,10107248,14513736
1790491610,9232040,14513736
1790491612,10107124,14513736
1790491614,10064296,14513736
1790491616,10398528,14513736
1790491618,10439324,14513736
1790491620,10557236,14513736
1790491622,10279180,14513736
1790491624,10515332,14513736
1790491626,10512700,14513736
1790491628,10657116,14513736
1790491630,10654020,14513736
1790491632,10549128,14513736
1790491634,10552608,14513736
1790491636,10558628,14513736
1790491638,10658308,14513736
1790491640,10493896,14513736
1790491642,10501176,14513736
1790491644,9793888,14513736
1790491646,9029128,14513736
1790491648,9037504,14513736
1790491650,10247260,14513736
1790491652,9111248,14513736
1790491654,9405456,14513736
1790491656,10476760,14513736
1790491658,10471032,14513736
1790491660,9151960,14513736
1790491662,9757948,14513736
1790491664,10433568,14513736
1790491666,10503604,14513736
1790491668,9370100,14513736
1790491670,9858260,14513736
1790491672,10449248,14513736
1790491674,10453400,14513736
1790491676,9331652,14513736
1790491678,9880636,14513736
1790491680,10524612,14513736
1790491682,10556176,14513736
1790491684,9038576,14513736
1790491686,9037396,14513736
1790491688,10210416,14513736
1790491690,10278344,14513736
1790491692,9502476,14513736
1790491694,10452772,14513736
1790491696,10577720,14513736
1790491698,10650348,14513736
1790491700,9444212,14513736
1790491702,10520288,14513736
1790491704,10558012,14513736
1790491706,9506812,14513736
1790491708,9297020,14513736
1790491710,10340352,14513736
1790491712,10549696,14513736
1790491714,9424420,14513736
1790491716,9247496,14513736
1790491718,10416500,14513736
1790491720,10432772,14513736
1790491722,7523496,14513736
1790491724,9246604,14513736
1790491726,8702876,14513736
1790491728,8749728,14513736
1790491730,8595280,14513736
1790491732,8644792,14513736
1790491734,8577612,14513736
1790491736,8703860,14513736
1790491738,8980952,14513736
1790491740,10083156,14513736
1790491742,7104276,14513736
1790491744,10434544,14513668
1790491746,9038956,14513668
1790491748,9008208,14513668
1790491750,10298328,14513668
1790491752,11213032,14513668
1790491754,10823480,14513668
1790491756,10121220,14513668
1790491758,10425336,14513668
1790491760,10432764,14513668
1790491762,10547372,14513668
1790491764,10135268,14513668
1790491766,10516240,14513668
1790491768,10515280,14513668
1790491770,10501508,14513668
1790491772,9434648,14513668
1790491774,10413844,14513668
1790491776,10420804,14513668
1790491778,10495456,14513668
1790491780,9425472,14513668
1790491782,10402388,14513668
1790491784,10449620,14513668
1790491786,9322840,14513668
1790491788,10155952,14513668
1790491790,8923496,14513668
1790491792,10108200,14513668
1790491794,9186760,14513668
1790491796,9808732,14513668
1790491798,10463016,14513668
1790491800,10542872,14513668
1790491802,9585396,14513668
1790491804,10482492,14513668
1790491806,10495264,14513668
1790491808,10550284,14513668
1790491810,10193312,14513668
1790491812,10480524,14513668
1790491814,10483132,14513668
1790491816,10603756,14513668
1790491818,10302060,14513668
1790491820,10517204,14513668
1790491822,10547676,14513668
1790491824,10637400,14513668
1790491826,9040152,14513668
1790491828,9024640,14513668
1790491830,10166176,14513668
1790491832,9409544,14513668
1790491834,8781056,14513668
1790491836,10331944,14513668
1790491838,10470200,14513668
1790491840,9413152,14513668
1790491842,9209492,14513668
1790491844,10416432,14513668
1790491846,10460736,14513668
1790491848,9205904,14513668
1790491850,9638232,14513668
1790491852,10391504,14513668
1790491854,10432624,14513668
1790491856,9258972,14513668
1790491858,9596484,14513668
1790491860,10469840,14513668
1790491862,10532524,14513668
1790491864,8989820,14513668
1790491866,8980552,14513668
1790491868,10205772,14513668
1790491870,10221284,14513668
1790491872,9499044,14513668
1790491874,10503340,14513668
1790491876,10606916,14513668
1790491878,10597760,14513668
1790491880,9518528,14513668
1790491882,10557388,14513668
1790491884,10546256,14513668
1790491886,10586232,14513668
1790491888,9520432,14513668
1790491890,10416736,14513668
1790491892,10445620,14513668
1790491894,10513872,14513668
1790491896,9443316,14513668
1790491898,10429000,14513668
1790491900,10446292,14513668
1790491902,9135128,14513668
1790491904,10158168,14513668
1790491906,8954580,14513668
1790491908,10286708,14513668
1790491910,9132824,14513668
1790491912,9680108,14513668
1790491914,10464784,14513668
1790491916,10449360,14513668
1790491918,9464244,14513668
1790491920,10464436,14513668
1790491922,10503840,14513668
1790491924,10548004,14513668
1790491926,9875152,14513668
1790491928,10506872,14513668
1790491930,10509376,14513668
1790491932,10580900,14513668
1790491934,10289388,14513668
1790491936,10504180,14513668
1790491938,10523792,14513668
1790491940,10545096,14513668
1790491942,9014128,14513668
1790491944,9022000,14513668
1790491946,10242632,14513668
1790491948,9498660,14513668
1790491950,8866400,14513668
1790491952,10397392,14513668
1790491954,10438616,14513668
1790491956,9418208,14513668
1790491958,9509304,14513668
1790491960,10429072,14513668
1790491962,10468712,14513668
1790491964,9265808,14513668
1790491966,9650160,14513668
1790491968,10394296,14513668
1790491970,10484464,14513668
1790491972,9100316,14513668
1790491974,9828384,14513668
1790491976,10429044,14513668
1790491978,10338080,14513668
1790491980,9036344,14513668
1790491982,9045624,14513668
1790491984,10249780,14513668
1790491986,10240816,14513668
1790491988,9513184,14513668
1790491990,10365020,14513668
1790491992,10564324,14513668
1790491994,10584128,14513668
1790491996,9511904,14513668
1790491998,10481368,14513668
1790492000,10483772,14513668
1790492002,10612268,14513668
1790492004,9501984,14513668
1790492006,10583672,14513668
1790492008,10488808,14513668
1790492010,10560008,14513668
1790492012,9314244,14513668
1790492014,10433028,14513668
1790492016,10517664,14513668
1790492018,8954880,14513668
1790492020,10156224,14513668
1790492022,8929712,14513668
1790492024,10248820,14513668
1790492026,9863500,14513668
1790492028,10479388,14513668
1790492030,10483368,14513668
1790492032,10549412,14513668
1790492034,10287664,14513668
1790492036,10424132,14513672
1790492038,10413100,14513672
1790492040,10523852,14513672
1790492042,10197072,14513672
1790492044,10488264,14513672
1790492046,10520360,14513672
1790492048,10587216,14513672
1790492050,10529664,14513672
1790492052,10549864,14513672
1790492054,10541320,14513672
1790492056,7808768,14513672
1790492058,8455072,14513672
1790492060,8788568,14513672
1790492062,8915824,14513672
1790492064,8778008,14513672
1790492066,8505148,14513672
1790492068,8591360,14513672
1790492070,8493184,14513672
1790492072,8603116,14513672
1790492074,8857340,14513672
