epoch,MemAvailable_kB,SwapFree_kB
1790475709,26777916,14507024
1790475711,26719272,14507024
1790475713,25930640,14507024
1790475715,22858436,14507024
1790475717,22778368,14507024
1790475719,22790464,14507156
1790475721,22935576,14507156
1790475723,22953504,14507156
1790475725,22973060,14507156
1790475727,22977324,14507188
1790475729,22960740,14507188
1790475731,22935312,14507188
1790475733,22931784,14507188
1790475735,22736192,14507188
1790475737,22431684,14507188
1790475739,22324328,14507188
1790475741,22082464,14507188
1790475743,22084240,14507188
1790475745,22259596,14507188
1790475747,22283176,14507188
1790475749,22091420,14507188
1790475751,22089336,14507188
1790475753,21966456,14507188
1790475755,22214208,14507188
1790475757,22249084,14507188
1790475759,21952688,14507188
1790475761,22256572,14507188
1790475763,21956944,14507188
1790475765,22214856,14507188
1790475767,22065932,14507188
1790475769,22081988,14507188
1790475771,22081948,14507188
1790475773,21962240,14507188
1790475775,22218244,14507188
1790475777,22029824,14507188
1790475779,22199312,14507188
1790475781,22068208,14507188
1790475783,22030992,14507188
1790475785,22113764,14507188
1790475787,22128932,14507188
1790475789,22140652,14507188
1790475791,22162304,14507188
1790475793,22213992,14507188
1790475795,22047820,14507188
1790475797,22119716,14507188
1790475799,22202000,14507188
1790475801,22291692,14507188
1790475803,22226100,14507188
1790475805,22133972,14507188
1790475807,22195552,14507188
1790475809,22238056,14507188
1790475811,22248876,14507188
1790475813,21914388,14507312
1790475815,22089716,14507312
1790475817,22202388,14507312
1790475819,22249232,14507312
1790475821,22224468,14507316
1790475823,21901112,14507316
1790475825,22160532,14507316
1790475827,22280960,14507316
1790475830,22255972,14507316
1790475832,22256888,14507316
1790475834,21882688,14507316
1790475836,22192516,14507316
1790475838,22210096,14507316
1790475840,22313148,14507316
1790475842,22280224,14507316
1790475844,21989200,14507316
1790475846,22301924,14507316
1790475848,22305216,14507316
1790475850,22283592,14507316
1790475852,22315636,14507316
1790475854,22269000,14507316
1790475856,22295404,14507316
1790475858,22306044,14507316
1790475860,22309140,14507316
1790475862,22008864,14507316
1790475864,22234840,14507316
1790475866,22279632,14507316
1790475868,22269512,14507316
1790475870,21949272,14507320
1790475872,21910048,14507320
1790475874,22176868,14507320
1790475876,22225192,14507320
1790475878,21979340,14507320
1790475880,22245444,14507320
1790475882,21900696,14507320
1790475884,22259676,14507320
1790475886,21970172,14507320
1790475888,22226760,14507320
1790475890,22004404,14507320
1790475892,21914408,14507320
1790475894,21928376,14507320
1790475896,22180568,14507320
1790475898,22023584,14507320
1790475900,22304312,14507320
1790475902,22259572,14507328
1790475904,22146272,14507328
1790475906,22175560,14507328
1790475908,22293552,14507328
1790475910,22344428,14507328
1790475912,21963068,14507328
1790475914,22183816,14507328
1790475916,22266848,14507328
1790475918,22302892,14507328
1790475920,22314892,14507328
1790475922,22007804,14507328
1790475924,22283820,14507328
1790475926,22287136,14507328
1790475928,22301396,14507328
1790475930,22213408,14507328
1790475932,21907748,14507328
1790475934,22201228,14507328
1790475936,22216820,14507336
1790475938,22213376,14507336
1790475940,22163744,14507336
1790475942,22179228,14507336
1790475944,22212404,14507336
1790475946,22241824,14507336
1790475948,22218488,14507336
1790475950,21945836,14507336
1790475952,22243300,14507336
1790475954,22212940,14507356
1790475956,22183840,14507356
1790475958,22149100,14507356
1790475960,22030896,14507356
1790475962,22233628,14507356
1790475964,22121420,14507356
1790475966,22148452,14507356
1790475968,22012540,14507356
1790475970,21982808,14507356
1790475972,22079500,14507356
1790475974,22270380,14507356
1790475976,22088080,14507356
1790475978,22298772,14507356
1790475980,22260616,14507356
1790475982,22115572,14507356
1790475984,22205768,14507356
1790475986,22318144,14507356
1790475988,22292204,14507356
1790475990,21883440,14507356
1790475992,21699824,14507356
1790475994,21713368,14507356
1790475996,22854900,14507356
1790475998,22479712,14507356
1790476000,22784800,14507364
1790476002,22788376,14507364
1790476004,22779188,14507364
1790476006,22785404,14507364
1790476008,22792412,14507364
1790476010,22793944,14507364
1790476012,22766064,14507364
1790476014,22740312,14507364
1790476016,22589672,14507364
1790476018,22199004,14507364
1790476020,22100560,14507364
1790476022,22200124,14507364
1790476024,21969740,14507364
1790476026,22123280,14507364
1790476028,22055420,14507364
1790476030,22103180,14507364
1790476032,22091360,14507364
1790476034,21965544,14507364
1790476036,22154220,14507364
1790476038,22070448,14507364
1790476040,22125544,14507364
1790476042,22122236,14507364
1790476044,21993920,14507364
1790476046,22161608,14507364
1790476048,22024264,14507364
1790476050,22112736,14507364
1790476052,22014468,14507364
1790476054,21890736,14507364
1790476056,21962556,14507364
1790476058,21963484,14507364
1790476060,22090712,14507364
1790476062,21934124,14507364
1790476064,21888604,14507364
1790476066,21918444,14507364
1790476068,22023028,14507364
1790476070,22008476,14507364
1790476072,21852964,14507364
1790476074,21897316,14507364
1790476076,21802636,14507364
1790476078,22121424,14507364
1790476080,22076576,14507364
1790476082,22167492,14507368
1790476084,22147156,14507368
1790476086,22093352,14507368
1790476088,22039080,14507368
1790476090,22110128,14507368
1790476092,22315856,14507368
1790476094,22099488,14507368
1790476096,22029204,14507368
1790476098,22014332,14507368
1790476100,22191336,14507368
1790476102,22200860,14507368
1790476104,21890852,14507368
1790476106,22016700,14507368
1790476108,22164724,14507368
1790476110,22097324,14507368
1790476112,22071724,14507368
1790476114,21782204,14507368
1790476116,21989680,14507368
1790476118,22103264,14507368
1790476120,22156692,14507368
1790476122,22106984,14507368
1790476124,21760168,14507368
1790476126,22028756,14507368
1790476128,22029516,14507368
1790476130,22043820,14507368
1790476132,22105120,14507368
1790476134,21761360,14507452
1790476136,22054992,14507452
1790476138,22054920,14507452
1790476140,22242936,14507452
1790476142,22195408,14507452
1790476144,21895212,14507452
1790476146,22176912,14507452
1790476148,22160140,14507584
1790476150,22217124,14507584
1790476152,22234224,14507584
1790476154,21866684,14507584
1790476156,22161616,14507584
1790476158,22248548,14507584
1790476160,22217028,14507584
1790476162,22217068,14507584
1790476164,21874532,14507584
1790476166,22147460,14507584
1790476168,22158544,14507584
1790476170,22146676,14507584
1790476172,22199640,14507584
1790476174,21780852,14507644
1790476176,22193420,14507644
1790476178,22124384,14507644
1790476180,22198900,14507644
1790476182,22140200,14507644
1790476184,22040824,14507644
1790476186,22039680,14507644
1790476188,22153264,14507644
1790476190,22176532,14507644
1790476192,21882972,14507644
1790476194,22070380,14507644
1790476196,22162544,14507644
1790476198,22146828,14507700
1790476200,22221436,14507700
1790476202,21977620,14507700
1790476204,22135744,14507700
1790476206,22156252,14507700
1790476208,22176068,14507704
1790476210,22050840,14507704
1790476212,21960760,14507704
1790476214,22160160,14507704
1790476216,22167548,14507704
1790476218,22055032,14507704
1790476220,22111220,14507704
1790476222,21961516,14507704
1790476224,22185248,14507704
1790476226,22067776,14507704
1790476228,22043188,14507704
1790476230,22112720,14507704
1790476232,21904872,14507704
1790476234,22113200,14507704
1790476236,21928748,14507704
1790476238,22095600,14507704
1790476240,21982496,14507704
1790476242,21858540,14507704
1790476244,21901036,14507704
1790476246,22046156,14507704
1790476248,21924904,14507704
1790476250,22049452,14507824
1790476252,22088884,14507824
1790476254,21931244,14507824
1790476256,21963116,14507824
1790476258,22031220,14507824
1790476260,22186920,14507824
1790476262,22132916,14507824
1790476264,22190068,14507824
1790476266,22035972,14507824
1790476268,22189752,14507824
1790476270,22229204,14507824
1790476272,21843084,14507824
1790476274,21856536,14507824
1790476276,22189688,14507824
1790476278,22213640,14507824
1790476280,22239056,14507824
1790476282,21939620,14507824
1790476284,21722844,14507824
1790476286,21733096,14507824
1790476288,21960116,14507824
1790476290,21778892,14507824
1790476292,21928068,14507824
1790476294,21944076,14507840
1790476296,22042592,14507840
1790476298,22182780,14507840
1790476300,21752972,14507980
1790476302,22028248,14507980
1790476304,22038176,14507984
1790476306,22050716,14507984
1790476308,22116432,14507992
1790476310,21769548,14507992
1790476312,22071748,14507992
1790476314,22069228,14507992
1790476316,22072056,14507992
1790476318,22088712,14507992
1790476320,21876708,14507992
1790476322,22140440,14507992
1790476324,22194988,14507992
1790476326,22164480,14507992
1790476328,22212652,14507992
1790476330,22119524,14507992
1790476332,22142660,14507992
1790476334,22189832,14507992
1790476336,22179224,14507992
1790476338,21973828,14507992
1790476340,22115060,14507992
1790476342,22220436,14507992
1790476344,22161200,14507992
1790476346,22182248,14507992
1790476348,21864712,14507992
1790476350,22007952,14507992
1790476352,22056780,14507992
1790476354,22096412,14507992
1790476356,22092796,14507992
1790476358,21872528,14507992
1790476360,22013772,14507992
1790476362,22075532,14507992
1790476364,22099676,14507992
1790476366,21884480,14507992
1790476368,21860104,14507992
1790476370,22032152,14507992
1790476372,22096376,14507992
1790476374,21973652,14507992
1790476376,22031576,14507992
1790476378,21860488,14507992
1790476380,22151476,14507992
1790476382,22150460,14507992
1790476384,21957900,14507992
1790476386,22151484,14507992
1790476388,21922176,14507992
1790476390,22143236,14507992
1790476392,22035044,14507992
1790476394,22074920,14507992
1790476396,22048516,14507992
1790476398,21925964,14507992
1790476400,22003276,14507992
1790476402,21984356,14507992
1790476404,22029328,14507992
1790476406,21970540,14507992
1790476408,21963380,14507992
1790476410,21849008,14507992
1790476412,22055388,14507992
1790476414,21846088,14507992
1790476416,22059476,14507992
1790476418,22085576,14507992
1790476420,21807140,14507992
1790476422,21687940,14507992
1790476424,20364612,14507992
1790476426,21781460,14507992
1790476428,21911884,14507992
1790476430,21801188,14507992
1790476432,22040932,14507992
1790476434,22084768,14507992
1790476436,21775888,14507992
1790476438,21813488,14507992
1790476440,22143856,14507992
1790476442,22165572,14507992
1790476444,22163184,14507992
1790476446,21884624,14507992
1790476448,22099036,14507992
1790476450,22232892,14507992
1790476452,22284376,14507992
1790476454,22220648,14507992
1790476456,21888352,14507992
1790476458,22163904,14507992
1790476460,22212100,14507992
1790476462,22267044,14507992
1790476464,22206236,14507992
1790476466,21900108,14507992
1790476468,22062368,14507992
1790476470,22117308,14507992
1790476472,22124712,14507992
1790476474,22128900,14507992
1790476476,21804592,14507992
1790476478,22071536,14507992
1790476480,22096528,14507992
1790476482,22101152,14507992
1790476484,22107872,14507992
1790476486,21829400,14507992
1790476488,22128788,14507992
1790476490,22116176,14507992
1790476492,22212088,14507992
1790476494,22147684,14507992
1790476496,21909764,14507992
1790476498,22051740,14507992
1790476500,22156808,14507992
1790476502,22152236,14507992
1790476504,21950784,14508008
1790476506,22142724,14508008
1790476508,22189512,14508008
1790476510,22184312,14508008
1790476512,22285572,14508008
1790476514,21976384,14508008
1790476516,22173548,14508008
1790476518,22172684,14508012
1790476520,22178984,14508012
1790476522,22195064,14508012
1790476524,21972360,14508012
1790476526,22171468,14508012
1790476528,22063824,14508012
1790476530,22137492,14508012
1790476532,21870892,14508012
1790476534,21885612,14508012
1790476536,22068780,14508012
1790476538,22124408,14508012
1790476540,21985672,14508012
1790476542,22033044,14508012
1790476544,21865784,14508012
1790476546,22077908,14508124
1790476548,21940156,14508124
1790476550,21882184,14508124
1790476552,22249792,14508124
1790476554,21888496,14508124
1790476556,22068536,14508124
1790476558,21928144,14508124
1790476560,22200316,14508124
1790476562,22059048,14508124
1790476564,21977068,14508124
1790476566,22007544,14508124
1790476568,22228936,14508124
1790476570,21894824,14508124
1790476572,22189796,14508124
1790476574,22143936,14508124
1790476576,22033464,14508124
1790476578,22028016,14508124
1790476580,22080348,14508124
1790476582,22186640,14508124
1790476584,22178856,14508124
1790476586,22150084,14508124
1790476588,21959936,14508124
1790476590,22053156,14508124
1790476592,22213404,14508124
1790476594,21865348,14508124
1790476596,21767032,14508124
1790476598,21817216,14508124
1790476600,21491332,14508124
1790476602,21796444,14508124
1790476604,21617292,14508124
1790476606,21868924,14508124
1790476608,22222504,14508124
1790476610,22143872,14508124
1790476612,21783360,14508124
1790476614,22036056,14508124
1790476616,22055880,14508124
1790476618,22099520,14508124
1790476620,22234444,14508124
1790476622,21867688,14508124
1790476625,22126832,14508124
1790476627,22264104,14508124
1790476629,22216900,14508124
1790476631,22236184,14508124
1790476633,21917968,14508124
1790476635,22191884,14508124
1790476637,22242016,14508124
1790476639,22216820,14508124
1790476641,22253724,14508124
1790476643,21876040,14508124
1790476645,22176132,14508124
1790476647,22185124,14508124
1790476649,22131460,14508124
1790476651,22154012,14508124
1790476653,21811968,14508124
1790476655,22096780,14508124
1790476657,22115412,14508124
1790476659,22133240,14508124
1790476661,22139296,14508124
1790476663,22035972,14508124
1790476665,22076480,14508124
1790476667,22086400,14508124
1790476669,22097728,14508124
1790476671,21866680,14508124
1790476673,22049644,14508124
1790476675,22088884,14508124
1790476677,22146012,14508124
1790476679,21998196,14508124
1790476681,21950272,14508124
1790476683,22185928,14508124
1790476685,22154948,14508124
1790476687,22217296,14508124
1790476689,21970552,14508124
1790476691,21967752,14508124
1790476693,22160244,14508124
1790476695,22200900,14508124
1790476697,22053572,14508124
1790476699,22199876,14508124
1790476701,21974676,14508124
1790476703,22141516,14508124
1790476705,22021712,14508124
1790476707,22031180,14508124
1790476709,21984412,14508124
1790476711,21871748,14508124
1790476713,21919148,14508124
1790476715,21905492,14508124
1790476717,22002812,14508124
1790476719,21974160,14508124
1790476721,22169648,14508124
1790476723,21850564,14508124
1790476725,22082388,14508124
1790476727,21916364,14508124
1790476729,22117152,14508124
1790476731,22108468,14508124
1790476733,22056952,14508124
1790476735,21898620,14508124
1790476737,22072336,14508124
1790476739,22156516,14508124
1790476741,21825256,14508124
1790476743,21675952,14508124
1790476745,21693856,14508124
1790476747,21137124,14508124
1790476749,21837984,14508124
1790476751,21729108,14508124
1790476753,22127104,14508124
1790476755,22101468,14508124
1790476757,22238944,14508124
1790476759,21892192,14508124
1790476761,22172868,14508124
1790476763,22172236,14508124
1790476765,22186504,14508124
1790476767,22229900,14508124
1790476769,21796840,14508124
1790476771,22058744,14508124
1790476773,22075228,14508124
1790476775,22126880,14508124
1790476777,22154604,14508124
1790476779,21792908,14508124
1790476781,22043676,14508124
1790476783,22157752,14508124
1790476785,22124480,14508124
1790476787,22146744,14508124
1790476789,21898460,14508124
1790476791,22075180,14508124
1790476793,22096428,14508124
1790476795,22144904,14508124
1790476797,21850248,14508124
1790476799,22004956,14508124
1790476801,22133436,14508124
1790476803,22162704,14508124
1790476805,22214532,14508124
1790476807,21937036,14508124
1790476809,22162888,14508124
1790476811,22157120,14508124
1790476813,22166416,14508124
1790476815,22231456,14508124
1790476817,21966204,14508124
1790476819,22147508,14508124
1790476821,22160948,14508124
1790476823,22150232,14508124
1790476825,22063408,14508124
1790476827,21957460,14508124
1790476829,22047820,14508124
1790476831,22040732,14508124
1790476833,22055288,14508124
1790476835,21900936,14508124
1790476837,21875484,14508128
1790476839,22105728,14508128
1790476841,22104036,14508128
1790476843,21938344,14508128
1790476845,22104276,14508128
1790476847,21870504,14508128
1790476849,22087028,14508128
1790476851,21969672,14508128
1790476853,22011648,14508128
1790476855,21992860,14508128
1790476857,21875016,14508128
1790476859,21931264,14508128
1790476861,22086520,14508128
1790476863,22093516,14508128
1790476865,22040284,14508128
1790476867,22107348,14508128
1790476869,21933360,14508128
1790476871,22242408,14508128
1790476873,22059168,14508128
1790476875,22222692,14508128
1790476877,22153984,14508128
1790476879,22116004,14508128
1790476881,22033800,14508128
1790476883,22206344,14508128
1790476885,22181008,14508128
1790476887,21849916,14508128
1790476889,21910072,14508128
1790476891,22058916,14508128
1790476893,22047212,14508128
1790476895,22061352,14508128
1790476897,21816992,14508128
1790476899,21609180,14508128
1790476901,21623768,14508128
1790476903,22124404,14508128
1790476905,21782744,14508128
1790476907,21910700,14508128
1790476909,22088348,14508128
1790476911,22144772,14508128
1790476913,22291260,14508248
1790476915,21780728,14508248
1790476917,22065608,14508248
1790476919,22046380,14508248
1790476921,22183096,14508248
1790476923,22225296,14508248
1790476925,21861404,14508248
1790476927,22124072,14508248
1790476929,22179448,14508248
1790476931,22182048,14508248
1790476933,22168404,14508248
1790476935,22175536,14508248
1790476937,22167816,14508248
1790476939,22192988,14508248
1790476941,22216436,14508248
1790476943,21980384,14508248
1790476945,22076524,14508248
1790476947,22133644,14508248
1790476949,22060188,14508248
1790476951,22095708,14508248
1790476953,21845284,14508248
1790476955,22062548,14508248
1790476957,22058596,14508248
1790476959,22084372,14508248
1790476961,21827072,14508248
1790476963,21855484,14508248
1790476965,22073388,14508248
1790476967,22079756,14508248
1790476969,21885384,14508248
1790476971,22102444,14508248
1790476973,21867852,14508248
1790476975,22118200,14508248
1790476977,21850216,14508248
1790476979,22101008,14508248
1790476981,22073796,14508248
1790476983,21938908,14508248
1790476985,22005668,14508248
1790476987,22088004,14508248
1790476989,22064024,14508248
1790476991,22030660,14508248
1790476993,22190208,14508248
1790476995,22035936,14508248
1790476997,22054328,14508248
1790476999,22129552,14508248
1790477001,22168764,14508248
1790477003,22097432,14508248
1790477005,22095904,14508248
1790477007,22021096,14508248
1790477009,22137972,14508248
1790477011,22145940,14508248
1790477013,21751776,14508252
1790477015,21622500,14508252
1790477017,21613488,14508252
1790477019,22115064,14508252
1790477021,21788680,14508252
1790477023,21864936,14508252
1790477025,21942368,14508252
1790477027,21978848,14508252
1790477029,22237800,14508252
1790477031,21779152,14508252
1790477033,22060220,14508252
1790477035,22066932,14508252
1790477037,22079808,14508252
1790477039,22082208,14508252
1790477041,21847700,14508252
1790477043,22170724,14508252
1790477045,22130196,14508252
1790477047,22131448,14508252
1790477049,22286216,14508252
1790477051,21886968,14508252
1790477053,22142712,14508252
1790477055,22146460,14508252
1790477057,22184612,14508252
1790477059,22200124,14508252
1790477061,22158280,14508252
1790477063,22165788,14508252
1790477065,22257436,14508252
1790477067,22276488,14508252
1790477069,21909628,14508252
1790477071,22092728,14508252
1790477073,22131384,14508252
1790477075,22146388,14508252
1790477077,22027620,14508252
1790477079,21898144,14508252
1790477081,22046128,14508252
1790477083,22039556,14508252
1790477085,22106952,14508252
1790477087,21811948,14508252
1790477089,21879504,14508252
1790477091,22060460,14508252
1790477093,22170104,14508252
1790477095,21918116,14508252
1790477097,22117032,14508252
1790477099,21905900,14508252
1790477101,22117692,14508252
1790477103,22050656,14508252
1790477105,22184672,14508252
1790477107,22001592,14508252
1790477109,21947292,14508316
1790477111,21967048,14508316
1790477113,22018364,14508316
1790477115,22008004,14508316
1790477117,22093288,14508316
1790477119,21946192,14508316
1790477121,21710436,14508316
1790477123,21710436,14508316
1790477125,20560328,14508316
1790477127,21847084,14508316
1790477129,21891372,14508316
1790477131,21618656,14508316
1790477133,21956988,14508316
1790477135,22045716,14508316
1790477137,21848492,14508316
1790477139,21866844,14508316
1790477141,22063580,14508316
1790477143,22055280,14508316
1790477145,22074180,14508316
1790477147,21743492,14508316
1790477149,22060304,14508316
1790477151,22067768,14508316
1790477153,22095768,14508316
1790477155,22112056,14508316
1790477157,21759548,14508316
1790477159,22064420,14508316
1790477161,22192012,14508316
1790477163,22214848,14508316
1790477165,22198388,14508316
1790477167,21941616,14508316
1790477169,22130348,14508316
1790477171,22148368,14508316
1790477173,22182628,14508316
1790477175,22235692,14508316
1790477177,21860936,14508316
1790477179,22154420,14508316
1790477181,22161984,14508316
1790477183,22169956,14508316
1790477185,22191328,14508316
1790477187,22167892,14508316
1790477189,22073092,14508316
1790477191,22095888,14508316
1790477193,22130124,14508316
1790477195,21877652,14508316
1790477197,22087444,14508316
1790477199,22144444,14508316
1790477201,22164932,14508316
1790477203,22137172,14508316
1790477205,21475704,14508316
1790477207,21714812,14508316
1790477209,21771156,14508316
1790477211,22029660,14508316
1790477213,21858652,14508316
1790477215,22144036,14508316
1790477217,22103172,14508316
1790477219,22163964,14508380
1790477221,21930384,14508380
1790477223,21958788,14508380
1790477225,22138676,14508380
1790477227,22156896,14508380
1790477229,22020320,14508380
1790477231,22216440,14508380
1790477233,21968564,14508380
1790477235,22135496,14508380
1790477237,22032400,14508380
1790477239,22218604,14508380
1790477241,22055488,14508380
1790477243,21966428,14508380
1790477245,22030464,14508380
1790477247,22061104,14508380
1790477249,22008608,14508380
1790477251,21934844,14508380
1790477253,22041880,14508380
1790477255,21844488,14508380
1790477257,22103572,14508380
1790477259,21877180,14508380
1790477261,22083568,14508380
1790477263,22102832,14508380
1790477265,22153272,14508380
1790477267,21875532,14508380
1790477269,22088956,14508380
1790477271,22145032,14508592
1790477273,22048216,14508592
1790477275,21874428,14508592
1790477277,22129080,14508592
1790477279,22158872,14508592
1790477281,22194536,14508592
1790477283,21873208,14508592
1790477285,22031140,14508592
1790477287,22232976,14508592
1790477289,22183260,14508592
1790477291,22225492,14508592
1790477293,21856160,14508592
1790477295,22190972,14508592
1790477297,22243300,14508592
1790477299,22333944,14508592
1790477301,22212564,14508592
1790477303,21894540,14508592
1790477305,22169336,14508592
1790477307,22170336,14508592
1790477309,22189496,14508592
1790477311,22121284,14508592
1790477313,21820832,14508592
1790477315,22066180,14508592
1790477317,22091172,14508592
1790477319,22123240,14508592
1790477321,21487472,14508592
1790477323,21842500,14508592
1790477325,21795480,14508592
1790477327,22015044,14508592
1790477329,21854108,14508592
1790477331,22115988,14508592
1790477333,21943644,14508592
1790477335,22048568,14508592
1790477337,22188164,14508592
1790477339,21903216,14508592
1790477341,22169680,14508592
1790477343,22171592,14508592
1790477345,22152300,14508592
1790477347,22240336,14508592
1790477349,21948860,14508592
1790477351,22114600,14508592
1790477353,22140856,14508592
1790477355,22172568,14508592
1790477357,22034356,14508592
1790477359,21984708,14508592
1790477361,22135072,14508592
1790477363,22193496,14508592
1790477365,22015488,14508592
1790477367,22236740,14508592
1790477369,21834496,14508592
1790477371,22057924,14508592
1790477373,21864464,14508592
1790477375,22057068,14508592
1790477377,21970272,14508592
1790477379,21871432,14508592
1790477381,21863288,14508592
1790477383,22100248,14508592
1790477385,21953096,14508592
1790477387,22103544,14508592
1790477389,22100480,14508592
1790477391,22101684,14508592
1790477393,21944124,14508592
1790477395,22098664,14508592
1790477397,22141024,14508592
1790477399,21779652,14508592
1790477401,21976584,14508592
1790477403,22248152,14508592
1790477405,22225768,14508592
1790477407,22229660,14508592
1790477409,21866508,14508592
1790477411,22115592,14508592
1790477413,22217876,14508592
1790477415,22209300,14508592
1790477417,22207992,14508592
1790477420,21855296,14508592
1790477422,21813464,14508592
1790477424,21775076,14508592
1790477426,21952896,14508592
1790477428,22240212,14508592
1790477430,22090788,14508592
1790477432,21972672,14508592
1790477434,22023136,14508592
1790477436,22213072,14508592
1790477438,21803972,14508592
1790477440,22056276,14508592
1790477442,22053028,14508592
1790477444,22083056,14508592
1790477446,22114732,14508592
1790477448,22052108,14508592
1790477450,22080940,14508592
1790477452,22065136,14508592
1790477454,22135016,14508592
1790477456,21876224,14508592
1790477458,22075280,14508592
1790477460,22169500,14508592
1790477462,22169408,14508592
1790477464,22105220,14508592
1790477466,21977700,14508592
1790477468,22163400,14508592
1790477470,22145440,14508592
1790477472,22085464,14508592
1790477474,22072096,14508592
1790477476,21949832,14508592
1790477478,22144348,14508592
1790477480,22067380,14508592
1790477482,22122544,14508592
1790477484,22094556,14508592
1790477486,21975432,14508592
1790477488,22003876,14508592
1790477490,21961084,14508592
1790477492,21964984,14508592
1790477494,22051116,14508592
1790477496,22096848,14508592
1790477498,21869792,14508592
1790477500,21978636,14508592
1790477502,22020480,14508592
1790477504,22114496,14508592
1790477506,22108148,14508592
1790477508,22111816,14508592
1790477510,21966868,14508592
1790477512,22091732,14508592
1790477514,22120496,14508592
1790477516,21969484,14508592
1790477518,21926420,14508592
1790477520,22087132,14508592
1790477522,22216452,14508592
1790477524,22261072,14508592
1790477526,21945880,14508592
1790477528,22135644,14508592
1790477530,22132324,14508592
1790477532,22151524,14508592
1790477534,22174780,14508592
1790477536,21968632,14508592
1790477538,21724404,14508592
1790477540,21721896,14508592
1790477542,21923224,14508592
1790477544,22167916,14508592
1790477546,22014436,14508592
1790477548,22357824,14508592
1790477550,22127780,14508592
1790477552,22198408,14508592
1790477554,21778808,14508592
1790477556,22070412,14508592
1790477558,22080480,14508592
1790477560,22092656,14508592
1790477562,22100236,14508592
1790477564,22035124,14508592
1790477566,22089616,14508592
1790477568,22100388,14508592
1790477570,22115336,14508592
1790477572,21871116,14508592
1790477574,22045684,14508592
1790477576,22072044,14508592
1790477578,22082552,14508592
1790477580,22007484,14508592
1790477582,21935128,14508592
1790477584,22167768,14508592
1790477586,22135360,14508592
1790477588,22014132,14508592
1790477590,22158028,14508592
1790477592,21955124,14508592
1790477594,22102704,14508592
1790477596,21933232,14508592
1790477598,22173672,14508592
1790477600,22065144,14508592
1790477602,21952512,14508592
1790477604,21887776,14508592
1790477606,22191496,14508592
1790477608,22072104,14508592
1790477610,22182184,14508592
1790477612,22128328,14508592
1790477614,22012068,14508592
1790477616,21946328,14508592
1790477618,22094988,14508592
1790477620,22107056,14508592
1790477622,21773800,14508592
1790477624,21910332,14508592
1790477626,22092060,14508592
1790477628,22086920,14508592
1790477630,22092100,14508592
1790477632,21805736,14508592
1790477634,22078572,14508592
1790477636,22070316,14508592
1790477638,22099952,14508592
1790477640,22203320,14508592
1790477642,21867576,14508592
1790477644,22156784,14508592
1790477646,22212200,14508592
1790477648,22227912,14508592
1790477650,21817892,14508592
1790477652,21684844,14508592
1790477654,21684624,14508592
1790477656,21924216,14508592
1790477658,21918064,14508592
1790477660,21993696,14508592
1790477662,22083088,14508592
1790477664,22061396,14508592
1790477666,22095004,14508592
1790477668,21985576,14508592
1790477670,22076660,14508592
1790477672,22057648,14508592
1790477674,22118024,14508592
1790477676,22130984,14508592
1790477678,21895928,14508592
1790477680,22045040,14508592
1790477682,22061324,14508592
1790477684,22084092,14508592
1790477686,21912656,14508592
1790477688,21882152,14508592
1790477690,22042352,14508592
1790477692,22047876,14508592
1790477694,21888996,14508592
1790477696,22100448,14508592
1790477698,21864120,14508592
1790477700,22153472,14508592
1790477702,21992004,14508592
1790477704,22180396,14508592
1790477706,21897336,14508592
1790477708,21962784,14508592
1790477710,21957852,14508592
1790477712,22206044,14508592
1790477714,21860372,14508592
1790477716,22043756,14508592
1790477718,22183444,14508592
1790477720,22110224,14508592
1790477722,22040736,14508592
1790477724,22186292,14508592
1790477726,22194300,14508592
1790477728,21883856,14508592
1790477730,21915784,14508592
1790477732,22084988,14508592
1790477734,22076840,14508592
1790477736,22094420,14508592
1790477738,21765540,14508592
1790477740,22061660,14508592
1790477742,22070132,14508592
1790477744,22067948,14508592
1790477746,22061424,14508592
1790477748,21805896,14508592
1790477750,22089392,14508592
1790477752,22093816,14508592
1790477754,22077384,14508656
1790477756,22147788,14508656
1790477758,21814432,14508656
1790477760,22187456,14508656
1790477762,22188124,14508656
1790477764,22249992,14508656
1790477766,21564656,14508656
1790477768,21775068,14508656
1790477770,21709436,14508656
1790477772,22041144,14508656
1790477774,21910368,14508656
1790477776,22194180,14508656
1790477778,22014304,14508656
1790477780,22143144,14508656
1790477782,22199004,14508656
1790477784,21988468,14508656
1790477786,22123308,14508656
1790477788,22155140,14508656
1790477790,22105148,14508656
1790477792,21950068,14508656
1790477794,21848120,14508656
1790477796,22072040,14508656
1790477798,22078976,14508656
1790477800,21946504,14508656
1790477802,22123004,14508656
1790477804,21851944,14508656
1790477806,22035772,14508656
1790477808,21936956,14508656
1790477810,22067908,14508656
1790477812,21972556,14508656
1790477814,21879952,14508656
1790477816,21949088,14508656
1790477818,22127256,14508656
1790477820,22021816,14508656
1790477822,22225644,14508656
1790477824,22182636,14508656
1790477826,22137340,14508656
1790477828,22074732,14508656
1790477830,22170680,14508656
1790477832,22175604,14508656
1790477834,21849280,14508664
1790477836,21975780,14508664
1790477838,22181100,14508664
1790477840,22208956,14508664
1790477842,22231336,14508664
1790477844,21877088,14508664
1790477846,22187608,14508664
1790477848,22115024,14508664
1790477850,22109488,14508664
1790477852,22122124,14508664
1790477854,21792916,14508664
1790477856,22075164,14508664
1790477858,22067628,14508664
1790477860,22070676,14508664
1790477862,22136164,14508664
1790477864,21785568,14508664
1790477866,22096364,14508664
1790477868,22108212,14508664
1790477870,22146448,14508664
1790477872,21495668,14508664
1790477874,21645616,14508664
1790477876,21638828,14508664
1790477878,21888900,14508664
1790477880,21948280,14508664
1790477882,22196720,14508664
1790477884,22249028,14508664
1790477886,22302528,14508664
1790477888,22179848,14508664
1790477890,21978960,14508664
1790477892,22190296,14508664
1790477894,22213200,14508664
1790477896,22282332,14508664
1790477898,21938452,14508664
1790477900,21985904,14508664
1790477902,22136912,14508664
1790477904,22162800,14508664
1790477906,22016340,14508664
1790477908,22101412,14508664
1790477910,21917768,14508664
1790477912,22104340,14508712
1790477914,21876976,14508712
1790477916,22091796,14508712
1790477918,21920236,14508712
1790477920,21959712,14508712
1790477922,21920888,14508712
1790477924,22072428,14508712
1790477926,21913756,14508712
1790477928,22125692,14508712
1790477930,22122988,14508712
1790477932,21992628,14508712
1790477934,21958676,14508712
1790477936,22056036,14508712
1790477938,22094960,14508712
1790477940,22107000,14508712
1790477942,22009324,14508716
1790477944,22001248,14508724
1790477946,22262056,14508724
1790477948,22180964,14508724
1790477950,21871232,14508724
1790477952,22095964,14508724
1790477954,22155504,14508724
1790477956,22178752,14508724
1790477958,22204320,14508724
1790477960,21867276,14508724
1790477962,22167936,14508724
1790477964,22181232,14508724
1790477966,22203228,14508724
1790477968,22134844,14508724
1790477970,21675704,14508724
1790477972,21759332,14508724
1790477974,21858720,14508724
1790477976,21862028,14508724
1790477978,21815852,14508724
1790477980,21965232,14508724
1790477982,21981892,14508724
1790477984,22255696,14508724
1790477986,21904804,14508724
1790477988,22066144,14508724
1790477990,22064372,14508724
1790477992,22088680,14508724
1790477994,22121256,14508724
1790477996,21882756,14508724
1790477998,22080952,14508724
1790478000,22226520,14508732
1790478002,22218200,14509084
1790478004,22023604,14509084
1790478006,21953528,14509084
1790478008,22112548,14509084
1790478010,22170552,14509084
1790478012,21984580,14509084
1790478014,22051792,14509084
1790478016,21918424,14509084
1790478018,21984276,14509084
1790478020,22011440,14509084
1790478022,22061224,14509084
1790478024,22131496,14509084
1790478026,22193796,14509084
1790478028,21897056,14509084
1790478030,21919328,14509084
1790478032,22019420,14509088
1790478034,22113868,14509088
1790478036,22082036,14509088
1790478038,21938044,14509156
1790478040,22073912,14509156
1790478042,22136116,14509156
1790478044,22146748,14509156
1790478046,21771372,14509156
1790478048,21992100,14509156
1790478050,22112396,14509156
1790478052,22138692,14509156
1790478054,22131744,14509156
1790478056,21807116,14509156
1790478058,22101060,14509156
1790478060,22240268,14509156
1790478062,22264760,14509156
1790478064,22255440,14509168
1790478066,21936892,14509168
1790478068,21910688,14509168
1790478070,21923300,14509168
1790478072,21941100,14509168
1790478074,22096272,14509168
1790478076,22070936,14509168
1790478078,22091572,14509168
1790478080,22100876,14509168
1790478082,22308792,14509168
1790478084,21985348,14509168
1790478086,22112904,14509168
1790478088,22052272,14509168
1790478090,22051860,14509168
1790478092,21861556,14509168
1790478094,22104376,14509168
1790478096,22149284,14509168
1790478098,22102268,14509168
1790478100,22203848,14509168
1790478102,21904432,14509168
1790478104,22073336,14509168
1790478106,22070348,14509168
1790478108,22114596,14509168
1790478110,21985976,14509168
1790478112,21895992,14509168
1790478114,22086860,14509168
1790478116,22102040,14509168
1790478118,21930836,14509168
1790478120,22352704,14509168
1790478122,21973972,14509168
1790478124,22165108,14509168
1790478126,22031108,14509168
1790478128,22264512,14509168
1790478130,22060460,14509168
1790478132,22000492,14509168
1790478134,22037092,14509168
1790478136,22202076,14509168
1790478138,21982096,14509168
1790478140,22195560,14509168
1790478142,22171656,14509168
1790478144,22002520,14509168
1790478146,22030400,14509168
1790478148,22101144,14509168
1790478150,22140168,14509168
1790478152,22090012,14509168
1790478154,21933696,14509168
1790478156,22003408,14509168
1790478158,22090292,14509168
1790478160,22109656,14509168
1790478162,21836728,14509168
1790478164,21816160,14509168
1790478166,21829976,14509168
1790478168,22091948,14509168
1790478170,21789304,14509168
1790478172,21955348,14509168
1790478174,22218888,14509168
1790478176,22182880,14509168
1790478178,22138748,14509168
1790478180,21900468,14509168
1790478182,22180648,14509168
1790478184,22292836,14509168
1790478186,22275312,14509168
1790478188,22269500,14509168
1790478190,21876136,14509168
1790478192,22183536,14509168
1790478194,22205584,14509168
1790478196,22227156,14509168
1790478198,22223268,14509168
1790478200,22155904,14509168
1790478202,22205044,14509168
1790478204,22231324,14509168
1790478206,22217996,14509168
1790478208,21884272,14509168
1790478210,22036980,14509168
1790478213,22022960,14509168
1790478215,22039120,14509168
1790478217,21955592,14509168
1790478219,21834964,14509168
1790478221,22099408,14509168
1790478223,22159340,14509168
1790478225,22005304,14509168
1790478227,22140260,14509168
1790478229,21911820,14509168
1790478231,22085388,14509168
1790478233,21987932,14509168
1790478235,22114820,14509168
1790478237,21861320,14509168
1790478239,21875612,14509168
1790478241,22027064,14509168
1790478243,22130252,14509168
1790478245,22016136,14509168
1790478247,22192916,14509168
1790478249,22176280,14509168
1790478251,22121492,14509168
1790478253,22044588,14509168
1790478255,22186072,14509168
1790478257,22191204,14509168
1790478259,21943152,14509168
1790478261,21725836,14509168
1790478263,21761072,14509168
1790478265,22084712,14509168
1790478267,21907628,14509168
1790478269,21616832,14509168
1790478271,22173960,14509168
1790478273,22214792,14509168
1790478275,22100408,14509168
1790478277,21784936,14509168
1790478279,22047380,14509168
1790478281,22061932,14509168
1790478283,22116628,14509168
1790478285,22129452,14509168
1790478287,21817596,14509168
1790478289,22070876,14509168
1790478291,22131680,14509168
1790478293,22171804,14509168
1790478295,22170820,14509168
1790478297,21802412,14509168
1790478299,22046820,14509168
1790478301,22198884,14509168
1790478303,22206180,14509168
1790478305,22265012,14509168
1790478307,21903348,14509168
1790478309,22138284,14509168
1790478311,22178012,14509168
1790478313,22177832,14509168
1790478315,21945436,14509168
1790478317,22206956,14509168
1790478319,22178960,14509168
1790478321,22200964,14509168
1790478323,22218048,14509168
1790478325,21987680,14509168
1790478327,22169800,14509168
1790478329,22082040,14509168
1790478331,22144264,14509168
1790478333,21944068,14509168
1790478335,21881712,14509168
1790478337,22103256,14509168
1790478339,22093724,14509168
1790478341,21920520,14509168
1790478343,22030668,14509168
1790478345,21866988,14509168
1790478347,22055140,14509168
1790478349,21977232,14509168
1790478351,22123904,14509168
1790478353,21953960,14509168
1790478355,21955196,14509168
1790478357,21645284,14509168
1790478359,21636996,14509168
1790478361,23636192,14509168
1790478363,11211036,14509168
1790478365,14058816,14509168
1790478367,13559432,14509168
1790478369,13105168,14509168
1790478371,13245084,14509168
1790478373,13593596,14509168
1790478375,13599080,14509168
1790478377,13594768,14509168
1790478379,13598096,14509168
1790478381,13583312,14509168
1790478383,13605836,14509168
1790478385,13625896,14509168
1790478387,13228564,14509168
1790478389,12963348,14509168
1790478391,12717868,14509168
1790478393,12705404,14509168
1790478395,12644020,14509168
1790478397,12623356,14509168
1790478399,12557392,14509168
1790478401,12566500,14509168
1790478403,12586792,14509168
1790478405,12533368,14509168
1790478407,12490120,14509168
1790478409,12470244,14509168
1790478411,12433740,14509168
1790478413,12442264,14509168
1790478415,12357772,14509168
1790478417,12357224,14509168
1790478419,12289748,14509168
1790478421,12376768,14509168
1790478423,12311740,14509168
1790478425,12289032,14509168
1790478427,12271596,14509168
1790478429,12198704,14509168
1790478431,12168356,14509168
1790478433,12133288,14509168
1790478435,12121652,14509168
1790478437,12087344,14509168
1790478439,12065752,14509168
1790478441,12013992,14509168
1790478443,12010952,14509168
1790478445,11965040,14509168
1790478447,11954588,14509168
1790478449,11840084,14509168
1790478451,11824068,14509168
1790478453,11777792,14509168
1790478455,11770468,14509168
1790478457,11689424,14509168
1790478459,11655952,14509168
1790478461,11616032,14509168
1790478463,11612208,14509168
1790478465,11563956,14509168
1790478467,11538692,14509168
1790478469,11530528,14509168
1790478471,11513772,14509168
1790478473,11483444,14509168
1790478475,11468220,14509168
1790478477,11413344,14509168
1790478479,11396424,14509168
1790478481,11412528,14509176
1790478483,11400240,14509176
1790478485,11349168,14509176
1790478487,11433084,14509176
1790478489,11291828,14509176
1790478491,11424100,14509176
1790478493,11347016,14509176
1790478495,10835648,14509176
1790478497,10815056,14509176
1790478499,9964344,14509176
1790478501,9625820,14509176
1790478503,9612580,14509176
1790478505,9580260,14509176
1790478507,9586172,14509176
1790478509,9813144,14509176
1790478511,9895980,14509176
1790478513,9888568,14509176
1790478515,9636760,14509176
1790478517,9208800,14509176
1790478519,8809192,14509176
1790478521,8182068,14509176
1790478523,8074692,14509176
1790478525,8226520,14509176
1790478527,8232664,14509176
1790478529,8356880,14509176
1790478531,8348208,14509176
1790478533,8494632,14509176
1790478535,8434900,14509176
1790478537,8360688,14509176
1790478539,8188300,14509176
1790478541,8214496,14509176
1790478543,8233836,14509176
1790478545,8282976,14509176
1790478547,8399848,14509176
1790478549,8402960,14509176
1790478551,8539964,14509176
1790478553,8539000,14509176
1790478555,8427700,14509176
1790478557,8204324,14509176
1790478559,8224972,14509176
1790478561,8227560,14509176
1790478563,8292824,14509176
1790478565,8557816,14509176
1790478567,8418576,14509176
1790478569,8379704,14509176
1790478571,8513424,14509176
1790478573,8520120,14509176
1790478575,8425768,14509176
1790478577,8383736,14509176
1790478579,8416848,14509176
1790478581,8335276,14509176
1790478583,8437720,14509176
1790478585,8373640,14509176
1790478587,8399856,14509176
1790478589,8556964,14509176
1790478591,8554316,14509176
1790478593,8535320,14509176
1790478595,8547340,14509176
1790478597,8546260,14509176
1790478599,8224648,14509176
1790478601,7645964,14509176
1790478603,8162608,14509176
1790478605,8336248,14509176
1790478607,8431948,14509176
1790478609,8549112,14509176
1790478611,8279676,14509176
1790478613,8166764,14509176
1790478615,8134252,14509176
1790478617,8211160,14509176
1790478619,8262400,14509176
1790478621,8536148,14509176
1790478623,8582468,14509176
1790478625,8599200,14509176
1790478627,8408520,14509176
1790478629,8311060,14509176
1790478631,8042844,14509176
1790478633,7905804,14509176
1790478635,8275880,14509176
1790478637,8197176,14509176
1790478639,8356248,14509176
1790478641,8496976,14509176
1790478643,8509216,14509176
1790478645,8331804,14509176
1790478647,8390760,14509176
1790478649,8132608,14509176
1790478651,8123196,14509176
1790478653,8185448,14509176
1790478655,8168404,14509176
1790478657,8317480,14509176
1790478659,8447872,14509176
1790478661,8443108,14509176
1790478663,8309644,14509176
1790478665,8295528,14509176
1790478667,8217868,14509176
1790478669,8196028,14509176
1790478671,8271976,14509176
1790478673,8277172,14509176
1790478675,8429756,14509176
1790478677,8577076,14509176
1790478679,8609376,14509176
1790478681,8620868,14509176
1790478683,8626092,14509176
1790478685,8630360,14509176
1790478687,8342884,14509176
1790478689,8247744,14509176
1790478691,8078884,14509176
1790478693,8122724,14509176
1790478695,8314852,14509176
1790478697,8423032,14509176
1790478699,8298744,14509176
1790478701,8059620,14509176
1790478703,7992840,14509176
1790478705,7991012,14509176
1790478707,8164772,14509176
1790478709,8320908,14509176
1790478711,8439792,14509176
1790478713,8554116,14509176
1790478715,8401000,14509176
1790478717,8325364,14509176
1790478719,8247920,14509176
1790478721,8140964,14509176
1790478723,8270604,14509176
1790478725,8253304,14509176
1790478727,8430280,14509176
1790478729,8542980,14509176
1790478731,8611388,14509176
1790478733,8449156,14509176
1790478735,8387628,14509176
1790478737,8267244,14509176
1790478739,8123660,14509176
1790478741,8239932,14509176
1790478743,8309040,14509176
1790478745,8426424,14509176
1790478747,8435844,14509176
1790478749,8500872,14509176
1790478751,8303508,14509176
1790478753,8344612,14509176
1790478755,8149040,14509176
1790478757,8280092,14509176
1790478759,8294216,14509176
1790478761,8310448,14509176
1790478763,8356464,14509176
1790478765,8402864,14509176
1790478767,8480212,14509176
1790478769,8496248,14509176
1790478771,8542992,14509176
1790478773,8579688,14509176
1790478775,8582684,14509176
1790478777,8260180,14509176
1790478779,7540180,14509176
1790478781,8188360,14509176
1790478783,8414188,14509176
1790478785,8488500,14509176
1790478787,8549832,14509176
1790478789,8335328,14509176
1790478791,8263020,14509176
1790478793,8190136,14509176
1790478795,8201420,14509176
1790478797,8358384,14509176
1790478799,8583208,14509176
1790478801,8588140,14509176
1790478803,8581460,14509176
1790478805,8443728,14509176
1790478807,8404384,14509176
1790478809,8105676,14509176
1790478811,8112544,14509176
1790478813,8389964,14509176
1790478815,8349236,14509176
1790478817,8387272,14509176
1790478819,8498284,14509176
1790478821,8414400,14509176
1790478823,8367532,14509176
1790478825,8309984,14509176
1790478827,8209644,14509176
1790478829,8199320,14509176
1790478831,8286264,14509176
1790478833,8345172,14509176
1790478835,8417736,14509176
1790478837,8513348,14509176
1790478839,8404268,14509176
1790478841,8401044,14509176
1790478843,8388472,14509176
1790478845,8283764,14509176
1790478847,8259120,14509176
1790478849,8403160,14509176
1790478851,8471884,14509176
1790478853,8550376,14509176
1790478855,8577168,14509176
1790478857,8577236,14509176
1790478859,8584160,14509176
1790478861,8651420,14509176
1790478863,8646248,14509176
1790478865,8376780,14509176
1790478867,8306076,14509176
1790478869,7920936,14509176
1790478871,8136108,14509176
1790478873,8328384,14509176
1790478875,8416056,14509176
1790478877,8491288,14509176
1790478879,8157172,14509176
1790478881,8297848,14509176
1790478883,8295616,14509176
1790478885,8357792,14509176
1790478887,8334144,14509176
1790478889,8486428,14509176
1790478891,8474092,14509176
1790478893,8511056,14509176
1790478895,8349148,14509176
1790478897,8326356,14509176
1790478899,8200244,14509176
1790478901,8334532,14509176
1790478903,8391200,14509176
1790478905,8397808,14509176
1790478907,8542632,14509176
1790478909,8570304,14509176
1790478911,8381616,14509176
1790478913,8453808,14509176
1790478915,8338328,14509176
1790478917,8376724,14509176
1790478919,8477588,14509176
1790478921,8359948,14509176
1790478923,8443300,14509176
1790478925,8515180,14509176
1790478927,8542372,14509180
1790478929,8353964,14509180
1790478931,8382360,14509180
1790478933,8277476,14509180
1790478935,8292980,14509180
1790478937,8325992,14509180
1790478939,8329464,14509180
1790478941,8366776,14509180
1790478943,8383224,14509180
1790478945,8507524,14509180
1790478947,8510020,14509180
1790478949,8533272,14509180
1790478951,8540252,14509180
1790478953,8566708,14509180
1790478955,8264120,14509180
1790478957,8172288,14509180
1790478959,8072036,14509180
1790478961,8324492,14509180
1790478963,8513456,14509180
1790478965,8578252,14509180
1790478967,8393520,14509180
1790478969,8271004,14509180
1790478971,8172464,14509180
1790478973,8233808,14509180
1790478975,8404228,14509180
1790478977,8494012,14509180
1790478979,8555152,14509180
1790478981,8624188,14509180
1790478983,8418652,14509180
1790478985,8482364,14509180
1790478987,8229352,14509180
1790478989,8058344,14509180
1790478991,8180200,14509180
1790478993,8246156,14509180
1790478996,8445908,14509180
1790478998,8537596,14509180
1790479000,8545216,14509180
1790479002,8353224,14509180
1790479004,8333012,14509180
1790479006,8237536,14509180
1790479008,8066088,14509180
1790479010,8289144,14509180
1790479012,8346948,14509180
1790479014,8461412,14509180
1790479016,8501192,14509180
1790479018,8397852,14509180
1790479020,8441128,14509180
1790479022,8349104,14509180
1790479024,8318092,14509180
1790479026,8285476,14509180
1790479028,8433076,14509180
1790479030,8377560,14509180
1790479032,8477888,14509180
1790479034,8501376,14509180
1790479036,8602368,14509180
1790479038,8616404,14509180
1790479040,8615996,14509180
1790479042,8641452,14509180
1790479044,8414444,14509180
1790479046,8347916,14509180
1790479048,7666980,14509180
1790479050,8113016,14509180
1790479052,8367316,14509180
1790479054,8414024,14509180
1790479056,8458344,14509180
1790479058,8179856,14509180
1790479060,8233604,14509180
1790479062,8095648,14509180
1790479064,8257608,14509180
1790479066,8251968,14509180
1790479068,8493888,14509180
1790479070,8495184,14509180
1790479072,8525260,14509180
1790479074,8368964,14509180
1790479076,8299928,14509180
1790479078,8052704,14509180
1790479080,8248444,14509180
1790479082,8303720,14509180
1790479084,8306508,14509180
1790479086,8592232,14509180
1790479088,8610988,14509180
1790479090,8509092,14509180
1790479092,8341072,14509180
1790479094,8381576,14509180
1790479096,8213512,14509180
1790479098,8381832,14509180
1790479100,8313212,14509180
1790479102,8458980,14509180
1790479104,8473992,14509180
1790479106,8620060,14509180
1790479108,8494596,14509180
1790479110,8323880,14509180
1790479112,8164392,14509180
1790479114,8171460,14509180
1790479116,8148012,14509180
1790479118,8279884,14509180
1790479120,8311204,14509180
1790479122,8356444,14509180
1790479124,8514072,14509180
1790479126,8497756,14509180
1790479128,8513236,14509180
1790479130,8574156,14509180
1790479132,8579724,14509180
1790479134,8234656,14509180
1790479136,8238792,14509180
1790479138,8062668,14509180
1790479140,8214980,14509180
1790479142,8386280,14509180
1790479144,8518988,14509180
1790479146,8392876,14509180
1790479148,8113772,14509180
1790479150,7979132,14509180
1790479152,7987876,14509180
1790479154,8248472,14509180
1790479156,8531076,14509180
1790479158,8571532,14509180
1790479160,8592212,14509180
1790479162,8411684,14509180
1790479164,8390220,14509180
1790479166,8307696,14509180
1790479168,8225564,14509180
1790479170,8231076,14509180
1790479172,8269672,14509180
1790479174,8310496,14509180
1790479176,8470784,14509180
1790479178,8498312,14509180
1790479180,8330320,14509180
1790479182,8407820,14509180
1790479184,8121584,14509180
1790479186,8186868,14509180
1790479188,8292320,14509180
1790479190,8213616,14509180
1790479192,8375872,14509180
1790479194,8517504,14509180
1790479196,8391096,14509180
1790479198,8287772,14509180
1790479200,8320936,14509180
1790479202,8218316,14509180
1790479204,8380352,14509180
1790479206,8353112,14509180
1790479208,8354148,14509180
1790479210,8428632,14509180
1790479212,8540020,14509180
1790479214,8646644,14509180
1790479216,8630172,14509180
1790479218,8635196,14509180
1790479220,8646116,14509180
1790479222,8646668,14509180
1790479224,8326724,14509180
1790479226,7738256,14509180
1790479228,8186516,14509180
1790479230,8309416,14509180
1790479232,8401724,14509180
1790479234,8447304,14509180
1790479236,8233932,14509180
1790479238,8092388,14509180
1790479240,8139000,14509180
1790479242,8201996,14509180
1790479244,8339376,14509180
1790479246,8432048,14509180
1790479248,8499084,14509180
1790479250,8502340,14509180
1790479252,8351176,14509180
1790479254,8238380,14509180
1790479256,8033572,14509180
1790479258,8115960,14509180
1790479260,8322320,14509180
1790479262,8247552,14509180
1790479264,8432696,14509180
1790479266,8590520,14509180
1790479268,8490416,14509180
1790479270,8356500,14509180
1790479272,8403964,14509180
1790479274,8222088,14509180
1790479276,8213088,14509180
1790479278,8290808,14509180
1790479280,8295336,14509180
1790479282,8407520,14509180
1790479284,8551480,14509180
1790479286,8415756,14509180
1790479288,8478260,14509180
1790479290,8306136,14509180
1790479292,8252324,14509180
1790479294,8273048,14509180
1790479296,8269192,14509180
1790479298,8237348,14509180
1790479300,8409128,14509180
1790479302,8469700,14509180
1790479304,8503416,14509180
1790479306,8522828,14509180
1790479308,8572108,14509180
1790479310,8583032,14509184
1790479312,8244504,14509184
1790479314,8236976,14509184
1790479316,8053948,14509184
1790479318,8142964,14509184
1790479320,8386744,14509184
1790479322,8520688,14509184
1790479324,8431776,14509184
1790479326,8146120,14509184
1790479328,8090716,14509184
1790479330,8022800,14509184
1790479332,8381020,14509184
1790479334,8508560,14509184
1790479336,8601648,14509184
1790479338,8623108,14509184
1790479340,8434380,14509184
1790479342,8394736,14509184
1790479344,8264520,14509184
1790479346,8134988,14509184
1790479348,8374912,14509184
1790479350,8201532,14509184
1790479352,8347048,14509184
1790479354,8492036,14509184
1790479356,8497212,14509184
1790479358,8377604,14509184
1790479360,8371452,14509184
1790479362,8196624,14509184
1790479364,8179180,14509184
1790479366,8280880,14509184
1790479368,8340012,14509184
1790479370,8365624,14509184
1790479372,8381808,14509184
1790479374,8418424,14509184
1790479376,8246896,14509184
1790479378,8230656,14509184
1790479380,8231428,14509184
1790479382,8325576,14509184
1790479384,8356320,14509184
1790479386,8291776,14509184
1790479388,8407776,14509184
1790479390,8437424,14509184
1790479392,8591744,14509184
1790479394,8580820,14509184
1790479396,8597908,14509184
1790479398,8635660,14509184
1790479400,8649324,14509184
1790479402,8300176,14509184
1790479404,7616184,14509184
1790479406,8156012,14509184
1790479408,8279012,14509184
1790479410,8350224,14509184
1790479412,8469612,14509184
1790479414,8334080,14509184
1790479416,8086876,14509184
1790479418,7940112,14509184
1790479420,8056984,14509188
1790479422,8235952,14509188
1790479424,8430304,14509188
1790479426,8465876,14509188
1790479428,8522224,14509188
1790479430,8363844,14509188
1790479432,8262768,14509188
1790479434,8079160,14509188
1790479436,8020492,14509188
1790479438,8204044,14509188
1790479440,8293804,14509188
1790479442,8411416,14509188
1790479444,8567856,14509188
1790479446,8528552,14509188
1790479448,8411232,14509188
1790479450,8329988,14509188
1790479452,8233340,14509188
1790479454,8207404,14509188
1790479456,8295972,14509188
1790479458,8288992,14509188
1790479460,8443844,14509188
1790479462,8565412,14509188
1790479464,8492812,14509188
1790479466,8339540,14509188
1790479468,8181608,14509188
1790479470,8097224,14509188
1790479472,8066248,14509188
1790479474,8154256,14509188
1790479476,8246172,14509188
1790479478,8378256,14509188
1790479480,8397896,14509188
1790479482,8515160,14509188
1790479484,8517508,14509188
1790479486,8550244,14509188
1790479488,8549680,14509188
1790479490,8250792,14509188
1790479492,8250240,14509188
1790479494,8053880,14509188
1790479496,8107256,14509188
1790479498,8299392,14509188
1790479500,8424664,14509188
1790479502,8584704,14509200
1790479504,8131076,14509200
1790479506,8023144,14509200
1790479508,8090844,14509200
1790479510,8238920,14509200
1790479512,8383452,14509200
1790479514,8585332,14509200
1790479516,8613904,14509200
1790479518,8546920,14509200
1790479520,8356148,14509200
1790479522,8406268,14509200
1790479524,8177696,14509200
1790479526,8437320,14509200
1790479528,8213388,14509200
1790479530,8333184,14509200
1790479532,8503584,14509208
1790479534,8512948,14509208
1790479536,8330132,14509208
1790479538,8278352,14509208
1790479540,8214980,14509208
1790479542,8073796,14509208
1790479544,8262980,14509216
1790479546,8296704,14509216
1790479548,8399624,14509216
1790479550,8366836,14509224
1790479552,8381328,14509228
1790479554,8307760,14509228
1790479556,8358784,14509228
1790479558,8174816,14509228
1790479560,8409396,14509228
1790479562,8414896,14509228
1790479564,8403396,14509240
1790479566,8479564,14509240
1790479568,8496296,14509240
1790479570,8566088,14509248
1790479572,8551608,14509248
1790479574,8632808,14509248
1790479576,8621384,14509248
1790479578,8630944,14509248
1790479580,8330580,14509248
1790479582,7622792,14509248
1790479584,8270404,14509248
1790479586,8432600,14509248
1790479588,8403868,14509248
1790479590,8507744,14509248
1790479592,8233868,14509248
1790479594,8212372,14509248
1790479596,8189060,14509248
1790479598,8253616,14509248
1790479600,8288872,14509248
1790479602,8508880,14509248
1790479604,8539676,14509248
1790479606,8539476,14509248
1790479608,8360624,14509248
1790479610,8366604,14509248
1790479612,8077928,14509248
1790479614,8224880,14509248
1790479616,8398612,14509248
1790479618,8354188,14509248
1790479620,8535560,14509248
1790479622,8596116,14509296
1790479624,8527472,14509296
1790479626,8459380,14509296
1790479628,8439468,14509296
1790479630,8292964,14509296
1790479632,8338796,14509296
1790479634,8443492,14509296
1790479636,8433712,14509296
1790479638,8511720,14509296
1790479640,8570068,14509296
1790479642,8480684,14509296
1790479644,8522328,14509296
1790479646,8539728,14509296
1790479648,8308240,14509296
1790479650,8300364,14509296
1790479652,8309036,14509296
1790479654,8378912,14509296
1790479656,8478492,14509296
1790479658,8558932,14509296
1790479660,8564212,14509296
1790479662,8550392,14509296
1790479664,8557756,14509296
1790479666,8543224,14509296
1790479668,8250788,14509296
1790479670,8246428,14509296
1790479672,8076756,14509296
1790479674,8132312,14509296
1790479676,8324020,14509296
1790479678,8413540,14509296
1790479680,8413584,14509424
1790479682,8209840,14509424
1790479684,8285224,14509424
1790479686,8274836,14509424
1790479688,8414420,14509424
1790479690,8504236,14509424
1790479692,8532872,14509424
1790479694,8625792,14509424
1790479696,8455960,14509488
1790479698,8471276,14509488
1790479700,8346668,14509488
1790479702,8261800,14509492
1790479704,8453708,14509492
1790479706,8426368,14509492
1790479708,8406072,14509492
1790479710,8497064,14509492
1790479712,8505904,14509492
1790479714,8300212,14509492
1790479716,8419084,14509492
1790479718,8261968,14509492
1790479720,8260432,14509492
1790479722,8315496,14509492
1790479724,8340088,14509492
1790479726,8410344,14509492
1790479728,8492340,14509492
1790479730,8429104,14509492
1790479732,8386236,14509492
1790479734,8390192,14509492
1790479736,8261380,14509492
1790479738,8329016,14509492
1790479740,8454000,14509492
1790479742,8296192,14509496
1790479744,8477124,14509496
1790479746,8417804,14509496
1790479748,8561700,14509496
1790479750,8562656,14509496
1790479752,8629460,14509496
1790479754,8634456,14509496
1790479756,8440520,14509496
1790479758,8319508,14509496
1790479760,7661040,14509496
1790479762,8200312,14509496
1790479764,8397028,14509496
1790479766,8503472,14509496
1790479768,8460128,14509496
1790479771,8177084,14509496
1790479773,8302508,14509496
1790479775,8191084,14509496
1790479777,8234612,14509496
1790479779,8337688,14509496
1790479781,8481004,14509496
1790479783,8489124,14509496
1790479785,8491540,14509496
1790479787,8346944,14509496
1790479789,8471120,14509496
1790479791,8136224,14509496
1790479793,8269744,14509496
1790479795,8315304,14509496
1790479797,8189396,14509496
1790479799,8437816,14509496
1790479801,8588944,14509496
1790479803,8434892,14509496
1790479805,8359520,14509496
1790479807,8451308,14509496
1790479809,8208304,14509496
1790479811,8349764,14509496
1790479813,8364644,14509496
1790479815,8378780,14509496
1790479817,8437960,14509496
1790479819,8602580,14509496
1790479821,8500952,14509496
1790479823,8380112,14509496
1790479825,8381332,14509496
1790479827,8232716,14509500
1790479829,8121232,14509500
1790479831,8295820,14509500
1790479833,8289560,14509500
1790479835,8360036,14509500
1790479837,8491736,14509500
1790479839,8499352,14509500
1790479841,8493352,14509500
1790479843,8511508,14509500
1790479845,8530648,14509500
1790479847,8229380,14509500
1790479849,8220760,14509500
1790479851,8055228,14509500
1790479853,8121404,14509500
1790479855,8335984,14509500
1790479857,8431268,14509500
1790479859,8281052,14509500
1790479861,8191304,14509500
1790479863,8006656,14509500
1790479865,7996992,14509500
1790479867,8255776,14509500
1790479869,8384500,14509500
1790479871,8503060,14509500
1790479873,8551100,14509500
1790479875,8378920,14509500
1790479877,8367412,14509500
1790479879,8259520,14509500
1790479881,8146192,14509500
1790479883,8342328,14509500
1790479885,8345572,14509500
1790479887,8402880,14509500
1790479889,8445860,14509500
1790479891,8505344,14509500
1790479893,8323592,14509500
1790479895,8443392,14509500
1790479897,8175328,14509500
1790479899,8154300,14509500
1790479901,8232512,14509500
1790479903,8260160,14509500
1790479905,8341004,14509500
1790479907,8466692,14509500
1790479909,8387336,14509500
1790479911,8299856,14509500
1790479913,8214948,14509500
1790479915,8096708,14509500
1790479917,8229248,14509500
1790479919,8262056,14509500
1790479921,8365628,14509500
1790479923,8422920,14509500
1790479925,8422664,14509500
1790479927,8583516,14509500
1790479929,8599836,14509500
1790479931,8629452,14509500
1790479933,8635004,14509500
1790479935,8628524,14509500
1790479937,8309640,14509500
1790479939,7593124,14509500
1790479941,8163176,14509500
1790479943,8364760,14509500
1790479945,8428652,14509500
1790479947,8503436,14509500
1790479949,8165708,14509500
1790479951,8062032,14509500
1790479953,8074680,14509500
1790479955,8158836,14509500
1790479957,8366476,14509500
1790479959,8411744,14509500
1790479961,8489144,14509500
1790479963,8513844,14509500
1790479965,8342380,14509500
1790479967,8216848,14509500
1790479969,8052984,14509500
1790479971,8211756,14509500
1790479973,8443520,14509500
1790479975,8221588,14509500
1790479977,8442204,14509500
1790479979,8464824,14509500
1790479981,8414000,14509500
1790479983,8420256,14509500
1790479985,8364732,14509500
1790479987,8280904,14509500
1790479989,8257272,14509500
1790479991,8261528,14509500
1790479993,8244680,14509500
1790479995,8520996,14509500
1790479997,8560408,14509500
1790479999,8427780,14509500
1790480001,8429932,14509500
1790480003,8386980,14509500
1790480005,8380940,14509500
1790480007,8321080,14509500
1790480009,8287272,14509500
1790480011,8214504,14509500
1790480013,8331844,14509500
1790480015,8502836,14509500
1790480017,8517268,14509500
1790480019,8533688,14509500
1790480021,8559744,14509500
1790480023,8574660,14509504
1790480025,8247340,14509504
1790480027,8240208,14509504
1790480029,8078300,14509504
1790480031,8131632,14509504
1790480033,8310952,14509504
1790480035,8441136,14509504
1790480037,8310648,14509504
1790480039,8071656,14509504
1790480041,8060792,14509504
1790480043,8009604,14509504
1790480045,8388072,14509504
1790480047,8434564,14509504
1790480049,8556108,14509504
1790480051,8577244,14509504
1790480053,8380236,14509504
1790480055,8379736,14509504
1790480057,8225320,14509504
1790480059,8181000,14509504
1790480061,8408592,14509504
1790480063,8275856,14509504
1790480065,8426248,14509504
1790480067,8552632,14509504
1790480069,8471788,14509504
1790480071,8353376,14509504
1790480073,8300372,14509504
1790480075,8138268,14509504
1790480077,8183652,14509504
1790480079,8271012,14509504
1790480081,8272160,14509504
1790480083,8348764,14509504
1790480085,8484148,14509504
1790480087,8405268,14509504
1790480089,8261608,14509504
1790480091,8177040,14509504
1790480093,8115952,14509504
1790480095,8248756,14509504
1790480097,8289852,14509504
1790480099,8349160,14509504
1790480101,8432760,14509504
1790480103,8440612,14509504
1790480105,8575552,14509504
1790480107,8570280,14509504
1790480109,8587916,14509504
1790480111,8614296,14509504
1790480113,8624844,14509508
1790480115,8312140,14509508
1790480117,7601628,14509508
1790480119,8162436,14509508
1790480121,8361828,14509508
1790480123,8410976,14509508
1790480125,8563280,14509508
1790480127,8328744,14509508
1790480129,8081288,14509508
1790480131,7935412,14509508
1790480133,8159384,14509508
1790480135,8224032,14509508
1790480137,8433312,14509508
1790480139,8462748,14509508
1790480141,8516440,14509508
1790480143,8287016,14509508
1790480145,8299792,14509508
1790480147,8026532,14509508
1790480149,7983172,14509508
1790480151,8293008,14509508
1790480153,8197856,14509528
1790480155,8337864,14509528
1790480157,8454336,14509528
1790480159,8404756,14510712
1790480161,8312960,14510712
1790480163,8262168,14510712
1790480165,8187896,14510712
1790480167,8207356,14510712
1790480169,8263344,14510712
1790480171,8236548,14510712
1790480173,8411780,14510712
1790480175,8575224,14510712
1790480177,8475036,14510712
1790480179,8317712,14510712
1790480181,8264496,14510712
1790480183,8195624,14510712
1790480185,8164988,14510712
1790480187,8260280,14510712
1790480189,8184264,14510712
1790480191,8332016,14510712
1790480193,8447200,14510712
1790480195,8470920,14510712
1790480197,8492684,14510712
1790480199,8564396,14510712
1790480201,8563432,14510712
1790480203,8244400,14510712
1790480205,8236220,14510712
1790480207,8051224,14510712
1790480209,8093608,14510712
1790480211,8290280,14510712
1790480213,8402608,14510712
1790480215,8438960,14510712
1790480217,8117316,14510712
1790480219,7910656,14510712
1790480221,7997524,14510712
1790480223,8249356,14510712
1790480225,8409680,14510712
1790480227,8515196,14510712
1790480229,8543784,14510712
1790480231,8431204,14510712
1790480233,8315496,14510712
1790480235,8284076,14510712
1790480237,8100040,14510712
1790480239,8366868,14510712
1790480241,8230620,14510712
1790480243,8249672,14510712
1790480245,8546940,14510712
1790480247,8570484,14510712
1790480249,8327324,14510712
1790480251,8312024,14510712
1790480253,8131744,14510712
1790480255,8148492,14510712
1790480257,8393436,14510712
1790480259,8292400,14510712
1790480261,8279384,14510712
1790480263,8324940,14510712
1790480265,8394420,14510712
1790480267,8260084,14510712
1790480269,8208932,14510712
1790480271,8168672,14510712
1790480273,8254324,14510712
1790480275,8291216,14510712
1790480277,8161360,14510712
1790480279,8308900,14510712
1790480281,8408576,14510712
1790480283,8508320,14510712
1790480285,8540732,14510712
1790480287,8577240,14510712
1790480289,8610824,14510712
1790480291,8631800,14510712
1790480293,8325776,14510712
1790480295,7912976,14510712
1790480297,8115096,14510712
1790480299,8233840,14510712
1790480301,8390644,14510712
1790480303,8539864,14510712
1790480305,8418504,14510712
1790480307,8148172,14510712
1790480309,7919020,14510712
1790480311,7929336,14510712
1790480313,8306440,14510712
1790480315,8495176,14510712
1790480317,8514252,14510712
1790480319,8479124,14510712
1790480321,8323500,14510712
1790480323,8220972,14510712
1790480325,8053492,14510712
1790480327,8110416,14510712
1790480329,8249260,14510712
1790480331,8210532,14510712
1790480333,8375720,14510712
1790480335,8508016,14510712
1790480337,8430456,14510712
1790480339,8352484,14510712
1790480341,8318836,14510712
1790480343,8269608,14510712
1790480345,8357676,14510712
1790480347,8368780,14510712
1790480349,8392668,14510712
1790480351,8514360,14510712
1790480353,8577468,14510712
1790480355,8521408,14510712
1790480357,8407216,14510712
1790480359,8521208,14510712
1790480361,8275996,14510712
1790480363,8345896,14510712
1790480365,8323420,14510712
1790480367,8402848,14510712
1790480369,8298500,14510712
1790480371,8361612,14510712
1790480373,8509484,14510712
1790480375,8517880,14510712
1790480377,8557184,14510712
1790480379,8544904,14510712
1790480381,8227320,14510712
1790480383,8238000,14510712
1790480385,8176600,14510712
1790480387,8124512,14510712
1790480389,8333396,14510712
1790480391,8433896,14510712
1790480393,8479632,14510712
1790480395,8117240,14510712
1790480397,8202808,14510712
1790480399,8188176,14510712
1790480401,8408728,14510712
1790480403,8490984,14510712
1790480405,8554636,14510712
1790480407,8539700,14510712
1790480409,8572640,14510712
1790480411,8410868,14510712
1790480413,8340760,14510712
1790480415,8195756,14510712
1790480417,8369364,14510712
1790480419,8371724,14510712
1790480421,8409084,14510712
1790480423,8575636,14510712
1790480425,8595692,14510712
1790480427,8412684,14510712
1790480429,8373212,14510712
1790480431,8187852,14510712
1790480433,8219380,14510712
1790480435,8386652,14510712
1790480437,8321044,14510712
1790480439,8325828,14510712
1790480441,8401984,14510712
1790480443,8465628,14510712
1790480445,8325896,14510712
1790480447,8315008,14510712
1790480449,8209864,14510712
1790480451,8351568,14510712
1790480453,8300524,14510712
1790480455,8326740,14510712
1790480457,8393952,14510712
1790480459,8391144,14510712
1790480461,8561340,14510712
1790480463,8584884,14510712
1790480465,8579132,14510712
1790480467,8610768,14510712
1790480469,8615260,14510712
1790480471,8314168,14510712
1790480473,7998380,14510712
1790480475,8153996,14510712
1790480477,8313936,14510712
1790480479,8440380,14510712
1790480481,8485164,14510712
1790480483,8355572,14510712
1790480485,8237456,14510712
1790480487,8259124,14510712
1790480489,8194776,14510712
1790480491,8325628,14510712
1790480493,8440636,14510712
1790480495,8479224,14510712
1790480497,8526972,14510712
1790480499,8336132,14510712
1790480501,8313804,14510712
1790480503,8290852,14510712
1790480505,8190396,14510712
1790480507,8305068,14510712
1790480509,8347432,14510712
1790480511,8423212,14510712
1790480513,8478828,14510712
1790480515,8526112,14510712
1790480517,8327836,14510712
1790480519,8339024,14510712
1790480521,8359148,14510712
1790480523,8262356,14510712
1790480525,8356512,14510712
1790480527,8336316,14510712
1790480529,8484116,14510712
1790480531,8563584,14510712
1790480533,8521468,14510712
1790480535,8390504,14510712
1790480537,8401488,14510712
1790480539,8305384,14510712
1790480541,8413476,14510712
1790480543,8482472,14510712
1790480545,8490292,14510712
1790480547,8515168,14510712
1790480549,8423792,14510712
1790480551,8520492,14510712
1790480553,8539752,14510712
1790480555,8537316,14510712
1790480557,8547156,14510712
1790480559,14482404,14510712
1790480561,10899948,14510712
1790480563,13257840,14510712
1790480565,13260308,14510712
1790480567,12743024,14510712
1790480569,12981472,14510712
1790480571,13335120,14510712
1790480574,13311688,14510712
1790480576,13300992,14510712
1790480578,13311784,14510712
1790480580,13398100,14510712
1790480582,13438488,14510716
1790480584,13051668,14510716
1790480586,13082692,14510716
1790480588,12591072,14510716
1790480590,12578892,14510716
1790480592,12532328,14510716
1790480594,12508604,14510716
1790480596,12481016,14510716
1790480598,12465568,14510716
1790480600,12427136,14510716
1790480602,12390584,14510716
1790480604,12364276,14510716
1790480606,12401640,14510716
1790480608,12295080,14510716
1790480610,12216656,14510716
1790480612,12149988,14510716
1790480614,12122388,14510716
1790480616,12082660,14510716
1790480618,12099380,14510716
1790480620,12081972,14510716
1790480622,12020324,14510716
1790480624,11963404,14510716
1790480626,11962116,14510716
1790480628,11907132,14510716
1790480630,11885684,14510716
1790480632,11845640,14510716
1790480634,11866372,14510716
1790480636,11800524,14510716
1790480638,11789260,14510716
1790480640,11824196,14510716
1790480642,11793732,14510716
1790480644,11750756,14510716
1790480646,11748092,14510716
1790480648,11699880,14510716
1790480650,11696580,14510716
1790480652,11653312,14510716
1790480654,11618416,14510716
1790480656,11553984,14510716
1790480658,11549136,14510716
1790480660,11502180,14510740
1790480662,11491148,14510740
1790480664,11449140,14510740
1790480666,11450084,14510740
1790480668,11384748,14510740
1790480670,11301600,14510740
1790480672,11314548,14510740
1790480674,11252060,14510740
1790480676,11194260,14510740
1790480678,11177316,14510740
1790480680,11144792,14510740
1790480682,11103088,14510740
1790480684,11086976,14510740
1790480686,11051796,14510740
1790480688,11018804,14510740
1790480690,11057492,14510740
1790480692,11119900,14510740
1790480694,11213340,14510740
1790480696,10523604,14510740
1790480698,10085404,14510740
1790480700,9541992,14510740
1790480702,9376136,14510740
1790480704,9349932,14510740
1790480706,9358324,14510740
1790480708,9713272,14510740
1790480710,9753616,14510740
1790480712,9690616,14510740
1790480714,9512752,14510740
1790480716,9531256,14510740
1790480718,8632556,14510740
1790480720,8400868,14510740
1790480722,7955828,14510744
1790480724,7904704,14510744
1790480726,7988744,14510744
1790480728,8161924,14510744
1790480730,8080776,14510744
1790480732,8163048,14510744
1790480734,8213796,14510744
1790480736,8066176,14510744
1790480738,8112736,14510744
1790480740,7889512,14510744
1790480742,8020128,14510744
1790480744,8059764,14510744
1790480746,8096324,14510744
1790480748,8145076,14510744
1790480750,8067908,14510744
1790480752,7998688,14510744
1790480754,8096940,14510744
1790480756,7988808,14510744
1790480758,7992416,14510744
1790480760,8209508,14510744
1790480762,8172944,14510744
1790480764,8063448,14510744
1790480766,8203848,14510744
1790480768,8224588,14510744
1790480770,8197552,14510744
1790480772,8302100,14510744
1790480774,8260600,14510744
1790480776,8302564,14510744
1790480778,8251396,14510744
1790480780,8247944,14510744
1790480782,8257932,14510744
1790480784,8293352,14510744
1790480786,8228872,14510744
1790480788,8229064,14510744
1790480790,8121548,14510744
1790480792,8244172,14510744
1790480794,8259252,14510744
1790480796,8300436,14510744
1790480798,8291740,14510744
1790480800,8307672,14510744
1790480802,7870332,14510744
1790480804,8118688,14510744
1790480806,7683884,14510744
1790480808,7905664,14510744
1790480810,8108660,14510744
1790480812,8168452,14510744
1790480814,8069972,14510744
1790480816,7824668,14510744
1790480818,7741732,14510744
1790480820,7753792,14510744
1790480822,8074328,14510744
1790480824,8126476,14510744
1790480826,8281836,14510744
1790480828,8354532,14510744
1790480830,8211936,14510744
1790480832,8136796,14510744
1790480834,8136588,14510744
1790480836,7882896,14510744
1790480838,8273252,14510744
1790480840,8110452,14510744
1790480842,8059368,14510744
1790480844,8313580,14510744
1790480846,8310816,14510744
1790480848,8106868,14510744
1790480850,8083416,14510744
1790480852,8027608,14510744
1790480854,8013284,14510892
1790480856,8082584,14510892
1790480858,8014664,14510892
1790480860,7951812,14510892
1790480862,8098464,14510892
1790480864,8127528,14510892
1790480866,8001372,14510892
1790480868,7994216,14510892
1790480870,8022264,14510892
1790480872,8082756,14510892
1790480874,7991360,14510892
1790480876,8003176,14510892
1790480878,8041192,14510892
1790480880,8175352,14510892
1790480882,8182452,14510892
1790480884,8337952,14510892
1790480886,8325536,14510892
1790480888,8373392,14510892
1790480890,8380040,14510892
1790480892,8189856,14510892
1790480894,7978868,14510892
1790480896,7306220,14510892
1790480898,7784892,14510892
1790480900,8186740,14510892
1790480902,8197800,14510892
1790480904,8266436,14510892
1790480906,8031768,14510892
1790480908,7901404,14510892
1790480910,7672000,14510892
1790480912,8098040,14511160
1790480914,8076572,14511160
1790480916,8355260,14512440
1790480918,8349780,14512700
1790480920,8386500,14512700
1790480922,8219348,14512896
1790480924,8163724,14512896
1790480926,7993616,14512896
1790480928,8095984,14512896
1790480930,8180148,14512904
1790480932,8121416,14512904
1790480934,8246220,14512904
1790480936,8382016,14512904
1790480938,8292052,14512904
1790480940,8091236,14513012
1790480942,8131160,14513012
1790480944,7938988,14513012
1790480946,8027016,14513012
1790480948,8069168,14513012
1790480950,8007604,14513012
1790480952,8097680,14513012
1790480954,8141992,14513012
1790480956,8211356,14513012
1790480958,8073760,14513012
1790480960,8094372,14513012
1790480962,7904832,14513012
1790480964,8090228,14513012
1790480966,8071492,14513012
1790480968,8079880,14513012
1790480970,8051932,14513012
1790480972,8077944,14513012
1790480974,8246568,14513012
1790480976,8244776,14513012
1790480978,8245432,14513012
1790480980,8292400,14513012
1790480982,8307880,14513012
1790480984,7871624,14513012
1790480986,7879344,14513012
1790480988,7674928,14513012
1790480990,7751920,14513012
1790480992,8111964,14513012
1790480994,8150748,14513012
1790480996,8100364,14513012
1790480998,7870280,14513012
1790481000,7908252,14513012
1790481002,7861840,14513012
1790481004,8105928,14513012
1790481006,8172320,14513012
1790481008,8311540,14513012
1790481010,8312156,14513012
1790481012,8217632,14513012
1790481014,8106548,14513152
1790481016,8033504,14513152
1790481018,7852644,14513152
1790481020,8002720,14513152
1790481022,8096020,14513152
1790481024,8011992,14513152
1790481026,8156364,14513152
1790481028,8192796,14513152
1790481030,8157136,14513152
1790481032,8056024,14513152
1790481034,8087016,14513152
1790481036,7876740,14513152
1790481038,7840648,14513152
1790481040,7983468,14513152
1790481042,7922776,14513152
1790481044,8012176,14513152
1790481046,8093156,14513152
1790481048,8016000,14513152
1790481050,8035804,14513152
1790481052,7933220,14513152
1790481054,7978640,14513152
1790481056,7940828,14513152
1790481058,7892892,14513152
1790481060,7952288,14513152
1790481062,8079388,14513152
1790481064,8206188,14513152
1790481066,8331788,14513152
1790481068,8340396,14513152
1790481070,8344220,14513152
1790481072,8372144,14513152
1790481074,8371408,14513152
1790481076,7947424,14513152
1790481078,7947364,14513152
1790481080,7759768,14513152
1790481082,7806204,14513152
1790481084,8160660,14513152
1790481086,8246116,14513152
1790481088,8083584,14513152
1790481090,7757596,14513152
1790481092,7808716,14513152
1790481094,7716112,14513152
1790481096,7878552,14513152
1790481098,8020412,14513152
1790481100,8157036,14513152
1790481102,8198952,14513152
1790481104,8147336,14513152
1790481106,8040484,14513152
1790481108,7901564,14513152
1790481110,7802516,14513152
1790481112,8038140,14513152
1790481114,7972616,14513152
1790481116,8066800,14513152
1790481118,8255416,14513152
1790481120,8335940,14513152
1790481122,8183464,14513152
1790481124,8200744,14513152
1790481126,8108564,14513152
1790481128,8084696,14513152
1790481130,8086928,14513152
1790481132,8139584,14513152
1790481134,8065900,14513152
1790481136,8147296,14513152
1790481138,8243320,14513152
1790481140,8243100,14513152
1790481142,8106392,14513152
1790481144,8061884,14513152
1790481146,8087468,14513152
1790481148,8005552,14513152
1790481150,8001940,14513152
1790481152,8029636,14513152
1790481154,8144348,14513152
1790481156,8179416,14513152
1790481158,8222484,14513152
1790481160,8239172,14513152
1790481162,8315960,14513152
1790481164,8302092,14513152
1790481166,8324460,14513152
1790481168,7861168,14513152
1790481170,7249752,14513152
1790481172,7726460,14513152
1790481174,8081232,14513152
1790481176,8116388,14513152
1790481178,8227680,14513152
1790481180,8082584,14513152
1790481182,7908748,14513152
1790481184,7794448,14513152
1790481186,7945356,14513152
1790481188,8053616,14513152
1790481190,8309240,14513152
1790481192,8305020,14513152
1790481194,8314332,14513152
1790481196,8136776,14513152
1790481198,8164752,14513152
1790481200,8049380,14513152
1790481202,8014100,14513152
1790481204,8138656,14513152
1790481206,8150980,14513152
1790481208,8137248,14513152
1790481210,8202264,14513152
1790481212,8096976,14513152
1790481214,8052560,14513152
1790481216,8047484,14513152
1790481218,7996508,14513152
1790481220,8013772,14513152
1790481222,8049636,14513152
1790481224,7957416,14513152
1790481226,8110084,14513152
1790481228,8149852,14513152
1790481230,8123396,14513152
1790481232,8008112,14513152
1790481234,8114772,14513152
1790481236,8001632,14513152
1790481238,8011772,14513152
1790481240,8190036,14513152
1790481242,8180464,14513152
1790481244,8248200,14513152
1790481246,8233984,14513152
1790481248,8260428,14513152
1790481250,8274920,14513152
1790481252,8341572,14513152
1790481254,8369876,14513152
1790481256,8385956,14513152
1790481258,7932556,14513152
1790481260,7940200,14513152
1790481262,7769980,14513152
1790481264,7856228,14513152
1790481266,8134664,14513152
1790481268,8111324,14513152
1790481270,8301376,14513152
1790481272,7839360,14513152
1790481274,7909928,14513152
1790481276,7872832,14513152
1790481278,8034536,14513152
1790481280,8073020,14513152
1790481282,8232500,14513152
1790481284,8221328,14513152
1790481286,8132372,14513152
1790481288,8075572,14513152
1790481290,8087348,14513152
1790481292,7810280,14513152
1790481294,7980764,14513152
1790481296,8078396,14513152
1790481298,8030116,14513152
1790481300,8179564,14513152
1790481302,8312144,14513152
1790481304,8214368,14513152
1790481306,8146524,14513152
1790481308,8158204,14513152
1790481310,8013536,14513152
1790481312,8041392,14513152
1790481314,8052400,14513152
1790481316,8125592,14513152
1790481318,8200696,14513152
1790481320,8158304,14513152
1790481322,8280640,14513152
1790481324,8175588,14513152
1790481326,8115168,14513152
1790481328,7983800,14513152
1790481330,8078672,14513152
1790481332,8000988,14513152
1790481334,7964112,14513152
1790481336,8092104,14513152
1790481338,8139808,14513152
1790481340,8227148,14513152
1790481342,8230620,14513152
1790481344,8250268,14513152
1790481346,8242488,14513152
1790481348,8282508,14513152
1790481350,7859504,14513152
1790481352,7858836,14513152
1790481354,7675972,14513152
1790481356,7763908,14513152
1790481358,8080616,14513152
1790481360,8253976,14513152
1790481362,8097776,14513152
1790481364,7852444,14513152
1790481366,7950168,14513152
1790481368,7819484,14513152
1790481371,8125168,14513152
1790481373,8194212,14513152
1790481375,8265184,14513152
1790481377,8285048,14513152
1790481379,8146040,14513152
1790481381,8065332,14513152
1790481383,8071936,14513152
1790481385,7840220,14513152
1790481387,8098652,14513152
1790481389,8004412,14513152
1790481391,7968544,14513152
1790481393,8159536,14513152
1790481395,8153360,14513152
1790481397,8035184,14513152
1790481399,7996824,14513152
1790481401,7948804,14513152
1790481403,8055648,14513152
1790481405,8048796,14513152
1790481407,7997816,14513152
1790481409,8086040,14513152
1790481411,8088020,14513152
1790481413,8068944,14513152
1790481415,8133888,14513152
1790481417,8020936,14513152
1790481419,8105528,14513152
1790481421,8085420,14513152
1790481423,7995848,14513152
1790481425,8145504,14513152
1790481427,8168840,14513152
1790481429,8135696,14513152
1790481431,8158860,14513152
1790481433,8274816,14513152
1790481435,8333332,14513152
1790481437,8386252,14513152
1790481439,8382684,14513152
1790481441,8051512,14513152
1790481443,7936148,14513152
1790481445,7148360,14513152
1790481447,7806164,14513152
1790481449,8046188,14513152
1790481451,8090084,14513156
1790481453,8232956,14513156
1790481455,7890200,14513156
1790481457,7882612,14513156
1790481459,7637348,14513156
1790481461,7944716,14513156
1790481463,7989512,14513156
1790481465,8166020,14513156
1790481467,8209040,14513156
1790481469,8294624,14513156
1790481471,8076788,14513156
1790481473,8020316,14513156
1790481475,7814688,14513156
1790481477,7810608,14513156
1790481479,7961864,14513156
1790481481,8164924,14513156
1790481483,8152000,14513156
1790481485,8262964,14513156
1790481487,8178384,14513156
1790481489,8052632,14513156
1790481491,8013516,14513156
1790481493,7924944,14513156
1790481495,7972804,14513156
1790481497,8076272,14513156
1790481499,8150720,14513156
1790481501,8097800,14513156
1790481503,8089220,14513156
1790481505,8232084,14513156
1790481507,8140952,14513156
1790481509,7893880,14513156
1790481511,8023240,14513156
1790481513,8005540,14513156
1790481515,8061776,14513156
1790481517,7994708,14513156
1790481519,8078072,14513156
1790481521,8085376,14513156
1790481523,8197300,14513156
1790481525,8230032,14513156
1790481527,8234252,14513156
1790481529,8257700,14513156
1790481531,8269348,14513156
1790481533,7852640,14513156
1790481535,7845464,14513156
1790481537,7633136,14513156
1790481539,7709564,14513156
1790481541,8093240,14513156
1790481543,8149456,14513156
1790481545,8134708,14513156
1790481547,7811728,14513156
1790481549,7765560,14513156
1790481551,7822112,14513156
1790481553,8071344,14513156
1790481555,8145568,14513156
1790481557,8269608,14513156
1790481559,8326056,14513156
1790481561,8224012,14513156
1790481563,8113068,14513156
1790481565,8038548,14513156
1790481567,7856880,14513156
1790481569,7848348,14513156
1790481571,7988728,14513156
1790481573,7913692,14513156
1790481575,8095072,14513156
1790481577,8232040,14513156
1790481579,8216204,14513156
1790481581,8042776,14513156
1790481583,7975712,14513156
1790481585,7871724,14513156
1790481587,7849112,14513156
1790481589,8107632,14513156
1790481591,8038268,14513156
1790481593,8191760,14513156
1790481595,8200472,14513156
1790481597,8110604,14513156
1790481599,8137796,14513156
1790481601,8134868,14513156
1790481603,8075880,14513156
1790481605,8096456,14513156
1790481607,8057840,14513156
1790481609,8079764,14513156
1790481611,8113108,14513156
1790481613,8119344,14513156
1790481615,8266180,14513160
1790481617,8310332,14513160
1790481619,8328764,14513160
1790481621,8385400,14513160
1790481623,8392344,14513160
1790481625,7956632,14513160
1790481627,8081636,14513160
1790481629,7708028,14513160
1790481631,7914284,14513160
1790481633,8125048,14513160
1790481635,8219412,14513160
1790481637,8074684,14513160
1790481639,7788092,14513160
1790481641,7719236,14513160
1790481643,7640936,14513160
1790481645,7919140,14513160
1790481647,8157512,14513160
1790481649,8164780,14513160
1790481651,8233560,14513160
1790481653,8096856,14513160
1790481655,8027360,14513160
1790481657,8018032,14513160
1790481659,7779504,14513160
1790481661,8179824,14513160
1790481663,8012220,14513160
1790481665,8226856,14513160
1790481667,8260416,14513160
1790481669,8192752,14513160
1790481671,8071108,14513160
1790481673,8075392,14513160
1790481675,7957252,14513160
1790481677,8080136,14513160
1790481679,8203768,14513160
1790481681,8091376,14513160
1790481683,8023256,14513160
1790481685,8162472,14513160
1790481687,8208480,14513160
1790481689,7940668,14513160
1790481691,8015352,14513160
1790481693,7907408,14513160
1790481695,8041472,14513160
1790481697,8122112,14513160
1790481699,7993800,14513160
1790481701,8026400,14513160
1790481703,8060044,14513160
1790481705,8093936,14513160
1790481707,8220204,14513160
1790481709,8239460,14513160
1790481711,8313808,14513160
1790481713,8310156,14513160
1790481715,7858892,14513160
1790481717,7865188,14513160
1790481719,7344292,14513160
1790481721,7801796,14513160
1790481723,8165196,14513160
1790481725,8209620,14513160
1790481727,8238108,14513160
1790481729,7970824,14513160
1790481731,7960196,14513160
1790481733,7937456,14513160
1790481735,7955932,14513160
1790481737,8014884,14513160
1790481739,8255464,14513160
1790481741,8266172,14513160
1790481743,8291920,14513160
1790481745,8202156,14513160
1790481747,8208696,14513160
1790481749,7794000,14513160
1790481751,7943328,14513160
1790481753,7960476,14513160
1790481755,7937132,14513160
1790481757,8057204,14513160
1790481759,8205456,14513160
1790481761,8178528,14513160
1790481763,8036848,14513160
1790481765,7953124,14513160
1790481767,7842724,14513160
1790481769,7968336,14513160
1790481771,8029976,14513160
1790481773,8028788,14513160
1790481775,8029704,14513160
1790481777,7982844,14513160
1790481779,8064740,14513160
1790481781,8107704,14513160
1790481783,8041500,14513160
1790481785,8066500,14513160
1790481787,8108824,14513160
1790481789,8147344,14513160
1790481791,8137220,14513160
1790481793,8181760,14513160
1790481795,8189240,14513160
1790481797,8308028,14513160
1790481799,8320376,14513160
1790481801,8334148,14513160
1790481803,8384028,14513160
1790481805,8395464,14513160
1790481807,7973192,14513160
1790481809,7870180,14513160
1790481811,7682792,14513160
1790481813,7707520,14513160
1790481815,8026356,14513160
1790481817,8069656,14513160
1790481819,8018716,14513160
1790481821,7767116,14513160
1790481823,7659644,14513160
1790481825,7695224,14513160
1790481827,7872544,14513160
1790481829,8033712,14513160
1790481831,8170028,14513160
1790481833,8178232,14513160
1790481835,8133672,14513160
1790481837,8034512,14513160
1790481839,7922020,14513160
1790481841,7822860,14513160
1790481843,8004112,14513160
1790481845,8044412,14513160
1790481847,8003888,14513160
1790481849,8125544,14513160
1790481851,8256252,14513160
1790481853,8125580,14513160
1790481855,8114168,14513160
1790481857,8125728,14513160
1790481859,8102876,14513160
1790481861,8026592,14513160
1790481863,8079356,14513160
1790481865,8016628,14513160
1790481867,8181488,14513160
1790481869,8119360,14513160
1790481871,8007420,14513160
1790481873,7950708,14513160
1790481875,8078668,14513160
1790481877,7981220,14513160
1790481879,8068208,14513160
1790481881,7977896,14513160
1790481883,7928384,14513160
1790481885,8102988,14513160
1790481887,8109068,14513160
1790481889,8266552,14513160
1790481891,8254688,14513160
1790481893,8268212,14513160
1790481895,8283444,14513160
1790481897,8300792,14513160
1790481899,7854756,14513160
1790481901,7444016,14513160
1790481903,7856416,14513160
1790481905,8124904,14513160
1790481907,8149592,14513160
1790481909,8255972,14513160
1790481911,8150380,14513160
1790481913,7859100,14513160
1790481915,7733556,14513160
1790481917,7866780,14513160
1790481919,8094316,14513160
1790481921,8292016,14513160
1790481923,8286348,14513160
1790481925,8363440,14513160
1790481927,8107520,14513160
1790481929,7972284,14513160
1790481931,7921908,14513160
1790481933,7869396,14513160
1790481935,8058612,14513160
1790481937,8028580,14513160
1790481939,8090708,14513160
1790481941,8192444,14513160
1790481943,8098188,14513160
1790481945,8043244,14513160
1790481947,7946864,14513160
1790481949,7893428,14513160
1790481951,8042492,14513160
1790481953,8065852,14513160
1790481955,8035596,14513160
1790481957,8118956,14513160
1790481959,8104368,14513160
1790481961,8174652,14513160
1790481963,8057008,14513160
1790481965,8050984,14513160
1790481967,7946216,14513160
1790481969,8107760,14513160
1790481971,8148824,14513160
1790481973,8052560,14513160
1790481975,8264928,14513160
1790481977,8198960,14513160
1790481979,8233156,14513160
1790481981,8336484,14513160
1790481983,8337104,14513160
1790481985,8386108,14513160
1790481987,8377996,14513160
1790481989,7848544,14513160
1790481991,7846320,14513160
1790481993,6981832,14513160
1790481995,7739832,14513160
1790481997,7998616,14513160
1790481999,8076404,14513160
1790482001,8202772,14513160
1790482003,7805124,14513160
1790482005,7988212,14513160
1790482007,7952276,14513160
1790482009,7985464,14513160
1790482011,7999916,14513160
1790482013,8201096,14513160
1790482015,8228716,14513160
1790482017,8258608,14513160
1790482019,8075552,14513160
1790482021,8209368,14513160
1790482023,8023268,14513160
1790482025,8066328,14513160
1790482027,8158396,14513160
1790482029,8155436,14513160
1790482031,8191096,14513160
1790482033,8289508,14513160
1790482035,8163816,14513160
1790482037,8156760,14513160
1790482039,8159312,14513160
1790482041,7994676,14513160
1790482043,8025096,14513160
1790482045,8082512,14513160
1790482047,8120284,14513160
1790482049,8112176,14513160
1790482051,8055548,14513160
1790482053,8128864,14513160
1790482055,8007796,14513160
1790482057,7986352,14513160
1790482059,8055108,14513160
1790482061,8046336,14513160
1790482063,8042768,14513160
1790482065,8068264,14513160
1790482067,8142168,14513160
1790482069,8172440,14513160
1790482071,8223660,14513160
1790482073,8244176,14513160
1790482075,8251228,14513160
1790482077,8268092,14513160
1790482079,8276120,14513160
1790482081,7939076,14513160
1790482083,7929180,14513160
1790482085,7748568,14513160
1790482087,7850460,14513160
1790482089,8167120,14513160
1790482091,8251136,14513160
1790482093,8232788,14513160
1790482095,7984180,14513160
1790482097,7875724,14513160
1790482099,7948688,14513160
1790482101,8080876,14513160
1790482103,8172728,14513160
1790482105,8227148,14513160
1790482107,8271036,14513160
1790482109,8150356,14513160
1790482111,8117500,14513160
1790482113,8060740,14513160
1790482115,7843176,14513160
1790482117,8064636,14513160
1790482119,8078468,14513160
1790482121,7947324,14513160
1790482123,8150820,14513160
1790482125,8219800,14513160
1790482127,8083868,14513160
1790482129,8152184,14513160
1790482131,8086764,14513160
1790482133,8010064,14513160
1790482135,8064432,14513160
1790482137,8005200,14513160
1790482139,8022308,14513160
1790482141,8251452,14513160
1790482143,8247608,14513160
1790482145,8194072,14513160
1790482148,8101124,14513160
1790482150,8141976,14513160
1790482152,8129696,14513160
1790482154,8152436,14513160
1790482156,8171480,14513160
1790482158,8188984,14513160
1790482160,8243576,14513160
1790482162,8171068,14513160
1790482164,8343996,14513160
1790482166,8326740,14513160
1790482168,8340196,14513160
1790482170,8258972,14513160
1790482172,8274928,14513160
1790482174,7861468,14513160
1790482176,7233096,14513160
1790482178,7756564,14513160
1790482180,8037732,14513160
1790482182,8094088,14513160
1790482184,8201888,14513160
1790482186,8017064,14513160
1790482188,7785080,14513160
1790482190,7786112,14513160
1790482192,7831884,14513160
1790482194,7911868,14513160
1790482196,8164068,14513160
1790482198,8156956,14513160
1790482200,8365812,14513160
1790482202,8177212,14513160
1790482204,8071116,14513160
1790482206,7951648,14513160
1790482208,8053320,14513160
1790482210,8104688,14513160
1790482212,8163528,14513160
1790482214,8242552,14513160
1790482216,8306460,14513160
1790482218,8236020,14513160
1790482220,8079252,14513164
1790482222,8091556,14513164
1790482224,7993972,14513164
1790482226,8087512,14513164
1790482228,8073668,14513164
1790482230,8151616,14513164
1790482232,8134656,14513164
1790482234,8094172,14513164
1790482236,8149224,14513164
1790482238,8162288,14513164
1790482240,7936308,14513164
1790482242,7996552,14513164
1790482244,8061780,14513164
1790482246,7964212,14513164
1790482248,8069428,14513164
1790482250,8054148,14513164
1790482252,8090876,14513164
1790482254,8208664,14513164
1790482256,8202816,14513164
1790482258,8277304,14513164
1790482260,8365540,14513164
1790482262,8363560,14513164
1790482264,7917472,14513164
1790482266,7934144,14513164
1790482268,7773812,14513164
1790482270,7829516,14513164
1790482272,8208192,14513164
1790482274,8252708,14513164
1790482276,8123596,14513164
1790482278,7898664,14513164
1790482280,7887724,14513164
1790482282,7798664,14513164
1790482284,8109940,14513164
1790482286,8208432,14513164
1790482288,8331520,14513164
1790482290,8224424,14513164
1790482292,8127372,14513164
1790482294,8029608,14513164
1790482296,7956736,14513164
1790482298,7803072,14513164
1790482300,8100468,14513164
1790482302,8040912,14513164
1790482304,7945480,14513164
1790482306,8079304,14513164
1790482308,8219260,14513164
1790482310,8144784,14513164
1790482312,8191140,14513164
1790482314,8092996,14513164
1790482316,8021296,14513164
1790482318,8075872,14513164
1790482320,8108004,14513164
1790482322,8065184,14513164
1790482324,8130868,14513164
1790482326,8213920,14513164
1790482328,8146692,14513164
1790482330,8061936,14513164
1790482332,8026496,14513164
1790482334,8059316,14513164
1790482336,7938688,14513164
1790482338,8029936,14513164
1790482340,8014016,14513184
1790482342,8150440,14513184
1790482344,8198092,14513184
1790482346,8327452,14513192
1790482348,8333980,14513192
1790482350,8191236,14513192
1790482352,8256508,14513192
1790482354,8255776,14513192
1790482356,7824620,14513192
1790482358,7246312,14513192
1790482360,7670948,14513192
1790482362,7985200,14513192
1790482364,8060520,14513192
1790482366,8192416,14513192
1790482368,8030052,14513192
1790482370,7791204,14513192
1790482372,7732552,14513192
1790482374,7839120,14513192
1790482376,7897856,14513192
1790482378,8165680,14513192
1790482380,8236388,14513192
1790482382,8258320,14513192
1790482384,8143256,14513192
1790482386,8107692,14513192
1790482388,7973136,14513192
1790482390,8009692,14513192
1790482392,8082744,14513192
1790482394,8012756,14513192
1790482396,8160252,14513192
1790482398,8307316,14513192
1790482400,8239988,14513192
1790482402,8083856,14513192
1790482404,8020112,14513192
1790482406,7981788,14513192
1790482408,8018060,14513192
1790482410,8095268,14513192
1790482412,7992732,14513192
1790482414,7981152,14513192
1790482416,8069972,14513192
1790482418,8119540,14513192
1790482420,8080184,14513192
1790482422,7951236,14513192
1790482424,8071860,14513192
1790482426,7986980,14513192
1790482428,8034952,14513192
1790482430,8058852,14513196
1790482432,7917720,14513196
1790482434,8062964,14513196
1790482436,8198404,14513196
1790482438,8215652,14513196
1790482440,8293432,14513196
1790482442,8347768,14513196
1790482444,8364348,14513196
1790482446,7938356,14513196
1790482448,7961948,14513196
1790482450,7748936,14513196
1790482452,7795708,14513196
1790482454,8180860,14513196
1790482456,8202952,14513196
1790482458,8194408,14513196
1790482460,7904980,14513196
1790482462,7885512,14513196
1790482464,7751200,14513196
1790482466,8030072,14513196
1790482468,8125568,14513196
1790482470,8170340,14513196
1790482472,8177092,14513196
1790482474,8121500,14513196
1790482476,7983540,14513196
1790482478,7948308,14513196
1790482480,7761548,14513196
1790482482,7978676,14513196
1790482484,7898924,14513196
1790482486,7923784,14513196
1790482488,8191628,14513196
1790482490,8225776,14513196
1790482492,8071120,14513196
1790482494,8120588,14513196
1790482496,7962532,14513196
1790482498,8045536,14513196
1790482500,8089248,14513196
1790482502,8112240,14513196
1790482504,8030164,14513196
1790482506,8195104,14513196
1790482508,8189248,14513196
1790482510,8111784,14513196
1790482512,8039956,14513196
1790482514,8029144,14513196
1790482516,8072896,14513196
1790482518,8097332,14513196
1790482520,8066972,14513196
1790482522,7985188,14513196
1790482524,8145324,14513196
1790482526,8156856,14513196
1790482528,8296100,14513196
1790482530,8245276,14513196
1790482532,8271844,14513196
1790482534,8307508,14513196
1790482536,8318696,14513196
1790482538,7904716,14513196
1790482540,7220052,14513196
1790482542,7692232,14513196
1790482544,8037740,14513196
1790482546,8107296,14513196
1790482548,8138004,14513196
1790482550,7894088,14513196
1790482552,7774696,14513196
1790482554,7635040,14513196
1790482556,7808452,14513196
1790482558,7780624,14513196
1790482560,8208724,14513196
1790482562,8276304,14513196
1790482564,8325604,14513196
1790482566,8169268,14513196
1790482568,8075664,14513196
1790482570,7919324,14513196
1790482572,8033024,14513196
1790482574,8113836,14513196
1790482576,8030920,14513196
1790482578,8142872,14513196
1790482580,8260012,14513196
1790482582,8137000,14513196
1790482584,8067284,14513196
1790482586,8015432,14513196
1790482588,7866904,14513196
1790482590,7918256,14513196
1790482592,8065372,14513196
1790482594,8014856,14513196
1790482596,8034056,14513196
1790482598,8002220,14513196
1790482600,8041580,14513196
1790482602,8012568,14513196
1790482604,7960624,14513196
1790482606,8076296,14513196
1790482608,8072052,14513196
1790482610,8080728,14513196
1790482612,8017084,14513196
1790482614,8065452,14513196
1790482616,8069040,14513196
1790482618,8218220,14513196
1790482620,8310604,14513196
1790482622,8316248,14513196
1790482624,8371372,14513196
1790482626,8394916,14513196
1790482628,7962508,14513196
1790482630,7965196,14513196
1790482632,7770592,14513196
1790482634,7836432,14513196
1790482636,8169584,14513196
1790482638,8202764,14513196
1790482640,8155612,14513196
1790482642,7867980,14513196
1790482644,7742924,14513196
1790482646,7779820,14513196
1790482648,7874640,14513196
1790482650,8044824,14513196
1790482652,8161796,14513196
1790482654,8188372,14513196
1790482656,8158160,14513196
1790482658,8030944,14513196
1790482660,7902472,14513196
1790482662,7802220,14513196
1790482664,8024984,14513196
1790482666,7951248,14513196
1790482668,7950928,14513196
1790482670,8207024,14513196
1790482672,8238500,14513196
1790482674,8016184,14513196
1790482676,8012104,14513196
1790482678,8127536,14513196
1790482680,8092268,14513196
1790482682,8026848,14513196
1790482684,7976768,14513196
1790482686,8104856,14513196
1790482688,8104748,14513204
1790482690,8144708,14513204
1790482692,8216452,14513204
1790482694,8082068,14513204
1790482696,8029032,14513204
1790482698,8107976,14513204
1790482700,8009864,14513204
1790482702,8069484,14513204
1790482704,8160404,14513204
1790482706,8198336,14513204
1790482708,8152096,14513204
1790482710,8253396,14513204
1790482712,8294340,14513204
1790482714,8288940,14513204
1790482716,8292464,14513204
1790482718,7892132,14513204
1790482720,7924384,14513204
1790482722,7441148,14513204
1790482724,7739264,14513204
1790482726,8043516,14513204
1790482728,8101104,14513204
1790482730,8207796,14513204
1790482732,7848140,14513204
1790482734,7909976,14513204
1790482736,7860868,14513204
1790482738,8036216,14513212
1790482740,8028408,14513212
1790482742,8244792,14513212
1790482744,8264216,14513212
1790482746,8306440,14513212
1790482748,8125888,14513212
1790482750,8169840,14513212
1790482752,7917200,14513212
1790482754,7977964,14513212
1790482756,8139564,14513212
1790482758,8107916,14513212
1790482760,8180236,14513216
1790482762,8320524,14513216
1790482764,8218544,14513216
1790482766,8093532,14513216
1790482768,7991896,14513216
1790482770,7874384,14513216
1790482772,7952888,14513216
1790482774,8075444,14513216
1790482776,8078668,14513216
1790482778,8095092,14513216
1790482780,8070888,14513216
1790482782,8102860,14513216
1790482784,8019880,14513216
1790482786,8088256,14513216
1790482788,8043372,14513216
1790482790,8027908,14513216
1790482792,8099948,14513216
1790482794,8040864,14513216
1790482796,8151636,14513216
1790482798,8168980,14513216
1790482800,8346356,14513216
1790482802,8348760,14513216
1790482804,8343428,14513216
1790482806,8378504,14513216
1790482808,8355676,14513216
1790482810,7910620,14513216
1790482812,7953016,14513216
1790482814,7768248,14513216
1790482816,7973288,14513216
1790482818,8136256,14513216
1790482820,8212524,14513220
1790482822,8135340,14513220
1790482824,7947392,14513220
1790482826,7910152,14513220
1790482828,7885188,14513220
1790482830,8068432,14513220
1790482832,8172060,14513220
1790482834,8173392,14513220
1790482836,8208380,14513220
1790482838,8099688,14513220
1790482840,8083944,14513220
1790482842,7987080,14513220
1790482844,7893996,14513220
1790482846,8032864,14513220
1790482848,7898716,14513220
1790482850,8066412,14513220
1790482852,8191516,14513224
1790482854,8144980,14513224
1790482856,8026704,14513224
1790482858,7985284,14513224
1790482860,8045480,14513224
1790482862,8101888,14513224
1790482864,8092964,14513224
1790482866,8102608,14513224
1790482868,8118264,14513224
1790482870,8187236,14513224
1790482872,8166348,14513224
1790482874,8153796,14513224
1790482876,8027856,14513224
1790482878,8177480,14513224
1790482880,8126220,14513224
1790482882,8168952,14513224
1790482884,8136388,14513228
1790482886,8173388,14513228
1790482888,8169576,14513228
1790482890,8105592,14513228
1790482892,8196520,14513228
1790482894,8232344,14513228
1790482896,8267400,14513228
1790482898,8268200,14513228
1790482900,7843680,14513228
1790482902,7853524,14513228
1790482904,7409884,14513228
1790482906,7735984,14513228
1790482908,8058356,14513228
1790482910,8084828,14513228
1790482912,8209280,14513228
1790482914,7860884,14513228
1790482916,7848472,14513232
1790482918,7930448,14513232
1790482920,8147668,14513232
1790482922,8139384,14513232
1790482924,8309276,14513232
1790482926,8293160,14513232
1790482928,8305428,14513232
1790482930,8172440,14513232
1790482932,8145528,14513232
1790482934,7866972,14513232
1790482936,8070980,14513232
1790482938,7994916,14513232
1790482940,8136496,14513232
1790482942,8163008,14513232
1790482945,8265320,14513232
1790482947,8187448,14513232
1790482949,8020336,14513232
1790482951,8019536,14513232
1790482953,7832856,14513232
1790482955,7933140,14513232
1790482957,8066656,14513232
1790482959,8006652,14513232
1790482961,8119624,14513232
1790482963,8137928,14513232
1790482965,8173352,14513232
1790482967,8035764,14513232
1790482969,8057768,14513232
1790482971,8035172,14513232
1790482973,8085872,14513232
1790482975,7954024,14513232
1790482977,7982188,14513232
1790482979,8068220,14513232
1790482981,8176476,14513232
1790482983,8316280,14513232
1790482985,8319184,14513232
1790482987,8386740,14513232
1790482989,8385772,14513232
