epoch,MemAvailable_kB,SwapFree_kB
1790554336,25788716,14303784
1790554338,25789036,14303784
1790554340,25322848,14303784
1790554342,22676184,14303784
1790554344,22695252,14303784
1790554346,10771972,14303784
1790554348,12847408,14303784
1790554350,10043284,14303784
1790554352,9472680,14303784
1790554354,9617992,14303784
1790554356,10824564,14303784
1790554358,10813632,14303784
1790554360,10784084,14303784
1790554362,10823204,14303784
1790554364,10914988,14303784
1790554366,10930124,14303784
1790554368,10936608,14303860
1790554370,10927716,14303860
1790554372,10889348,14303860
1790554374,10852048,14303860
1790554376,10807644,14304076
1790554378,10751116,14304076
1790554380,10789708,14304076
1790554382,10585848,14304076
1790554384,10547620,14304076
1790554386,10485916,14304076
1790554388,10449088,14304076
1790554390,10407116,14304076
1790554392,8991856,14304076
1790554394,9392888,14304076
1790554396,9383316,14304076
1790554398,6913828,14304076
1790554400,7017484,14304076
1790554402,8209416,14304076
1790554404,8325012,14304076
1790554406,8319920,14304076
1790554408,7816816,14304076
1790554410,8212132,14304076
1790554412,8255964,14304076
1790554414,8316388,14304076
1790554416,8327808,14304076
1790554418,7130164,14304076
1790554420,8228224,14304076
1790554422,8262260,14304076
1790554424,8317512,14304076
1790554426,7124524,14304076
1790554428,6903884,14304076
1790554430,8177116,14304076
1790554432,8203400,14304076
1790554434,8309960,14304076
1790554436,7047352,14304076
1790554438,6512864,14304076
1790554440,6835504,14304076
1790554442,7815884,14304076
1790554444,6637616,14304076
1790554446,6425512,14304076
1790554448,8105468,14304076
1790554450,8152484,14304076
1790554452,8174036,14304076
1790554454,6796992,14304076
1790554456,6911944,14304076
1790554458,8199324,14304076
1790554460,8206520,14304076
1790554462,8227260,14304076
1790554464,7751756,14304076
1790554466,8144944,14304076
1790554468,8191424,14304076
1790554470,8189852,14304076
1790554472,8259136,14304076
1790554474,7085848,14304076
1790554476,8134520,14304076
1790554478,8236868,14304076
1790554480,8269000,14304076
1790554482,6835940,14304076
1790554484,7758468,14304076
1790554486,6613180,14304076
1790554488,7832648,14304076
1790554490,7158836,14304076
1790554492,7161980,14304076
1790554494,8202312,14304076
1790554496,8228524,14304076
1790554498,8333456,14304076
1790554500,7004788,14304076
1790554502,7042936,14304076
1790554504,8285972,14304076
1790554506,8348456,14304076
1790554508,8357492,14304076
1790554510,7020980,14304076
1790554512,7169040,14304076
1790554514,8242888,14304076
1790554516,8234584,14304076
1790554518,8253936,14304076
1790554520,8106516,14304076
1790554522,8164048,14304076
1790554524,8213420,14304076
1790554526,8279188,14304076
1790554528,6769740,14304076
1790554530,7910216,14304076
1790554532,6526476,14304076
1790554534,7822668,14304076
1790554536,7881928,14304076
1790554538,8066964,14304076
1790554540,7988616,14304076
1790554542,8111880,14304076
1790554544,8174952,14304076
1790554546,7028492,14304076
1790554548,6855936,14304076
1790554550,8199900,14304076
1790554552,8204500,14304076
1790554554,8253620,14304076
1790554556,6994260,14304076
1790554558,6987740,14304076
1790554560,8336092,14304076
1790554562,8214764,14304076
1790554564,8219348,14304076
1790554566,7304520,14304076
1790554568,7064248,14304076
1790554570,8133104,14304076
1790554572,8140756,14304076
1790554574,7194536,14304076
1790554576,6576028,14304076
1790554578,6612044,14304076
1790554580,7768652,14304076
1790554582,7801348,14304076
1790554584,7689108,14304076
1790554587,8089968,14304076
1790554589,8089248,14304076
1790554591,8196640,14304076
1790554593,8414248,14304076
1790554595,7178952,14304076
1790554597,8363156,14304076
1790554599,8390200,14304076
1790554601,8390196,14304076
1790554603,6927732,14304076
1790554605,6906860,14304076
1790554607,8270632,14304076
1790554609,8317876,14304076
1790554611,8359480,14304076
1790554613,7009156,14304076
1790554615,7183296,14304076
1790554617,8304780,14304076
1790554619,8322316,14304076
1790554621,6879304,14304076
1790554623,6663336,14304076
1790554625,6520316,14304076
1790554627,7757300,14304076
1790554629,7923884,14304076
1790554631,6891068,14304076
1790554633,6736564,14304076
1790554635,8081284,14304076
1790554637,8173944,14304076
1790554639,8227008,14304076
1790554641,7991856,14304076
1790554643,8120412,14304076
1790554645,8164252,14304076
1790554647,8256816,14304076
1790554649,7070664,14304076
1790554651,7083084,14304076
1790554653,8209776,14304076
1790554655,8244384,14304076
1790554657,8300372,14304076
1790554659,6872968,14304076
1790554661,6859224,14304076
1790554663,8165268,14304076
1790554665,8206644,14304076
1790554667,8233412,14304076
1790554669,6642408,14304076
1790554671,6626164,14304076
1790554673,7885608,14304076
1790554675,7884324,14304076
1790554677,6996396,14304076
1790554679,6776744,14304076
1790554681,8120140,14304076
1790554683,8106636,14304076
1790554685,8277516,14304076
1790554687,7508392,14304076
1790554689,7105712,14304076
1790554691,8290080,14304076
1790554693,8341528,14304076
1790554695,8335944,14304076
1790554697,8323108,14304076
1790554699,8112932,14304076
1790554701,8157740,14304076
1790554703,8327024,14304076
1790554705,7109448,14304076
1790554707,7034944,14304076
1790554709,8168552,14304076
1790554711,8239696,14304076
1790554713,8313016,14304076
1790554715,6715280,14304076
1790554717,6503484,14304076
1790554719,6556208,14304076
1790554721,7784436,14304076
1790554723,6646092,14304076
1790554725,6580152,14304076
1790554727,8182188,14304076
1790554729,8162168,14304076
1790554731,8234924,14304076
1790554733,6884568,14304076
1790554735,7051928,14304076
1790554737,8204208,14304076
1790554739,8206644,14304076
1790554741,8338216,14304076
1790554743,7699480,14304076
1790554745,8156560,14304076
1790554747,8157844,14304076
1790554749,8154828,14304076
1790554751,8209424,14304076
1790554753,7075876,14304076
1790554755,8166300,14304076
1790554757,8165132,14304152
1790554759,8182616,14304152
1790554761,6597328,14304152
1790554763,7800384,14304152
1790554765,6612664,14304152
1790554767,7771320,14304152
1790554769,7030820,14304152
1790554771,6832584,14304152
1790554773,8175544,14304152
1790554775,8247644,14304152
1790554777,8288468,14304152
1790554779,6931956,14304152
1790554781,7101164,14304152
1790554783,8310104,14304152
1790554785,8308760,14304152
1790554787,8333256,14304152
1790554789,7324772,14304152
1790554791,7072588,14304152
1790554793,8216880,14304152
1790554795,8228576,14304152
1790554797,8345808,14304152
1790554799,8212692,14304152
1790554801,8327216,14304152
1790554803,8219336,14304152
1790554805,8251260,14304152
1790554807,6740780,14304152
1790554809,7795636,14304152
1790554811,6504764,14304152
1790554813,7748524,14304152
1790554815,7774424,14304152
1790554817,7049636,14304152
1790554819,7987464,14304152
1790554821,8071696,14304152
1790554823,8104904,14304152
1790554825,7049212,14304152
1790554827,6732912,14304152
1790554829,8171648,14304152
1790554831,8172028,14304152
1790554833,8254360,14304152
1790554835,6769764,14304152
1790554837,6949796,14304152
1790554839,8146968,14304152
1790554841,8175200,14304152
1790554843,8181308,14304152
1790554845,7552316,14304152
1790554847,7024732,14304152
1790554849,8163116,14304152
1790554851,8215180,14304152
1790554853,7024416,14304152
1790554855,6616428,14304152
1790554857,6566752,14304152
1790554859,7823452,14304152
1790554861,7937372,14304152
1790554863,7701912,14304152
1790554865,8017760,14304152
1790554867,8094392,14304152
1790554869,8195416,14304152
1790554871,8290592,14304152
1790554873,7136152,14304152
1790554875,8256984,14304152
1790554877,8252308,14304152
1790554879,8254884,14304152
1790554881,6919940,14304152
1790554883,6961068,14304152
1790554885,8236700,14304152
1790554887,8238256,14304152
1790554889,8300308,14304152
1790554891,6967596,14304152
1790554893,7117516,14304152
1790554895,8249856,14304152
1790554897,8250628,14304152
1790554899,8306940,14304152
1790554901,6712484,14304152
1790554903,6511804,14304152
1790554905,7797456,14304152
1790554907,7798292,14304152
1790554909,6773508,14304152
1790554911,6735372,14304152
1790554913,8132920,14304152
1790554915,8170020,14304152
1790554917,8261444,14304152
1790554919,7869540,14304152
1790554921,8275536,14304152
1790554923,8206972,14304152
1790554925,8202816,14304152
1790554927,8204872,14304152
1790554929,7060040,14304152
1790554931,8079388,14304152
1790554933,8103572,14304152
1790554935,8163376,14304152
1790554937,6737252,14304152
1790554939,6888656,14304152
1790554941,8185676,14304152
1790554943,8179604,14304152
1790554945,8203212,14304152
1790554947,6613004,14304152
1790554949,6496372,14304152
1790554951,7024564,14304152
1790554953,7826036,14304152
1790554955,6803540,14304152
1790554957,6668500,14304152
1790554959,8180020,14304152
1790554961,8208568,14304152
1790554963,8276500,14304152
1790554965,7042284,14304152
1790554967,7204920,14304152
1790554969,8276004,14304152
1790554971,8271076,14304152
1790554973,8299032,14304152
1790554975,8052572,14304152
1790554977,8241812,14304152
1790554979,8280460,14304152
1790554981,8244328,14304152
1790554983,7292400,14304152
1790554985,7114512,14304152
1790554987,8154448,14304152
1790554989,8213912,14304152
1790554991,8249716,14304152
1790554993,6643200,14304152
1790554995,7507172,14304152
1790554997,6445984,14304152
1790554999,7737188,14304152
1790555001,6994024,14304152
1790555003,6553916,14304152
1790555005,7870088,14304152
1790555007,8144564,14304152
1790555009,8190200,14304152
1790555011,6812300,14304152
1790555013,6980892,14304152
1790555015,8212184,14304152
1790555017,8220352,14304152
1790555019,8254308,14304152
1790555021,7524516,14304152
1790555023,7073580,14304152
1790555025,8093296,14304156
1790555027,8152244,14304156
1790555029,8254820,14304156
1790555031,8324212,14304156
1790555033,8208992,14304156
1790555035,8209780,14304156
1790555037,8222824,14304156
1790555039,6613384,14304156
1790555041,7713544,14304156
1790555043,6457580,14304156
1790555045,7721648,14304156
1790555047,7748620,14304156
1790555049,7088920,14304156
1790555051,8113152,14304156
1790555053,8119244,14304156
1790555055,8140760,14304156
1790555057,6800416,14304156
1790555059,6991780,14304156
1790555061,8329188,14304156
1790555063,8315852,14304156
1790555065,8310192,14304156
1790555067,6907308,14304156
1790555069,7084012,14304156
1790555071,8278668,14304156
1790555073,8315960,14304156
1790555075,8334736,14304156
1790555077,7706164,14304156
1790555079,7169500,14304156
1790555081,8242028,14304156
1790555083,8281788,14304156
1790555085,7112148,14304156
1790555087,7105860,14304156
1790555089,6889988,14304156
1790555091,7825192,14304156
1790555093,7881368,14304156
1790555095,7601208,14304156
1790555097,7913416,14304156
1790555099,8257852,14304156
1790555101,8187940,14304156
1790555103,8205832,14304156
1790555105,7026392,14304156
1790555107,8140000,14304156
1790555109,8140524,14304156
1790555111,8162192,14304156
1790555113,7041416,14304156
1790555115,6900552,14304156
1790555117,8066320,14304156
1790555119,8122708,14304156
1790555121,8288488,14304156
1790555123,6938548,14304156
1790555125,6877200,14304156
1790555127,8157588,14304156
1790555129,8184000,14304156
1790555131,7403592,14304156
1790555133,6741344,14304156
1790555135,6797400,14304156
1790555137,7874304,14304156
1790555139,7892476,14304156
1790555141,6811240,14304156
1790555143,6717620,14304156
1790555145,8147616,14304156
1790555147,8210268,14304156
1790555149,8355268,14304156
1790555151,8070468,14304156
1790555153,8276948,14304156
1790555155,8309596,14304156
1790555157,8375220,14304156
1790555159,7173968,14304156
1790555161,7110384,14304156
1790555163,8215032,14304156
1790555165,8229648,14304156
1790555167,8324828,14304156
1790555169,6968812,14304156
1790555171,7064404,14304156
1790555173,8275748,14304156
1790555175,8305064,14304156
1790555177,8303880,14304156
1790555179,6680500,14304156
1790555181,6584220,14304156
1790555183,7764012,14304156
1790555185,7786148,14304156
1790555187,6894164,14304156
1790555189,6668616,14304156
1790555191,8122256,14304156
1790555193,8180960,14304156
1790555195,8266532,14304156
1790555197,7785416,14304156
1790555199,8145168,14304156
1790555201,8160756,14304156
1790555203,8218152,14304156
1790555205,8295752,14304156
1790555207,7101272,14304156
1790555209,8143980,14304156
1790555211,8275240,14304156
1790555213,8284712,14304156
1790555215,6793784,14304156
1790555217,6837816,14304156
1790555219,8167996,14304156
1790555221,8138328,14304156
1790555223,8171528,14304156
1790555225,6529108,14304156
1790555227,6499404,14304156
1790555229,6860808,14304156
1790555231,7763964,14304156
1790555233,6848552,14304156
1790555235,6476996,14304156
1790555237,8045364,14304156
1790555239,8086012,14304156
1790555241,8207604,14304156
1790555243,6894628,14304156
1790555245,7097228,14304156
1790555247,8288228,14304156
1790555249,8287264,14304156
1790555251,8407000,14304156
1790555253,8200872,14304156
1790555255,8271272,14304156
1790555257,8316312,14304156
1790555259,8376344,14304156
1790555261,8256348,14304156
1790555263,7187004,14304156
1790555265,8315708,14304156
1790555267,8326516,14304156
1790555269,8403560,14304156
1790555271,6719908,14304156
1790555273,7710900,14304156
1790555275,6590036,14304156
1790555277,7849744,14304156
1790555279,7081428,14304156
1790555281,6716292,14304156
1790555283,8042528,14304156
1790555285,8128952,14304156
1790555287,8187428,14304156
1790555289,6792180,14304156
1790555291,6990588,14304156
1790555294,8185092,14304156
1790555296,8180936,14304156
1790555298,8209240,14304156
1790555300,7559248,14304156
1790555302,6996600,14304156
1790555304,8154380,14304156
1790555306,8237708,14304156
1790555308,8251700,14304156
1790555310,8125960,14304156
1790555312,8135944,14304156
1790555314,8143344,14304156
1790555316,8261076,14304156
1790555318,6626048,14304156
1790555320,7782028,14304156
1790555322,6666020,14304156
1790555324,7833548,14304156
1790555326,8051648,14304156
1790555328,7065464,14304156
1790555330,7889472,14304156
1790555332,8190052,14304156
1790555334,8353892,14304156
1790555336,7160572,14304156
1790555338,7031532,14304156
1790555340,8405408,14304156
1790555342,8313288,14304156
1790555344,8334160,14304156
1790555346,7020736,14304156
1790555348,7113756,14304156
1790555350,8300044,14304156
1790555352,8299856,14304156
1790555354,8333024,14304156
1790555356,7615116,14304156
1790555358,7142584,14304156
1790555360,8281068,14304156
1790555362,8343204,14304156
1790555364,7302580,14304156
1790555366,6684972,14304156
1790555368,6525004,14304156
1790555370,7747784,14304156
1790555372,7811080,14304156
1790555374,7899160,14304156
1790555376,8086156,14304156
1790555378,8086528,14304156
1790555380,8196476,14304156
1790555382,7623540,14304156
1790555384,7108484,14304156
1790555386,8175276,14304156
1790555388,8235760,14304156
1790555390,8321672,14304156
1790555392,6862368,14304156
1790555394,6866524,14304156
1790555396,8133228,14304156
1790555398,8212240,14304156
1790555400,8292868,14304156
1790555402,6780176,14304156
1790555404,7037680,14304156
1790555406,8167092,14304156
1790555408,8199620,14304156
1790555410,7132052,14304156
1790555412,6591524,14304156
1790555414,6581544,14304156
1790555416,7793856,14304156
1790555418,7807740,14304156
1790555420,7332560,14304156
1790555422,6640004,14304156
1790555424,8126364,14304156
1790555426,8245432,14304156
1790555428,8254920,14304156
1790555430,8254108,14304156
1790555432,8296768,14304156
1790555434,8290884,14304156
1790555436,8310468,14304156
1790555438,7158052,14304156
1790555440,6957476,14304156
1790555442,8270488,14304156
1790555444,8253472,14304156
1790555446,8298492,14304156
1790555448,7059756,14304156
1790555450,7041244,14304156
1790555452,8260640,14304156
1790555454,8242836,14304156
1790555456,8337672,14304156
1790555458,6690648,14304156
1790555460,6559108,14304156
1790555462,7743180,14304156
1790555464,7742540,14304156
1790555466,6790264,14304156
1790555468,6753856,14304156
1790555470,8078536,14304156
1790555472,8075048,14304156
1790555474,8157272,14304156
1790555476,7511700,14304156
1790555478,7822840,14304156
1790555480,8183312,14304156
1790555482,8245292,14304156
1790555484,8240592,14304156
1790555486,7025456,14304156
1790555488,8097704,14304156
1790555490,8147504,14304156
1790555492,8197788,14304156
1790555494,7073028,14304156
1790555496,6782624,14304156
1790555498,8201744,14304156
1790555500,8188580,14304156
1790555502,8238292,14304156
1790555504,6597800,14304156
1790555506,6551948,14304156
1790555508,6617132,14304156
1790555510,7816936,14304156
1790555512,6931076,14304156
1790555514,6652396,14304156
1790555516,8135828,14304156
1790555518,8166308,14304156
1790555520,8327252,14304156
1790555522,6870872,14304156
1790555524,7165340,14304156
1790555526,8228860,14304156
1790555528,8230032,14304156
1790555530,8268560,14304156
1790555532,7822668,14304156
1790555534,8166052,14304156
1790555536,8242256,14304156
1790555538,8284056,14304156
1790555540,8295856,14304156
1790555542,7137120,14304156
1790555544,8173628,14304156
1790555546,8178676,14304156
1790555548,8245164,14304156
1790555550,6662048,14304156
1790555552,7781496,14304156
1790555554,6580884,14304156
1790555556,7781000,14304156
1790555558,7940148,14304156
1790555560,7082028,14304156
1790555562,7824752,14304156
1790555564,8105804,14304156
1790555566,8255500,14304156
1790555568,6966348,14304156
1790555570,6936408,14304156
1790555572,8160484,14304156
1790555574,8318600,14304156
1790555576,8322244,14304156
1790555578,6943024,14304156
1790555580,7177416,14304156
1790555582,8142288,14304156
1790555584,8134780,14304156
1790555586,8177944,14304156
1790555588,7475376,14304156
1790555590,8110812,14304156
1790555592,8146372,14304156
1790555594,8145700,14304156
1790555596,6743384,14304156
1790555598,7319376,14304156
1790555600,6551768,14304156
1790555602,7772728,14304156
1790555604,7808480,14304156
1790555606,8087368,14304156
1790555608,8082984,14304156
1790555610,8089080,14304156
1790555612,8181548,14304156
1790555614,7170064,14304156
1790555616,7162312,14304156
1790555618,8274752,14304156
1790555620,8271960,14304156
1790555622,8311836,14304156
1790555624,7102692,14304156
1790555626,6848144,14304156
1790555628,8209680,14304156
1790555630,8278056,14304156
1790555632,8338648,14304156
1790555634,7016528,14304156
1790555636,7159012,14304156
1790555638,8240360,14304156
1790555640,8331592,14304156
1790555642,7120808,14304156
1790555644,6652020,14304156
1790555646,6509288,14304156
1790555648,7760344,14304156
1790555650,7756220,14304156
1790555652,6516736,14304156
1790555654,6642336,14304156
1790555656,7993520,14304156
1790555658,8051780,14304156
1790555660,8184108,14304156
1790555662,8158808,14304156
1790555664,8168608,14304156
1790555666,8159764,14304156
1790555668,8176940,14304156
1790555670,7025972,14304156
1790555672,6879704,14304156
1790555674,8167816,14304156
1790555676,8190188,14304156
1790555678,8315796,14304156
1790555680,6968856,14304156
1790555682,6894212,14304156
1790555684,8110076,14304156
1790555686,8182072,14304156
1790555688,8183588,14304156
1790555690,6595152,14304156
1790555692,6529224,14304156
1790555694,7829316,14304156
1790555696,7825220,14304156
1790555698,6662936,14304156
1790555700,6567660,14304156
1790555702,8067764,14304156
1790555704,8098104,14304156
1790555706,8209352,14304156
1790555708,7521464,14304156
1790555710,7103164,14304156
1790555712,8234332,14304156
1790555714,8238896,14304156
1790555716,8299392,14304156
1790555718,8298292,14304156
1790555720,8221132,14304156
1790555722,8214432,14304156
1790555724,8284324,14304156
1790555726,7090712,14304156
1790555728,7053604,14304156
1790555730,8109808,14304156
1790555732,8224924,14304156
1790555734,8336448,14304156
1790555736,6711288,14304156
1790555738,6497560,14304156
1790555740,6543724,14304156
1790555742,7830676,14304156
1790555744,7030272,14304156
1790555746,6508732,14304156
1790555748,7978708,14304156
1790555750,8084236,14304156
1790555752,8228168,14304156
1790555754,6882152,14304156
1790555756,7077412,14304156
1790555758,8213128,14304156
1790555760,8320540,14304156
1790555762,8200280,14304156
1790555764,7541840,14304156
1790555766,7006776,14304156
1790555768,8100664,14304156
1790555770,8162188,14304156
1790555772,8242700,14304156
1790555774,8072268,14304156
1790555776,8052932,14304156
1790555778,8039280,14304156
1790555780,8221432,14304156
1790555782,6870932,14304156
1790555784,7640056,14304156
1790555786,6554680,14304156
1790555788,7746508,14304156
1790555790,7804120,14304156
1790555792,7120076,14304156
1790555794,8133692,14304156
1790555796,8171296,14304156
1790555798,8300068,14304156
1790555800,7045640,14304156
1790555802,7012848,14304156
1790555804,8299976,14304156
1790555806,8283940,14304156
1790555808,8341876,14304156
1790555810,7025924,14304156
1790555812,7194168,14304156
1790555814,8288492,14304156
1790555816,8306148,14304156
1790555818,8382760,14304156
1790555820,7654932,14304156
1790555822,8159500,14304156
1790555824,8182408,14304156
1790555826,8200684,14304156
1790555828,7066936,14304156
1790555830,7095328,14304156
1790555832,6651400,14304156
1790555834,7776976,14304156
1790555836,7855236,14304156
1790555838,7883668,14304156
1790555840,7851604,14304156
1790555842,8090860,14304156
1790555844,8193308,14304156
1790555846,7030744,14304156
1790555848,7026740,14304156
1790555850,8187192,14304156
1790555852,8236140,14304156
1790555854,8236932,14304156
1790555856,6848148,14304156
1790555858,6740052,14304156
1790555860,8127464,14304156
1790555862,8189928,14304156
1790555864,8255584,14304156
1790555866,6977892,14304156
1790555868,7091632,14304156
1790555870,8232104,14304156
1790555872,8282872,14304156
1790555874,6980368,14304156
1790555876,6859800,14304156
1790555878,6650036,14304156
1790555880,7903812,14304156
1790555882,7887128,14304156
1790555884,6875832,14304156
1790555886,6682432,14304156
1790555888,8129476,14304156
1790555890,8288556,14304156
1790555892,8322888,14304156
1790555894,8356752,14304156
1790555896,8269252,14304156
1790555898,8298808,14304156
1790555900,8335608,14304156
1790555902,7132568,14304156
1790555904,6934412,14304156
1790555906,8180524,14304156
1790555908,8242588,14304156
1790555910,8285564,14304156
1790555912,6945196,14304156
1790555914,6869792,14304156
1790555916,8211380,14304156
1790555918,8314776,14304156
1790555920,8409488,14304156
1790555922,6750028,14304156
1790555924,6543684,14304156
1790555926,7735352,14304156
1790555928,7828864,14304156
1790555930,6627220,14304156
1790555932,6849116,14304156
1790555934,8167140,14304156
1790555936,8157148,14304156
1790555938,8260744,14304156
1790555940,7666428,14304156
1790555942,7045776,14304156
1790555944,8156860,14304156
1790555946,8186032,14304156
1790555948,8250260,14304156
1790555950,8233832,14304156
1790555952,8154108,14304156
1790555954,8141364,14304156
1790555956,8151812,14304156
1790555958,7042256,14304156
1790555960,6811180,14304156
1790555962,8121660,14304156
1790555964,8199064,14304156
1790555966,8237940,14304156
1790555968,6594348,14304156
1790555970,6663408,14304156
1790555972,6694308,14304156
1790555974,7851008,14304156
1790555976,7086636,14304156
1790555978,6793604,14304156
1790555980,8156440,14304156
1790555982,8149872,14304156
1790555984,8225936,14304156
1790555986,6906592,14304156
1790555988,7102284,14304156
1790555990,8304048,14304156
1790555992,8297456,14304156
1790555994,8326160,14304156
1790555996,7729648,14304156
1790555998,7167432,14304156
1790556000,8288288,14304156
1790556002,8184272,14304156
1790556004,8236340,14304156
1790556006,8039072,14304156
1790556009,8088012,14304156
1790556011,8195876,14304156
1790556013,8279264,14304156
1790556015,6718608,14304156
1790556017,7782640,14304156
1790556019,6527520,14304156
1790556021,7811640,14304156
1790556023,7914152,14304156
1790556025,7061752,14304156
1790556027,7967768,14304156
1790556029,8031908,14304156
1790556031,8181316,14304156
1790556033,7098572,14304156
1790556035,6908120,14304156
1790556037,8184432,14304156
1790556039,8217692,14304156
1790556041,8268172,14304156
1790556043,6886616,14304156
1790556045,6989052,14304156
1790556047,8209048,14304156
1790556049,8206740,14304156
1790556051,8224996,14304156
1790556053,7651520,14304156
1790556055,7079184,14304156
1790556057,8230528,14304156
1790556059,8237272,14304156
1790556061,7308108,14304156
1790556063,6551228,14304156
1790556065,6581188,14304156
1790556067,7795168,14304156
1790556069,7851496,14304156
1790556071,8093028,14304156
1790556073,8170788,14304156
1790556075,8155160,14304156
1790556077,8253404,14304156
1790556079,7135896,14304156
1790556081,7122860,14304156
1790556083,8234120,14304156
1790556085,8297212,14304156
1790556087,8326724,14304156
1790556089,6870388,14304156
1790556091,6868316,14304156
1790556093,8276340,14304156
1790556095,8308816,14304156
1790556097,8357424,14304156
1790556099,6898024,14304156
1790556101,7090048,14304156
1790556103,8228060,14304156
1790556105,8245472,14304156
1790556107,7207276,14304156
1790556109,6696340,14304156
1790556111,6553568,14304156
1790556113,7814352,14304156
1790556115,7830380,14304156
1790556117,7300728,14304156
1790556119,6671892,14304156
1790556121,8164028,14304156
1790556123,8160600,14304156
1790556125,8306760,14304156
1790556127,8213236,14304156
1790556129,8103488,14304156
1790556131,8147356,14304156
1790556133,8196956,14304156
1790556135,7071400,14304156
1790556137,6971188,14304156
1790556139,8120348,14304156
1790556141,8223016,14304156
1790556143,8229432,14304156
1790556145,6953268,14304156
1790556147,6970160,14304156
1790556149,8181500,14304156
1790556151,8181244,14304156
1790556153,8312548,14304156
1790556155,6619360,14304156
1790556157,6628732,14304156
1790556159,7792204,14304156
1790556161,7799612,14304156
1790556163,6748208,14304156
1790556165,6817416,14304156
1790556167,8094200,14304156
1790556169,8295464,14304156
1790556171,8295240,14304156
1790556173,7660584,14304156
1790556175,8274380,14304156
1790556177,8312832,14304156
1790556179,8373512,14304156
1790556181,8445760,14304156
1790556183,7141252,14304156
1790556185,8181732,14304156
1790556187,8186864,14304156
1790556189,8257484,14304156
1790556191,7127028,14304156
1790556193,7005564,14304156
1790556195,8283684,14304156
1790556197,8293372,14304156
1790556199,8323184,14304156
1790556201,6680004,14304156
1790556203,6475016,14304156
1790556205,6522196,14304156
1790556207,7745068,14304156
1790556209,6800872,14304156
1790556211,6643880,14304156
1790556213,8075580,14304156
1790556215,8123056,14304156
1790556217,8243572,14304156
1790556219,6913924,14304156
1790556221,7122832,14304156
1790556223,8290020,14304156
1790556225,8309916,14304156
1790556227,8302440,14304156
1790556229,7771632,14304156
1790556231,8174404,14304156
1790556233,8168144,14304156
1790556235,8209564,14304156
1790556237,8295692,14304156
1790556239,7116512,14304156
1790556241,8223996,14304156
1790556243,8179236,14304156
1790556245,8259292,14304156
1790556247,6562112,14304156
1790556249,7660804,14304156
1790556251,6597760,14304156
1790556253,7779000,14304156
1790556255,6977708,14304156
1790556257,6720596,14304156
1790556259,7952300,14304156
1790556261,8150392,14304156
1790556263,8244452,14304156
1790556265,6843388,14304156
1790556267,7031348,14304156
1790556269,8220156,14304156
1790556271,8271620,14304156
1790556273,8344012,14304156
1790556275,7031368,14304156
1790556277,7140024,14304156
1790556279,8306176,14304156
1790556281,8338744,14304156
1790556283,8372480,14304156
1790556285,8092596,14304156
1790556287,8228432,14304156
1790556289,8229120,14304156
1790556291,8329940,14304156
1790556293,6795320,14304156
1790556295,7928324,14304156
1790556297,6528192,14304156
1790556299,7766196,14304156
1790556301,7935480,14304156
1790556303,8046680,14304156
1790556305,8076724,14304156
1790556307,8092364,14304156
1790556309,8103120,14304156
1790556311,7030368,14304156
1790556313,6929076,14304156
1790556315,8208792,14304156
1790556317,8206512,14304156
1790556319,8237112,14304156
1790556321,6953292,14304156
1790556323,6937164,14304156
1790556325,8155028,14304156
1790556327,8166520,14304156
1790556329,8190916,14304156
1790556331,7199300,14304156
1790556333,7100204,14304156
1790556335,8140212,14304156
1790556337,8207740,14304156
1790556339,7239088,14304156
1790556341,6626040,14304156
1790556343,6634784,14304156
1790556345,7822788,14304156
1790556347,7832976,14304156
1790556349,7495740,14304156
1790556351,8041756,14304156
1790556353,8131192,14304156
1790556355,8239612,14304156
1790556357,8299372,14304156
1790556359,7171536,14304156
1790556361,8272384,14304156
1790556363,8185068,14304156
1790556365,8253752,14304156
1790556367,7120132,14304156
1790556369,6891572,14304156
1790556371,8267456,14304156
1790556373,8276856,14304156
1790556375,8303224,14304156
1790556377,6821720,14304156
1790556379,7018928,14304156
1790556381,8192996,14304156
1790556383,8205228,14304156
1790556385,8285116,14304156
1790556387,6662068,14304156
1790556389,6478428,14304156
1790556391,7640660,14304156
1790556393,7801960,14304156
1790556395,6671016,14304156
1790556397,6649264,14304156
1790556399,8101860,14304156
1790556401,8125936,14304156
1790556403,8220172,14304156
1790556405,7780884,14304156
1790556407,8191660,14304156
1790556409,8218412,14304156
1790556411,8276220,14304156
1790556413,8280328,14304156
1790556415,7102764,14304156
1790556417,8202148,14304156
1790556419,8198472,14304156
1790556421,8169092,14304156
1790556423,6906280,14304156
1790556425,6880980,14304156
1790556427,8166740,14304156
1790556429,8168224,14304156
1790556431,8208804,14304156
1790556433,6589520,14304156
1790556435,6480680,14304156
1790556437,7827544,14304156
1790556439,7843916,14304156
1790556441,6841772,14304156
1790556443,6637464,14304156
1790556445,8196160,14304156
1790556447,8255712,14304156
1790556449,8254280,14304156
1790556451,7600672,14304156
1790556453,7193428,14304156
1790556455,8232036,14304156
1790556457,8271844,14304156
1790556459,8298528,14304156
1790556461,8319068,14304156
1790556463,8286240,14304156
1790556465,8288760,14304156
1790556467,8302344,14304156
1790556469,7167412,14304156
1790556471,7101280,14304156
1790556473,8243536,14304156
1790556475,8243060,14304156
1790556477,8372024,14304156
1790556479,6714112,14304156
1790556481,6482028,14304156
1790556483,6637000,14304156
1790556485,7830380,14304156
1790556487,7030144,14304156
1790556489,6482128,14304156
1790556491,7940312,14304156
1790556493,8063792,14304156
1790556495,8188288,14304156
1790556497,6884936,14304156
1790556499,7065844,14304156
1790556501,8182224,14304156
1790556503,8189824,14304156
1790556505,8226316,14304156
1790556507,7613252,14304156
1790556509,8162332,14304156
1790556511,8194460,14304156
1790556513,8224168,14304156
1790556515,8309848,14304156
1790556517,7092488,14304156
1790556519,8145248,14304156
1790556521,8187488,14304156
1790556523,8235496,14304156
1790556525,7250472,14304156
1790556527,7678012,14304156
1790556529,6797964,14304156
1790556531,7852000,14304156
1790556533,7076012,14304156
1790556535,7130540,14304156
1790556537,8158420,14304156
1790556539,8175840,14304156
1790556541,8287384,14304156
1790556543,6823756,14304156
1790556545,7015032,14304156
1790556547,8276852,14304156
1790556549,8275784,14304156
1790556551,8288016,14304156
1790556553,6878300,14304156
1790556555,7106948,14304156
1790556557,8191648,14304156
1790556559,8239944,14304156
1790556561,8264012,14304156
1790556563,7758212,14304156
1790556565,8155496,14304156
1790556567,8203128,14304156
1790556569,8256216,14304156
1790556571,7319688,14304156
1790556573,7426636,14304156
1790556575,6718516,14304156
1790556577,7871252,14304156
1790556579,7987444,14304156
1790556581,7836972,14304156
1790556583,8081936,14304156
1790556585,8163600,14304156
1790556587,8236856,14304156
1790556589,7069340,14304156
1790556591,7100156,14304156
1790556593,8234076,14304156
1790556595,8244040,14304156
1790556597,8241588,14304156
1790556599,6869692,14304156
1790556601,6855944,14304156
1790556603,8107108,14304156
1790556605,8152000,14304156
1790556607,8243512,14304156
1790556609,6846592,14304156
1790556611,7048108,14304156
1790556613,8138456,14304156
1790556615,8171692,14304156
1790556617,7316352,14304156
1790556619,6617020,14304156
1790556621,6471428,14304156
1790556623,7754456,14304156
1790556625,7796136,14304156
1790556627,6812200,14304156
1790556629,6629488,14304156
1790556631,8151520,14304156
1790556633,8233336,14304156
1790556635,8324952,14304156
1790556637,8093312,14304156
1790556639,8356036,14304156
1790556641,8343564,14304156
1790556643,8359688,14304156
1790556645,7148332,14304156
1790556647,7182224,14304156
1790556649,8263676,14304156
1790556651,8282120,14304156
1790556653,8306144,14304156
1790556655,6961104,14304160
1790556657,6957648,14304160
1790556659,8153168,14304160
1790556661,8171432,14304160
1790556663,8269628,14304160
1790556665,6614500,14304160
1790556667,6432108,14304160
1790556669,7686028,14304160
1790556671,7737308,14304160
1790556673,6744812,14304160
1790556675,6499312,14304160
1790556677,7972404,14304160
1790556679,8088640,14304160
1790556681,8158240,14304160
1790556683,7496320,14304160
1790556685,6985496,14304160
1790556687,8170912,14304160
1790556689,8216192,14304160
1790556691,8305684,14304160
1790556693,8087904,14304160
1790556695,8177024,14304160
1790556697,8210312,14304160
1790556699,8239064,14304160
1790556701,7089768,14304160
1790556703,7097552,14304160
1790556705,8204796,14304160
1790556707,8205276,14304160
1790556709,8249080,14304160
1790556711,6626332,14304160
1790556713,6989052,14304160
1790556715,6595276,14304160
1790556717,7833832,14304160
1790556719,7108232,14304160
1790556721,6623980,14304160
1790556724,8054948,14304160
1790556726,8123016,14304160
1790556728,8373304,14304160
1790556730,6885160,14304160
1790556732,7098316,14304160
1790556734,8253568,14304160
1790556736,8327768,14304160
1790556738,8333936,14304160
1790556740,7687040,14304160
1790556742,7126544,14304160
1790556744,8237720,14304160
1790556746,8289748,14304160
1790556748,8373048,14304160
1790556750,8098500,14304160
1790556752,8237364,14304160
1790556754,8276384,14304160
1790556756,8328244,14304160
1790556758,6707252,14304160
1790556760,7856632,14304160
1790556762,6573140,14304160
1790556764,7815364,14304160
1790556766,8007732,14304160
1790556768,7082552,14304160
1790556770,7912344,14304160
1790556772,8137080,14304160
1790556774,8215272,14304160
1790556776,6880040,14304160
1790556778,6913428,14304160
1790556780,8300760,14304160
1790556782,8162496,14304160
1790556784,8173804,14304160
1790556786,6832380,14304160
1790556788,6946280,14304160
1790556790,8117456,14304160
1790556792,8192628,14304160
1790556794,8280664,14304160
1790556796,7592184,14304160
1790556798,7010332,14304160
1790556800,8188076,14304160
1790556802,8193292,14304160
1790556804,7111116,14304160
1790556806,6572768,14304160
1790556808,6495244,14304160
1790556810,7767492,14304160
1790556812,7862752,14304160
1790556814,7777164,14304160
1790556816,8216476,14304160
1790556818,8260252,14304160
1790556820,8279564,14304160
1790556822,8301788,14304160
1790556824,7168712,14304160
1790556826,8318720,14304160
1790556828,8335512,14304160
1790556830,8342680,14304160
1790556832,7169700,14304160
1790556834,6948884,14304160
1790556836,8247508,14304160
1790556838,8294716,14304160
1790556840,8426776,14304160
1790556842,6975860,14304160
1790556844,7021332,14304160
1790556846,8255788,14304160
1790556848,8279216,14304160
1790556850,8286056,14304160
1790556852,6673336,14304160
1790556854,6462100,14304160
1790556856,7766048,14304160
1790556858,7792840,14304160
1790556860,6765040,14304160
1790556862,6794704,14304160
1790556864,8077216,14304160
1790556866,8103100,14304160
1790556868,8170948,14304160
1790556870,8079468,14304160
1790556872,8193244,14304160
1790556874,8205828,14304160
1790556876,8278712,14304160
1790556878,7884288,14304160
1790556880,7116152,14304160
1790556882,8168296,14304160
1790556884,8206296,14304160
1790556886,8213464,14304160
1790556888,7091612,14304160
1790556890,6947296,14304160
1790556892,8237084,14304160
1790556894,8265028,14304160
1790556896,8268168,14304160
1790556898,6639140,14304160
1790556900,6683596,14304160
1790556902,7050972,14304160
1790556904,7831076,14304160
1790556906,6777472,14304160
1790556908,6582468,14304160
1790556910,8090680,14304160
1790556912,8162336,14304160
1790556914,8211904,14304160
1790556916,7309984,14304160
1790556918,7139420,14304160
1790556920,8309504,14304160
1790556922,8308312,14304160
1790556924,8308804,14304160
1790556926,8184784,14304160
1790556928,8173928,14304160
1790556930,8191044,14304160
1790556932,8342912,14304160
1790556934,7193132,14304160
1790556936,7201064,14304160
1790556938,8319860,14304160
1790556940,8315952,14304160
1790556942,8311084,14304160
1790556944,6694464,14304160
1790556946,6568080,14304160
1790556948,6528632,14304160
1790556950,7730900,14304160
1790556952,7041396,14304160
1790556954,6629760,14304160
1790556956,8101532,14304160
1790556958,8155144,14304160
1790556960,8247156,14304160
1790556962,6617916,14304160
1790556964,7025612,14304160
1790556966,8151760,14304160
1790556968,8136632,14304160
1790556970,8138744,14304160
1790556972,7479820,14304160
1790556974,7027780,14304160
1790556976,8156268,14304160
1790556978,8156148,14304160
1790556980,8170688,14304160
1790556982,8220812,14304160
1790556984,8147316,14304160
1790556986,8143868,14304160
1790556988,8155972,14304160
1790556990,6567604,14304160
1790556992,7762412,14304160
1790556994,6574388,14304160
1790556996,7861232,14304160
1790556998,7895164,14304160
1790557000,7155452,14304160
1790557002,8195296,14304160
1790557004,8236516,14304160
1790557006,8321672,14304160
1790557008,6968044,14304160
1790557010,7031648,14304160
1790557012,8279084,14304160
1790557014,8344220,14304160
1790557016,8346024,14304160
1790557018,7030288,14304160
1790557020,7151848,14304160
1790557022,8223800,14304160
1790557024,8258468,14304160
1790557026,8317204,14304160
1790557028,7558728,14304160
1790557030,7131500,14304160
1790557032,8312612,14304160
1790557034,8309304,14304160
1790557036,7050676,14304160
1790557038,6680528,14304160
1790557040,6505076,14305916
1790557042,7743004,14305916
1790557044,7783172,14305916
1790557046,7803524,14305916
1790557048,7985476,14305916
1790557050,8012384,14305916
1790557052,8185688,14305916
1790557054,7861900,14305916
1790557056,7102476,14305916
1790557058,8145460,14305916
1790557060,8249044,14305916
1790557062,8239160,14305916
1790557064,6923548,14305916
1790557066,6930060,14305916
1790557068,8167184,14305916
1790557070,8250908,14305916
1790557072,8262776,14305916
1790557074,6805300,14305916
1790557076,7107960,14305916
1790557078,8148564,14305916
1790557080,8233828,14305916
1790557082,6806364,14305916
1790557084,6564768,14305916
1790557086,6525476,14305916
1790557088,7755276,14305916
1790557090,7763352,14305916
1790557092,7095608,14305916
1790557094,6779512,14305916
1790557096,8037004,14305916
1790557098,8108884,14305916
1790557100,8251720,14305916
1790557102,8166368,14305916
1790557104,8223616,14305916
1790557106,8253956,14305916
1790557108,8258512,14305916
1790557110,7119756,14305916
1790557112,7068088,14305916
1790557114,8326604,14305916
1790557116,8325988,14305916
1790557118,8336776,14305916
1790557120,7048948,14305916
1790557122,6924492,14305916
1790557124,8210332,14305916
1790557126,8279776,14305916
1790557128,8364672,14305916
1790557130,6696376,14305916
1790557132,6491200,14305916
1790557134,7805204,14305916
1790557136,7802228,14305916
1790557138,6641920,14305916
1790557140,6642116,14305920
1790557142,8048580,14305920
1790557144,8078276,14305920
1790557146,8180860,14305920
1790557148,7532532,14305920
1790557150,8251684,14305920
1790557152,8257456,14305920
1790557154,8263584,14305920
1790557156,8252020,14305920
1790557158,7045920,14305920
1790557160,8031524,14305920
1790557162,8084488,14305920
1790557164,8154116,14305920
1790557166,7003920,14305920
1790557168,6839764,14305920
1790557170,8119864,14305920
1790557172,8179576,14305920
1790557174,8212112,14305920
1790557176,6618360,14305920
1790557178,6559536,14305920
1790557180,6917160,14305920
1790557182,7834756,14305920
1790557184,6970676,14305920
1790557186,6585132,14305920
1790557188,7933204,14305920
1790557190,8204760,14305920
1790557192,8304804,14305920
1790557194,6971264,14305920
1790557196,7129552,14305920
1790557198,8290004,14305920
1790557200,8367688,14305920
1790557202,8286680,14305920
1790557204,7821936,14305920
1790557206,8196476,14305920
1790557208,8194964,14305920
1790557210,8241636,14305920
1790557212,8315028,14305920
1790557214,7134748,14305920
1790557216,8207748,14305920
1790557218,8236568,14305920
1790557220,8266780,14305920
1790557222,6926436,14305920
1790557224,7692776,14305920
1790557226,6832304,14305920
1790557228,7702172,14305920
1790557230,6964868,14305920
1790557232,7058516,14305920
1790557234,8137600,14305920
1790557236,8159604,14305920
1790557238,8198724,14305920
1790557240,6794048,14305920
1790557242,6997400,14305920
1790557244,8233128,14305920
1790557246,8234300,14305920
1790557248,8281084,14305920
1790557250,6969688,14305920
1790557252,7091288,14305920
1790557254,8172812,14305920
1790557256,8191340,14305920
1790557258,8242788,14305920
1790557260,7964384,14305920
1790557262,8154704,14305920
1790557264,8152940,14305920
1790557266,8160472,14305920
1790557268,6805900,14305920
1790557270,7707392,14305920
1790557272,6744900,14305920
1790557274,7695608,14305920
1790557276,7905012,14305920
1790557278,7024936,14305920
1790557280,7989376,14305920
1790557282,8137804,14305920
1790557284,8179792,14305920
1790557286,7090764,14305920
1790557288,6889672,14305920
1790557290,8184840,14305920
1790557292,8284872,14305920
1790557294,8348596,14305920
1790557296,7093140,14305920
1790557298,7075820,14305920
1790557300,8283036,14305920
1790557302,8258640,14305920
1790557304,8375192,14305920
1790557306,7416308,14305920
1790557308,7190976,14305920
1790557310,8287640,14305920
1790557312,8281968,14305920
1790557314,7081376,14305920
1790557316,6839240,14305920
1790557318,6543128,14305920
1790557320,7854452,14305920
1790557322,7798504,14305920
1790557324,7281536,14305920
1790557326,8018832,14305920
1790557328,8011572,14305920
1790557330,8144432,14305920
1790557332,8162592,14305920
1790557334,7029028,14305920
1790557336,8156680,14305920
1790557338,8157756,14305920
1790557340,8192000,14305920
1790557342,7030900,14305920
1790557344,6989792,14305920
1790557346,8119888,14305920
1790557348,8137772,14305920
1790557350,8170680,14305920
1790557352,7029160,14305920
1790557354,6971900,14305920
1790557356,8215536,14305920
1790557358,8305392,14305920
1790557360,8305620,14305920
1790557362,6632656,14305920
1790557364,6640100,14305920
1790557366,7855616,14305920
1790557368,7901116,14305920
1790557370,6681576,14305920
1790557372,6950552,14305920
1790557374,8184936,14305920
1790557376,8281288,14305920
1790557378,8372916,14305920
1790557380,7760840,14305920
1790557382,7113464,14305920
1790557384,8232644,14305920
1790557386,8239344,14305920
1790557388,8286428,14305920
1790557390,7128032,14305920
1790557392,8244928,14305920
1790557394,8251396,14305920
1790557396,8246956,14305920
1790557398,7120980,14305920
1790557400,6820412,14305920
1790557402,8181612,14305920
1790557404,8235724,14305920
1790557406,8279120,14305920
1790557408,6643596,14305920
1790557410,6461420,14305920
1790557412,6577308,14305920
1790557414,7797964,14305920
1790557416,6975764,14305920
1790557418,6504080,14305920
1790557420,8231956,14305920
1790557422,8285100,14305920
1790557424,8355828,14305920
1790557426,6994444,14305920
1790557428,7166836,14305920
1790557430,8387644,14305920
1790557433,8379020,14305920
1790557435,8418364,14305920
1790557437,7826884,14305920
1790557439,8270960,14305920
1790557441,8223096,14305920
1790557443,8134996,14305920
1790557445,8244436,14305920
1790557447,7041220,14305920
1790557449,8144140,14305920
1790557451,8144916,14305920
1790557453,8195884,14305920
1790557455,6554856,14305920
1790557457,7703340,14305920
1790557459,6516096,14305920
1790557461,7772380,14305920
1790557463,7044240,14305920
1790557465,7046452,14305920
1790557467,8047428,14305920
1790557469,8142808,14305920
1790557471,8252312,14305920
1790557473,7079808,14305920
1790557475,7072628,14305920
1790557477,8238180,14305920
1790557479,8268684,14305920
1790557481,8273192,14305940
1790557483,6967992,14305940
1790557485,7160848,14305940
1790557487,8289072,14305940
1790557489,8305500,14305940
1790557491,8309028,14305940
1790557493,8101072,14305940
1790557495,8230144,14305940
1790557497,8257004,14305940
1790557499,8284760,14305940
1790557501,6897476,14305940
1790557503,7734644,14305940
1790557505,6565792,14305940
1790557507,7799860,14305940
1790557509,7836384,14305940
1790557511,7465876,14305940
1790557513,7794928,14305940
1790557515,8030548,14305940
1790557517,8155812,14305940
1790557519,7067804,14305940
1790557521,6941852,14305940
1790557523,8195672,14305940
1790557525,8187800,14305940
1790557527,8226920,14305940
1790557529,6856076,14305940
1790557531,7010592,14305940
1790557533,8139656,14305940
1790557535,8137648,14305940
1790557537,8239204,14305940
1790557539,7557544,14305940
1790557541,7078420,14305940
1790557543,8196468,14305940
1790557545,8207124,14305940
1790557547,7223092,14305940
1790557549,6614336,14305940
1790557551,6603416,14305940
1790557553,7836876,14305940
1790557555,7881992,14305940
1790557557,7537144,14305940
1790557559,8129880,14305940
1790557561,8241476,14305940
1790557563,8200720,14305940
1790557565,8225028,14305940
1790557567,7105092,14305940
1790557569,8336876,14305940
1790557571,8314988,14305940
1790557573,8317020,14305940
1790557575,7082384,14305940
1790557577,6878236,14305940
1790557579,8195108,14305940
1790557581,8190592,14305940
1790557583,8227236,14305940
1790557585,6908192,14305940
1790557587,7026596,14305940
1790557589,8133308,14305940
1790557591,8258820,14305940
1790557593,8404316,14305940
1790557595,6695720,14305940
1790557597,6519344,14305940
1790557599,7780156,14305940
1790557601,7782368,14305940
1790557603,6741768,14305940
1790557605,6675132,14305940
1790557607,8008108,14305940
1790557609,8050752,14305940
1790557611,8266676,14305940
1790557613,8025088,14305940
1790557615,8216232,14305940
1790557617,8250156,14305940
1790557619,8258596,14305940
1790557621,7156020,14305940
1790557623,7069596,14305940
1790557625,8144232,14305940
1790557627,8142128,14305940
1790557629,8166232,14305940
1790557631,6927964,14305940
1790557633,6857060,14305940
1790557635,8142872,14305940
1790557637,8187604,14305940
1790557639,8182076,14305940
1790557641,6598276,14305940
1790557643,6513880,14305940
1790557645,7814744,14305940
1790557647,7815724,14305940
1790557649,6920676,14305940
1790557651,6757268,14305940
1790557653,8200840,14305940
1790557655,8203892,14305940
1790557657,8315884,14305940
1790557659,7557100,14305940
1790557661,7104476,14305940
1790557663,8384340,14305940
1790557665,8383388,14305940
1790557667,8369748,14305940
1790557669,7182780,14305940
1790557671,8224004,14305940
1790557673,8225380,14305940
1790557675,8296844,14305940
1790557677,7189312,14305940
1790557679,6921328,14305940
1790557681,8347020,14305940
1790557683,8268916,14305940
1790557685,8284960,14305940
1790557687,6664412,14305940
1790557689,6455820,14305940
1790557691,6531924,14305940
1790557693,7758940,14305940
1790557695,6653156,14305940
1790557697,6659404,14305940
1790557699,8078312,14305940
1790557701,8130688,14305940
1790557703,8283208,14305940
1790557705,6830324,14305940
1790557707,7077428,14305940
1790557709,8137452,14305940
1790557711,8140596,14305940
1790557713,8208584,14305940
1790557715,7753020,14305940
1790557717,8201840,14305940
1790557719,8199608,14305940
1790557721,8281744,14305940
1790557723,8286012,14305940
1790557725,7106660,14305940
1790557727,8201532,14305940
1790557729,8198332,14305940
1790557731,8216608,14305940
1790557733,6647212,14305940
1790557735,7700932,14305940
1790557737,6597396,14305940
1790557739,7901344,14305940
1790557741,7154640,14305940
1790557743,7100232,14305940
1790557745,7971376,14305940
1790557747,8148036,14305940
1790557749,8248996,14305940
1790557751,6734804,14305940
1790557753,7011492,14305940
1790557755,8193020,14305940
1790557757,8238240,14305940
1790557759,8253104,14305940
1790557761,7230604,14305940
1790557763,7028200,14305940
1790557765,8247820,14305940
1790557767,8304816,14305940
1790557769,8315772,14305940
1790557771,8090272,14305940
1790557773,8257044,14305940
1790557775,8256720,14305940
1790557777,8255356,14305940
1790557779,6689924,14305940
1790557781,7851544,14305940
1790557783,6515560,14305940
1790557785,7743388,14305940
1790557787,7798228,14305940
1790557789,7078152,14305940
1790557791,8072320,14305940
1790557793,8093040,14305940
1790557795,8196904,14305940
1790557797,7089500,14305940
1790557799,6891480,14305940
1790557801,8241392,14305940
1790557803,8234076,14305940
1790557805,8270424,14305940
1790557807,6967624,14305940
1790557809,6948568,14305940
1790557811,8136932,14305940
1790557813,8177652,14305940
1790557815,8193944,14305940
1790557817,7314000,14305940
1790557819,7044548,14305940
1790557821,8076892,14305940
1790557823,8104244,14305940
1790557825,7119676,14305940
1790557827,6553060,14305940
1790557829,6607680,14305940
1790557831,7830780,14305940
1790557833,7866556,14305940
1790557835,7361716,14305940
1790557837,7996752,14305940
1790557839,8134044,14305940
1790557841,8203812,14305940
1790557843,8302784,14305940
1790557845,7185232,14305940
1790557847,8325464,14305940
1790557849,8320676,14305940
1790557851,8335124,14305940
1790557853,7165996,14305940
1790557855,7012220,14305940
1790557857,8287784,14305940
1790557859,8282808,14305940
1790557861,8217716,14305940
1790557863,6989360,14305940
1790557865,7006572,14305940
1790557867,8200924,14305940
1790557869,8200696,14305940
1790557871,8285104,14305940
1790557873,6654152,14305940
1790557875,6436408,14305940
1790557877,7720080,14305940
1790557879,7754884,14305940
1790557881,6743372,14305940
1790557883,6593464,14305940
1790557885,8116588,14305940
1790557887,8096152,14305940
1790557889,8141908,14305940
1790557891,7928876,14305940
1790557893,8244088,14305940
1790557895,8251252,14305940
1790557897,8247784,14305940
1790557899,8279988,14305940
1790557901,7122008,14305940
1790557903,8153032,14305940
1790557905,8244652,14305940
1790557907,8245388,14305940
1790557909,7063648,14305940
1790557911,6930072,14305940
1790557913,8245384,14305940
1790557915,8237636,14305940
1790557917,8245060,14305940
1790557919,7048208,14305940
1790557921,6704932,14305940
1790557923,7785240,14305940
1790557925,7829796,14305940
1790557927,6757156,14305940
1790557929,6623388,14305940
1790557931,8093568,14305940
1790557933,8235668,14305940
1790557935,8324568,14305940
1790557937,7246036,14305940
1790557939,7158900,14305940
1790557941,8270060,14305940
1790557943,8312960,14305940
1790557945,8333500,14305940
1790557947,8163572,14305940
1790557949,8228432,14305940
1790557951,8309984,14305940
1790557953,8333708,14305940
1790557955,7182408,14305940
1790557957,7202680,14305940
1790557959,8307340,14305940
1790557961,8311184,14305940
1790557963,8299820,14305940
1790557965,7101928,14305940
1790557967,6532548,14305940
1790557969,6703152,14305940
1790557971,7787488,14305940
1790557973,7063116,14305940
1790557975,6460008,14305940
1790557977,8062408,14305940
1790557979,8139664,14305940
1790557981,8122924,14305940
1790557983,6772680,14305940
1790557985,6943460,14305940
1790557987,8198584,14305940
1790557989,8219204,14305940
1790557991,8218924,14305940
1790557993,7476632,14305940
1790557995,7077852,14305940
1790557997,8115292,14305940
1790557999,8149884,14305940
1790558001,8270572,14305940
1790558003,7058064,14305940
1790558005,8154444,14305940
1790558007,8149124,14305940
1790558009,8218480,14305940
1790558011,6861320,14305940
1790558013,7705348,14305940
1790558015,6709068,14305940
1790558017,7838696,14305940
1790558019,7948744,14305940
1790558021,7150024,14305940
1790558023,8145800,14305940
1790558025,8210592,14305940
1790558027,8327356,14305940
1790558029,6883592,14305940
1790558031,7089736,14305940
1790558033,8382224,14305940
1790558035,8381236,14305940
1790558037,8398620,14305940
1790558039,7047632,14305940
1790558041,7154684,14305940
1790558043,8227708,14305940
1790558045,8327200,14305940
1790558047,8342036,14305940
1790558049,7982748,14305940
1790558051,8169208,14305940
1790558053,8250008,14305940
1790558055,8286672,14305940
1790558057,6797032,14305940
1790558059,7933400,14305940
1790558061,6538120,14305940
1790558063,7801004,14305940
1790558065,7850408,14305940
1790558067,7031928,14305940
1790558069,8015120,14305940
1790558071,8182520,14305940
1790558073,8220704,14305940
1790558075,7103484,14305940
1790558077,6940000,14305940
1790558079,8253728,14305940
1790558081,8240592,14305940
1790558083,8236796,14305940
1790558085,6995400,14305940
1790558087,7045472,14305940
1790558089,8232148,14305940
1790558091,8233204,14305940
1790558093,8263332,14305940
1790558095,7637208,14305940
1790558097,7129656,14305940
1790558099,8218128,14305940
1790558101,8148288,14305940
1790558103,6897136,14305940
1790558105,6588792,14305940
1790558107,6533964,14305940
1790558109,7790588,14305940
1790558111,7830536,14305940
1790558113,7685880,14305940
1790558115,8113172,14305940
1790558117,8219648,14305940
1790558119,8219680,14305940
1790558121,8274564,14305940
1790558123,7121304,14305940
1790558125,8267452,14305940
1790558127,8322944,14305940
1790558129,8325336,14305940
1790558131,7086504,14305940
1790558133,6949748,14305940
1790558135,8208452,14305940
1790558137,8239132,14305940
1790558140,8325408,14305940
1790558142,6994520,14305940
1790558144,7066680,14305940
1790558146,8237656,14305940
1790558148,8253032,14305940
1790558150,6789824,14305940
1790558152,6687288,14305940
1790558154,6509756,14305940
1790558156,7763248,14305940
1790558158,7818824,14305940
1790558160,7370492,14305940
1790558162,6556888,14305940
1790558164,8024784,14305940
1790558166,8112140,14305940
1790558168,8198000,14305940
1790558170,8125128,14305940
1790558172,8266612,14305940
1790558174,8268856,14305940
1790558176,8275928,14305940
1790558178,7048056,14305940
1790558180,6842024,14305940
1790558182,8175996,14305940
1790558184,8197352,14305940
1790558186,8197912,14305940
1790558188,6870592,14305940
1790558190,6948616,14305940
1790558192,8173784,14305940
1790558194,8264840,14305940
1790558196,8336092,14305940
1790558198,6622044,14305940
1790558200,6597720,14305940
1790558202,7843308,14305940
1790558204,7866080,14305940
1790558206,6856840,14305940
1790558208,6827072,14305940
1790558210,8167272,14305940
1790558212,8233848,14305940
1790558214,8289548,14305940
1790558216,8009456,14305940
1790558218,8235040,14305940
1790558220,8378400,14305940
1790558222,8253576,14305940
1790558224,8274484,14305940
1790558226,7121464,14305940
1790558228,8229076,14305940
1790558230,8224328,14305940
1790558232,8265380,14305940
1790558234,6893584,14305940
1790558236,6867316,14305940
1790558238,8183392,14305940
1790558240,8238152,14305940
1790558242,8241284,14305940
1790558244,6663200,14305940
1790558246,6450448,14305940
1790558248,7747256,14305940
1790558250,7765700,14305940
1790558252,6943064,14305940
1790558254,6596720,14305940
1790558256,8111464,14305940
1790558258,8184840,14305940
1790558260,8228368,14305940
1790558262,7576752,14305940
1790558264,6973352,14305940
1790558266,8207492,14305940
1790558268,8235844,14305940
1790558270,8284016,14305940
1790558272,8230456,14305940
1790558274,8199036,14305940
1790558276,8240372,14305940
1790558278,8248408,14305940
1790558280,7169996,14305940
1790558282,6999344,14305940
1790558284,8168816,14305940
1790558286,8177288,14305940
1790558288,8209340,14305940
1790558290,6604404,14305940
1790558292,6607236,14305940
1790558294,6562644,14305940
1790558296,7807492,14305940
1790558298,6766392,14305940
1790558300,6624960,14305940
1790558302,8161460,14305940
1790558304,8258124,14305940
1790558306,8316716,14305940
1790558308,6971564,14305940
1790558310,7169992,14305940
1790558312,8387636,14305940
1790558314,8366532,14305940
1790558316,8377904,14305940
1790558318,7837236,14305940
1790558320,8224176,14305940
1790558322,8285828,14305940
1790558324,8336816,14305940
1790558326,8371520,14305940
1790558328,7181504,14305940
1790558330,8224808,14305940
1790558332,8282424,14305940
1790558334,5677060,14305940
1790558336,5053864,14305940
1790558338,5377712,14305940
1790558340,6234124,14305940
1790558342,5925936,14305940
1790558344,5964592,14305940
1790558346,5957816,14305940
1790558348,5970624,14305940
1790558350,5928060,14305940
1790558352,5933132,14305940
1790558354,5956252,14305940
1790558356,7337936,14305940
1790558358,7865148,14305940
1790558360,5762148,11648768
1790558362,10611092,11648768
1790558364,8735276,11648772
1790558366,9876324,11648772
1790558368,8924368,11648772
1790558370,9550592,11648772
1790558372,10937656,11693820
1790558374,10597600,11693820
1790558376,9482372,11695868
1790558378,9073384,11695868
1790558380,10317188,11695868
1790558382,10347408,11695868
1790558384,10486180,11695868
1790558386,10206708,11706108
1790558388,10374784,11706108
1790558390,10340972,11706548
1790558392,10364888,11706576
1790558394,9301056,11706576
1790558396,9267648,11706576
1790558398,10299568,11707272
1790558400,10282004,11707272
1790558402,10235972,11707272
1790558404,8942576,11707272
1790558406,8900016,11708904
1790558408,10142948,11708904
1790558410,10233004,11708904
1790558412,10241576,11708904
1790558414,8600260,11708904
1790558416,8351464,11708904
1790558418,9625624,11708904
1790558420,9658068,11708904
1790558422,8493772,11708904
1790558424,8477988,11708904
1790558426,9856164,11717096
1790558428,10045464,11717096
1790558430,10074008,11717096
1790558432,8776192,11717096
1790558434,8919104,11717096
1790558436,10079752,11731420
1790558438,10077824,11731420
1790558440,10128552,11731420
1790558442,9770660,11731428
1790558444,9932836,11731428
1790558446,9944512,11731428
1790558448,10127104,11731428
1790558450,10177972,11731428
1790558452,8961604,11731428
1790558454,10030756,11731428
1790558456,10023664,11731428
1790558458,10088612,11731428
1790558460,8539692,11731428
1790558462,9546676,11731428
1790558464,8372888,11731428
1790558466,9594988,11731428
1790558468,9633652,11737572
1790558470,8863812,11737572
1790558472,9962704,11737572
1790558474,10009220,11737588
1790558476,10064864,11737588
1790558478,8762984,11737588
1790558480,8727408,11737588
1790558482,9951944,11737588
1790558484,10002456,11737588
1790558486,10074800,11737588
1790558488,8682316,11741912
1790558490,8829928,11741912
1790558492,9968776,11741948
1790558494,10098812,11741948
1790558496,10175108,11741948
1790558498,9477724,11741948
1790558500,10046448,11741948
1790558502,10079508,11741948
1790558504,10098704,11741948
1790558506,8930728,11741948
1790558508,8783068,11741948
1790558510,8441324,11741948
1790558512,9661124,11741948
1790558514,9794872,11741956
1790558516,9750824,11741956
1790558518,9986852,11741956
1790558520,10040032,11741956
1790558522,9948600,11741956
1790558524,8881252,11741956
1790558526,8909076,11741956
1790558528,9902968,11741956
1790558530,9942928,11741956
1790558532,10020764,11741956
1790558534,8681968,11741956
1790558536,8715176,11741956
1790558538,9919448,11741956
1790558540,9963136,11741956
1790558542,10010896,11741968
1790558544,8688924,11741968
1790558546,8826392,11741968
1790558548,9991640,11741968
1790558550,10048304,11741968
1790558552,8886904,11741968
1790558554,8495204,11741968
1790558556,8401016,11741968
1790558558,9670512,11741968
1790558560,9663336,11741968
1790558562,8597080,11741968
1790558564,8532564,11741968
1790558566,9980364,11741968
1790558568,10073024,11741968
1790558570,10115132,11741968
1790558572,9858524,11741968
1790558574,10065480,11741968
1790558576,10070044,11741968
1790558578,10063304,11742000
1790558580,10205516,11742000
1790558582,8897384,11742000
1790558584,9916296,11742000
1790558586,9920904,11742000
1790558588,10087220,11742000
1790558590,8661596,11742000
1790558592,8748836,11742000
1790558594,9977896,11742016
1790558596,10024704,11742016
1790558598,10124188,11742016
1790558600,8449500,11742016
1790558602,8336944,11742016
1790558604,8857104,11742016
1790558606,9653116,11742016
1790558608,8490916,11742016
1790558610,8486276,11742036
1790558612,9955536,11742036
1790558614,9987288,11742036
1790558616,10024168,11742036
1790558618,8824320,11742036
1790558620,8886120,11742036
1790558622,9963448,11742036
1790558624,10041156,11742036
1790558626,10169096,11742036
1790558628,9912740,11742036
1790558630,9978860,11742036
1790558632,9969104,11742036
1790558634,10066480,11742036
1790558636,8938724,11742036
1790558638,8936920,11742036
1790558640,10018592,11742036
1790558642,9956736,11742036
1790558644,10065512,11742040
1790558646,8781688,11742040
1790558648,9479628,11742040
1790558650,8720372,11742040
1790558652,9616540,11742040
1790558654,8876608,11742040
1790558656,8196892,11742040
1790558658,9918860,11742040
1790558660,9945528,11742040
1790558662,9951312,11742040
1790558664,8712224,11742040
1790558666,8800480,11742040
1790558668,9976744,11742040
1790558670,10002660,11742040
1790558672,10106592,11742040
1790558674,9288484,11742040
1790558676,8901232,11742040
1790558678,9936248,11742040
1790558680,10076196,11742040
1790558682,10175300,11742040
1790558684,10118224,11742040
1790558686,10021104,11742040
1790558688,10020096,11742040
1790558690,10057144,11742040
1790558692,8790972,11742040
1790558694,9613516,11742040
1790558696,8649636,11742040
1790558698,9664752,11742040
1790558700,10011332,11742040
1790558702,8845708,11742040
1790558704,9936512,11742040
1790558706,9987880,11742040
1790558708,9972768,11742040
1790558710,8856076,11742044
1790558712,8708436,11742044
1790558714,9906360,11742044
1790558716,9945432,11742044
1790558718,10026024,11742044
1790558720,8814220,11742044
1790558722,8796928,11742044
1790558724,9966276,11742044
1790558726,9977748,11742044
1790558728,10028280,11742044
1790558730,9249936,11742044
1790558732,8881456,11742044
1790558734,10010288,11742044
1790558736,10039824,11742044
1790558738,9077580,11742044
1790558740,8445576,11742044
1790558742,8517804,11742044
1790558744,9571832,11742044
1790558746,9741276,11742044
1790558748,9418940,11742044
1790558750,9808868,11742044
1790558752,9930756,11742044
1790558754,10018232,11742044
1790558756,10083760,11742044
1790558758,8926928,11742044
1790558760,10086320,11742044
1790558762,9966956,11742044
1790558764,10023196,11742044
1790558766,8552060,11742044
1790558768,8687724,11742044
1790558770,9823080,11742044
1790558772,9924176,11742044
1790558774,10161452,11742044
1790558776,8666520,11742044
1790558778,8809508,11742044
1790558780,9946372,11742044
1790558782,9953984,11742044
1790558784,9179184,11742044
1790558786,8389220,11742044
1790558788,8312956,11742044
1790558790,9534816,11742044
1790558792,9643208,11742044
1790558794,8700700,11742044
1790558796,8578856,11742060
1790558798,9920760,11742060
1790558800,10028340,11742060
1790558802,10042244,11742060
1790558804,9871076,11742060
1790558806,10016016,11742060
1790558808,10055128,11742060
1790558810,10057524,11742060
1790558812,8873952,11742060
1790558814,8894764,11742060
1790558816,9967020,11742060
1790558818,9968580,11742060
1790558820,10113228,11742060
1790558822,8708944,11742064
1790558824,8610416,11742064
1790558826,9846564,11742088
1790558828,9895092,11742088
1790558830,10040908,11742088
1790558832,8399104,11742088
1790558834,8278416,11742088
1790558836,9577080,11742088
1790558838,9580364,11742088
1790558840,8525396,11742088
1790558842,8562192,11742088
1790558844,9789388,11742088
1790558846,9903424,11742088
1790558848,9950016,11742104
1790558851,9384884,11742104
1790558853,9958632,11742104
1790558855,9966660,11742104
1790558857,10020432,11742104
1790558859,10108832,11742104
1790558861,8916664,11742104
1790558863,10012516,11742104
1790558865,9989868,11742104
1790558867,10048032,11742104
1790558869,8907552,11742104
1790558871,8707424,11742104
1790558873,9939324,11742104
1790558875,9967812,11742104
1790558877,10061636,11742104
1790558879,8469024,11742104
1790558881,8438552,11742104
1790558883,8325920,11742104
1790558885,9527188,11742104
1790558887,8807620,11742104
1790558889,8531456,11742104
1790558891,9876180,11742104
1790558893,9910580,11742104
1790558895,9905968,11742104
1790558897,8592088,11742104
1790558899,8830424,11742120
1790558901,9986836,11742120
1790558903,10036480,11742132
1790558905,10075908,11742132
1790558907,9599208,11742132
1790558909,9932184,11742132
1790558911,9928736,11742132
1790558913,10012360,11742132
1790558915,10121688,11742132
1790558917,8919760,11742132
1790558919,10011652,11742132
1790558921,10012040,11742132
1790558923,10047616,11742132
1790558925,8480860,11742132
1790558927,9565732,11742132
1790558929,8387012,11742132
1790558931,9600676,11742132
1790558933,8898108,11742132
1790558935,8654816,11742172
1790558937,9866248,11742172
1790558939,9903424,11742172
1790558941,10009840,11742172
1790558943,8589456,11742172
1790558945,8753892,11742172
1790558947,9877212,11742172
1790558949,9915436,11742172
1790558951,9993932,11742200
1790558953,8584860,11742200
1790558955,8791616,11742200
1790558957,9967444,11742200
1790558959,9987716,11742200
1790558961,10044944,11742200
1790558963,9877200,11742200
1790558965,9834568,11742672
1790558967,9902132,11742672
1790558969,10021316,11742672
1790558971,8436124,11742672
1790558973,9626076,11742672
1790558975,8412924,11742688
1790558977,9631860,11742688
1790558979,9767212,11742688
1790558981,8889580,11742688
1790558983,9800948,11742688
1790558985,9936824,11742688
1790558987,9957920,11742688
1790558989,8849304,11742728
1790558991,8703092,11742728
1790558993,9952984,11742728
1790558995,9969576,11742728
1790558997,10062096,11742728
1790558999,8582400,11742728
1790559001,8853212,11742728
1790559003,9847916,11742728
1790559005,9949404,11742728
1790559007,9996780,11742728
1790559009,9292472,11742728
1790559011,8756000,11742728
1790559013,9875232,11742728
1790559015,9939880,11742728
1790559017,8929236,11742728
1790559019,8403900,11742976
1790559021,8332436,11742976
1790559023,9586144,11742976
1790559025,9677532,11742976
1790559027,9691536,11742988
1790559029,9830604,11742988
1790559031,9855164,11742988
1790559033,9943032,11742988
1790559035,8873008,11742988
1790559037,8881948,11742988
1790559039,10018924,11742988
1790559041,10036228,11742988
1790559043,10015616,11743172
1790559045,8786132,11743180
1790559047,8600880,11743180
1790559049,9865116,11743184
1790559051,9897896,11743204
1790559053,10024884,11743208
1790559055,8729336,11743208
1790559057,8788876,11743208
1790559059,9945832,11743212
1790559061,10036324,11743212
1790559063,8783584,11743220
1790559065,8389848,11743220
1790559067,8291340,11743220
1790559069,9610580,11743220
1790559071,9658744,11743220
1790559073,9035460,11743240
1790559075,8559220,11743376
1790559077,9831688,11743376
1790559079,9866696,11743376
1790559081,9953028,11743376
1790559083,9945872,11743376
1790559085,9894344,11743376
1790559087,9901944,11743376
1790559089,9950068,11743376
1790559091,8851192,11743392
1790559093,8831336,11743392
1790559095,9976180,11743392
1790559097,9972816,11743392
1790559099,10009792,11743436
1790559101,8769572,11743444
1790559103,8667108,11743448
1790559105,9936292,11743448
1790559107,9944260,11743448
1790559109,10075148,11743448
1790559111,8442704,11743448
1790559113,8332044,11743448
1790559115,9596256,11743448
1790559117,9595472,11743448
1790559119,8693900,11743448
1790559121,8670128,11743448
1790559123,9902780,11743448
1790559125,9912636,11743448
1790559127,9966924,11743448
1790559129,9439816,11743448
1790559131,9898860,11743448
1790559133,9903464,11743448
1790559135,9967716,11743496
1790559137,9986840,11743496
1790559139,8849044,11743496
1790559141,9818164,11743496
1790559143,9906848,11743496
1790559145,10051936,11743496
1790559147,8799928,11743512
1790559149,8669804,11743512
1790559151,9893856,11743512
1790559153,9980020,11743512
1790559155,10055760,11743512
1790559157,8439376,11743512
1790559159,8343700,11743512
1790559161,9603872,11743512
1790559163,9611884,11743512
1790559165,8578364,11743512
1790559167,8351292,11743512
1790559169,9833068,11743512
1790559171,9963184,11743512
1790559173,10002044,11743512
1790559175,9151072,11743512
1790559177,8835592,11743516
1790559179,9996528,11743516
1790559181,10110544,11743532
1790559183,10034104,11743532
1790559185,9982344,11743532
1790559187,9921312,11743532
1790559189,9935056,11743532
1790559191,9985584,11743532
1790559193,8870340,11743532
1790559195,8607384,11743544
1790559197,9866200,11743544
1790559199,9900488,11743544
1790559201,10028956,11743544
1790559203,8404292,11743544
1790559205,8297432,11743544
1790559207,8332584,11743544
1790559209,9581160,11743544
1790559211,8759060,11743544
1790559213,8361724,11743544
1790559215,9877796,11743544
1790559217,9998048,11743544
1790559219,10003172,11743544
1790559221,8748092,11743544
1790559223,8866720,11743544
1790559225,9938448,11743544
1790559227,9950596,11743552
1790559229,10070996,11743552
1790559231,9551576,11743560
1790559233,9990560,11743560
1790559235,9991720,11743560
1790559237,10028116,11743560
1790559239,10040164,11743560
1790559241,8838064,11743560
1790559243,9862064,11743560
1790559245,9867564,11743560
1790559247,9940772,11743576
1790559249,8380980,11743576
1790559251,9488596,11743576
1790559253,8305648,11743576
1790559255,9523872,11743576
1790559257,8787288,11743576
1790559259,8360084,11743576
1790559261,9802736,11743576
1790559263,9878264,11743584
1790559265,9920688,11743584
1790559267,8648948,11743584
1790559269,8675816,11743584
1790559271,9940216,11743584
1790559273,9943128,11743584
1790559275,10050108,11743584
1790559277,9336132,11743584
1790559279,8806460,11743584
1790559281,9881036,11743692
1790559283,9976888,11743708
1790559285,10132004,11743708
1790559287,9836108,11743708
1790559289,9995320,11743708
1790559291,10000812,11743708
1790559293,10031148,11743708
1790559295,8458192,11743708
1790559297,9624040,11743708
1790559299,8343292,11743708
1790559301,9512132,11743708
1790559303,9524636,11743708
1790559305,8799756,11743708
1790559307,9791856,11743708
1790559309,9809968,11743708
1790559311,9881548,11743708
1790559313,8827072,11743708
1790559315,8708376,11743708
1790559317,9851468,11743708
1790559319,9880964,11743708
1790559321,9956228,11743708
1790559323,8680064,11743708
1790559325,8745792,11743708
1790559327,9871700,11743708
1790559329,9884648,11743708
1790559331,10044500,11743708
1790559333,9049544,11743724
1790559335,8840172,11743724
1790559337,9910320,11743724
1790559339,9951620,11743724
1790559341,9042212,11743724
1790559343,8842312,11743736
1790559345,8780196,11743736
1790559347,9592656,11743736
1790559349,9634344,11743808
1790559351,9249324,11743836
1790559353,9963740,11743860
1790559355,9994900,11743860
1790559357,10036840,11743860
1790559359,10146692,11743908
1790559361,9482524,11744208
1790559363,10003688,11744208
1790559365,10009488,11744208
1790559367,10056872,11744208
1790559369,8918872,11744208
1790559371,8812864,11744208
1790559373,9967320,11744208
1790559375,10000584,11744208
1790559377,10173172,11744208
1790559379,8837128,11744208
1790559381,8825824,11744208
1790559383,10081176,11744208
1790559385,10076432,11744208
1790559387,10164564,11744208
1790559389,9001448,11744208
1790559391,8472268,11744208
1790559393,9608528,11744208
1790559395,9621200,11744208
1790559397,8554228,11744208
1790559399,8569548,11744224
1790559401,9956620,11744224
1790559403,10008480,11744224
1790559405,10095284,11744224
1790559407,9479160,11744224
1790559409,8850636,11744224
1790559411,9941012,11744224
1790559413,10044684,11744224
1790559415,10112104,11744256
1790559417,10041668,11744256
1790559419,9979856,11744256
1790559421,9946956,11744256
1790559423,10021656,11744256
1790559425,8848984,11744256
1790559427,8659396,11744256
1790559429,9880832,11744256
1790559431,9876056,11744256
1790559433,10058856,11744256
1790559435,8430320,11744272
1790559437,8326400,11744272
1790559439,8371876,11744272
1790559441,9580088,11744272
1790559443,8493844,11744272
1790559445,8293388,11744272
1790559447,9862420,11744272
1790559449,9951156,11744272
1790559451,10026048,11744272
1790559453,8684560,11744272
1790559455,8835788,11744272
1790559457,9966964,11744272
1790559459,10048984,11744272
1790559461,10096616,11744272
1790559463,9575888,11744272
1790559465,9872280,11744272
1790559467,10028840,11744272
1790559469,10118208,11744272
1790559471,10140556,11744272
1790559473,8889908,11744272
1790559475,10015556,11744272
1790559477,10016608,11744272
1790559479,10054980,11744272
1790559481,8390456,11744272
1790559483,9515108,11744272
1790559485,8368572,11744272
1790559487,9576608,11744272
1790559489,8849388,11744272
1790559491,8736312,11744272
1790559493,9798388,11744272
1790559495,9915368,11744288
1790559497,9956932,11744288
1790559499,8648052,11744288
1790559501,8720972,11744288
1790559503,9933132,11744288
1790559505,9939112,11744288
1790559507,10006708,11744288
1790559509,9119708,11744288
1790559511,8862516,11744292
1790559513,9977944,11744292
1790559515,10002356,11744324
1790559517,10102060,11744324
1790559519,9924280,11744324
1790559521,9978540,11744324
1790559523,10012576,11744324
1790559525,10058392,11744324
1790559527,8462268,11744324
1790559529,9657276,11744324
1790559531,8396264,11744324
1790559533,9607660,11744324
1790559535,9913584,11744336
1790559537,8860752,11744336
1790559539,9788756,11744336
1790559541,9911156,11744336
1790559543,9994520,11744336
1790559545,8852884,11744336
1790559547,8667520,11744336
1790559549,9950284,11744336
1790559551,9998876,11744336
1790559553,10051240,11744336
1790559555,8669760,11744336
1790559557,8761492,11744336
1790559559,9982500,11744336
1790559562,9992644,11744336
1790559564,10015904,11744336
1790559566,9421412,11744336
1790559568,8817896,11744336
1790559570,9862884,11744336
1790559572,10022776,11744336
1790559574,9057248,11744336
1790559576,8451196,11744336
1790559578,8354728,11744336
1790559580,9595900,11744336
1790559582,9672112,11744336
1790559584,9826320,11744336
1790559586,9803792,11744336
1790559588,9980868,11744336
1790559590,10023628,11744336
1790559592,8885248,11744336
1790559594,8904048,11744336
1790559596,9955288,11744336
1790559598,9981148,11744336
1790559600,10153252,11744336
1790559602,8717972,11744336
1790559604,8479556,11744336
1790559606,9798936,11744336
1790559608,9951244,11744336
1790559610,10029868,11744336
1790559612,8677308,11744336
1790559614,8781376,11744336
1790559616,9905908,11744336
1790559618,9967964,11744336
1790559620,8824012,11744336
1790559622,8382636,11744336
1790559624,8303960,11744336
1790559626,9508020,11744336
1790559628,9602952,11744336
1790559630,8973104,11744336
1790559632,8501084,11744336
1790559634,9902612,11744336
1790559636,9951712,11744336
1790559638,10042544,11744344
1790559640,9994252,11744412
1790559642,10019976,11744412
1790559644,10028020,11744412
1790559646,10057672,11744412
1790559648,8896080,11744412
1790559650,8736620,11744412
1790559652,9990308,11744416
1790559654,10059664,11744416
1790559656,10131808,11744416
1790559658,8743236,11744416
1790559660,8724196,11744416
1790559662,9907272,11744416
1790559664,9957928,11744416
1790559666,10103848,11744416
1790559668,8427148,11744416
1790559670,8305524,11744416
1790559672,9609056,11744476
1790559674,9627504,11744476
1790559676,8693332,11744476
1790559678,8638680,11744476
1790559680,9908240,11744476
1790559682,9902452,11744476
1790559684,10011948,11744476
1790559686,9485608,11744476
1790559688,9964984,11744508
1790559690,9954256,11744508
1790559692,10055564,11744508
1790559694,10090040,11744508
1790559696,8900988,11744516
1790559698,9944840,11744516
1790559700,10017336,11744516
1790559702,10216024,11744516
1790559704,8963096,11744516
1790559706,8818868,11744516
1790559708,10065676,11744516
1790559710,10089800,11744516
1790559712,10190692,11744516
1790559714,8595632,11744516
1790559716,8498016,11744516
1790559718,9723004,11744516
1790559720,9660184,11744516
1790559722,8658428,11744516
1790559724,8443124,11744516
1790559726,9849552,11744516
1790559728,9897808,11744516
1790559730,9964776,11744516
1790559732,9233040,11744516
1790559734,8776472,11744516
1790559736,9956848,11744516
1790559738,9970416,11744516
1790559740,10073752,11744516
1790559742,9974856,11744516
1790559744,9925944,11744520
1790559746,9930808,11744520
1790559748,9971728,11744520
1790559750,8831160,11744520
1790559752,8765228,11744520
1790559754,9981768,11744520
1790559756,9981276,11744520
1790559758,6874428,11744520
1790559760,6810736,11744520
1790559762,7098220,11744520
1790559764,7853620,11744520
1790559766,7758488,11744520
1790559768,7770316,11744520
1790559770,7782332,11744520
1790559772,7826456,11744520
1790559774,7800660,11744520
1790559776,7874848,11744520
1790559778,7792460,11744520
1790559780,9203496,11744520
1790559782,5608028,11744520
1790559784,10504956,10043528
1790559786,11496228,10043528
1790559788,9829692,10057848
1790559790,9899852,10057864
1790559792,11200488,10057868
1790559794,12093000,10057868
1790559796,12152020,10057868
1790559798,10545668,10069932
1790559800,9851636,10069932
1790559802,11426888,10069932
1790559804,11630784,10069932
1790559806,11644772,10069932
1790559808,10344376,10086180
1790559810,10552500,10086180
1790559812,11686520,10086184
1790559814,11679456,10086184
1790559816,11679048,10086184
1790559818,11099696,10093004
1790559820,11677416,10093004
1790559822,11688556,10093004
1790559824,11707536,10093004
1790559826,11729872,10093004
1790559828,10587036,10093004
1790559830,11579308,10097100
1790559832,11674372,10097100
1790559834,11765344,10097100
1790559836,10137292,10097100
1790559838,11167920,10097100
1790559840,10007404,10105292
1790559842,11124852,10105292
1790559844,11205196,10105292
1790559846,10421840,10105292
1790559848,11509828,10105292
1790559850,11570056,10105292
1790559852,11582912,10105292
1790559854,10149972,10105292
1790559856,10352628,10105292
1790559858,11536204,10105292
1790559860,11569852,10105292
1790559862,11598760,10105292
1790559864,10217464,10105292
1790559866,10375336,10105292
1790559868,11541424,10105292
1790559870,11567528,10105292
1790559872,11604188,10105292
1790559874,11447400,10105292
1790559876,11495792,10105292
1790559878,11549208,10105292
1790559880,11570612,10105292
1790559882,10014532,10105292
1790559884,11154732,10105292
1790559886,9899788,10105292
1790559888,11140904,10105292
1790559890,11164548,10105324
1790559892,10443464,10105324
1790559894,11517552,10105324
1790559896,11512648,10105332
1790559898,11514676,10105332
1790559900,10537172,10105332
1790559902,10335832,10105332
1790559904,11515032,10105332
1790559906,11546700,10105332
1790559908,11584200,10105332
1790559910,10272428,10105332
1790559912,10319304,10105332
1790559914,11468808,10105332
1790559916,11468464,10105332
1790559918,11577788,10105332
1790559920,10944260,10105332
1790559922,10391604,10105332
1790559924,11575152,10105332
1790559926,11606732,10105332
1790559928,10570544,10105332
1790559930,9971160,10105332
1790559932,9924556,10105332
1790559934,11139744,10105332
1790559936,11192084,10105332
1790559938,10973524,10105332
1790559940,11404696,10105332
1790559942,11545476,10105348
1790559944,11585208,10105348
1790559946,11600072,10105348
1790559948,10461420,10105348
1790559950,11536536,10105348
1790559952,11568048,10105348
1790559954,11574948,10105348
1790559956,10239748,10105348
1790559958,10266600,10105348
1790559960,11625692,10105348
1790559962,11529712,10105348
1790559964,11558772,10105364
1790559966,10232168,10105364
1790559968,10401636,10105364
1790559970,11501056,10105364
1790559972,11510020,10105364
1790559974,10478896,10105364
1790559976,9938276,10105364
1790559978,9857332,10105364
1790559980,11084980,10105364
1790559982,11110112,10105364
1790559984,10177972,10105364
1790559986,10213052,10105364
1790559988,11410884,10105364
1790559990,11461244,10105364
1790559992,11599312,10105380
1790559994,11416904,10105380
1790559996,11601444,10105380
1790559998,11594768,10105380
1790560000,11577104,10105380
1790560002,10445036,10105384
1790560004,10348580,10105384
1790560006,11524052,10105384
1790560008,11524012,10105384
1790560010,11578444,10105384
1790560012,10228728,10105384
1790560014,10311240,10105384
1790560016,11610124,10105384
1790560018,11607060,10105384
1790560020,11648988,10105384
1790560022,9943728,10105384
1790560024,9838636,10105384
1790560026,11074224,10105384
1790560028,11075556,10105384
1790560030,9917392,10105384
1790560032,9999968,10105384
1790560034,11399384,10105384
1790560036,11535548,10105384
1790560038,11580344,10105384
1790560040,10853800,10105384
1790560042,11541864,10105384
1790560044,11577612,10105384
1790560046,11565372,10105384
1790560048,11587784,10105384
1790560050,10431988,10105384
1790560052,11569192,10105400
1790560054,11556932,10105400
1790560056,11576644,10105400
1790560058,10444680,10105400
1790560060,10225924,10105400
1790560062,11518728,10105400
1790560064,11582272,10105400
1790560066,11650476,10105400
1790560068,10450916,10105400
1790560070,9920812,10105400
1790560072,10449836,10105400
1790560074,11209980,10105400
1790560076,10187064,10105400
1790560078,9817816,10105400
1790560080,11567372,10105400
1790560082,11491228,10105400
1790560084,11572836,10105400
1790560086,10226816,10105400
1790560088,10355836,10105400
1790560090,11535100,10105400
1790560092,11542780,10105400
1790560094,11587404,10105416
1790560096,10921264,10105416
1790560098,11487640,10105416
1790560100,11522200,10105416
1790560102,11659356,10105416
1790560104,11665396,10105416
1790560106,10407176,10105416
1790560108,11500824,10105416
1790560110,11511664,10105416
1790560112,11593096,10105416
1790560114,10496732,10105416
1790560116,11106256,10105416
1790560118,9970280,10105416
1790560120,11133528,10105416
1790560122,10727920,10105416
1790560124,10451336,10105416
1790560126,11455772,10105416
1790560128,11478844,10105416
1790560130,11550280,10105416
1790560132,10101432,10105416
1790560134,10237896,10105416
1790560136,11603816,10105416
1790560138,11596624,10105416
1790560140,11702088,10105416
1790560142,10220432,10105416
1790560144,10401632,10105416
1790560146,11507688,10105416
1790560148,11578272,10105416
1790560150,11625988,10105416
1790560152,11224604,10105416
1790560154,11516936,10105416
1790560156,11512860,10105416
1790560158,11559860,10105416
1790560160,10110892,10105416
1790560162,11277804,10105416
1790560164,9895656,10105416
1790560166,11180816,10105416
1790560168,11296884,10105416
1790560170,11411836,10105416
1790560172,11422036,10105416
1790560174,11489916,10105416
1790560176,11534868,10105416
1790560178,10404552,10105416
1790560180,10316476,10105416
1790560182,11538448,10105416
1790560184,11588904,10105416
1790560186,11579216,10105420
1790560188,10311736,10105420
1790560190,10341112,10105420
1790560192,11560784,10105420
1790560194,11605436,10105420
1790560196,11638036,10105448
1790560198,10855396,10105448
1790560200,10498716,10105448
1790560202,11451144,10105448
1790560204,11509628,10105448
1790560206,10551928,10105448
1790560208,9937776,10105448
1790560210,9827660,10105448
1790560212,11042748,10105448
1790560214,11101524,10105448
1790560216,10977828,10105448
1790560218,11462016,10105448
1790560220,11459820,10105448
1790560222,11486492,10105448
1790560224,11554688,10105448
1790560226,10389076,10105448
1790560228,11472236,10105448
1790560230,11494332,10105448
1790560232,11607244,10105448
1790560234,10224928,10105448
1790560236,10175128,10105448
1790560238,11531232,10105448
1790560240,11524456,10105448
1790560242,11613892,10105448
1790560244,10392468,10105448
1790560246,10395280,10105448
1790560248,11542968,10105452
1790560250,11597204,10105452
1790560252,10557176,10105452
1790560254,10003728,10105452
1790560256,9922568,10105452
1790560258,11140316,10105452
1790560260,11270264,10105452
1790560262,10679244,10105452
1790560265,11360200,10105452
1790560267,11354616,10105452
1790560269,11468960,10105452
1790560271,11537936,10105452
1790560273,10381972,10105452
1790560275,11528000,10105452
1790560277,11516568,10105452
1790560279,11560504,10105452
1790560281,10362988,10105452
1790560283,10149792,10105452
1790560285,11409436,10105452
1790560287,11416024,10105452
1790560289,11651516,10105452
1790560291,10112352,10105452
1790560293,10359648,10105452
1790560295,11510504,10105452
1790560297,11629960,10105524
1790560299,11617604,10105524
1790560301,10018308,10105524
1790560303,9942940,10105524
1790560305,11155068,10105524
1790560307,11211444,10105524
1790560309,10317784,10105524
1790560311,10071752,10105524
1790560313,11446412,10105524
1790560315,11487332,10105524
1790560317,11602348,10105524
1790560319,11279448,10105524
1790560321,11482532,10105524
1790560323,11406848,10105524
1790560325,11580008,10105524
1790560327,10378480,10105524
1790560329,10397820,10105524
1790560331,11481296,10105524
1790560333,11489476,10105532
1790560335,11538080,10105532
1790560337,10228156,10105532
1790560339,10165636,10105532
1790560341,11442560,10105532
1790560343,11471712,10105532
1790560345,11544704,10105532
1790560347,9917588,10105532
1790560349,9868808,10105532
1790560351,11129040,10105532
1790560353,11180656,10105532
1790560355,10317672,10105532
1790560357,10236384,10105532
1790560359,11522236,10105532
1790560361,11517200,10105532
1790560363,11587156,10105532
1790560365,10957472,10105532
1790560367,10385760,10105532
1790560369,11584360,10105532
1790560371,11578864,10105532
1790560373,11614084,10105532
1790560375,10454984,10105532
1790560377,11586000,10105532
1790560379,11622592,10105532
1790560381,11671952,10105532
1790560383,10375120,10105532
1790560385,10213168,10105532
1790560387,11432236,10105532
1790560389,11430516,10105532
1790560391,11553956,10105576
1790560393,9863520,10105576
1790560395,9787088,10105576
1790560397,9840308,10105576
1790560399,11072392,10105576
1790560401,10249168,10105576
1790560403,9669740,10105576
1790560405,11385904,10105576
1790560407,11434776,10105576
1790560409,11546860,10105576
1790560411,10209916,10105576
1790560413,10405976,10105576
1790560415,11569676,10105576
1790560417,11592956,10105576
1790560419,11622080,10105576
1790560421,11312572,10105576
1790560423,11471536,10105576
1790560425,11537416,10105576
1790560427,11613124,10105576
1790560429,10451000,10105576
1790560431,10472744,10105576
1790560433,11565780,10105576
1790560435,11566036,10105576
1790560437,11578656,10105576
1790560439,10012280,10105576
1790560441,11137328,10105576
1790560443,9886648,10105576
1790560445,11097856,10105576
1790560447,10394500,10105576
1790560449,10047248,10105576
1790560451,11459296,10105576
1790560453,11596008,10105576
1790560455,11591672,10105576
1790560457,10228240,10105576
1790560459,10328312,10105576
1790560461,11478956,10105576
1790560463,11494544,10105580
1790560465,11629056,10105580
1790560467,10969464,10105580
1790560469,10373844,10105580
1790560471,11555312,10105580
1790560473,11589120,10105580
1790560475,11588232,10105580
1790560477,11557136,10105580
1790560479,11476976,10105596
1790560481,11514580,10105596
1790560483,11606804,10105596
1790560485,10012228,10105596
1790560487,11131956,10105596
1790560489,9923876,10105596
1790560491,11146284,10105596
1790560493,11253804,10105596
1790560495,10440824,10105596
1790560497,11396176,10105596
1790560499,11585948,10105596
1790560501,11681580,10105596
1790560503,10200976,10105596
1790560505,10208712,10105596
1790560507,11497508,10105596
1790560509,11518536,10105596
1790560511,11562872,10105596
1790560513,10264596,10105596
1790560515,10340748,10105596
1790560517,11511876,10105596
1790560519,11502316,10105596
1790560521,11537420,10105596
1790560523,10998628,10105596
1790560525,11493504,10105596
1790560527,11494876,10105596
1790560529,11506156,10105596
1790560531,9943612,10105596
1790560533,11204172,10105596
1790560535,9926268,10105596
1790560537,11172836,10105596
1790560539,11267180,10105596
1790560541,11556652,10105596
1790560543,11443496,10105596
1790560545,11499560,10105596
1790560547,11531908,10105596
1790560549,10407096,10105596
1790560551,10332364,10105596
1790560553,11682672,10105596
1790560555,11670100,10105596
1790560557,11671560,10105596
1790560559,10357408,10105596
1790560561,10332784,10105596
1790560563,11473828,10105596
1790560565,11542656,10105596
1790560567,11607740,10105596
1790560569,10574704,10105596
1790560571,10331236,10105596
1790560573,11450360,10105596
1790560575,11536196,10105596
1790560577,10321824,10105596
1790560579,9948252,10105596
1790560581,9865160,10105596
1790560583,11140584,10105596
1790560585,11183760,10105596
1790560587,10750264,10105596
1790560589,11329108,10105596
1790560591,11488768,10105596
1790560593,11544120,10105596
1790560595,11589616,10105596
1790560597,10424372,10105596
1790560599,11495200,10105596
1790560601,11525556,10105596
1790560603,11595344,10105596
1790560605,10454588,10105596
1790560607,10281212,10105596
1790560609,11582200,10105596
1790560611,11577816,10105596
1790560613,11589340,10105596
1790560615,10323460,10105596
1790560617,10253268,10105596
1790560619,11497260,10105596
1790560621,11633808,10105612
1790560623,11606772,10105612
1790560625,9976804,10105612
1790560627,9865996,10105612
1790560629,11149276,10105612
1790560631,11162496,10105612
1790560633,10050776,10105612
1790560635,9869868,10105612
1790560637,11542920,10105612
1790560639,11531732,10105612
1790560641,11574168,10105612
1790560643,11473980,10105612
1790560645,11556892,10105612
1790560647,11580760,10105612
1790560649,11576848,10105628
1790560651,10466616,10105628
1790560653,10459620,10105628
1790560655,11517036,10105628
1790560657,11529684,10105628
1790560659,11620612,10105628
1790560661,10149964,10105628
1790560663,10209092,10105640
1790560665,11622392,10105640
1790560667,11622196,10105640
1790560669,8823628,10105640
1790560671,8693252,10105640
1790560673,8775908,10105640
1790560675,9414772,10105640
1790560677,9434196,10105640
1790560679,9434936,10105640
1790560681,9357444,10105640
1790560683,9384068,10105640
1790560685,9381608,10105640
1790560687,9358212,10105640
1790560689,9461856,10105640
1790560691,10680376,10105640
1790560693,5618844,10106076
1790560695,12386332,10059828
1790560697,10167532,10059828
1790560699,9869492,10059844
1790560701,10075140,10059844
1790560703,11102392,10059844
1790560705,12271308,10059844
1790560707,12352944,10059844
1790560709,10176628,10059844
1790560711,10282280,10059844
1790560713,11658364,10059844
1790560715,11658308,10059844
1790560717,11702100,10059844
1790560719,11265764,10059844
1790560721,11652084,10059844
1790560723,11711068,10059844
1790560725,11781828,10059844
1790560727,11801960,10059844
1790560729,10619100,10059844
1790560731,11702216,10059844
1790560733,11700848,10059844
1790560735,11719964,10059844
1790560737,10568452,10059844
1790560739,10439416,10059844
1790560741,11639492,10059852
1790560743,11629444,10059868
1790560745,11724268,10059872
1790560747,10265668,10059872
1790560749,9921516,10059872
1790560751,11140844,10059872
1790560753,11223924,10059872
1790560755,10058508,10059872
1790560757,9996792,10059872
1790560759,11497780,10059872
1790560761,11545752,10059872
1790560763,11554056,10059872
1790560765,10692808,10059872
1790560767,10412660,10059872
1790560769,11500052,10059872
1790560771,11611324,10059872
1790560773,11699384,10059872
1790560775,11692368,10059872
1790560777,11550748,10059872
1790560779,11606604,10059872
1790560781,11683644,10059872
1790560783,10512804,10059872
1790560785,10525220,10059872
1790560787,11475644,10059880
1790560789,11583160,10059880
1790560791,11639140,10059880
1790560793,10117216,10059880
1790560795,10056360,10059880
1790560797,10396372,10059880
1790560799,11216972,10059880
1790560801,10461568,10059880
1790560803,9942548,10059880
1790560805,11420004,10059880
1790560807,11490712,10059880
1790560809,11594316,10059880
1790560811,10266408,10059880
1790560813,10392708,10059880
1790560815,11533828,10059880
1790560817,11621864,10059880
1790560819,11653484,10059880
1790560821,11110764,10059880
1790560823,11532900,10059880
1790560825,11613992,10059880
1790560827,11656152,10059880
1790560829,11682076,10059880
1790560831,10521720,10059880
1790560833,11539788,10059880
1790560835,11548320,10059880
1790560837,11667432,10059880
1790560839,10148560,10059892
1790560841,11140564,10059892
1790560843,10156996,10059892
1790560845,11160144,10059892
1790560847,10453348,10059892
1790560849,10346100,10059892
1790560851,11514132,10059908
1790560853,11515112,10059908
1790560855,11560764,10059908
1790560857,10266440,10059908
1790560859,10173704,10059908
1790560861,11511520,10059908
1790560863,11538328,10059908
1790560865,11566792,10059908
1790560867,10644740,10059924
1790560869,10316400,10059924
1790560871,11556908,10059924
1790560873,11591408,10059924
1790560875,11617648,10059924
1790560877,11545468,10059924
1790560879,11538728,10059924
1790560881,11538920,10059924
1790560883,11566116,10059924
1790560885,10022744,10059924
1790560887,11141404,10059924
1790560889,9910376,10059928
1790560891,11208096,10059936
1790560893,11572944,10059936
1790560895,10441732,10059936
1790560897,11556540,10059936
1790560899,11574732,10059936
1790560901,11609072,10059964
1790560903,10228808,10059964
1790560905,10281460,10059964
1790560907,11525528,10059964
1790560909,11622996,10059964
1790560911,11645920,10059964
1790560913,10363620,10059964
1790560915,10379748,10059964
1790560917,11510916,10059964
1790560919,11653808,10059964
1790560921,11644784,10059964
1790560923,11219816,10059964
1790560925,11500712,10068172
1790560927,11542460,10068172
1790560929,11598108,10068172
1790560931,10377700,10068172
1790560933,10585472,10068172
1790560935,9953048,10084556
1790560937,11192456,10084556
1790560939,11225436,10084556
1790560941,11418580,10084556
1790560943,11453100,10084556
1790560945,11497588,10100940
1790560947,11531216,10100940
1790560949,10441836,10100944
1790560951,10398364,10100972
1790560953,11534144,10100972
1790560955,11588376,10117384
1790560957,11684792,10117384
1790560959,10330516,10117384
1790560961,10350588,10117384
1790560963,11629340,10117384
1790560965,11627836,10133768
1790560967,11703876,10133784
1790560970,10754544,10133784
1790560972,10482688,10133784
1790560974,11581340,10133784
1790560976,11626876,10150168
1790560978,10475504,10150168
1790560980,10035592,10150168
1790560982,9909212,10150168
1790560984,11083952,10150168
1790560986,11139040,10166552
1790560988,10981996,10166552
1790560990,11406004,10166552
1790560992,11457324,10166552
1790560994,11502048,10166552
1790560996,11554892,10166552
1790560998,10432688,10166552
1790561000,11520824,10166552
1790561002,11515304,10166552
1790561004,11571088,10166552
1790561006,10362416,10166552
1790561008,10136388,10166552
1790561010,11470292,10166552
1790561012,11636200,10166552
1790561014,11723704,10166552
1790561016,10387736,10166552
1790561018,10412852,10166552
1790561020,11550312,10166552
1790561022,11642284,10166552
1790561024,10496352,10166552
1790561026,10056300,10166552
1790561028,9952776,10166552
1790561030,11172508,10166552
1790561032,11277036,10166552
1790561034,10687332,10166552
1790561036,11452988,10166552
1790561038,11554408,10166552
1790561040,11666192,10166552
1790561042,11588108,10166552
1790561044,10480920,10166552
1790561046,11543432,10166552
1790561048,11614352,10166552
1790561050,11612220,10166552
1790561052,10446524,10166552
1790561054,10270348,10166552
1790561056,11554232,10166552
1790561058,11561032,10166552
1790561060,11625876,10166552
1790561062,10330380,10166552
1790561064,10333440,10166556
1790561066,11519196,10166556
1790561068,11588928,10166556
1790561070,10618076,10166556
1790561072,10049924,10166556
1790561074,9968224,10166556
1790561076,11205784,10166556
1790561078,11260328,10166556
1790561080,10229112,10166556
1790561082,10294628,10166588
1790561084,11518244,10166604
1790561086,11597540,10166604
1790561088,11658916,10166604
1790561090,11621712,10166604
1790561092,11580564,10166604
1790561094,11614556,10166604
1790561096,11672632,10166604
1790561098,10498088,10166604
1790561100,10468376,10170700
1790561102,11519068,10170700
1790561104,11517920,10170700
1790561106,11576076,10170732
1790561108,10319736,10170732
1790561110,10258536,10185068
1790561112,11528436,10185068
1790561114,11512224,10185068
1790561116,11680628,10185068
1790561118,9988408,10185068
1790561120,9920964,10195316
1790561122,11122212,10195316
1790561124,11151212,10195316
1790561126,10123888,10195316
1790561128,10112856,10195316
1790561130,11415072,10197364
1790561132,11620556,10197364
1790561134,11623148,10197364
1790561136,11031876,10197364
1790561138,11566924,10197364
1790561140,11612748,10207604
1790561142,11644216,10207604
1790561144,11646764,10207604
1790561146,10488100,10207604
1790561148,11571904,10207604
1790561150,11692188,10207604
1790561152,11730284,10207604
1790561154,10392916,10207604
1790561156,10266720,10207604
1790561158,11552744,10207604
1790561160,11657216,10211700
1790561162,11621560,10211700
1790561164,9991392,10211700
1790561166,9891152,10211700
1790561168,11107552,10211700
1790561170,11123280,10211700
1790561172,10223812,10211700
1790561174,9982768,10211700
1790561176,11386392,10211700
1790561178,11588328,10211700
1790561180,11588548,10211700
1790561182,10979176,10211700
1790561184,11536748,10211700
1790561186,11533280,10211700
1790561188,11559176,10211700
1790561190,11661176,10211700
1790561192,10511716,10211700
1790561194,11538680,10211700
1790561196,11583284,10211700
1790561198,11700296,10211700
1790561200,10495400,10211700
1790561202,10313836,10211700
1790561204,11535960,10211700
1790561206,11584444,10211716
1790561208,11686044,10211716
1790561210,10075112,10211716
1790561212,9977732,10211716
1790561214,11192904,10211716
1790561216,11196464,10211716
1790561218,9920956,10211716
1790561220,9987660,10211716
1790561222,11431628,10211716
1790561224,11491600,10211716
1790561226,11525916,10211716
1790561228,10897244,10211716
1790561230,10432276,10211716
1790561232,11590980,10211716
1790561234,11598068,10211716
1790561236,11609752,10211716
1790561238,10966612,10211716
1790561240,11504424,10211716
1790561242,11490596,10211716
1790561244,11592968,10211716
1790561246,10439824,10211944
1790561248,10232452,10211976
1790561250,11493748,10211976
1790561252,11613096,10211976
1790561254,11695804,10211976
1790561256,10077904,10211976
1790561258,9957012,10211992
1790561260,10267084,10211992
1790561262,11168580,10211992
1790561264,10126164,10211992
1790561266,9985964,10211992
1790561268,11466948,10211992
1790561270,11529564,10211992
1790561272,11570228,10211992
1790561274,10280492,10211992
1790561276,10517728,10211992
1790561278,11677780,10211992
1790561280,11734404,10211992
1790561282,11600500,10211992
1790561284,11273424,10211992
1790561286,11467840,10211992
1790561288,11486060,10211992
1790561290,11499220,10211992
1790561292,10422172,10211992
1790561294,10462068,10211992
1790561296,11414736,10211992
1790561298,11486992,10211992
1790561300,11592572,10211992
1790561302,10000212,10211992
1790561304,9880764,10211992
1790561306,9912480,10211992
1790561308,11166924,10211992
1790561310,10448436,10211992
1790561312,9992504,10211992
1790561314,11471760,10211992
1790561316,11601664,10211992
1790561318,11592224,10211992
1790561320,10336732,10211992
1790561322,10395800,10211992
1790561324,11519096,10211992
1790561326,11533848,10211992
1790561328,11647672,10211992
1790561330,11224408,10211992
1790561332,11574960,10211992
1790561334,11593844,10211992
1790561336,11614056,10211992
1790561338,11621920,10211992
1790561340,10562748,10211996
1790561342,11443072,10211996
1790561344,11550836,10211996
1790561346,11630076,10211996
1790561348,10008980,10211996
1790561350,9898636,10211996
1790561352,9928796,10211996
1790561354,11245760,10211996
1790561356,10400260,10211996
1790561358,9871980,10212000
1790561360,11391372,10212000
1790561362,11458956,10212000
1790561364,11484712,10212000
1790561366,10329632,10212052
1790561368,10343208,10212052
1790561370,11437668,10212052
1790561372,11580496,10212052
1790561374,11674484,10212052
1790561376,11093556,10212052
1790561378,11543016,10212052
1790561380,11555084,10212052
1790561382,11600780,10212052
1790561384,11568396,10212052
1790561386,10514820,10212052
1790561388,11514000,10212052
1790561390,11540756,10212304
1790561392,8925724,10212304
1790561394,8505908,10212304
1790561396,8819244,10212328
1790561398,9473396,10212328
1790561400,9541904,10212328
1790561402,9368556,10212328
1790561404,9417764,10212328
1790561406,9414196,10212340
1790561408,9432456,10212340
1790561410,9451100,10212340
1790561412,9451904,10212340
1790561414,10664164,10212340
1790561416,7328000,10212340
1790561418,11312124,10158856
1790561420,10405564,10158856
1790561422,10218736,10158856
1790561424,9969568,10158856
1790561426,10760328,10158856
1790561428,12118624,10158856
1790561430,12357376,10158868
1790561432,10067128,10158872
1790561434,10092204,10158872
1790561436,11667160,10158872
1790561438,11709588,10158872
1790561440,11726548,10158872
1790561442,11544768,10158872
1790561444,11806036,10158872
1790561446,11811448,10158872
1790561448,11808024,10158872
1790561450,10661584,10158872
1790561452,10670528,10158872
1790561454,11661104,10158872
1790561456,11744436,10158872
1790561458,11832220,10158872
1790561460,10678360,10158872
1790561462,10321888,10158872
1790561464,11698220,10158872
1790561466,11734276,10158872
1790561468,11747040,10158872
1790561470,10472792,10158872
1790561472,9929676,10158872
1790561474,11177456,10158872
1790561476,11233228,10158872
1790561478,10037644,10158872
1790561480,10084320,10158872
1790561482,11480792,10158872
1790561484,11652432,10158872
1790561486,11672112,10158872
1790561488,10878284,10158872
1790561490,11667628,10158872
1790561492,11747304,10158872
1790561494,11751128,10158872
1790561496,11777432,10158872
1790561498,10576760,10158872
1790561500,11648116,10158872
1790561502,11650536,10158872
1790561504,11738568,10158872
1790561506,10562652,10158872
1790561508,10385824,10158872
1790561510,11610856,10158872
1790561512,11641152,10158872
1790561514,11798172,10158872
1790561516,10492352,10158872
1790561518,10089160,10158872
1790561520,11424996,10158872
1790561522,11349712,10158872
1790561524,10322516,10158872
1790561526,10112352,10158872
1790561528,11535540,10158872
1790561530,11603800,10158872
1790561532,11690404,10158872
1790561534,11017428,10158872
1790561536,10501472,10158872
1790561538,11608752,10158872
1790561540,11614884,10158888
1790561542,11709784,10158888
1790561544,11478648,10158888
1790561546,11673864,10158904
1790561548,11734900,10158904
1790561550,11783836,10158904
1790561552,10495488,10158904
1790561554,10504924,10158904
1790561556,11579092,10158904
1790561558,11591240,10158904
1790561560,11742200,10158904
1790561562,10309140,10158904
1790561564,10007728,10158904
1790561566,10137796,10158904
1790561568,11276720,10158904
1790561570,10520828,10158904
1790561572,10251500,10158904
1790561574,11606436,10158904
1790561576,11606376,10158904
1790561578,11701636,10158904
1790561580,10421976,10158944
1790561582,10449668,10158944
1790561584,11562056,10158944
1790561586,11560512,10158944
1790561588,11622008,10158944
1790561590,11177248,10158944
1790561592,11458608,10158944
1790561594,11575572,10158960
1790561596,11645348,10158960
1790561598,11756532,10158960
1790561600,10504432,10158960
1790561602,11580556,10158964
1790561604,11577636,10158964
1790561606,11625300,10158964
1790561608,10045956,10158964
1790561610,11150884,10158964
1790561612,10040956,10158964
1790561614,11250756,10158964
1790561616,10550392,10158964
1790561618,10327308,10158964
1790561620,11579960,10158964
1790561622,11600564,10158980
1790561624,11682560,10158980
1790561626,10367104,10158980
1790561628,10284016,10158980
1790561630,11678132,10158980
1790561632,11711000,10158980
1790561634,11713172,10158980
1790561636,10987476,10158980
1790561638,10519352,10158980
1790561640,11677544,10158980
1790561642,11610612,10158980
1790561644,11691456,10159028
1790561646,11573192,10159028
1790561648,11555776,10159028
1790561650,11583836,10159028
1790561652,11642684,10159028
1790561654,10060900,10159028
1790561656,11253020,10159028
1790561658,9961456,10159028
1790561660,11201784,10159028
1790561662,11371088,10159044
1790561664,10481676,10159044
1790561666,11508364,10159044
1790561668,11609636,10159044
1790561670,11600396,10159044
1790561672,10336036,10159044
1790561675,10366180,10159044
1790561677,11639360,10159044
1790561679,11647660,10159044
1790561681,11690492,10159044
1790561683,10436288,10159044
1790561685,10546484,10159044
1790561687,11674144,10159044
1790561689,11672272,10159044
1790561691,11682836,10159044
1790561693,11220172,10159044
1790561695,11558032,10159060
1790561697,11613780,10159060
1790561699,11715760,10159060
1790561701,10475460,10159060
1790561703,11295352,10159060
1790561705,10039008,10159060
1790561707,11245336,10159060
1790561709,11275016,10159060
1790561711,10630872,10159060
1790561713,11360008,10159060
1790561715,11488060,10159060
1790561717,11640164,10159060
1790561719,10509440,10159060
1790561721,10175828,10159060
1790561723,11626644,10159060
1790561725,11632360,10159060
1790561727,11680264,10159060
1790561729,10398616,10159060
1790561731,10430096,10159060
1790561733,11643888,10159060
1790561735,11390344,10159060
1790561737,11706784,10159360
1790561739,10991948,10159360
1790561741,11609080,10159360
1790561743,11606760,10159360
1790561745,11646392,10159360
1790561747,10388620,10159360
1790561749,10552944,10159360
1790561751,10028572,10159360
1790561753,11256316,10159360
1790561755,11328444,10159360
1790561757,11577688,10159360
1790561759,11523904,10159360
1790561761,11656844,10159360
1790561763,11713372,10159360
1790561765,10499504,10159360
1790561767,10447116,10159360
1790561769,11674716,10159360
1790561771,11676612,10159360
1790561773,11679232,10159360
1790561775,10365096,10159360
1790561777,10378128,10159360
1790561779,11558060,10159360
1790561781,11690204,10159360
1790561783,11737300,10159360
1790561785,11030376,10159360
1790561787,10471904,10159360
1790561789,11589132,10159360
1790561791,11627400,10159360
1790561793,10570556,10159360
1790561795,10082408,10159360
1790561797,10008628,10159360
1790561799,11264948,10159360
1790561801,11368408,10159360
1790561803,11543968,10159360
1790561805,11576176,10159360
1790561807,11570368,10159360
1790561809,11604952,10159360
1790561811,10541764,10159364
1790561813,10471676,10159364
1790561815,11698956,10159364
1790561817,11687800,10159364
1790561819,11700528,10159364
1790561821,10420720,10159364
1790561823,10255456,10159364
1790561825,11534568,10159364
1790561827,11618856,10159364
1790561829,11633896,10159364
1790561831,10951740,10159364
1790561833,10434764,10159364
1790561835,11541320,10159364
1790561837,11579688,10159364
1790561839,10652696,10159364
1790561841,10153664,10159364
1790561843,9895128,10159364
1790561845,11112336,10159364
1790561847,11161260,10159380
1790561849,11374404,10159380
1790561851,11470140,10159380
1790561853,11644272,10159380
1790561855,11666472,10159380
1790561857,10551112,10159380
1790561859,10460148,10159380
1790561861,11648192,10159380
1790561863,11643808,10159380
1790561865,11728088,10159380
1790561867,10447832,10159484
1790561869,10480060,10159484
1790561871,11622184,10159484
1790561873,11672144,10159484
1790561875,11694340,10159484
1790561877,11038880,10159484
1790561879,10537244,10159484
1790561881,11727256,10159484
1790561883,11627128,10159484
1790561885,10700732,10159484
1790561887,10113144,10159484
1790561889,9985340,10159484
1790561891,11218420,10159484
1790561893,11258348,10159484
1790561895,11270264,10159484
1790561897,11474552,10159484
1790561899,11550036,10159484
1790561901,11609612,10159484
1790561903,10538556,10159484
1790561905,10516960,10159484
1790561907,11697828,10159500
1790561909,11704968,10159500
1790561911,11693312,10159500
1790561913,10344536,10159500
1790561915,10403220,10159500
1790561917,11591972,10159500
1790561919,11632316,10159500
1790561921,11665532,10159500
1790561923,10675524,10159500
1790561925,10492244,10159500
1790561927,11616908,10159500
1790561929,11674532,10159500
1790561931,10645680,10159500
1790561933,10090600,10159500
1790561935,10002372,10159500
1790561937,11243696,10159500
1790561939,11261064,10159500
1790561941,11263124,10159500
1790561943,11476908,10159500
1790561945,11533060,10159500
1790561947,11593164,10159500
1790561949,11706544,10159500
1790561951,10516088,10159500
1790561953,11699776,10159500
1790561955,11696488,10159500
1790561957,11706144,10159500
1790561959,10471288,10159500
1790561961,10337672,10159500
1790561963,11584792,10159500
1790561965,11576076,10159500
1790561967,11637156,10159500
1790561969,10321716,10159500
1790561971,10485712,10159500
1790561973,11570244,10159500
1790561975,11601540,10159500
1790561977,10674924,10159500
1790561979,10090152,10159500
1790561981,9992600,10159500
1790561983,11268380,10159500
1790561985,11326664,10159500
1790561987,10972040,10159500
1790561989,11418280,10159500
1790561991,11637128,10159500
1790561993,11666312,10159500
1790561995,11691104,10159500
1790561997,10549904,10159500
1790561999,11626188,10159500
1790562001,11717548,10159568
1790562003,11651440,10159568
1790562005,10522436,10159568
1790562007,10357336,10159568
1790562009,11579884,10159568
1790562011,11621820,10159568
1790562013,11647328,10159568
1790562015,10288784,10159568
1790562017,10413344,10159568
1790562019,11564360,10159568
1790562021,11566568,10159568
1790562023,10774748,10159568
1790562025,10072388,10159568
1790562027,9968696,10159568
1790562029,11244204,10159568
1790562031,11241672,10159568
1790562033,10417188,10159568
1790562035,10360416,10159568
1790562037,11616656,10159568
1790562039,11666776,10159568
1790562041,11691412,10159568
1790562043,11714724,10159568
1790562045,11602780,10159568
1790562047,11640096,10159592
1790562049,11693280,10159592
1790562051,10542600,10159596
1790562053,10479372,10159596
1790562055,11552652,10159596
1790562057,11595736,10159596
1790562059,11679820,10159596
1790562061,10330420,10159596
1790562063,10351884,10159596
1790562065,11569692,10159596
1790562067,11622108,10159596
1790562069,8895388,10159596
1790562071,8635736,10159612
1790562073,9679824,10159612
1790562075,9790920,10159612
1790562077,9481588,10159612
1790562079,9485784,10159612
1790562081,9496768,10159612
1790562083,9509592,10159612
1790562085,9487856,10159612
1790562087,9453976,10159612
1790562089,9590876,10159612
1790562091,10867216,10159612
1790562093,4462780,10159612
1790562095,11803264,9989736
1790562097,10148456,9989736
1790562099,10548048,9989736
1790562101,10294232,9989736
1790562103,11182520,9989736
1790562105,12629100,9989736
1790562107,12168596,9989736
1790562109,11178296,9989736
1790562111,11736148,9989736
1790562113,11794540,9989736
1790562115,11916468,9989736
1790562117,10843520,9989736
1790562119,10710484,9989736
1790562121,11868212,9989736
1790562123,11927076,9989736
1790562125,11960628,9989736
1790562127,10651668,9989736
1790562129,10688396,9989736
1790562131,11895280,9989736
1790562133,11934832,9989736
1790562135,11941612,9989736
1790562137,11240072,9989736
1790562139,10752148,9989736
1790562141,11859880,9989736
1790562143,11925544,9989736
1790562145,10869624,9989736
1790562147,10768688,9989736
1790562149,10152068,9989736
1790562151,11430940,9989736
1790562153,11597228,9989780
1790562155,11446564,9989780
1790562157,11735388,9989868
1790562159,11828268,9989876
1790562161,11857240,9989876
1790562163,10707816,9989876
1790562165,10735916,9989876
1790562167,11749240,9989876
1790562169,11778640,9989876
1790562171,11841052,9989876
1790562173,10545000,9989876
1790562175,10618624,9989876
1790562177,11838752,9989876
1790562179,11869944,9989876
1790562181,11834236,9989876
1790562183,10554820,9989876
1790562185,10612328,9989876
1790562187,11693572,9989876
1790562189,11754672,9989876
1790562191,10766784,9989876
1790562193,10537040,9989876
1790562195,10477904,9989876
1790562197,11334108,9989876
1790562199,11384188,9989876
1790562201,11033604,9989876
1790562203,11508976,9989876
1790562205,11740100,9989876
1790562207,11762504,9989876
1790562209,11825476,9989876
1790562211,10725492,9989876
1790562213,11827472,9989876
1790562215,11840356,9989876
1790562217,11905512,9989876
1790562219,10733044,9989876
1790562221,10559980,9989876
1790562223,11799136,9989876
1790562225,11866240,9989876
1790562227,11919652,9989876
1790562229,10533292,9989876
1790562231,10595032,9989876
1790562233,11831868,9989876
1790562235,11828180,9989876
1790562237,10775152,9989876
1790562239,10437636,9989876
1790562241,10211732,9989876
1790562243,11346832,9989876
1790562245,11456848,9989876
1790562247,10398364,9989876
1790562249,10257912,9989876
1790562251,11690604,9989876
1790562253,11819912,9989876
1790562255,11893272,9989876
1790562257,11794612,9989876
1790562259,11817728,9989876
1790562261,11817236,9989876
1790562263,11828596,9989876
1790562265,10693984,9989876
1790562267,10585456,9989876
1790562269,11724868,9989876
1790562271,11820068,9989876
1790562273,11879036,9989876
1790562275,10607972,9989876
1790562277,10597032,9989876
1790562279,11749596,9989876
1790562281,11789636,9989876
1790562283,11857568,9989876
1790562285,10354620,9989876
1790562287,10189044,9989876
1790562289,11405388,9989876
1790562291,11540844,9989876
1790562293,10404884,9989876
1790562295,10390080,9989876
1790562297,11755660,9989876
1790562299,11810232,9989876
1790562301,11806596,9989876
1790562303,11658688,9989876
1790562305,11741356,9989892
1790562307,11744960,9989892
1790562309,11804860,9989892
1790562311,10664116,9989892
1790562313,10670088,9989892
1790562315,11701248,9989892
1790562317,11691092,9989892
1790562319,11777128,9989892
1790562321,10526588,9989892
1790562323,10518372,9989892
1790562325,11768052,9989892
1790562327,11782136,9989892
1790562329,11818936,9989892
1790562331,10268920,9989892
1790562333,10176836,9989892
1790562335,11379024,9989892
1790562337,11461964,9989892
1790562339,10436348,9989892
1790562341,10360044,9989892
1790562343,11739344,9989892
1790562345,11827396,9989892
1790562347,11865424,9989892
1790562349,11147716,9989892
1790562351,11706692,9989892
1790562353,11772672,9989892
1790562355,11887056,9989892
1790562357,11916380,9989892
1790562359,10731972,9989892
1790562361,11715172,9989892
1790562363,11739536,9989892
1790562365,11790408,9989892
1790562367,10407136,9989892
1790562369,10422896,9989892
1790562371,11701596,9989892
1790562373,11755872,9989892
1790562375,11870804,9989896
1790562377,10227884,9989896
1790562379,10100284,9989896
1790562381,10435980,9989896
1790562384,11333876,9989896
1790562386,10265180,9989896
1790562388,10288232,9989896
1790562390,11684512,9989896
1790562392,11785336,9989896
1790562394,11837300,9989896
1790562396,10383364,9989896
1790562398,10618416,9989896
1790562400,11771996,9989896
1790562402,11810828,9989896
1790562404,11889160,9989896
1790562406,11612412,9989928
1790562408,11746272,9989936
1790562410,11795440,9989936
1790562412,11923564,9989936
1790562414,10726056,9989936
1790562416,10727356,9989936
1790562418,11777796,9989936
1790562420,11894088,9989936
1790562422,11838288,9989936
1790562424,10226040,9989936
1790562426,10114160,9989936
1790562428,10143936,9989936
1790562430,11332396,9989936
1790562432,10649224,9989936
1790562434,10133208,9989936
1790562436,11711560,9989936
1790562438,11732316,9989936
1790562440,11797204,9989936
1790562442,10448460,9989936
1790562444,10592908,9989936
1790562446,11779316,9989936
1790562448,11803920,9989936
1790562450,11811672,9989936
1790562452,11427780,9989936
1790562454,11767132,9989936
1790562456,11811428,9989936
1790562458,11933720,9989940
1790562460,11936292,9989940
1790562462,10728948,9989940
1790562464,11754368,9989940
1790562466,11786576,9989940
1790562468,11847684,9989940
1790562470,10285468,9989940
1790562472,10338236,9989940
1790562474,10227616,9989940
1790562476,11410224,9989940
1790562478,10715848,9989940
1790562480,10302296,9989940
1790562482,11650748,9989940
1790562484,11694344,9989940
1790562486,11776920,9989940
1790562488,10494772,9989940
1790562490,10623936,9989940
1790562492,11801696,9989940
1790562494,11799112,9989940
1790562496,11830892,9989940
1790562498,11228808,9989940
1790562500,11660744,9989940
1790562502,11670572,9989940
1790562504,11761380,9989940
1790562506,11884512,9989940
1790562508,10666304,9989940
1790562510,11789356,9989940
1790562512,11855560,9989940
1790562514,11871828,9989940
1790562516,10286140,9989940
1790562518,11326328,9989940
1790562520,10233084,9989940
1790562522,11417924,9989940
1790562524,10727480,9989940
1790562526,10308364,9989940
1790562528,11703464,9989940
1790562530,11716888,9989940
1790562532,11830356,9989956
1790562534,10522084,9989956
1790562536,10704184,9989956
1790562538,11865504,9989956
1790562540,11949632,9989956
1790562542,11861400,9989956
1790562544,11246280,9989956
1790562546,11722368,9989956
1790562548,11778552,9989956
1790562550,11805176,9989956
1790562552,11847932,9989956
1790562554,10641280,9989956
1790562556,11674876,9989956
1790562558,11734968,9989956
1790562560,11820872,9989956
1790562562,10238736,9989956
1790562564,11408076,10000196
1790562566,10134944,10000196
1790562568,11403804,10000196
1790562570,10665132,10000196
1790562572,10681416,10000196
1790562574,11640096,10014532
1790562576,11727688,10014532
1790562578,11758212,10014532
1790562580,10452864,10014532
1790562582,10576540,10014532
1790562584,11791392,10018628
1790562586,11823448,10018628
1790562588,11891056,10018628
1790562590,11185816,10018628
1790562592,10663796,10018628
1790562594,11839604,10022724
1790562596,11860232,10022724
1790562598,11893644,10022724
1790562600,10818672,10022724
1790562602,11684632,10022724
1790562604,11742800,10037060
1790562606,11820804,10037060
1790562608,10195904,10037060
1790562610,11317244,10037064
1790562612,10144436,10037064
1790562614,11376056,10037064
1790562616,11421160,10037064
1790562618,10657012,10037064
1790562620,11593012,10037064
1790562622,11741536,10037064
1790562624,11804136,10041160
1790562626,10490844,10041160
1790562628,10583848,10041160
1790562630,11716284,10041160
1790562632,11766056,10041160
1790562634,11913868,10041160
1790562636,10641756,10041160
1790562638,10646364,10041160
1790562640,11796928,10041160
1790562642,11793740,10041160
1790562644,11929240,10041160
1790562646,11844568,10041160
1790562648,11749856,10041160
1790562650,11761768,10041160
1790562652,8724944,10041160
1790562654,8686484,10041160
1790562656,8994512,10041160
1790562658,9656444,10041160
1790562660,9764868,10041172
1790562662,9657296,10041172
1790562664,9742064,10041172
1790562666,9636736,10041172
1790562668,9641320,10041172
1790562670,9684252,10041172
1790562672,9662948,10041172
1790562674,11117232,10041172
1790562676,10105664,10041192
1790562678,12742184,9932072
1790562680,10825648,9932072
1790562682,10229024,9932072
1790562684,10298224,9932072
1790562686,11107068,9932072
1790562688,12570388,9932072
1790562690,12712312,9932072
1790562692,10635208,9932072
1790562694,10772756,9932072
1790562696,12028856,9932072
1790562698,12012596,9932072
1790562700,12059140,9932072
1790562702,11571252,9932072
1790562704,12009680,9932072
1790562706,12023020,9932072
1790562708,12111476,9932072
1790562710,12115428,9932072
1790562712,10946692,9932072
1790562714,11972340,9932072
1790562716,12079472,9932072
1790562718,12151716,9932072
1790562720,10971508,9932072
1790562722,10709872,9932072
1790562724,11992512,9932072
1790562726,12000684,9932072
1790562728,12035240,9932072
1790562730,10451224,9932072
1790562732,10218712,9932072
1790562734,11507844,9932072
1790562736,11519804,9932072
1790562738,10388920,9932072
1790562740,10201036,9932088
1790562742,11752800,9932088
1790562744,11829996,9932088
1790562746,11921628,9932088
1790562748,11272464,9932088
1790562750,11967440,9932088
1790562752,11983552,9932088
1790562754,11987568,9932088
1790562756,11989912,9932088
1790562758,10820276,9932088
1790562760,11867984,9932088
1790562762,11888432,9932088
1790562764,11956140,9932088
1790562766,10689052,9932088
1790562768,10663988,9932104
1790562770,11896432,9932104
1790562772,11995644,9932104
1790562774,11995420,9932104
1790562776,10396112,9932104
1790562778,10281788,9932104
1790562780,11603856,9932104
1790562782,11496504,9932104
1790562784,10302592,9932104
1790562786,10229608,9932104
1790562788,11804472,9932104
1790562790,11932888,9932104
1790562792,11967572,9932104
1790562794,11186052,9932104
1790562796,10783192,9932104
1790562798,11846540,9932104
1790562800,11849176,9932104
1790562802,12016472,9932104
1790562804,10804024,9932104
1790562806,11885904,9932104
1790562808,11886488,9932104
1790562810,11905540,9932104
1790562812,10813192,9932104
1790562814,10549760,9932104
1790562816,11918648,9932104
1790562818,11924540,9932104
1790562820,11938500,9932104
1790562822,10396636,9932104
1790562824,10270880,9932104
1790562826,10609328,9932104
1790562828,11506724,9932104
1790562830,10347668,9932104
1790562832,10216504,9932104
1790562834,11752232,9932104
1790562836,11937132,9932104
1790562838,11960200,9932104
1790562840,10971208,9932104
1790562842,10735520,9932104
1790562844,11838276,9932104
1790562846,11873408,9932104
1790562848,11946156,9932104
1790562850,11790796,9932104
1790562852,11895260,9932104
1790562854,11951688,9932104
1790562856,11951788,9932104
1790562858,10785816,9932104
1790562860,10626032,9932104
1790562862,11862784,9932104
1790562864,11904464,9932104
1790562866,12027712,9932104
1790562868,10834208,9932104
1790562870,10467592,9932104
1790562872,10271720,9932104
1790562874,11542992,9932104
1790562876,10753436,9932104
1790562878,10257812,9932104
1790562880,11819804,9932104
1790562882,11934792,9932104
1790562884,11974200,9932104
1790562886,10649968,9932104
1790562888,10788556,9932104
1790562890,11929188,9932104
1790562892,11952876,9932104
1790562894,11979680,9932104
1790562896,11511516,9932104
1790562898,11897024,9932104
1790562900,11991656,9932104
1790562902,11920916,9932104
1790562904,11983240,9932104
1790562906,10756696,9932104
1790562908,11860008,9932104
1790562910,11855760,9932104
1790562912,11912012,9932104
1790562914,10556712,9932104
1790562916,11389532,9932104
1790562918,10479316,9932104
1790562920,11491044,9932104
1790562922,10753696,9932104
1790562924,10337404,9932104
1790562926,11844536,9932104
1790562928,11874576,9932104
1790562930,11919584,9932104
1790562932,10690216,9932104
1790562934,10568796,9932104
1790562936,11946844,9932104
1790562938,11949580,9932104
1790562940,11992708,9932104
1790562942,11403780,9932104
1790562944,10789216,9932104
1790562946,11878536,9932104
1790562948,11982872,9932104
1790562950,12033860,9932104
1790562952,10803520,9932104
1790562954,11906188,9932104
1790562956,11951804,9932104
1790562958,11980220,9932104
1790562960,10464612,9932104
1790562962,11447784,9932104
1790562964,10273056,9932104
1790562966,11487008,9932104
1790562968,10779724,9932104
1790562970,10793260,9932104
1790562972,11740644,9932104
1790562974,11844444,9932104
1790562976,11925060,9932104
1790562978,10569000,9932104
1790562980,10723172,9932104
1790562982,11964424,9932104
1790562984,11998100,9932104
1790562986,12007560,9932104
1790562988,11321768,9932104
1790562990,10800184,9932104
1790562992,11946056,9932104
1790562994,11997764,9932104
1790562996,12012560,9932104
1790562998,11979224,9932104
1790563000,11918092,9932104
1790563002,11911408,9932104
1790563004,11954636,9932104
1790563006,10437332,9932104
1790563008,11491540,9932104
1790563010,10294808,9932104
1790563012,11507852,9932104
1790563014,11631840,9932104
1790563016,10831844,9932120
1790563018,11796156,9932120
1790563020,12066508,9932136
1790563022,11968900,9932136
1790563024,10586228,9932136
1790563026,10622004,9932136
1790563028,11884080,9932136
1790563030,11882400,9932136
1790563032,11959224,9932136
1790563034,10544836,9932136
1790563036,10772556,9932136
1790563038,11900168,9932136
1790563040,11899364,9932136
1790563042,12029048,9932136
1790563044,11773488,9932136
1790563046,11804516,9932136
1790563048,11842684,9932136
1790563050,11925172,9932136
1790563052,10408184,9932136
1790563054,11562764,9932136
1790563056,10289788,9932136
1790563058,11558568,9932136
1790563060,11703444,9932136
1790563062,10789948,9932136
1790563064,11815856,9932136
1790563066,11919668,9932136
1790563068,12051212,9932160
1790563070,10741308,9932160
1790563072,10642236,9932160
1790563074,11944828,9932160
1790563076,11970408,9932160
1790563079,11972724,9932160
1790563081,10668716,9932160
1790563083,10725976,9932160
1790563085,11867720,9932160
1790563087,11875628,9932160
1790563089,11938192,9932160
1790563091,11675948,9932160
1790563093,11790384,9932160
1790563095,11825100,9932160
1790563097,11953696,9932160
1790563099,10299608,9932200
1790563101,11530928,9932200
1790563103,10217384,9932200
1790563105,11467128,9932200
1790563107,11594776,9932200
1790563109,10722080,9932200
1790563111,11640156,9932200
1790563113,11863764,9932200
1790563115,11913912,9932200
1790563117,10576888,9932200
1790563119,10625008,9932216
1790563121,11950108,9932216
1790563123,11948652,9932216
1790563125,11999724,9932216
1790563127,10619804,9932216
1790563129,10785516,9932216
1790563131,11955492,9932216
1790563133,11975528,9932216
1790563135,11979700,9932216
1790563137,11509552,9932216
1790563139,11873264,9932216
1790563141,12017716,9932216
1790563143,11953152,9932216
1790563145,10457512,9932216
1790563147,11486584,9932216
1790563149,10264244,9932216
1790563151,11482284,9932216
1790563153,11501744,9932216
1790563155,10767952,9932216
1790563157,11715504,9932216
1790563159,11785596,9932216
1790563161,11873084,9932216
1790563163,10734376,9932216
1790563165,10564048,9932216
1790563167,11824520,9932216
1790563169,11871052,9932216
1790563171,11892540,9932216
1790563173,10587932,9932232
1790563175,10634404,9932232
1790563177,11916716,9932232
1790563179,11945468,9932232
1790563181,11995504,9932232
1790563183,11459604,9932232
1790563185,11886180,9932232
1790563187,11932668,9932232
1790563189,11967320,9932232
1790563191,9027928,9932232
1790563193,9129040,9932232
1790563195,9807924,9932232
1790563197,9966252,9932232
1790563199,10002204,9932232
1790563201,9890720,9932232
1790563203,9776460,9932232
1790563205,9818004,9932232
1790563207,9770264,9932232
1790563209,9773224,9932232
1790563211,11239076,9932248
1790563213,13648880,9932248
1790563215,8271460,9909684
1790563217,10837604,9909700
1790563219,10227404,9909700
1790563221,10419468,9909744
1790563223,11716980,9909744
1790563225,12449964,9909744
1790563227,12641120,9909744
1790563229,10401520,9909744
1790563231,10420216,9909744
1790563233,12029116,9909744
1790563235,12044468,9909744
1790563237,12078448,9909744
1790563239,11502044,9909744
1790563241,10854428,9909744
1790563243,12032664,9909744
1790563245,12063416,9909744
1790563247,12161372,9909744
1790563249,12111168,9909744
1790563251,11993352,9909744
1790563253,12000040,9909744
1790563255,12052072,9909744
1790563257,10966832,9909744
1790563259,10891020,9909744
1790563261,12091228,9909744
1790563263,11970828,9909744
1790563265,11997768,9909744
1790563267,10445552,9909744
1790563269,10257316,9909744
1790563271,10279224,9909744
1790563273,11560496,9909744
1790563275,10696388,9909744
1790563277,10334568,9909744
1790563279,11804052,9909744
1790563281,11869108,9909744
1790563283,11940636,9909744
1790563285,10656860,9909744
1790563287,10794584,9909744
1790563289,11953796,9909744
1790563291,11942436,9909744
1790563293,12017576,9909744
1790563295,11815216,9909744
1790563297,11835620,9909776
1790563299,11871184,9909776
1790563301,11970916,9909776
1790563303,10834068,9909776
1790563305,10851712,9909776
1790563307,11928540,9909776
1790563309,11920924,9909776
1790563311,11950324,9909776
1790563313,10404708,9909776
1790563315,10420300,9909776
1790563317,10316540,9909776
1790563319,11503820,9909776
1790563321,10883748,9909776
1790563323,10266244,9909788
1790563325,11735288,9909788
1790563327,11916780,9909788
1790563329,11943268,9909788
1790563331,10535996,9909788
1790563333,10752136,9909788
1790563335,11866652,9909788
1790563337,11866576,9909788
1790563339,11948864,9909788
1790563341,11456556,9909788
1790563343,11889576,9909788
1790563345,11891044,9909788
1790563347,11899292,9909788
1790563349,11235420,9909788
1790563351,10796424,9909788
1790563353,11948828,9909788
1790563355,11996276,9909788
1790563357,12013136,9909788
1790563359,10411844,9909788
1790563361,10552528,9909788
1790563363,10352836,9909788
1790563365,11608552,9909788
1790563367,10838428,9909788
1790563369,10244448,9909788
1790563371,11789912,9909788
1790563373,11857104,9909788
1790563375,11957728,9909788
1790563377,10557440,9909788
1790563379,10756688,9909788
1790563381,11961060,9909788
1790563383,11893952,9909788
1790563385,12010376,9909792
1790563387,11328476,9909792
1790563389,11597728,9909792
1790563391,11918884,9909792
1790563393,11918828,9909792
1790563395,11973800,9909792
1790563397,10810724,9909792
1790563399,11847580,9909792
1790563401,11856260,9909792
1790563403,11927960,9909792
1790563405,10374532,9909792
1790563407,11471948,9909792
1790563409,10320564,9909792
1790563411,11511384,9909792
1790563413,10826704,9909792
1790563415,10807576,9909792
1790563417,11689352,9909792
1790563419,11817416,9909792
1790563421,11940252,9909792
1790563423,10640228,9909792
1790563425,10672176,9909804
1790563427,11948412,9909804
1790563429,11957244,9909804
1790563431,11990924,9909804
1790563433,11098388,9909804
1790563435,10765204,9909804
1790563437,11931916,9909804
1790563439,11956764,9909804
1790563441,12063876,9909804
1790563443,11979148,9909804
1790563445,11823668,9909804
1790563447,11895092,9909804
1790563449,11937912,9909804
1790563451,10379896,9909804
1790563453,11496252,9909804
1790563455,10280852,9909804
1790563457,11457604,9909804
1790563459,11553308,9909804
1790563461,10775684,9909804
1790563463,11832932,9909804
1790563465,11905340,9909832
1790563467,11942512,9909832
1790563469,10557004,9909832
1790563471,10636904,9909832
1790563473,11973968,9909832
1790563475,12021160,9909832
1790563477,12023444,9909832
1790563479,10760456,9909832
1790563481,10795128,9909832
1790563483,11948700,9909832
1790563485,11974836,9909848
1790563487,12045212,9909848
1790563489,11865008,9909848
1790563491,11918804,9909848
1790563493,11914048,9909848
1790563495,11943192,9909848
1790563497,10410624,9909848
1790563499,11551712,9909848
1790563501,10293004,9909848
1790563503,11517244,9909848
1790563505,11582464,9909848
1790563507,10803084,9909848
1790563509,11747508,9909848
1790563511,11745860,9909848
1790563513,11948088,9909848
1790563515,10715272,9909848
1790563517,10696180,9909848
1790563519,11981796,9909848
1790563521,11982988,9909848
1790563523,12017680,9909848
1790563525,10702176,9909848
1790563527,10807708,9909848
1790563529,11888700,9909848
1790563531,11958568,9909848
1790563533,12035764,9909860
1790563535,11544324,9909860
1790563537,11915260,9909860
1790563539,11923656,9909860
1790563541,11959320,9909860
1790563543,10390544,9909860
1790563545,11558152,9909860
1790563547,10303796,9909860
1790563549,11508172,9909860
1790563551,11640388,9909860
1790563553,10812484,9909860
1790563555,11861284,9909860
1790563557,11897376,9909876
1790563559,11991196,9909876
1790563561,10792484,9909880
1790563563,10471736,9909880
1790563565,11899288,9909880
1790563567,11952528,9909880
1790563569,11982224,9909880
1790563571,10715892,9909880
1790563573,10675816,9909880
1790563575,11819624,9909880
1790563577,11909732,9909880
1790563579,11992456,9909880
1790563581,11254264,9909880
1790563583,10767608,9909880
1790563585,11891812,9909880
1790563587,11993144,9909880
1790563589,10803144,9909880
1790563591,10827420,9909880
1790563593,10757760,9909880
1790563595,11620976,9909880
1790563597,11674412,9909880
1790563599,11715740,9909880
1790563601,11755576,9909880
1790563603,11899500,9909880
1790563605,11927876,9909880
1790563607,10824412,9909880
1790563609,10861576,9909880
1790563611,11880528,9909880
1790563613,11952268,9909880
1790563615,12021668,9909880
1790563617,10725904,9909880
1790563619,10712316,9909880
1790563621,11870680,9909880
1790563623,11902752,9909880
1790563625,11914604,9909880
1790563627,10988052,9909880
1790563629,10739676,9909880
1790563631,11813288,9909880
1790563633,11906136,9909880
1790563635,10867788,9909880
1790563637,10487548,9909880
1790563639,10282836,9909880
1790563641,11484628,9909880
1790563643,11582948,9909880
1790563645,11302084,9909880
1790563647,11688736,9909880
1790563649,11871592,9909880
1790563651,11968848,9909880
1790563653,12034684,9909896
1790563655,10855668,9909896
1790563657,11893572,9909896
1790563659,11940508,9909896
1790563661,12022020,9909896
1790563663,10771756,9909896
1790563665,10588392,9909896
1790563667,11921376,9909896
1790563669,11989508,9909912
1790563671,12049944,9909912
1790563673,10736276,9909912
1790563675,10839796,9909912
1790563677,11985916,9909912
1790563679,12016024,9909912
1790563681,10932316,9909940
1790563683,10509572,9909940
1790563685,10282220,9909940
1790563687,11474764,9909940
1790563689,11540016,9909940
1790563691,11348508,9909940
1790563693,11817724,9909940
1790563695,11878948,9909940
1790563697,11911336,9909940
1790563699,11949852,9909940
1790563701,10801436,9909940
1790563703,11871752,9909956
1790563705,11907252,9909956
1790563707,11917960,9909956
1790563709,10926244,9909976
1790563711,10641216,9909976
1790563713,11849312,9909976
1790563715,11996092,9909976
1790563717,12074624,9909976
1790563719,10683676,9909976
1790563721,10756180,9909992
1790563723,11948912,9909992
1790563725,11950656,9909992
1790563727,9235956,9909992
1790563729,9235748,9909992
1790563731,9803588,9909992
1790563733,9807576,9909992
1790563735,9813144,9909992
1790563737,9893536,9909992
1790563739,9849836,9909992
1790563741,9743404,9909992
1790563743,9706636,9909992
1790563745,9727472,9909992
1790563747,10171324,9909992
1790563749,11145352,9909992
1790563751,6784092,9899704
1790563753,11664236,9899704
1790563755,10222976,9900020
1790563757,10265720,9900020
1790563759,10942560,9900020
1790563761,12517240,9900020
1790563763,12616588,9900020
1790563765,10928644,9900020
1790563767,10906588,9900020
1790563769,11848320,9900020
1790563771,11943720,9900020
1790563773,12095696,9900020
1790563775,10672764,9900020
1790563777,10884324,9900020
1790563780,12116096,9900020
1790563782,12115324,9900020
1790563784,12122168,9900020
1790563786,11405748,9900020
1790563788,10928264,9900020
1790563790,12031216,9900020
1790563792,12024268,9900020
1790563794,12125212,9900020
1790563796,12116508,9900020
1790563798,12063448,9900020
1790563800,12143588,9900020
1790563802,11998000,9900020
1790563804,10434212,9900020
1790563806,11632760,9900020
1790563808,10277656,9900020
1790563810,11465240,9900020
1790563812,11655728,9900020
1790563814,10777520,9900020
1790563816,11787160,9900020
1790563818,11861168,9900020
1790563820,11905148,9900020
1790563822,10660132,9900020
1790563824,10661976,9900020
1790563826,11860556,9900020
1790563828,11861300,9900020
1790563830,11947184,9900020
1790563832,10952284,9900020
1790563834,10842248,9900020
1790563836,11988756,9900020
1790563838,11990184,9900020
1790563840,11996208,9900020
1790563842,11843436,9900020
1790563844,11822032,9900020
1790563846,11883924,9900020
1790563848,11986912,9900020
1790563850,10380016,9900020
1790563852,11575796,9900020
1790563854,10330608,9900020
1790563856,11581712,9900020
1790563858,11690756,9900020
1790563860,10887436,9900020
1790563862,11763200,9900020
1790563864,11875824,9900020
1790563866,11921172,9900020
1790563868,10713280,9900020
1790563870,10592508,9900024
1790563872,11813352,9900024
1790563874,11896020,9900032
1790563876,11923496,9900032
1790563878,10650128,9900032
1790563880,10771944,9900032
1790563882,11934092,9900032
1790563884,11927936,9900032
1790563886,11930852,9900032
1790563888,11469884,9900032
1790563890,11807348,9900032
1790563892,11940448,9900032
1790563894,11987112,9900032
1790563896,10407828,9900032
1790563898,11566760,9900032
1790563900,10305600,9900032
1790563902,11554876,9900032
1790563904,11643492,9900032
1790563906,10822380,9900032
1790563908,11727768,9900032
1790563910,11870668,9900032
1790563912,12001252,9900032
1790563914,10849968,9900032
1790563916,10667132,9910272
1790563918,11966320,9910288
1790563920,12019160,9910288
1790563922,11929860,9910288
1790563924,10649524,9910288
1790563926,10698796,9920528
1790563928,11839320,9920528
1790563930,11923632,9920528
1790563932,12019684,9920528
1790563934,11390276,9920528
1790563936,10782584,9930768
1790563938,11913116,9930768
1790563940,11917924,9930768
1790563942,10807508,9930768
1790563944,10626612,9930768
1790563946,10267920,9947152
1790563948,11482952,9947152
1790563950,11542928,9947152
1790563952,11911000,9947152
1790563954,11744236,9947152
1790563956,11909712,9951248
1790563958,12018804,9951288
1790563960,10855172,9951288
1790563962,10651264,9951288
1790563964,11971436,9951288
1790563966,12027568,9957432
1790563968,12033804,9957432
1790563970,10676348,9957432
1790563972,10812376,9957432
1790563974,11928852,9957432
1790563976,11985580,9969720
1790563978,12048516,9969720
1790563980,11355104,9969720
1790563982,11879064,9969720
1790563984,11940060,9969720
1790563986,11940484,9969720
1790563988,10458300,9969720
1790563990,10913644,9969720
1790563992,10286216,9969720
1790563994,11518660,9969720
1790563996,11565048,9973816
1790563998,11870908,9973816
1790564000,11775916,9973816
1790564002,11777160,9973816
1790564004,11907512,9973816
1790564006,10804792,9973816
1790564008,10721068,9973832
1790564010,11897748,9973832
1790564012,11985480,9973832
1790564014,12018068,9973832
1790564016,10691792,9973832
1790564018,10780864,9973832
1790564020,11888960,9973832
1790564022,11957100,9973832
1790564024,12019812,9973832
1790564026,11164288,9973832
1790564028,10850924,9973832
1790564030,12009500,9973832
1790564032,12043956,9973832
1790564034,10752860,9973832
1790564036,10411432,9973836
1790564038,10339064,9975908
1790564040,11630000,9975908
1790564042,11581032,9975908
1790564044,11654344,9975908
1790564046,11851072,9975908
1790564048,11848136,9990244
1790564050,11852968,9990244
1790564052,10811532,9990244
1790564054,10814560,9990244
1790564056,11938460,9990244
1790564058,11936380,10000484
1790564060,12006508,10000500
1790564062,10730704,10000500
1790564064,10706700,10000500
1790564066,11916916,10000500
1790564068,11923616,10000500
1790564070,11963988,10000500
1790564072,11152028,10000500
1790564074,10816088,10000500
1790564076,11965864,10000500
1790564078,11980980,10000500
1790564080,11046232,10000500
1790564082,10404340,10000500
1790564084,10345764,10000500
1790564086,11567064,10000500
1790564088,11595948,10002548
1790564090,11699556,10002548
1790564092,11905940,10002548
1790564094,11904368,10002548
1790564096,11930288,10002548
1790564098,10835844,10002548
1790564100,10786268,10004596
1790564102,11941592,10004596
1790564104,11984616,10004596
1790564106,11987548,10004596
1790564108,10720084,10004596
1790564110,10622064,10004628
1790564112,11892192,10004628
1790564114,11915236,10004644
1790564116,11927352,10004644
1790564118,11328804,10004644
1790564120,10822692,10004644
1790564122,11976960,10004644
1790564124,11970652,10004644
1790564126,10848108,10004644
1790564128,10377584,10004644
1790564130,10279152,10004652
1790564132,11534820,10004652
1790564134,11648508,10004652
1790564136,11523792,10004652
1790564138,11794768,10004660
1790564140,11771300,10004660
1790564142,11936692,10004660
1790564144,10809248,10004660
1790564146,10512796,10004660
1790564148,11938352,10004660
1790564150,11943268,10004660
1790564152,11982384,10004660
1790564154,10773800,10004660
1790564156,10634464,10004660
1790564158,11895012,10004660
1790564160,11969552,10004660
1790564162,11919320,10004660
1790564164,11381392,10004660
1790564166,10756760,10004660
1790564168,11904592,10004660
1790564170,11911708,10004660
1790564172,10692076,10004660
1790564174,10345096,10004660
1790564176,10250844,10004660
1790564178,11494344,10004660
1790564180,11499176,10004660
1790564182,11507668,10004660
1790564184,11676924,10004720
1790564186,11751364,10004720
1790564188,11921488,10004720
1790564190,10794752,10004720
1790564192,10853908,10004720
1790564194,11930092,10004720
1790564196,11946628,10004720
1790564198,11968636,10004720
1790564200,10793616,10004720
1790564202,10707180,10004720
1790564204,11928544,10004720
1790564206,11940332,10004720
1790564208,12006664,10004720
1790564210,11192912,10004720
1790564212,10869352,10004736
1790564214,11907944,10004736
1790564216,11950560,10004736
1790564218,10925316,10004736
1790564220,10507596,10004736
1790564222,10258040,10004736
1790564224,11581036,10004736
1790564226,11585472,10004736
1790564228,11346988,10004736
1790564230,11641016,10004744
1790564232,11762468,10004744
1790564234,11936148,10004744
1790564236,10812680,10004744
1790564238,10823284,10004744
1790564240,11844624,10004744
1790564242,11909868,10004744
1790564244,11949624,10004744
1790564246,10585000,10004744
1790564248,10683840,10004744
1790564250,11906912,10004744
1790564252,11973412,10004744
1790564254,12033572,10004744
1790564256,10906032,10004744
1790564258,10825356,10004744
1790564260,11855588,10004744
1790564262,11972024,10004760
1790564264,8979916,10004760
1790564266,9158756,10004760
1790564268,9833956,10004760
1790564270,9838776,10004760
1790564272,10017504,10004760
1790564274,9986392,10004760
1790564276,9913212,10004760
1790564278,9850492,10004760
1790564280,9922988,10004760
1790564282,9779064,10004760
1790564284,11069976,10004760
1790564286,11753296,10004760
1790564288,7618096,9975236
1790564290,11907868,9975236
1790564292,10682328,9975236
1790564294,10621692,9975236
1790564296,11754956,9975236
1790564298,12602244,9975236
1790564300,12726896,9975236
1790564302,10641580,9975236
1790564304,10438280,9975236
1790564306,11883840,9975236
1790564308,12030752,9975236
1790564310,12115056,9975236
1790564312,10855816,9975236
1790564314,10969176,9975236
1790564316,12067112,9975236
1790564318,12164756,9975236
1790564320,12218948,9975236
1790564322,11736628,9975236
1790564324,12134492,9975236
1790564326,12138988,9975236
1790564328,12158428,9975236
1790564330,11006788,9975236
1790564332,11029680,9975236
1790564334,12104584,9975236
1790564336,12142012,9975236
1790564338,12205128,9975236
1790564340,10802012,9975236
1790564342,11184400,9975236
1790564344,10704028,9975236
1790564346,11535952,9975236
1790564348,10820956,9975236
1790564350,10488168,9975236
1790564352,11958560,9975236
1790564354,11958872,9975236
1790564356,11970360,9975236
1790564358,10737904,9975240
1790564360,10805656,9975240
1790564362,11981728,9975248
1790564364,11987720,9975248
1790564366,12008912,9975256
1790564368,11704740,9975256
1790564370,11964268,9975260
1790564372,12002092,9975260
1790564374,12004280,9975260
1790564376,12094984,9975260
1790564378,10902620,9975260
1790564380,11965068,9975260
1790564382,12013160,9975260
1790564384,12049452,9975260
1790564386,10463296,9975260
1790564388,10724200,9975260
1790564390,10389280,9975260
1790564392,11578684,9975260
1790564394,10877384,9975260
1790564396,10563556,9975260
1790564398,12007768,9975260
1790564400,12115228,9975284
1790564402,11996424,9975284
1790564404,10683896,9975284
1790564406,10758548,9975284
1790564408,11964476,9975284
1790564410,11957560,9975308
1790564412,12031396,9975308
1790564414,11633804,9975308
1790564416,11959704,9975308
1790564418,11949592,9975308
1790564420,12006496,9975308
1790564422,10828896,9975308
1790564424,10844204,9975308
1790564426,11824772,9975308
1790564428,11966076,9975308
1790564430,12000728,9975308
1790564432,10439908,9975308
1790564434,10325184,9975308
1790564436,10369216,9975308
1790564438,11548108,9975312
1790564440,10848952,9975312
1790564442,10557552,9975312
1790564444,11923080,9975312
1790564446,12015248,9975312
1790564448,12084836,9975312
1790564450,10774184,9975312
1790564452,10810616,9975312
1790564454,11991604,9975312
1790564456,12030552,9975312
1790564458,12076008,9975312
1790564460,11760456,9975312
1790564462,11976628,9975312
1790564464,12021216,9975312
1790564466,12095320,9975312
1790564468,10840152,9975312
1790564470,10844032,9975312
1790564472,11900104,9975312
1790564474,11931492,9975312
1790564476,11966268,9975312
1790564478,10386700,9975312
1790564480,10277948,9975312
1790564482,10331876,9975312
1790564484,11514848,9975312
1790564486,10796936,9975312
1790564488,10502576,9975328
1790564491,11867576,9975328
1790564493,12014184,9975328
1790564495,12011312,9975328
1790564497,10691372,9975328
1790564499,10801648,9975328
1790564501,12012236,9975328
1790564503,12010692,9975328
1790564505,12059988,9975328
1790564507,11864916,9975328
1790564509,11934664,9975328
1790564511,11989920,9975328
1790564513,12043536,9975328
1790564515,10896424,9975328
1790564517,10627916,9975328
1790564519,11938948,9975328
1790564521,12039920,9975328
1790564523,12003088,9975328
1790564525,10409444,9975328
1790564527,10285476,9975328
1790564529,10328784,9975328
1790564531,11531088,9975328
1790564533,10630896,9975328
1790564535,10390548,9975328
1790564537,11923548,9975328
1790564539,11974796,9975344
1790564541,11992208,9975344
1790564543,10950576,9975348
1790564545,10808984,9975348
1790564547,11947740,9975348
1790564549,11957876,9975348
1790564551,12077412,9975348
1790564553,11958884,9975348
1790564555,11963096,9975348
1790564557,11974552,9975372
1790564559,12030268,9975372
1790564561,10877276,9975372
1790564563,10660016,9975372
1790564565,11993828,9975372
1790564567,11999616,9975372
1790564569,12054168,9975372
1790564571,10450784,9975372
1790564573,10324908,9975372
1790564575,11545900,9975372
1790564577,11531684,9975372
1790564579,10628444,9975372
1790564581,10681312,9975372
1790564583,11800832,9975372
1790564585,11947116,9975372
1790564587,11974028,9975372
1790564589,11306928,9975372
1790564591,10792444,9975372
1790564593,11962892,9975372
1790564595,11963792,9975372
1790564597,12007004,9975372
1790564599,10865528,9975372
1790564601,11944320,9975372
1790564603,11970536,9975372
1790564605,12007268,9975372
1790564607,10857500,9975372
1790564609,10617512,9975372
1790564611,11872264,9975372
1790564613,11941160,9975372
1790564615,12069932,9975372
1790564617,10444828,9975372
1790564619,10318504,9975372
1790564621,11550036,9975372
1790564623,11568016,9975372
1790564625,10557928,9975372
1790564627,10543840,9975372
1790564629,11859976,9975372
1790564631,11976008,9975372
1790564633,12023548,9975372
1790564635,11385888,9975372
1790564637,10792860,9975372
1790564639,12022888,9975372
1790564641,12114064,9975372
1790564643,12004196,9975372
1790564645,10869840,9975372
1790564647,11833732,9975372
1790564649,11853120,9975372
1790564651,12061748,9975400
1790564653,10841852,9975400
1790564655,10669548,9975400
1790564657,11961264,9975400
1790564659,11960084,9975400
1790564661,11997904,9975400
1790564663,10417508,9975400
1790564665,10307208,9975400
1790564667,11507100,9975400
1790564669,11506484,9975400
1790564671,10564568,9975400
1790564673,10569496,9975400
1790564675,11944108,9975400
1790564677,11985944,9975400
1790564679,11982424,9975400
1790564681,11358812,9975400
1790564683,11949504,9975400
1790564685,11953364,9975400
1790564687,11958700,9975400
1790564689,12064236,9975416
1790564691,10911916,9975416
1790564693,11998916,9975416
1790564695,12043100,9975416
1790564697,12061820,9975416
1790564699,10900644,9975416
1790564701,10749376,9975416
1790564703,11893532,9975416
1790564705,11931584,9975416
1790564707,11998120,9975416
1790564709,10421984,9975416
1790564711,10300064,9975416
1790564713,11515748,9975416
1790564715,11532100,9975416
1790564717,10561164,9975416
1790564719,10372460,9975416
1790564721,11821404,9975416
1790564723,11901400,9975432
1790564725,12056872,9975432
1790564727,11316520,9975432
1790564729,11918580,9975432
1790564731,11970324,9975432
1790564733,11998312,9975432
1790564735,12060576,9975432
1790564737,10878696,9975432
1790564739,11849052,9975432
1790564741,12003240,9975432
1790564743,12015036,9975432
1790564745,10759328,9975432
1790564747,10542264,9975432
1790564749,11925724,9975432
1790564751,11955616,9975432
1790564753,12029344,9975432
1790564755,10454808,9975432
1790564757,10335816,9975432
1790564759,11574456,9975432
1790564761,11623880,9975432
1790564763,10470340,9975432
1790564765,10542028,9975432
1790564767,11836476,9975432
1790564769,11840216,9975432
1790564771,11958292,9975432
1790564773,11599092,9975432
1790564775,11882480,9975432
1790564777,11886788,9975432
1790564779,11893708,9975432
1790564781,12034644,9975432
1790564783,10819584,9975432
1790564785,11793344,9975432
1790564787,11890912,9975432
1790564789,12021256,9975432
1790564791,10737652,9975432
1790564793,10683404,9975432
1790564795,11946792,9975432
1790564797,11960792,9975432
1790564799,9456552,9975432
1790564801,9163872,9975432
1790564803,11158720,9975432
1790564805,10028988,9975432
1790564807,9828596,9975432
1790564809,9909596,9975432
1790564811,9895348,9975432
1790564813,9894572,9975432
1790564815,9823968,9975432
1790564817,9899640,9975432
1790564819,10047996,9975432
1790564821,11394336,9975432
1790564823,4806916,9975432
1790564825,11126168,9969232
1790564827,10197228,9969232
1790564829,10449536,9969232
1790564831,10432068,9969232
1790564833,11355908,9969232
1790564835,12867612,9969232
1790564837,12242924,9969232
1790564839,10958988,9969232
1790564841,12028008,9969232
1790564843,12072572,9969232
1790564845,12153092,9969232
1790564847,10912660,9969232
1790564849,10833444,9969232
1790564851,12136412,9969232
1790564853,12165940,9969232
1790564855,12169700,9969248
1790564857,10922420,9969248
1790564859,10990964,9969248
1790564861,12021812,9969248
1790564863,12139224,9969248
1790564865,12233372,9969248
1790564867,11677316,9969248
1790564869,12138660,9969248
1790564871,12151224,9969248
1790564873,12141480,9969248
1790564875,10562444,9969248
1790564877,11726848,9969248
1790564879,10368288,9969248
1790564881,11583948,9969248
1790564883,11591956,9969248
1790564885,10847500,9969248
1790564887,11820972,9969248
1790564889,11817396,9969248
1790564891,11915904,9969248
1790564893,10865924,9969248
1790564895,10568652,9969248
1790564897,12005396,9969248
1790564899,12001300,9969248
1790564901,12040800,9969248
1790564903,10620056,9969248
1790564905,10817276,9969248
1790564907,11906616,9969248
1790564909,11997252,9969248
1790564911,12041004,9969248
1790564913,11347464,9969248
1790564915,10823184,9969248
1790564917,11949332,9969248
1790564919,12019812,9969248
1790564921,10596144,9969248
1790564923,10936948,9969252
1790564925,10311140,9969280
1790564927,11579484,9969288
1790564929,11620452,9969288
1790564931,11780384,9969288
1790564933,11906216,9969288
1790564935,11942536,9969288
1790564937,11997024,9969288
1790564939,10867764,9969288
1790564941,10693908,9969288
1790564943,11976976,9969288
1790564945,11977616,9969288
1790564947,12017020,9969288
1790564949,10717156,9969288
1790564951,10836812,9969288
1790564953,11942696,9969288
1790564955,11957188,9969288
1790564957,12050368,9969288
1790564959,11336504,9969288
1790564961,11964536,9970244
1790564963,11978812,9970260
1790564965,11962024,9970260
1790564967,10773196,9970260
1790564969,11570976,9970260
1790564971,10395384,9970260
1790564973,11581532,9970260
1790564975,11879456,9970260
1790564977,10940728,9970260
1790564979,11832600,9970260
1790564981,11984676,9970260
1790564983,12026488,9970260
1790564985,10874404,9970260
1790564987,10716920,9970260
1790564989,11873464,9970260
1790564991,11970776,9970260
1790564993,12072932,9970260
1790564995,10780264,9970260
1790564997,10756196,9970260
1790564999,11974204,9970260
1790565001,11966768,9970260
1790565003,12041064,9970260
1790565005,11372120,9970260
1790565007,11948040,9970260
1790565009,12021328,9970260
1790565011,12015580,9970260
1790565013,10981964,9970260
1790565015,11579200,9970260
1790565017,10655576,9970260
1790565019,11561756,9970260
1790565021,11804052,9970260
1790565023,10833740,9970260
1790565025,11883312,9970260
1790565027,11957252,9970260
1790565029,12012300,9970260
1790565031,10696452,9970260
1790565033,10732724,9970260
1790565035,12026784,9970260
1790565037,12027684,9970260
1790565039,12021336,9970260
1790565041,10758936,9970260
1790565043,10823124,9970260
1790565045,12070900,9970260
1790565047,12077344,9970260
1790565049,12132448,9970260
1790565051,11733284,9970260
1790565053,11975800,9970260
1790565055,12020404,9970260
1790565057,12062832,9970260
1790565059,10799904,9970260
1790565061,11589608,9970260
1790565063,10350080,9970260
1790565065,11580312,9970260
1790565067,11826456,9970260
1790565069,10869908,9970260
1790565071,11802328,9970260
1790565073,11943432,9970260
1790565075,12019424,9970260
1790565077,10699792,9970260
1790565079,10710992,9970260
1790565081,11962612,9970260
1790565083,11971832,9970260
1790565085,12057740,9970260
1790565087,10727648,9970260
1790565089,10821352,9970260
1790565091,12020856,9970260
1790565093,12048300,9970260
1790565095,12109456,9970276
1790565097,11654280,9970276
1790565099,11979280,9970276
1790565101,12019368,9970276
1790565103,12080252,9970276
1790565105,10592128,9970276
1790565107,11726976,9970276
1790565109,10382660,9970316
1790565111,11669228,9970316
1790565113,11770600,9970316
1790565115,10865344,9970316
1790565117,11913008,9970316
1790565119,12026616,9970316
1790565121,11996624,9970316
1790565123,10621288,9970316
1790565125,10670620,9970316
1790565127,11918956,9970316
1790565129,11924756,9970316
1790565131,12021720,9970316
1790565133,10678272,9970316
1790565135,10826124,9970316
1790565137,11937312,9970316
1790565139,11981808,9970316
1790565141,12021980,9970316
1790565143,11846640,9970316
1790565145,11865508,9970316
1790565147,12018932,9970316
1790565149,12056712,9970316
1790565151,10464996,9970316
1790565153,11657532,9970316
1790565155,10377620,9970316
1790565157,11639100,9970316
1790565159,11809252,9970316
1790565161,10898304,9970316
1790565163,11947544,9970316
1790565165,12000620,9970316
1790565167,12029496,9970316
1790565169,10748368,9970316
1790565171,10523140,9970316
1790565173,11936980,9970316
1790565175,12039928,9970316
1790565177,12075308,9970316
1790565179,10692104,9970316
1790565181,10783248,9970316
1790565184,11892372,9970316
1790565186,11948796,9970316
1790565188,11996616,9970316
1790565190,11806400,9970316
1790565192,11800236,9970316
1790565194,11907184,9970316
1790565196,12000520,9970316
1790565198,10386784,9970328
1790565200,11631472,9970328
1790565202,10344628,9970328
1790565204,11600368,9970328
1790565206,11781976,9970328
1790565208,10846016,9970328
1790565210,11810632,9970328
1790565212,12003028,9970328
1790565214,12055084,9970328
1790565216,10832844,9970328
1790565218,10663244,9970328
1790565220,11911640,9970328
1790565222,12002044,9970328
1790565224,12077164,9970328
1790565226,10693004,9970328
1790565228,10875404,9970328
1790565230,11994420,9970328
1790565232,11986468,9970328
1790565234,12011204,9970328
1790565236,11878840,9970328
1790565238,12038948,9970328
1790565240,12118304,9970328
1790565242,12012284,9970328
1790565244,10370360,9970328
1790565246,11565144,9970328
1790565248,10300492,9970328
1790565250,11562888,9970328
1790565252,11691576,9970328
1790565254,10818776,9970328
1790565256,11786408,9970328
1790565258,11938972,9970328
1790565260,11960084,9970328
1790565262,10554216,9970328
1790565264,10734572,9970328
1790565266,11875940,9970328
1790565268,11963300,9970328
1790565270,11998996,9970328
1790565272,10966564,9970328
1790565274,10868480,9970328
1790565276,11983552,9970328
1790565278,11991404,9970328
1790565280,12059196,9970328
1790565282,11938416,9970328
1790565284,11927320,9970328
1790565286,11931760,9970328
1790565288,12055980,9970328
1790565290,10471084,9970328
1790565292,11625136,9970328
1790565294,10378340,9970328
1790565296,11605492,9970328
1790565298,11662292,9970328
1790565300,10981072,9970328
1790565302,11750960,9970328
1790565304,11881184,9970328
1790565306,11910312,9970328
1790565308,10714284,9970328
1790565310,10811716,9970328
1790565312,11987404,9970328
1790565314,11959088,9970328
1790565316,12025508,9970328
1790565318,10832392,9970328
1790565320,10878088,9970328
1790565322,12021948,9970328
1790565324,12015396,9970328
1790565326,12021836,9970328
1790565328,12035396,9970328
1790565330,11910004,9970328
1790565332,11978928,9970328
1790565334,9469012,9970328
1790565336,8884472,9970344
1790565338,9154572,9970344
1790565340,9833616,9970344
1790565342,9902168,9970344
1790565344,9780864,9970344
1790565346,9861580,9970344
1790565348,9852944,9970344
1790565350,9843648,9970344
1790565352,9912796,9970344
1790565354,9846968,9970344
1790565356,11234256,9970344
1790565358,9467604,9970344
1790565360,11872832,9970344
1790565362,10222228,9970344
1790565364,10255364,9970344
1790565366,10407864,9970344
1790565368,11159972,9970344
1790565370,12616960,9970344
1790565372,12797996,9970344
1790565374,10706184,9970344
1790565376,10852720,9970344
1790565378,12001348,9970344
1790565380,12067724,9970344
1790565382,12082376,9970344
1790565384,12101704,9970344
1790565386,12004872,9970344
1790565388,12037632,9970344
1790565390,12089556,9970344
1790565392,11008036,9970344
1790565394,10731188,9970344
1790565396,12059604,9970344
1790565398,12063928,9970344
1790565400,12126576,9970344
1790565402,10866824,9970344
1790565404,10972964,9970344
1790565406,12023884,9970344
1790565408,12107772,9970344
1790565410,11338804,9970344
1790565412,10573116,9970344
1790565414,10392180,9970344
1790565416,11683096,9970344
1790565418,11675708,9970344
1790565420,10738108,9970344
1790565422,10586280,9970344
1790565424,11829256,9970344
1790565426,11913276,9970344
1790565428,12062660,9970344
1790565430,10844152,9970344
1790565432,11887220,9970344
1790565434,11887608,9970344
1790565436,11950908,9970344
1790565438,10846292,9970344
1790565440,10675524,9970344
1790565442,11954600,9970344
1790565444,11958608,9970344
1790565446,11982936,9970344
1790565448,10672588,9970344
1790565450,10797676,9974440
1790565452,11875236,9974440
1790565454,11978416,9974440
1790565456,10960648,9974440
1790565458,10460392,9974440
1790565460,10362168,9974440
1790565462,11600424,9982632
1790565464,11638116,9982632
1790565466,11044296,9982632
1790565468,11764188,9982632
1790565470,11876684,9982632
1790565472,11957164,9982632
1790565474,11992236,9982632
1790565476,10892152,9982632
1790565478,11961092,9982632
1790565480,12011336,9982632
1790565482,11952224,9988776
1790565484,10732400,9988776
1790565486,10731252,9988776
1790565488,11885608,9988776
1790565490,11911980,9988776
1790565492,11940780,9988776
1790565494,10860528,9988776
1790565496,10761400,9988776
1790565498,11919000,9988776
1790565500,11944220,9988776
1790565502,10801376,9988776
1790565504,10408404,9988776
1790565506,10328504,9988776
1790565508,11532268,9988776
1790565510,11557572,9988776
1790565512,11300140,9988776
1790565514,11788192,9988776
1790565516,11966336,9988776
1790565518,11971100,9988776
1790565520,12035436,9988776
1790565522,10905956,9988776
1790565524,11954920,9988776
1790565526,11962912,9988776
1790565528,12019700,9988776
1790565530,10751128,9988776
1790565532,10684472,9988776
1790565534,12012568,9988776
1790565536,11997256,9988776
1790565538,12014872,9988776
1790565540,11060604,9988776
1790565542,10781788,9988776
1790565544,11936932,9988776
1790565546,11923612,9988776
1790565548,10711136,9988776
1790565550,10368852,9988776
1790565552,10320820,9988776
1790565554,11609288,9988776
1790565556,11644352,9988776
1790565558,11434200,9988776
1790565560,11851572,9988776
1790565562,11903496,9988776
1790565564,11927512,9988776
1790565566,10820384,9988776
1790565568,10853300,9988776
1790565570,11867404,9988776
1790565572,11941280,9988776
1790565574,11983660,9988776
1790565576,10810068,9988776
1790565578,10581904,9988776
1790565580,11918592,9988776
1790565582,11982932,9988776
1790565584,12016604,9988776
1790565586,11293008,9988776
1790565588,10826584,9988776
1790565590,11979404,9988776
1790565592,12022952,9988776
1790565594,10813800,9988776
1790565596,10881372,9988776
1790565598,10362444,9988776
1790565600,11623340,9988776
1790565602,11546208,9988776
1790565604,11582024,9988784
1790565606,11836288,9988784
1790565608,11860544,9988804
1790565610,12022392,9988804
1790565612,10870940,9988804
1790565614,10821272,9988804
1790565616,11919212,9988804
1790565618,11920000,9988804
1790565620,12031712,9988804
1790565622,10737412,9988804
1790565624,10697556,9988804
1790565626,11945024,9988804
1790565628,11970676,9988804
1790565630,12004268,9988804
1790565632,11349204,9988804
1790565634,10848768,9988804
1790565636,11921700,9988804
1790565638,11972772,9988804
1790565640,10864752,9988804
1790565642,10411368,9988804
1790565644,10299396,9988804
1790565646,11536156,9988804
1790565648,11631768,9988804
1790565650,11682420,9988804
1790565652,11703032,9988804
1790565654,11878204,9988804
1790565656,12010432,9988804
1790565658,10881976,9988804
1790565660,10866764,9988804
1790565662,11891940,9988804
1790565664,11920212,9988804
1790565666,11972156,9988804
1790565668,10570532,9988804
1790565670,10715244,9988804
1790565672,11902620,9988804
1790565674,11967856,9988804
1790565676,12053180,9988804
1790565678,11246520,9988804
1790565680,11920480,9988804
1790565682,11919796,9988804
1790565684,12014640,9988804
1790565686,10763452,9988804
1790565688,11473312,9988804
1790565690,10748208,9988804
1790565692,11570336,9988804
1790565694,11864252,9988804
1790565696,10814392,9988804
1790565698,11867076,9988804
1790565700,11920904,9988804
1790565702,11964796,9988804
1790565704,10857776,9988804
1790565706,10746928,9988804
1790565708,11986560,9988804
1790565710,11998080,9988804
1790565712,12124824,9988804
1790565714,10757172,9988804
1790565716,10850636,9988804
1790565718,11959124,9988804
1790565720,12102488,9988804
1790565722,12028156,9988804
1790565724,11825140,9988804
1790565726,11904872,9988804
1790565728,11906328,9988804
1790565730,11951480,9988804
1790565732,10576092,9988804
1790565734,11519720,9988804
1790565736,10482944,9988804
1790565738,11497972,9988804
1790565740,11744864,9989064
1790565742,10810276,9989064
1790565744,11804984,9989064
1790565746,11864860,9989064
1790565748,11903696,9989064
1790565750,10622944,9989064
1790565752,10758148,9989064
1790565754,12020572,9989064
1790565756,12051748,9989064
1790565758,12076396,9989064
1790565760,11000304,9989064
1790565762,10846108,9989064
1790565764,11931164,9989064
1790565766,12002432,9989152
1790565768,12114540,9989164
1790565770,12104112,9989176
1790565772,11987136,9989192
1790565774,11994048,9989192
1790565776,12075700,9989192
1790565778,10614544,9989192
1790565780,11625228,9989192
1790565782,10316008,9989192
1790565784,11503012,9989192
1790565786,11790764,9989192
1790565788,10842984,9989192
1790565790,11739900,9989192
1790565792,11896624,9989192
1790565794,12001280,9989192
1790565796,10595960,9989192
1790565798,10767748,9989192
1790565800,11989348,9989192
1790565802,11989064,9989192
1790565804,12017816,9989192
1790565806,11419548,9989192
1790565808,10838392,9989192
1790565810,11922404,9989192
1790565812,11973512,9989192
1790565814,12094348,9989192
1790565816,10898084,9989192
1790565818,11991368,9989192
1790565820,12038276,9989192
1790565822,9455320,9989192
1790565824,8901072,9989192
1790565826,9215488,9989192
1790565828,9867972,9989192
1790565830,9986496,9989192
1790565832,10003296,9989192
1790565834,10272456,9989192
1790565836,9983228,9989204
1790565838,9968080,9989204
1790565840,9961732,9989204
1790565842,9921840,9989204
1790565844,11264140,9989248
1790565846,7988584,9989248
1790565848,11215068,9989248
1790565850,10195196,9989248
1790565852,11407496,9989248
1790565854,10404032,9989248
1790565856,11229904,9989248
1790565858,12689284,9989248
1790565860,12231068,9989248
1790565862,11216092,9989248
1790565864,10556536,9989248
1790565866,11942204,9989248
1790565868,12077076,9989248
1790565870,12151080,9989248
1790565872,10992460,9989248
1790565874,12124024,9989248
1790565876,12134840,9989248
1790565878,12142592,9989248
1790565880,10679384,9989248
1790565882,10742712,9989248
1790565884,12011664,9989248
1790565886,12075096,9989248
1790565888,12232248,9989248
1790565890,10782816,9989248
1790565892,10954560,9989248
1790565895,12103580,9989248
1790565897,12146620,9989248
1790565899,11130016,9989248
1790565901,10639564,9989248
1790565903,10331208,9989248
1790565905,11553380,9989248
1790565907,11596076,9989248
1790565909,11160432,9989248
1790565911,11869852,9989248
1790565913,11884384,9989248
1790565915,12016732,9989248
1790565917,12047744,9989248
1790565919,10867988,9989248
1790565921,11995716,9989248
1790565923,11996264,9989248
1790565925,12023800,9989248
1790565927,10768504,9989248
1790565929,10654080,9989248
1790565931,11876560,9989248
1790565933,11955012,9989248
1790565935,12075004,9989252
1790565937,10830512,9989252
1790565939,10847620,9989252
1790565941,11981600,9989252
1790565943,11973016,9989252
1790565945,11025680,9989252
1790565947,10415040,9989252
1790565949,10351332,9989252
1790565951,11585304,9989252
1790565953,11665724,9989252
1790565955,11337388,9989252
1790565957,11783848,9989252
1790565959,11881760,9989264
1790565961,12064704,9989264
1790565963,12016784,9989264
1790565965,10833540,9989264
1790565967,11994052,9989264
1790565969,11981536,9989264
1790565971,11976216,9989264
1790565973,10579940,9989264
1790565975,10642464,9989264
1790565977,11834016,9989264
1790565979,11988020,9989264
1790565981,12040080,9989280
1790565983,10898304,9989280
1790565985,10834340,9989280
1790565987,11969264,9989280
1790565989,11965808,9989280
1790565991,10965036,9989280
1790565993,10439348,9989280
1790565995,10391924,9989280
1790565997,11603660,9989280
1790565999,11603492,9989280
1790566001,11567504,9989280
1790566003,11830452,9989280
1790566005,11831772,9989280
1790566007,11956320,9989280
1790566009,10888528,9989280
1790566011,10899076,9989280
1790566013,12005352,9989280
1790566015,12007600,9989280
1790566017,12026676,9989280
1790566019,10706744,9989280
1790566021,10689200,9989280
1790566023,11870388,9989280
1790566025,11919720,9989280
1790566027,12038004,9989280
1790566029,11240096,9989280
1790566031,10788436,9989280
1790566033,11927524,9989280
1790566035,11948428,9989280
1790566037,10868200,9989280
1790566039,10384068,9989280
1790566041,10313328,9989280
1790566043,11558536,9989280
1790566045,11579408,9989280
1790566047,11461072,9989280
1790566049,11714576,9989280
1790566051,11728144,9989280
1790566053,12043552,9989280
1790566055,10867776,9989280
1790566057,10882712,9989280
1790566059,11968520,9989280
1790566061,12055168,9989280
1790566063,12064628,9989280
1790566065,10753752,9989280
1790566067,10782540,9989280
1790566069,11946612,9989280
1790566071,11990792,9989280
1790566073,12168612,9989280
1790566075,11056412,9989280
1790566077,10840832,9989280
1790566079,12018728,9989280
1790566081,12142960,9989280
1790566083,10744864,9989280
1790566085,10383340,9989280
1790566087,10287248,9989280
1790566089,11533444,9989280
1790566091,11721160,9989280
1790566093,11639976,9989280
1790566095,11815644,9989280
1790566097,11823272,9989280
1790566099,11935520,9989280
1790566101,10813964,9989280
1790566103,10813772,9989280
1790566105,11945116,9989280
1790566107,11935156,9989280
1790566109,11986880,9989280
1790566111,10721516,9989280
1790566113,10643540,9989280
1790566115,11931596,9989280
1790566117,11947408,9989280
1790566119,12054500,9989280
1790566121,11441936,9989280
1790566123,10859692,9989280
1790566125,11971120,9989280
1790566127,12045908,9989280
1790566129,11068296,9989280
1790566131,10437548,9989280
1790566133,10356028,9989280
1790566135,11586312,9989280
1790566137,11626720,9989280
1790566139,11734936,9989280
1790566141,11914440,9989280
1790566143,11847952,9989280
1790566145,12018728,9989292
1790566147,10837964,9989300
1790566149,10864256,9989300
1790566151,11885896,9989300
1790566153,11951004,9989300
1790566155,12015240,9989300
1790566157,10725228,9989300
1790566159,10763080,9989300
1790566161,11932912,9989300
1790566163,11963924,9989300
1790566165,11970500,9989300
1790566167,11321576,9989300
1790566169,10792320,9989300
1790566171,11941256,9989300
1790566173,11990536,9989300
1790566175,10997320,9989300
1790566177,10422540,9989304
1790566179,10341088,9989304
1790566181,11585972,9989304
1790566183,11635028,9989304
1790566185,11714592,9989304
1790566187,11865708,9989304
1790566189,11863208,9989304
1790566191,11963036,9989304
1790566193,10889032,9989304
1790566195,10653892,9989304
1790566197,12009936,9989304
1790566199,12054808,9989304
1790566201,12136092,9989304
1790566203,10745948,9989304
1790566205,10793112,9989304
1790566207,11885244,9989304
1790566209,11944064,9989304
1790566211,12026800,9989304
1790566213,11369848,9989304
1790566215,12022680,9989304
1790566217,12016596,9989304
1790566219,12010852,9989304
1790566221,10628472,9989304
1790566223,10878876,9989304
1790566225,10377580,9989304
1790566227,11587112,9989304
1790566229,11597688,9989304
1790566231,11894060,9989304
1790566233,11870460,9989304
1790566235,11922080,9989304
1790566237,12002612,9989304
1790566239,10867560,9989304
1790566241,10733560,9989304
1790566243,11977076,9989304
1790566245,12021004,9989304
1790566247,12009020,9989304
1790566249,10604348,9989304
1790566251,10830624,9989304
1790566253,11962564,9989304
1790566255,11988704,9989304
1790566257,12015168,9989304
1790566259,11346196,9989304
1790566261,11920364,9989304
1790566263,11858700,9989304
1790566265,11875368,9989320
1790566267,10577032,9989320
1790566269,10829128,9989320
1790566271,10298428,9989320
1790566273,11514572,9989320
1790566275,11551832,9989320
1790566277,11987156,9989320
1790566279,11763076,9989320
1790566281,11763100,9989320
1790566283,11945592,9989320
1790566285,10837452,9989320
1790566287,10693188,9989320
1790566289,12011428,9989320
1790566291,12076088,9989320
1790566293,12073128,9989320
1790566295,10752820,9989320
1790566297,10750436,9989320
1790566299,11929196,9993576
1790566301,11970580,9993576
1790566303,12023888,9993576
1790566305,11522728,9993576
1790566307,11970424,9993576
1790566309,12030320,9993576
1790566311,12025524,9993576
1790566313,9027204,9993576
1790566315,9178532,9993576
1790566317,9850012,9993580
1790566319,9847856,9993580
1790566321,9929876,9993580
1790566323,9879300,9993580
1790566325,9824676,9993580
1790566327,9824792,9993580
1790566329,9830212,9993580
1790566331,9902024,9993580
1790566333,11016708,9993580
1790566335,15787420,9993580
1790566337,10019772,9993592
1790566339,10187148,9993592
1790566341,10227808,9993592
1790566343,10270260,9993592
1790566345,11785008,9993592
1790566347,12526472,9993592
1790566349,12653812,9993592
1790566351,10455596,9993592
1790566353,10416520,9993592
1790566355,11959188,9993592
1790566357,12006604,9993592
1790566359,12086488,9993592
1790566361,11455568,9993592
1790566363,10976780,9993592
1790566365,12031024,9993592
1790566367,12079372,9993592
1790566369,12196132,9993592
1790566371,10999132,9993592
1790566373,12035924,9993592
1790566375,12095564,9993592
1790566377,12153492,9993592
1790566379,10923188,9993592
1790566381,10723196,9993592
1790566383,11996132,9993592
1790566385,12038252,9993592
1790566387,12111040,9993592
1790566389,10855808,9993592
1790566391,10514852,9993592
1790566393,11484816,9993592
1790566395,11559624,9993592
1790566397,10379912,9993592
1790566399,10346924,9993592
1790566401,11870616,9993592
1790566403,11964604,9993592
1790566405,11968600,9993592
1790566407,11317476,9993592
1790566409,10736088,9993592
1790566411,12000656,9993592
1790566413,12058832,9993592
1790566415,12082316,9993592
1790566417,10893480,9993592
1790566419,11972692,9993592
1790566421,11986832,9993592
1790566423,12040276,9993592
1790566425,10878704,9993592
1790566427,10732372,9993592
1790566429,11889448,9993592
1790566431,11914376,9993592
1790566433,12044008,9993592
1790566435,10843096,9993592
1790566437,10536700,9993592
1790566439,11520664,9993592
1790566441,11572936,9993592
1790566443,10448796,9993592
1790566445,10411684,9993608
1790566447,11855016,9993608
1790566449,11903528,9993608
1790566451,11900656,9993608
1790566453,11278000,9993608
1790566455,11876196,9993608
1790566457,11893012,9993608
1790566459,12005404,9993608
1790566461,12032808,9993608
1790566463,10833636,9993608
1790566465,11849652,9993608
1790566467,11921680,9993608
1790566469,11965104,9993608
1790566471,10767648,9993608
1790566473,10721972,9993608
1790566475,12019380,9993608
1790566477,12011064,9993608
1790566479,12030348,9993608
1790566481,10508456,9993608
1790566483,10306084,9993608
1790566485,11531516,9993608
1790566487,11590396,9993608
1790566489,10526968,9993608
1790566491,10471296,9993608
1790566493,11892544,9993608
1790566495,11937412,9993608
1790566497,11967468,9993608
1790566499,11363312,9993608
1790566501,11766628,9993608
1790566503,11787624,9993608
1790566505,11981400,9993608
1790566507,12001012,9993608
1790566509,10803636,9993608
1790566511,11907280,9993608
1790566513,11925116,9993608
1790566515,11995416,9993608
1790566517,10750524,9993608
1790566519,10623848,9993608
1790566521,11886040,9993608
1790566523,11916108,9993608
1790566525,12005788,9993608
1790566527,10375652,9993608
1790566529,10271432,9993608
1790566531,11552600,9993608
1790566533,11628432,9993608
1790566535,10357404,9993608
1790566537,10615368,9993608
1790566539,11933596,9993608
1790566541,11978384,9993608
1790566543,12015504,9993608
1790566545,11560344,9993608
1790566547,11931772,9993608
1790566549,11967516,9993608
1790566551,12064756,9993608
1790566553,12127916,9993620
1790566555,10937136,9993620
1790566557,11924856,9993620
1790566559,11965356,9993620
1790566561,11937932,9993852
1790566563,10544928,9993852
1790566565,10530820,9993852
1790566567,11833752,9993852
1790566569,11907612,9993852
1790566571,12053980,9993852
1790566573,10358732,9993852
1790566575,10260424,9993852
1790566577,11494868,9993852
1790566579,11548000,9993852
1790566581,10592344,9993852
1790566583,10375612,9993852
1790566585,11867424,9993852
1790566587,11896200,9993852
1790566589,11931864,9993864
1790566591,11378468,9993864
1790566593,11959084,9993864
1790566596,11962508,9993864
1790566598,12055572,9993864
1790566600,12072888,9993864
1790566602,10896916,9993864
1790566604,11987056,9993868
1790566606,11994460,9993868
1790566608,11988704,9993868
1790566610,10490708,9993868
1790566612,10624648,9993868
1790566614,11873368,9993868
1790566616,11933152,9993868
1790566618,12038624,9993868
1790566620,10520104,9993868
1790566622,10328712,9993868
1790566624,11547580,9993868
1790566626,11545620,9993868
1790566628,10670036,9993868
1790566630,10493924,9993868
1790566632,11790276,9993868
1790566634,11956308,9993884
1790566636,11997172,9993884
1790566638,11342108,9993884
1790566640,11934420,9993884
1790566642,11921112,9993884
1790566644,11932960,9993884
1790566646,12015596,9993884
1790566648,10858820,9993884
1790566650,11905860,9993884
1790566652,11983680,9993884
1790566654,12042536,9993884
1790566656,10841604,9993884
1790566658,10626012,9993884
1790566660,11942188,10004124
1790566662,12030060,10004124
1790566664,12055312,10004124
1790566666,10430232,10004124
1790566668,10344404,10004124
1790566670,11589692,10013636
1790566672,11585892,10013636
1790566674,10550948,10013636
1790566676,10570360,10013636
1790566678,11900524,10013636
1790566680,12037556,10015684
1790566682,11915860,10015684
1790566684,11456740,10015684
1790566686,11825584,10015684
1790566688,11849776,10015684
1790566690,11979588,10023876
1790566692,10860012,10023876
1790566694,10876196,10023876
1790566696,11974380,10023876
1790566698,11961000,10023876
1790566700,11975636,10023876
1790566702,10607716,10023876
1790566704,10685752,10023876
1790566706,11851828,10023876
1790566708,11901688,10023876
1790566710,12057148,10028784
1790566712,10435632,10028784
1790566714,10351912,10028784
1790566716,11631456,10028784
1790566718,11632556,10028784
1790566720,10665756,10028784
1790566722,10570536,10028784
1790566724,11889616,10028784
1790566726,11957892,10028784
1790566728,11959640,10028784
1790566730,11876120,10028784
1790566732,11905832,10028784
1790566734,11922124,10028784
1790566736,12000284,10028784
1790566738,10889916,10028784
1790566740,10837572,10028784
1790566742,11886620,10028788
1790566744,11913248,10028788
1790566746,11966448,10028788
1790566748,10729980,10028788
1790566750,10706024,10028788
1790566752,11822636,10028788
1790566754,11892828,10028788
1790566756,12045308,10028788
1790566758,10391048,10028788
1790566760,10294712,10028788
1790566762,11561972,10028788
1790566764,11587272,10028788
1790566766,10500544,10028788
1790566768,10554948,10028788
1790566770,11831700,10028788
1790566772,11927652,10028788
1790566774,12012768,10028788
1790566776,12019712,10028788
1790566778,11952220,10028788
1790566780,11981468,10028788
1790566782,12013116,10028788
1790566784,10874364,10028788
1790566786,10710516,10028788
1790566788,11962360,10028788
1790566790,11959116,10028788
1790566792,12026028,10028788
1790566794,10659720,10028788
1790566796,10850024,10028788
1790566798,11945360,10028788
1790566800,12111100,10028788
1790566802,10546060,10028804
1790566804,10387748,10028804
1790566806,10306500,10028804
1790566808,11600596,10028804
1790566810,11598580,10028804
1790566812,10702312,10028804
1790566814,10584440,10028804
1790566816,11791076,10028804
1790566818,11911248,10028804
1790566820,11947244,10028804
1790566822,10821036,10028804
1790566824,11882388,10028804
1790566826,11885052,10028804
1790566828,11986540,10028804
1790566830,10539392,10028804
1790566832,10703556,10028804
1790566834,11989896,10028804
1790566836,11978816,10028804
1790566838,12039664,10028804
1790566840,10721524,10028804
1790566842,10831896,10028804
1790566844,11927944,10028804
1790566846,11975776,10028804
1790566848,9006520,10028804
1790566850,9315628,10028804
1790566852,9850692,10028804
1790566854,9864524,10028804
1790566856,9849072,10028804
1790566858,9852572,10028804
1790566860,9953560,10028804
1790566862,9776744,10028804
1790566864,9693776,10028804
1790566866,9796660,10028804
1790566868,10136648,10028804
1790566870,11327132,10028804
1790566872,6735912,10016448
1790566874,11894896,10016448
1790566876,10271816,10016448
1790566878,10369752,10016448
1790566880,11574852,10016448
1790566882,12638440,10016448
1790566884,12814156,10016448
1790566886,10845144,10016448
1790566888,10477840,10016448
1790566890,11931852,10016448
1790566892,12115168,10016448
1790566894,12133276,10016448
1790566896,10894732,10016448
1790566898,10984444,10016448
1790566900,12076740,10016448
1790566902,12078152,10016448
1790566904,12173408,10016448
1790566906,11690788,10016448
1790566908,12107612,10016448
1790566910,12100404,10016448
1790566912,12146216,10016448
1790566914,11021144,10016448
1790566916,11012188,10016448
1790566918,12089732,10016448
1790566920,12185260,10016448
1790566922,12079968,10016448
1790566924,10487892,10016448
1790566926,10266644,10016448
1790566928,10298712,10016448
1790566930,11524072,10016448
1790566932,10632736,10016448
1790566934,10183604,10016448
1790566936,11733856,10016448
1790566938,11843164,10016448
1790566940,12024232,10016448
1790566942,10595240,10016448
1790566944,10844436,10016448
1790566946,12033592,10016448
1790566948,12022952,10016448
1790566950,12039680,10016448
1790566952,12138880,10016448
1790566954,11974140,10016448
1790566956,11978828,10016448
1790566958,12002296,10016448
1790566960,10896920,10016448
1790566962,10626544,10016448
1790566964,12060712,10016448
1790566966,12053180,10016448
1790566968,12060096,10016448
1790566970,10456216,10016448
1790566972,10344720,10016448
1790566974,11590292,10016448
1790566976,11590004,10016448
1790566978,10164688,10016448
1790566980,10366532,10016448
1790566982,11767948,10016448
1790566984,11854416,10016448
1790566986,12005460,10016448
1790566988,11221916,10016448
1790566990,10815708,10016452
1790566992,11951388,10016452
1790566994,11946112,10016452
1790566996,12046028,10016452
1790566998,10859004,10016452
1790567000,11927952,10016452
1790567002,11937096,10016452
1790567004,11936396,10016480
1790567006,10493428,10016480
1790567008,10668028,10016480
1790567010,11948316,10017024
1790567012,12035396,10017024
1790567014,12064676,10017024
1790567016,10462692,10017636
1790567018,10351744,10017636
1790567020,11594380,10017636
1790567022,11589964,10017636
1790567024,10316084,10017636
1790567026,10333056,10017640
1790567028,11873680,10017640
1790567030,11946728,10017640
1790567032,12035972,10017640
1790567034,11268416,10017640
1790567036,11986560,10017640
1790567038,12043048,10017640
1790567040,12099524,10017640
1790567042,11995156,10017640
1790567044,10831500,10017640
1790567046,11889936,10017640
1790567048,11884512,10017640
1790567050,11950724,10017640
1790567052,10741100,10017640
1790567054,10645156,10017640
1790567056,11975576,10017640
1790567058,11974396,10017640
1790567060,12017304,10017640
1790567062,10582376,10017640
1790567064,10277872,10017640
1790567066,11522024,10017640
1790567068,11664604,10017640
1790567070,10438012,10017640
1790567072,10240884,10017640
1790567074,11891696,10017640
1790567076,12080020,10017640
1790567078,12104596,10017640
1790567080,11345108,10017640
1790567082,12024996,10017640
1790567084,12025864,10017640
1790567086,12024880,10017640
1790567088,12081292,10017640
1790567090,10900496,10017640
1790567092,11988504,10017656
1790567094,11990932,10017656
1790567096,12077848,10017656
1790567098,10697724,10017656
1790567100,10611728,10017656
1790567102,11960604,10017656
1790567104,11954996,10017656
1790567106,12002620,10017656
1790567108,10565524,10017656
1790567110,10656748,10017656
1790567112,11495576,10017656
1790567114,11531664,10017656
1790567116,10476972,10017656
1790567118,10407924,10017656
1790567120,11789380,10017656
1790567122,11996860,10017656
1790567124,12007676,10017656
1790567126,11595980,10017656
1790567128,11983748,10017656
1790567130,11976280,10017656
1790567132,12082908,10017656
1790567134,10880968,10017656
1790567136,10796704,10017656
1790567138,12004528,10017656
1790567140,12060732,10017656
1790567142,12086048,10017656
1790567144,10737840,10017672
1790567146,10800248,10017672
1790567148,12010048,10017672
1790567150,12052956,10017672
1790567152,12074072,10017672
1790567154,10876568,10017672
1790567156,10561368,10017696
1790567158,11596776,10017696
1790567160,11676740,10017696
1790567162,10616100,10017696
1790567164,10277340,10017696
1790567166,11817284,10017696
1790567168,11893468,10017696
1790567170,11982240,10017696
1790567172,11305084,10017696
1790567174,10795932,10017696
1790567176,11906900,10017696
1790567178,11909816,10017696
1790567180,12017924,10017696
1790567182,10827532,10017696
1790567184,11954324,10017696
1790567186,11975648,10017696
1790567188,11957076,10017696
1790567190,10742176,10017696
1790567192,10629660,10017696
1790567194,11949480,10017696
1790567196,11967268,10017696
1790567198,12098204,10017696
1790567200,10591024,10017696
1790567202,10320520,10017696
1790567204,11628172,10017696
1790567206,11654740,10017696
1790567208,10429760,10017696
1790567210,10700748,10017696
1790567212,11916204,10017696
1790567214,11977860,10017696
1790567216,11995932,10017696
1790567218,11317008,10017696
1790567220,11968372,10017696
1790567222,11861104,10017696
1790567224,11871120,10017696
1790567226,11959316,10017696
1790567228,10776724,10017696
1790567230,11928308,10017696
1790567232,11925412,10017696
1790567234,11923364,10017696
1790567236,10615036,10017696
1790567238,10626468,10017696
1790567240,11829560,10017696
1790567242,11899404,10017696
1790567244,11991232,10017704
1790567246,10335252,10017704
1790567248,10265048,10017704
1790567250,11523148,10017704
1790567252,11615904,10017704
1790567254,10612768,10017704
1790567256,10695528,10017704
1790567258,11932640,10017704
1790567260,11969812,10017704
1790567262,12011828,10017704
1790567264,11506404,10017704
1790567266,11949944,10017704
1790567268,11949788,10017704
1790567270,11969456,10017704
1790567272,12018208,10017704
1790567274,10835424,10017704
1790567276,11980308,10017704
1790567278,11982196,10017704
1790567280,12025624,10017704
1790567282,10672832,10017704
1790567284,10462964,10017704
1790567286,11830552,10017708
1790567288,11864964,10017708
1790567290,11977680,10017708
1790567293,10328036,10017708
1790567295,10255720,10017708
1790567297,11545152,10017708
1790567299,11560520,10017708
1790567301,10566332,10017708
1790567303,10603528,10017708
1790567305,11844348,10017708
1790567307,11865956,10017708
1790567309,11921796,10017708
1790567311,11682164,10017708
1790567313,11964044,10017708
1790567315,11967760,10017708
1790567317,11969524,10017708
1790567319,10872080,10017708
1790567321,10581800,10017708
1790567323,11971416,10017708
1790567325,11969296,10017708
1790567327,11970120,10017708
1790567329,10722456,10017708
1790567331,10772884,10017708
1790567333,11930512,10017708
1790567335,11970844,10017708
1790567337,12006252,10017708
1790567339,10398692,10017708
1790567341,10379884,10017708
1790567343,11502512,10017708
1790567345,11527448,10017708
1790567347,10470688,10017740
1790567349,10595708,10017740
1790567351,11811236,10017740
1790567353,11912264,10017740
1790567355,11991828,10017744
1790567357,11845204,10017744
1790567359,11918120,10017744
1790567361,11917968,10017776
1790567363,11919928,10017776
1790567365,10812432,10017776
1790567367,10473376,10017776
1790567369,11923424,10017776
1790567371,11977880,10017776
1790567373,12021204,10017776
1790567375,10654932,10017776
1790567377,10808624,10017776
1790567379,11949884,10017776
1790567381,11947232,10017776
1790567383,8951116,10017776
1790567385,9374252,10017776
1790567387,9812160,10017776
1790567389,9813004,10017776
1790567391,9890152,10017776
1790567393,9801288,10017776
1790567395,9976696,10017776
1790567397,9730868,10017776
1790567399,9833140,10017788
1790567401,9944852,10017788
1790567403,10004880,10017788
1790567405,11129104,10017788
1790567407,3239984,10017788
1790567409,11192356,10017788
1790567411,10226052,10017788
1790567413,10271704,10017788
1790567415,11532420,10017788
1790567417,12554872,10017788
1790567419,12637096,10017788
1790567421,10806048,10017788
1790567423,10503324,10017788
1790567425,11934848,10017788
1790567427,11967944,10017788
1790567429,11986836,10017788
1790567431,10588120,10017788
1790567433,10820068,10017788
1790567435,11980724,10017788
1790567437,12062532,10017788
1790567439,12089604,10017788
1790567441,11430660,10017788
1790567443,11934300,10017788
1790567445,11938944,10017788
1790567447,12007616,10017788
1790567449,12105440,10017800
1790567451,10924788,10017800
1790567453,11979840,10017800
1790567455,12051336,10017800
1790567457,12086996,10017800
1790567459,10481144,10017800
1790567461,11639368,10017800
1790567463,10253692,10017800
1790567465,11442096,10017800
1790567467,10763556,10017800
1790567469,10115864,10017800
1790567471,11657080,10017800
1790567473,11787464,10017800
1790567475,11873128,10017800
1790567477,10514240,10017800
1790567479,10758100,10017800
1790567481,11859224,10017800
1790567483,11917032,10017800
1790567485,11949340,10017800
1790567487,11361440,10017800
1790567489,11837792,10017800
1790567491,11845156,10017800
1790567493,11965912,10017800
1790567495,11465252,10017800
1790567497,10849024,10017800
1790567499,11960064,10017816
1790567501,11947620,10017816
1790567503,11971140,10017816
1790567505,10431188,10017816
1790567507,10351804,10017816
1790567509,10373044,10017816
1790567511,11565588,10017816
1790567513,10870820,10017816
1790567515,10383596,10017816
1790567517,11801008,10017816
1790567519,11919200,10017816
1790567521,12010032,10017816
1790567523,10606692,10017816
1790567525,10752604,10017816
1790567527,11891636,10017816
1790567529,11963956,10017816
1790567531,11984748,10017816
1790567533,11607620,10017816
1790567535,11807452,10017816
1790567537,11863224,10017816
1790567539,11910036,10017816
1790567541,10771012,10017816
1790567543,10553884,10017816
1790567545,11882604,10017816
1790567547,11867164,10017816
1790567549,11914812,10017816
1790567551,10360276,10017816
1790567553,10308812,10017816
1790567555,10342076,10017816
1790567557,11523376,10017816
1790567559,10851868,10017824
1790567561,10378692,10017824
1790567563,11869200,10017824
1790567565,11917244,10017824
1790567567,11948972,10017824
1790567569,10758048,10017824
1790567571,10847932,10017824
1790567573,11974808,10017824
1790567575,12028116,10017824
1790567577,12047376,10017824
1790567579,11906640,10017824
1790567581,11894572,10017824
1790567583,11860692,10017824
1790567585,11938248,10017824
1790567587,10782676,10017824
1790567589,10735056,10017824
1790567591,11837292,10017824
1790567593,11844048,10017824
1790567595,11858352,10017824
1790567597,10332280,10017824
1790567599,10231180,10017824
1790567601,10270356,10017832
1790567603,11468632,10017832
1790567605,10504376,10017832
1790567607,10140936,10017832
1790567609,11813012,10017832
1790567611,11894952,10017832
1790567613,11957256,10017832
1790567615,10736132,10017832
1790567617,10834472,10017832
1790567619,11903584,10017832
1790567621,12064324,10017832
1790567623,12065660,10017832
1790567625,11783256,10017832
1790567627,11898964,10017832
1790567629,11930004,10017832
1790567631,11970768,10017832
1790567633,10843468,10017832
1790567635,10762124,10017832
1790567637,11900500,10017832
1790567639,11903556,10017832
1790567641,12008144,10017832
1790567643,10352244,10017832
1790567645,10236884,10017832
1790567647,10282736,10017832
1790567649,11486064,10017832
1790567651,10576256,10017832
1790567653,10377796,10017836
1790567655,11867312,10017836
1790567657,11889192,10017836
1790567659,11956916,10017836
1790567661,11077264,10017836
1790567663,10740812,10017836
1790567665,11887804,10017836
1790567667,11984400,10017836
1790567669,12005400,10017836
1790567671,11235132,10017836
1790567673,11893824,10017836
1790567675,11954496,10017836
1790567677,12041092,10017836
1790567679,10818696,10017836
1790567681,10644404,10017836
1790567683,11884624,10017836
1790567685,11891348,10017836
1790567687,11972348,10017836
1790567689,10410236,10017836
1790567691,10306260,10017836
1790567693,11555444,10017836
1790567695,11565140,10017836
1790567697,10537464,10017836
1790567699,10358628,10017836
1790567701,11848552,10017836
1790567703,11866120,10017836
1790567705,11888928,10017836
1790567707,11302168,10017836
1790567709,10759456,10017836
1790567711,11906948,10017836
1790567713,11929300,10017836
1790567715,11971292,10017836
1790567717,10818400,10017836
1790567719,11864248,10017836
1790567721,11918160,10017836
1790567723,11947832,10017836
1790567725,10687664,10017836
1790567727,10596192,10017836
1790567729,11822228,10017836
1790567731,11984492,10017836
1790567733,11997312,10017836
1790567735,10399608,10017836
1790567737,10289756,10017836
1790567739,11517132,10017836
1790567741,11591588,10017836
1790567743,10356560,10017836
1790567745,10425088,10017836
1790567747,11833096,10017836
1790567749,11945724,10017836
1790567751,11971188,10017836
1790567753,11305308,10017836
1790567755,11951796,10017836
1790567757,11964784,10017836
1790567759,12018948,10017836
1790567761,12022628,10017836
1790567763,10800968,10017836
1790567765,11847400,10017836
1790567767,11869072,10017836
1790567769,11904832,10017836
1790567771,10453608,10017836
1790567773,10622164,10017836
1790567775,11909140,10017836
1790567777,11899312,10017836
1790567779,11914080,10017836
1790567781,10597856,10017836
1790567783,10496388,10017836
1790567785,11508740,10017836
1790567787,11536584,10017836
1790567789,10575040,10017836
1790567791,10382796,10017836
1790567793,11856768,10017836
1790567795,11989588,10017836
1790567797,12056264,10017836
1790567799,11284940,10017836
1790567801,11915340,10017836
1790567803,11962452,10017836
1790567805,12017468,10017836
1790567807,12035716,10017836
1790567809,10886848,10017836
1790567811,11940456,10017836
1790567813,11935376,10017836
1790567815,12006720,10017836
1790567817,10818492,10017836
1790567819,10698200,10017836
1790567821,11928664,10017836
1790567823,11942024,10017836
1790567825,12023036,10017836
1790567827,10753624,10017836
1790567829,10453688,10017836
1790567831,11526896,10017836
1790567833,11571696,10017836
1790567835,10446588,10017836
1790567837,10390136,10017836
1790567839,11853256,10017836
1790567841,11895096,10017836
1790567843,11939664,10017836
1790567845,11439124,10017836
1790567847,11856696,10017836
1790567849,11865280,10017836
1790567851,11993084,10017836
1790567853,12060380,10017836
1790567855,10876108,10017836
1790567857,11906012,10019884
1790567859,11934040,10019884
1790567861,12034832,10019884
1790567863,10761496,10019884
1790567865,10632884,10019884
1790567867,11986960,10019884
1790567869,12021048,10019884
1790567871,12081992,10019884
1790567873,10429148,10019884
1790567875,10400272,10019884
1790567877,11529560,10019884
1790567879,11577124,10019884
1790567881,10564572,10019884
1790567883,10603084,10019884
1790567885,11901916,10019884
1790567887,11905040,10019884
1790567889,11921384,10019884
1790567891,11433496,10019884
1790567893,11921140,10019884
1790567895,11964936,10019884
1790567897,12013124,10019884
1790567899,10780148,10019884
1790567901,10544056,10019884
1790567903,11899468,10019884
1790567905,11887768,10019884
1790567907,11942040,10019884
1790567909,10639152,10019884
1790567911,10713076,10019884
1790567913,11897256,10019884
1790567915,12030784,10019884
1790567917,9255132,10019964
1790567919,9256980,10019968
1790567921,9882836,10019968
1790567923,9869588,10019968
1790567925,9909860,10019968
1790567927,9970200,10019968
1790567929,9941980,10019968
1790567931,9969996,10019968
1790567933,9879060,10019968
1790567935,10038676,10019972
1790567937,10002776,10019972
1790567939,10979908,10019972
1790567941,4470584,10019972
1790567943,11213800,10019972
1790567945,10242248,10019972
1790567947,10255412,10019972
1790567949,10489936,10019972
1790567951,11172164,10019972
1790567953,12646424,10019972
1790567955,12177564,10019972
1790567957,10843320,10019972
1790567959,11878992,10019972
1790567961,11931716,10019972
1790567963,12005712,10019972
1790567965,10663536,10019972
1790567967,10809436,10019972
1790567969,12050928,10019972
1790567971,12112908,10019972
1790567973,12115652,10019972
1790567975,10996880,10019976
1790567977,10919416,10019976
1790567979,12009040,10019976
1790567981,12030944,10019976
1790567983,12106808,10019976
1790567986,12033552,10019976
1790567988,11984836,10019976
1790567990,11988776,10019976
1790567992,12005044,10019976
1790567994,10445516,10019976
1790567996,11499804,10019976
1790567998,10323032,10019976
1790568000,11638136,10019976
1790568002,10792448,10019976
1790568004,10801784,10019976
1790568006,11765860,10019976
1790568008,11887460,10019976
1790568010,11940508,10019976
1790568012,10650020,10019976
1790568014,10776612,10019976
1790568016,11936444,10019976
1790568018,11927416,10019976
1790568020,11928060,10019976
1790568022,11363756,10019976
1790568024,10792844,10019976
1790568026,11917680,10019980
1790568028,11950224,10019980
1790568030,11982092,10019980
1790568032,10866092,10019980
1790568034,11931668,10019980
1790568036,12036576,10019980
1790568038,12044680,10019980
1790568040,10392696,10019980
1790568042,11480996,10019980
1790568044,10276732,10019980
1790568046,11491308,10019980
1790568048,10805076,10019980
1790568050,10288540,10019980
1790568052,11817112,10019980
1790568054,11948736,10019980
1790568056,11982204,10019980
1790568058,10660892,10019980
1790568060,10803280,10019980
1790568062,11927136,10019980
1790568064,11930584,10019980
1790568066,11972304,10019980
1790568068,11343452,10019980
1790568070,11885936,10019980
1790568072,11884612,10019980
1790568074,11911560,10019980
1790568076,10788180,10019980
1790568078,10804060,10019980
1790568080,11857796,10019980
1790568082,11844896,10019980
1790568084,11957064,10019980
1790568086,10348680,10019980
1790568088,10377572,10019980
1790568090,10254372,10019980
1790568092,11501140,10019980
1790568094,10799228,10019980
1790568096,10248932,10019980
1790568098,11734696,10019980
1790568100,11934296,10019980
1790568102,11962460,10019980
1790568104,10581196,10019984
1790568106,10801004,10019984
1790568108,11978756,10019984
1790568110,12010712,10019984
1790568112,12003088,10019984
1790568114,11845736,10019984
1790568116,11887100,10019984
1790568118,11894068,10019984
1790568120,12039856,10019984
1790568122,10776752,10019984
1790568124,10783972,10019984
1790568126,11913468,10019984
1790568128,11919724,10019984
1790568130,11910884,10019984
1790568132,10320196,10019984
1790568134,10227672,10019984
1790568136,10245380,10019984
1790568138,11463584,10019984
1790568140,10552720,10019984
1790568142,10194720,10019984
1790568144,11816452,10019984
1790568146,11832964,10019984
1790568148,11909244,10019984
1790568150,10517140,10019984
1790568152,10753968,10019988
1790568154,11960664,10019988
1790568156,11995784,10019988
1790568158,12003704,10019988
1790568160,11944548,10019988
1790568162,11830792,10019988
1790568164,11864980,10019988
1790568166,12056196,10019988
1790568168,10856932,10019988
1790568170,10680568,10019988
1790568172,11919028,10019988
1790568174,11910328,10019988
1790568176,11996040,10019988
1790568178,10399528,10019988
1790568180,10352300,10019988
1790568182,10522312,10019988
1790568184,11499440,10019988
1790568186,10451644,10019988
1790568188,10293564,10019988
1790568190,11820204,10019988
1790568192,11826524,10019988
1790568194,11907092,10019988
1790568196,10935180,10019988
1790568198,10724860,10019988
1790568200,11903084,10019988
1790568202,11929360,10019988
1790568204,11976140,10019988
1790568206,10798860,10019988
1790568208,11826588,10019988
1790568210,11881032,10019988
1790568212,12023852,10019988
1790568214,10713116,10019988
1790568216,10640320,10019988
1790568218,11900620,10019988
1790568220,11956436,10019988
1790568222,12019888,10019988
1790568224,10378072,10019988
1790568226,10262804,10019988
1790568228,11535808,10019988
1790568230,11583844,10019988
1790568232,10691452,10019988
1790568234,10596736,10019988
1790568236,11924984,10019988
1790568238,11967784,10019988
1790568240,12064988,10019988
1790568242,11199524,10019988
1790568244,11914852,10019988
1790568246,11908516,10019988
1790568248,11906228,10019988
1790568250,11927596,10019988
1790568252,10814048,10019988
1790568254,11848824,10019988
1790568256,11868264,10019988
1790568258,11961972,10019988
1790568260,10669432,10019988
1790568262,10640640,10019988
1790568264,11914652,10019988
1790568266,11935908,10019988
1790568268,11950556,10019988
1790568270,10347416,10019988
1790568272,10289824,10019988
1790568274,11525552,10019988
1790568276,11526904,10019988
1790568278,10684612,10019988
1790568280,10312720,10019988
1790568282,11862900,10019988
1790568284,11945728,10019988
1790568286,11969044,10019988
1790568288,11285312,10019988
1790568290,11927684,10019988
1790568292,11927668,10019988
1790568294,11967196,10019988
1790568296,12003408,10019988
1790568298,10831320,10019988
1790568300,11935748,10019988
1790568302,11848308,10020008
1790568304,11928092,10020008
1790568306,10459532,10020008
1790568308,10622284,10020008
1790568310,11922752,10020008
1790568312,11931708,10020008
1790568314,12000668,10020008
1790568316,10372680,10020008
1790568318,10264268,10020008
1790568320,11489540,10020008
1790568322,11493048,10020008
1790568324,10516076,10020008
1790568326,10345152,10020008
1790568328,11798344,10020008
1790568330,11860304,10020008
1790568332,11945024,10020008
1790568334,11469840,10020008
1790568336,11928636,10020008
1790568338,11991996,10020008
1790568340,11983596,10020008
1790568342,10800568,10020008
1790568344,10826320,10020008
1790568346,11897320,10020008
1790568348,11923420,10020008
1790568350,12023024,10020008
1790568352,10731268,10020008
1790568354,10743660,10020008
1790568356,11922360,10020008
1790568358,11991924,10020008
1790568360,12043464,10020008
1790568362,10375964,10020008
1790568364,10252084,10020008
1790568366,11532348,10020008
1790568368,11527064,10020008
1790568370,10381052,10020008
1790568372,10306180,10020008
1790568374,11819652,10020008
1790568376,11890564,10020008
1790568378,11921164,10020008
1790568380,11632448,10020008
1790568382,11935860,10020008
1790568384,11937620,10020008
1790568386,11982220,10020008
1790568388,10791284,10020008
1790568390,10702380,10020008
1790568392,11842312,10020008
1790568394,11994108,10020008
1790568396,12050044,10020052
1790568398,10718376,10020052
1790568400,10549828,10020052
1790568402,11949868,10020052
1790568404,11950348,10020052
1790568406,8948752,10020052
1790568408,9151868,10020052
1790568410,9566492,10020052
1790568412,9878900,10020052
1790568414,9855332,10020052
1790568416,9853572,10020052
1790568418,9866908,10020052
1790568420,9866540,10020052
1790568422,9872244,10020052
1790568424,9958432,10020052
1790568426,9988636,10020052
1790568428,10818048,10020052
1790568430,3521852,10020052
1790568432,11178016,10020052
1790568434,10177272,10020052
1790568436,10189604,10020052
1790568438,11501036,10020052
1790568440,12404320,10020052
1790568442,12592268,10020052
1790568444,10740460,10020052
1790568446,10381744,10020052
1790568448,11882328,10020052
1790568450,11886948,10020052
1790568452,12037704,10020052
1790568454,10612188,10020068
1790568456,10589456,10020068
1790568458,11959536,10020068
1790568460,12039244,10020068
1790568462,12072232,10020068
1790568464,11443692,10020068
1790568466,11953368,10020068
1790568468,11963092,10020068
1790568470,12091832,10020068
1790568472,12135804,10020068
1790568474,10901904,10020068
1790568476,11956688,10020068
1790568478,12020060,10020068
1790568480,12159428,10020068
1790568482,10718508,10020068
1790568484,10565088,10020068
1790568486,10531688,10020084
1790568488,11477352,10020084
1790568490,10799556,10020084
1790568492,10396960,10020084
1790568494,11737824,10020084
1790568496,11867820,10020084
1790568498,11964360,10020084
1790568500,10562392,10020084
1790568502,10710964,10020084
1790568504,11812260,10020084
1790568506,11978320,10020084
1790568508,12040476,10020084
1790568510,11508868,10020084
1790568512,11938752,10020084
1790568514,11981928,10020084
1790568516,12033284,10020084
1790568518,10840520,10020084
1790568520,10849188,10020084
1790568522,11912212,10020084
1790568524,11927308,10020084
1790568526,12045520,10020084
1790568528,10683824,10020084
1790568530,10311820,10020084
1790568532,10484796,10020084
1790568534,11502336,10020084
1790568536,10718824,10020084
1790568538,10424752,10020084
1790568540,11898744,10020084
1790568542,11876940,10020084
1790568544,11887184,10020084
1790568546,10706820,10020084
1790568548,10736100,10020084
1790568550,11846544,10020084
1790568552,11916576,10020084
1790568554,12012296,10020084
1790568556,11646516,10020088
1790568558,11909708,10020088
1790568560,11915836,10020088
1790568562,11983544,10020088
1790568564,10795420,10020088
1790568566,10688412,10020088
1790568568,11864136,10020088
1790568570,11977056,10020088
1790568572,12058836,10020088
1790568574,10411068,10020088
1790568576,10393920,10020088
1790568578,11567552,10020088
1790568580,11569848,10020088
1790568582,10519264,10020088
1790568584,10382292,10020088
1790568586,11822740,10020088
1790568588,11922956,10020088
1790568590,11950176,10020088
1790568592,11334536,10020088
1790568594,10791652,10020088
1790568596,11900016,10020088
1790568598,11938332,10020088
1790568600,12114724,10020088
1790568602,10811292,10020088
1790568604,11862104,10020088
1790568606,11934884,10020088
1790568608,11936572,10020088
1790568610,10798900,10020088
1790568612,10566340,10020088
1790568614,11747916,10020088
1790568616,11959916,10020116
1790568618,11999464,10020116
1790568620,10349548,10020116
1790568622,10244776,10020116
1790568624,11550416,10020116
1790568626,11605660,10020116
1790568628,10423504,10020116
1790568630,10615900,10020116
1790568632,11872948,10020116
1790568634,11950636,10020116
1790568636,11940552,10020116
1790568638,11421540,10020116
1790568640,11846264,10020120
1790568642,11861348,10020120
1790568644,11944312,10020120
1790568646,11031052,10020120
1790568648,10823800,10020120
1790568650,11887548,10020120
1790568652,11902132,10020120
1790568654,11966992,10020120
1790568656,10649444,10020120
1790568658,10662524,10020120
1790568660,12030548,10020120
1790568662,11909820,10020120
1790568664,11962356,10020120
1790568666,10332516,10020120
1790568668,10254012,10020120
1790568670,11509112,10020120
1790568672,11599140,10020120
1790568674,10539056,10020120
1790568676,10605436,10020120
1790568678,11826196,10020120
1790568680,11886112,10020120
1790568682,11939832,10020120
1790568684,11509708,10020120
1790568687,11785640,10020120
1790568689,11780112,10020120
1790568691,11917620,10020120
1790568693,10817500,10020120
1790568695,10536680,10020120
1790568697,11885276,10020120
1790568699,11906480,10020120
1790568701,11990280,10020120
1790568703,10668668,10020120
1790568705,10693760,10020120
1790568707,11875872,10020120
1790568709,11978584,10020120
1790568711,11277912,10020136
1790568713,10391144,10020136
1790568715,10314288,10020136
1790568717,11495524,10020136
1790568719,11549412,10020136
1790568721,10701924,10020136
1790568723,10407908,10020136
1790568725,11766908,10020136
1790568727,11831352,10020136
1790568729,11973512,10020136
1790568731,11325460,10020136
1790568733,11909840,10020136
1790568735,11925488,10020136
1790568737,11938216,10020136
1790568739,10775716,10020136
1790568741,10574600,10020144
1790568743,11837820,10020144
1790568745,12037524,10020144
1790568747,12004352,10020196
1790568749,10657312,10020196
1790568751,10574928,10020196
1790568753,11837408,10020196
1790568755,11902864,10020196
1790568757,11431880,10020196
1790568759,10385068,10020196
1790568761,10318296,10020196
1790568763,11522488,10020196
1790568765,11644048,10020196
1790568767,10707728,10020196
1790568769,10605736,10020196
1790568771,11927844,10020196
1790568773,11973364,10020196
1790568775,11978976,10020196
1790568777,11921136,10020196
1790568779,11848340,10020196
1790568781,11911756,10020196
1790568783,11942536,10020196
1790568785,10756368,10020196
1790568787,10513572,10020196
1790568789,11751720,10020196
1790568791,11847680,10020196
1790568793,11929712,10020196
1790568795,10628388,10020196
1790568797,10670528,10020196
1790568799,11878340,10020196
1790568801,11911568,10020196
1790568803,10769664,10020196
1790568805,10312708,10020196
1790568807,10217068,10020196
1790568809,11424144,10020196
1790568811,11470572,10020196
1790568813,11166836,10020196
1790568815,11818376,10020196
1790568817,11830864,10020196
1790568819,11933776,10020196
1790568821,11977572,10020196
1790568823,10829000,10020196
1790568825,11938752,10020196
1790568827,11942176,10020196
1790568829,11975992,10020196
1790568831,10752604,10020196
1790568833,10537284,10020196
1790568835,11818868,10020196
1790568837,11959800,10020196
1790568839,12004324,10020196
1790568841,10694244,10020196
1790568843,10616796,10020196
1790568845,11819232,10020196
1790568847,11892928,10020196
1790568849,10935384,10020196
1790568851,10320012,10020196
1790568853,10251104,10020196
1790568855,11425424,10020196
1790568857,11596216,10020196
1790568859,11194980,10020196
1790568861,11790956,10020196
1790568863,11812540,10020196
1790568865,11924220,10020196
1790568867,10968708,10020196
1790568869,10769764,10020196
1790568871,11907732,10020196
1790568873,11964776,10020196
1790568875,11996904,10020196
1790568877,10696952,10020196
1790568879,10695248,10020196
1790568881,11885400,10020196
1790568883,11939140,10020196
1790568885,12030428,10020196
1790568887,11371636,10020196
1790568889,10676604,10020196
1790568891,11903336,10020196
1790568893,11999024,10020196
1790568895,10869596,10020196
1790568897,10685440,10020196
1790568899,10304232,10020196
1790568901,11546700,10020196
1790568903,11525744,10020196
1790568905,11740600,10020196
1790568907,11705584,10020196
1790568909,11743416,10020196
1790568911,11924496,10020196
1790568913,10769720,10020196
1790568915,10641100,10020196
1790568917,11819572,10020196
1790568919,11815000,10020196
1790568921,11920580,10020196
1790568923,10646804,10020196
1790568925,10684528,10020196
1790568927,11867260,10020196
1790568929,11899008,10020196
1790568931,11991732,10020196
1790568933,11586584,10020196
1790568935,11854048,10020196
1790568937,11889924,10020196
1790568939,12003224,10020208
1790568941,8882364,10020208
1790568943,9091860,10020208
1790568945,9805836,10020208
1790568947,9807564,10020208
1790568949,9830188,10020208
1790568951,9816324,10020208
1790568953,9759908,10020208
1790568955,9751592,10020208
1790568957,9792380,10020208
1790568959,9944256,10020208
1790568961,11274408,10020208
1790568963,15464180,10020220
1790568965,10092556,10020220
1790568967,10257948,10020220
1790568969,10226712,10020220
1790568971,10386548,10020220
1790568973,11388264,10020220
1790568975,12513796,10020220
1790568977,12755728,10020220
1790568979,10477744,10020220
1790568981,10553800,10020220
1790568983,11879556,10020220
1790568985,11918164,10020220
1790568987,11978328,10020220
1790568989,11343684,10020220
1790568991,11961612,10020220
1790568993,11983348,10020220
1790568995,11997020,10020220
1790568997,12078116,10020220
1790568999,10883024,10020220
1790569001,11921992,10020220
1790569003,12001964,10020220
1790569005,12065344,10020220
1790569007,10785824,10020220
1790569009,10571944,10020220
1790569011,11913056,10020220
1790569013,11996660,10020220
1790569015,12031976,10020220
1790569017,10456044,10020224
1790569019,10288168,10020224
1790569021,11591328,10020224
1790569023,11465328,10020224
1790569025,10639784,10020224
1790569027,10337744,10020224
1790569029,11819872,10020224
1790569031,11818728,10020224
1790569033,11943904,10020224
1790569035,11400976,10020224
1790569037,11906340,10020224
1790569039,11953456,10020224
1790569041,11957172,10020224
1790569043,11929392,10020224
1790569045,10776840,10020224
1790569047,11767340,10020224
1790569049,11769356,10020224
1790569051,11920088,10020224
1790569053,10766400,10020224
1790569055,10674740,10020224
1790569057,11930144,10020224
1790569059,11944496,10020224
1790569061,11949932,10020224
1790569063,10363000,10020224
1790569065,10276916,10020224
1790569067,11576008,10020224
1790569069,11589252,10020224
1790569071,10416156,10020224
1790569073,10375676,10020224
1790569075,11796628,10020224
1790569077,11842084,10020224
1790569079,11886156,10020224
1790569081,11340572,10020224
1790569083,11824500,10020224
1790569085,11864580,10020224
1790569087,11873668,10020224
1790569089,10778224,10020224
1790569091,10781636,10020224
1790569093,11779612,10020224
1790569095,11830748,10020224
1790569097,11901284,10020224
1790569099,10658084,10020224
1790569101,10657096,10020224
1790569103,11838444,10020224
1790569105,11846708,10020224
1790569107,11183756,10020224
1790569109,10298836,10020224
1790569111,10267100,10020224
1790569113,11506124,10020224
1790569115,11524800,10020224
1790569117,10530828,10020224
1790569119,10451036,10020224
1790569121,11846820,10020224
1790569123,11893484,10020224
1790569125,12023940,10020224
1790569127,11837380,10020224
1790569129,11914548,10020224
1790569131,11915400,10020224
1790569133,11976744,10020224
1790569135,10825692,10020224
1790569137,10644300,10020224
1790569139,11815712,10020224
1790569141,11859900,10020224
1790569143,11923488,10020224
1790569145,10694480,10020224
1790569147,10679592,10020224
1790569149,11872208,10020224
1790569151,11875204,10020224
1790569153,11268572,10020224
1790569155,10356772,10020224
1790569157,10217584,10020224
1790569159,11476120,10020224
1790569161,11489132,10020224
1790569163,10636144,10020224
1790569165,10313340,10020224
1790569167,11833584,10020224
1790569169,11940428,10020224
1790569171,12032800,10020224
1790569173,12024476,10020224
1790569175,11956420,10020224
1790569177,11965984,10020224
1790569179,11964308,10020224
1790569181,10839176,10020224
1790569183,10575896,10020224
1790569185,11806680,10020224
1790569187,11921664,10020224
1790569189,12051300,10020224
1790569191,10722724,10020224
1790569193,10815104,10020224
1790569195,11903728,10020224
1790569197,11934776,10020224
1790569199,10960468,10020224
1790569201,10777160,10020224
1790569203,10611112,10020224
1790569205,11494128,10020224
1790569207,11597424,10020224
1790569209,11181928,10020224
1790569211,11757664,10020224
1790569213,11877884,10020224
1790569215,11871776,10020224
1790569217,11994892,10020224
1790569219,10804924,10020224
1790569221,11899820,10020224
1790569223,11932236,10020224
1790569225,11964336,10020224
1790569227,10815396,10020224
1790569229,10652024,10020224
1790569231,11848916,10020224
1790569233,11940104,10020224
1790569235,11948208,10020224
1790569237,10727372,10020224
1790569239,10802956,10020224
1790569241,11895684,10020224
1790569243,11896872,10020224
1790569245,10898908,10020224
1790569247,10769688,10020224
1790569249,10294248,10020224
1790569251,11514548,10020224
1790569253,11589728,10020224
1790569255,11289552,10020224
1790569257,11887988,10020224
1790569259,11935164,10020224
1790569261,11899536,10020224
1790569263,11925988,10020224
1790569265,10733572,10020224
1790569267,11876928,10020224
1790569269,11881928,10020224
1790569271,11895464,10020224
1790569273,10714472,10020224
1790569275,10642208,10020224
1790569277,11899496,10020224
1790569279,11905128,10020224
1790569281,11899020,10020224
1790569283,10612352,10020224
1790569285,10750476,10020224
1790569287,11823812,10020224
1790569289,11819224,10020224
1790569291,11013204,10020224
1790569293,10373216,10020224
1790569295,10319784,10020224
1790569297,11543764,10020224
1790569299,11554612,10020224
1790569301,11680760,10020224
1790569303,11914584,10020224
1790569305,11955356,10020224
1790569307,11954416,10020224
1790569309,10813056,10020224
1790569311,10806016,10020224
1790569313,11911788,10020224
1790569315,11920936,10020224
1790569317,11969168,10020224
1790569319,10751160,10020240
1790569321,10676168,10020240
1790569323,11850864,10020240
1790569325,11903808,10020240
1790569327,11938712,10020240
1790569329,11356176,10020240
1790569331,10742504,10020240
1790569333,11842496,10020240
1790569335,11904064,10020240
1790569337,10785272,10020240
1790569339,10780480,10020240
1790569341,10258836,10020240
1790569343,11514416,10020240
1790569345,11535780,10020240
1790569347,11837032,10020240
1790569349,11703184,10020240
1790569351,11934812,10020240
1790569353,11896824,10020240
1790569355,10804212,10020240
1790569357,10641456,10020240
1790569359,11903564,10020240
1790569361,11916852,10020240
1790569363,11968208,10020240
1790569365,10672792,10020240
1790569367,10814016,10020240
1790569369,11965788,10020240
1790569371,11963000,10020240
1790569373,12002796,10020240
1790569375,11336452,10020240
1790569377,11851704,10020240
1790569379,11913560,10020240
1790569381,11905760,10020240
1790569383,10722592,10020240
1790569385,11104900,10020240
1790569387,10275420,10020240
1790569389,11486236,10020240
1790569391,11563240,10020240
1790569393,11739844,10020240
1790569395,11783180,10020240
1790569397,11884876,10020240
1790569400,11885896,10020240
1790569402,10778908,10020240
1790569404,10613896,10020240
1790569406,11892952,10020240
1790569408,11878428,10020240
1790569410,11887236,10020240
1790569412,10625444,10020240
1790569414,10821932,10020240
1790569416,11926548,10020240
1790569418,11936304,10020240
1790569420,11989296,10020240
1790569422,11539152,10020240
1790569424,11933732,10020248
1790569426,11932720,10020248
1790569428,12028356,10020248
1790569430,10398708,10020248
1790569432,11566680,10020248
1790569434,10331508,10020248
1790569436,11568368,10020248
1790569438,11658264,10020248
1790569440,10911716,10020248
1790569442,11670780,10020248
1790569444,11863888,10020248
1790569446,11905972,10020248
1790569448,10701696,10020248
1790569450,10624636,10020248
1790569452,11906204,10020248
1790569454,11908068,10020248
1790569456,11948480,10020248
1790569458,10577492,10020248
1790569460,10767688,10020248
1790569462,11888712,10020248
1790569464,11897016,10020248
1790569466,11957604,10020248
1790569468,11787364,10020248
1790569470,11817540,10020248
1790569472,11879032,10020248
1790569474,10706248,10020248
1790569476,8837916,10020248
1790569478,9141096,10020248
1790569480,9841872,10020248
1790569482,9827532,10020248
1790569484,9923044,10020248
1790569486,10079036,10020248
1790569488,9774408,10020248
1790569490,9845272,10020248
1790569492,9841856,10020248
1790569494,9821720,10020248
1790569496,11198928,10020248
1790569498,11066732,10020248
1790569500,12071412,10020248
1790569502,10189952,10020248
1790569504,10217220,10020248
1790569506,10282720,10020248
1790569508,10978468,10020248
1790569510,12538884,10020248
1790569512,12593832,10020248
1790569514,10595244,10020248
1790569516,10597156,10020248
1790569518,11824436,10020248
1790569520,11883736,10020248
1790569522,11980968,10020248
1790569524,12056464,10020248
1790569526,11886240,10020248
1790569528,11923372,10020248
1790569530,12061448,10020248
1790569532,10906784,10020248
1790569534,10768496,10020248
1790569536,11928240,10020248
1790569538,11996504,10020248
1790569540,12118676,10020248
1790569542,10784204,10020248
1790569544,10781812,10020248
1790569546,12030708,10020248
1790569548,12077180,10020248
1790569550,10687948,10020248
1790569552,10453248,10020248
1790569554,10310348,10020248
1790569556,11554884,10020248
1790569558,11710000,10020248
1790569560,10800024,10020248
1790569562,10652504,10020248
1790569564,11932248,10020248
1790569566,11928096,10020248
1790569568,11927584,10020248
1790569570,11767412,10020248
1790569572,11834368,10020248
1790569574,11891184,10020248
1790569576,12007520,10020248
1790569578,10810732,10020248
1790569580,10619120,10020248
1790569582,11847092,10020272
1790569584,11903148,10020272
1790569586,11918984,10020272
1790569588,10601532,10020272
1790569590,10742720,10020272
1790569592,11887064,10020272
1790569594,11896316,10020272
1790569596,10613028,10020272
1790569598,10412636,10020272
1790569600,10304052,10020272
1790569602,11530620,10020272
1790569604,11571948,10020272
1790569606,11149072,10020272
1790569608,11702520,10020272
1790569610,11776700,10020272
1790569612,11932804,10020272
1790569614,12017060,10020272
1790569616,10826388,10020272
1790569618,11841116,10020272
1790569620,11941652,10020272
1790569622,11945892,10020272
1790569624,10753744,10020272
1790569626,10565280,10020272
1790569628,11834840,10020272
1790569630,11852640,10020272
1790569632,11916208,10020272
1790569634,10679940,10020272
1790569636,10736936,10020272
1790569638,11874632,10020272
1790569640,11882024,10020272
1790569642,10641084,10020272
1790569644,10339776,10020272
1790569646,10269180,10020272
1790569648,11452272,10020272
1790569650,11557416,10020272
1790569652,11160832,10020272
1790569654,11696620,10020272
1790569656,11693492,10020272
1790569658,11920768,10020272
1790569660,10818340,10020272
1790569662,10837312,10020272
1790569664,11973924,10020272
1790569666,11973224,10020272
1790569668,11959404,10020272
1790569670,10757848,10020272
1790569672,10602488,10020272
1790569674,11848732,10020272
1790569676,11942020,10020272
1790569678,12050316,10020272
1790569680,11236216,10020272
1790569682,10733532,10020272
1790569684,11857308,10020272
1790569686,11947612,10020272
1790569688,10838364,10020272
1790569690,10385784,10020272
1790569692,10296108,10020272
1790569694,11470784,10020272
1790569696,11535140,10020272
1790569698,11558988,10020272
1790569700,11783140,10020272
1790569702,11823496,10020272
1790569704,11962964,10020272
1790569706,10812440,10020272
1790569708,10425344,10020272
1790569710,11804476,10020272
1790569712,11886984,10020288
1790569714,11991492,10020288
1790569716,10597452,10020288
1790569718,10639808,10020288
1790569720,11825520,10020288
1790569722,11912100,10020288
1790569724,12036576,10020288
1790569726,11291656,10020288
1790569728,11922148,10020288
1790569730,11915024,10020288
1790569732,11935164,10020288
1790569734,10779148,10020288
1790569736,10720600,10020288
1790569738,10296232,10020288
1790569740,11564976,10020288
1790569742,11527212,10020288
1790569744,11699404,10020288
1790569746,11760552,10020288
1790569748,11760548,10020288
1790569750,11879332,10020288
1790569752,10771848,10020288
1790569754,10538784,10020288
1790569756,11882468,10020288
1790569758,11867764,10020288
1790569760,11965128,10020288
1790569762,10694600,10020288
1790569764,10722996,10020288
1790569766,11808028,10020288
1790569768,11826572,10020288
1790569770,11969804,10020288
1790569772,11486296,10020288
1790569774,11901304,10020288
1790569776,11896140,10020288
1790569778,11915236,10020288
1790569780,10394276,10020288
1790569782,11506460,10020288
1790569784,10306788,10020288
1790569786,11482080,10020288
1790569788,11532220,10020288
1790569790,10798948,10020288
1790569792,11768740,10020288
1790569794,11876456,10020288
1790569796,11941656,10020288
1790569798,10609460,10020288
1790569800,10755952,10020288
1790569802,11935904,10020288
1790569804,11938192,10020288
1790569806,11922612,10020288
1790569808,10717100,10020288
1790569810,10726060,10020288
1790569812,11864564,10020296
1790569814,11946592,10020296
1790569816,11992408,10020296
1790569818,11961820,10020296
1790569820,11882492,10020296
1790569822,11891504,10020296
1790569824,11968116,10020296
1790569826,10348352,10020296
1790569828,11470536,10020308
1790569830,10295184,10020308
1790569832,11510180,10020308
1790569834,11590888,10020308
1790569836,10814800,10020308
1790569838,11894756,10020308
1790569840,11874040,10020308
1790569842,11972032,10020308
1790569844,10532220,10020308
1790569846,10649524,10020308
1790569848,11938296,10020308
1790569850,11935436,10020308
1790569852,11955932,10020308
1790569854,11250668,10020308
1790569856,10733212,10020308
1790569858,11858608,10020308
1790569860,12082464,10020308
1790569862,11991620,10020308
1790569864,11673116,10020308
1790569866,11840536,10020308
1790569868,11877188,10020308
1790569870,11961548,10020308
1790569872,10295392,10020308
1790569874,11347588,10020308
1790569876,10302404,10020308
1790569878,11421484,10020328
1790569880,10733816,10020328
1790569882,10752328,10020328
1790569884,11750932,10020328
1790569886,11794948,10020328
1790569888,11816088,10020328
1790569890,10579368,10020328
1790569892,10597592,10020328
1790569894,11923964,10020328
1790569896,11936752,10020328
1790569898,12017568,10020328
1790569900,11225304,10020328
1790569902,11859568,10020328
1790569904,11874036,10020328
1790569906,11991360,10020328
1790569908,12039604,10020328
1790569910,10811420,10020328
1790569912,11868216,10020328
1790569914,11911696,10020328
1790569916,11950756,10020328
1790569918,10613708,10020328
1790569920,11222384,10020328
1790569922,10558280,10020328
1790569924,11449088,10020328
1790569926,10764528,10020328
1790569928,10268060,10020328
1790569930,11850936,10020328
1790569932,11902448,10020328
1790569934,11955676,10020328
1790569936,10675712,10020328
1790569938,10769448,10020328
1790569940,11887132,10020328
1790569942,11935748,10020328
1790569944,11992704,10020328
1790569946,11441228,10020328
1790569948,11901744,10020328
1790569950,11955148,10020328
1790569952,11998576,10020328
1790569954,10834432,10020328
1790569956,10853696,10020328
1790569958,11887264,10020328
1790569960,11948764,10020328
1790569962,12012220,10020328
1790569964,10713784,10020328
1790569966,10275552,10020328
1790569968,10522948,10020328
1790569970,11510372,10020328
1790569972,10704000,10020328
1790569974,10382020,10020328
1790569976,11852548,10020328
1790569978,11967960,10020328
1790569980,12061968,10020328
1790569982,10666024,10020328
1790569984,10747864,10020328
1790569986,11861244,10020328
1790569988,11889048,10020328
1790569990,11934872,10020328
1790569992,11805580,10020328
1790569994,11863000,10020328
1790569996,11873132,10020328
1790569998,11902600,10020328
1790570000,10775448,10020328
1790570002,10749092,10020328
1790570004,11831828,10020328
1790570006,11836796,10020328
1790570008,9302156,10020328
1790570010,8844776,10020328
1790570012,9278884,10020328
1790570014,9854264,10020328
1790570016,9857924,10020328
1790570018,9979936,10020328
1790570020,9949148,10020328
1790570022,10215240,10020328
1790570024,9806768,10020328
1790570026,9783320,10020328
1790570028,9905084,10020328
1790570030,11202780,10020328
1790570032,6502992,10020328
1790570034,11199368,10020328
1790570036,10292092,10020328
1790570038,11371948,10020328
1790570040,10465824,10020328
1790570042,11180920,10020328
1790570044,12650336,10020328
1790570046,12181576,10020328
1790570048,11757736,10020328
1790570050,11837804,10020328
1790570052,11950436,10020328
1790570054,11982628,10020328
1790570056,10847364,10020328
1790570058,10713052,10020328
1790570060,11977772,10020328
1790570062,11976456,10020328
1790570064,11979300,10020328
1790570066,10750012,10020328
1790570068,10826760,10020328
1790570070,11963624,10020328
1790570072,12027084,10020328
1790570074,12042508,10020328
1790570076,11352488,10020328
1790570078,11909380,10020328
1790570080,11919416,10020328
1790570082,11969704,10020328
1790570084,10855108,10020328
1790570086,11219076,10020328
1790570088,10346500,10020328
1790570090,11569620,10020328
1790570092,11554988,10020328
1790570094,11798028,10020328
1790570096,11780240,10020328
1790570099,11887336,10020328
1790570101,12032324,10020328
1790570103,10811836,10020328
1790570105,10647224,10020328
1790570107,11925620,10020328
1790570109,11880948,10020344
1790570111,11893232,10020344
1790570113,10587728,10020344
1790570115,10769856,10020344
1790570117,11896524,10020344
1790570119,11892000,10020344
1790570121,11922476,10020344
1790570123,11481152,10020344
1790570125,11857056,10020344
1790570127,11886744,10020344
1790570129,11964076,10020344
1790570131,10604436,10020344
1790570133,10989736,10020344
1790570135,10308620,10020344
1790570137,11524088,10020344
1790570139,11585868,10020344
1790570141,11290944,10020344
1790570143,11676396,10020344
1790570145,11894088,10020344
1790570147,11909328,10020344
1790570149,10824768,10020344
1790570151,10660460,10020344
1790570153,11945128,10020344
1790570155,11942528,10020344
1790570157,12009668,10020344
1790570159,10635812,10020344
1790570161,10880944,10020344
1790570163,11882716,10020344
1790570165,11881908,10020344
1790570167,11936632,10020344
1790570169,11469860,10020344
1790570171,11786128,10020344
1790570173,11807880,10020344
1790570175,11907036,10020344
1790570177,10322556,10020344
1790570179,11492040,10020344
1790570181,10250280,10020344
1790570183,11465976,10020344
1790570185,11495252,10020344
1790570187,10756572,10020344
1790570189,11773976,10020344
1790570191,11860520,10020344
1790570193,11912988,10020344
1790570195,10500304,10020348
1790570197,10659116,10020348
1790570199,11920984,10020348
1790570201,11966564,10020348
1790570203,12022868,10020348
1790570205,10586336,10020348
1790570207,10736812,10020348
1790570209,11936516,10020348
1790570211,11937320,10020348
1790570213,11990592,10020348
1790570215,11515396,10020348
1790570217,11810752,10020348
1790570219,11859540,10020348
1790570221,12054032,10020348
1790570223,10354912,10020348
1790570225,11495620,10020348
1790570227,10277004,10020348
1790570229,11485124,10020348
1790570231,11584308,10020348
1790570233,10766696,10020348
1790570235,11807740,10020348
1790570237,11863284,10020348
1790570239,11957100,10020348
1790570241,10682744,10020348
1790570243,10637696,10020348
1790570245,11903268,10020348
1790570247,11899256,10020348
1790570249,11960780,10020348
1790570251,10715748,10020348
1790570253,10801048,10020348
1790570255,11924980,10020348
1790570257,11936780,10020348
1790570259,12012896,10020348
1790570261,11926008,10020348
1790570263,11844568,10020348
1790570265,11930668,10020348
1790570267,11990068,10020348
1790570269,10384572,10020348
1790570271,11526828,10020348
1790570273,10276260,10020348
1790570275,11528400,10020348
1790570277,11612184,10020348
1790570279,10761872,10020348
1790570281,11931996,10020348
1790570283,11805820,10020348
1790570285,11850988,10020348
1790570287,10571496,10020364
1790570289,10684500,10020364
1790570291,11837256,10020364
1790570293,11896312,10020364
1790570295,11907004,10020364
1790570297,11340732,10020364
1790570299,10692188,10020364
1790570301,11838784,10020364
1790570303,11878168,10020364
1790570305,11981212,10020364
1790570307,10762168,10020364
1790570309,11858192,10020364
1790570311,11856152,10020364
1790570313,11994316,10020364
1790570315,10393012,10020364
1790570317,11553880,10020364
1790570319,10326528,10020364
1790570321,11640264,10020364
1790570323,10823136,10020364
1790570325,10428280,10020364
1790570327,11774208,10020364
1790570329,11899216,10020364
1790570331,11956696,10020364
1790570333,10647392,10020364
1790570335,10778108,10020364
1790570337,11920672,10020364
1790570339,11932960,10020364
1790570341,12081604,10020364
1790570343,11302016,10020364
1790570345,10733736,10020364
1790570347,11900540,10020364
1790570349,11915112,10020364
1790570351,11949120,10020364
1790570353,10781156,10020364
1790570355,11850800,10020364
1790570357,11877728,10020364
1790570359,11936896,10020364
1790570361,10340324,10020364
1790570363,11400664,10020364
1790570365,10239800,10020364
1790570367,11457392,10020364
1790570369,10752236,10020364
1790570371,10433324,10020364
1790570373,11808208,10020364
1790570375,11962084,10020364
1790570377,11995324,10020364
1790570379,10446312,10020364
1790570381,10754072,10020364
1790570383,11881908,10020364
1790570385,11900516,10020364
1790570387,11979408,10020364
1790570389,11400056,10020364
1790570391,11949932,10020364
1790570393,11943364,10020364
1790570395,11960492,10020364
1790570397,12009316,10020364
1790570399,10847344,10020364
1790570401,11940116,10020364
1790570403,11834512,10020364
1790570405,11935308,10020364
1790570407,10319468,10022412
1790570409,11486720,10022412
1790570411,10279856,10022412
1790570413,11552324,10022412
1790570415,10759452,10022412
1790570417,10336408,10022412
1790570419,11816492,10022412
1790570421,11842832,10022412
1790570423,11863096,10022412
1790570425,10365904,10022412
1790570427,10726472,10022412
1790570429,11917628,10022412
1790570431,11913780,10022412
1790570433,11985436,10022412
1790570435,11408572,10022412
1790570437,11842648,10022412
1790570439,11919556,10022412
1790570441,12002076,10022412
1790570443,12007080,10022412
1790570445,10842364,10022412
1790570447,11833176,10022412
1790570449,11895384,10022412
1790570451,12013872,10022412
1790570453,10386892,10022412
1790570455,11449288,10022412
1790570457,10294172,10022412
1790570459,11535952,10022412
1790570461,10787516,10022412
1790570463,10275712,10022412
1790570465,11821552,10022412
1790570467,11888988,10022412
1790570469,11945440,10022412
1790570471,10605884,10022412
1790570473,10799904,10022412
1790570475,11911868,10022412
1790570477,11907368,10022412
1790570479,11959884,10022412
1790570481,11457148,10022412
1790570483,11860472,10022412
1790570485,11895080,10022412
1790570487,11890240,10022412
1790570489,11977724,10022424
1790570491,10839640,10022424
1790570493,11800884,10022424
1790570495,11951432,10022424
1790570497,9416496,10022424
1790570499,8841920,10022424
1790570501,9151808,10022424
1790570503,10475152,10022424
1790570505,9862904,10022432
1790570507,9840824,10022432
1790570509,9788100,10022432
1790570511,9832308,10022432
1790570513,9861404,10022432
1790570515,9840888,10022432
1790570517,9866720,10022432
1790570519,10909780,10022432
1790570521,6785140,10022432
1790570523,11149852,10022432
1790570525,10195728,10022432
1790570527,11347148,10022432
1790570529,10292424,10022432
1790570531,11122620,10022432
1790570533,12541000,10022432
1790570535,12163088,10022432
1790570537,11502612,10022432
1790570539,11747632,10022432
1790570541,11862132,10022432
1790570543,11976196,10022432
1790570545,10867848,10022432
1790570547,10882760,10022432
1790570549,11839260,10022432
1790570551,11881892,10022432
1790570553,12014496,10022432
1790570555,10739236,10022432
1790570557,10708988,10022432
1790570559,11970392,10022432
1790570561,11980260,10022432
1790570563,12010456,10022432
1790570565,11286092,10022432
1790570567,10794236,10022432
1790570569,12003988,10022432
1790570571,12069408,10022432
1790570573,10896532,10022432
1790570575,10827356,10022432
1790570577,10622172,10022432
1790570579,11499284,10022432
1790570581,11783712,10022432
1790570583,11816456,10022432
1790570585,11722720,10022432
1790570587,11765380,10022432
1790570589,11952400,10022432
1790570591,10787688,10022432
1790570593,10621848,10022432
1790570595,11877484,10022432
1790570597,11975380,10022432
1790570599,12015596,10022432
1790570601,10474132,10022432
1790570603,10698052,10022432
1790570605,11906412,10022432
1790570607,11938612,10022432
1790570609,11975444,10022432
1790570611,11467672,10022432
1790570613,11873424,10022432
1790570615,11930156,10022432
1790570617,11972412,10022432
1790570619,10841184,10022432
1790570621,11658620,10022432
1790570623,10670492,10022432
1790570625,11501248,10022432
1790570627,11777360,10022432
1790570629,10784792,10022432
1790570631,11867944,10022432
1790570633,11919292,10022432
1790570635,11996384,10022432
1790570637,10811264,10022432
1790570639,10668280,10022432
1790570641,11783600,10022436
1790570643,11899848,10022436
1790570645,11986788,10022436
1790570647,10483000,10022436
1790570649,10769772,10022436
1790570651,11877164,10022436
1790570653,11913692,10022436
1790570655,11950144,10022436
1790570657,11446592,10022436
1790570659,11785060,10022436
1790570661,11801780,10022436
1790570663,11967392,10022436
1790570665,10483936,10022436
1790570667,11486484,10022436
1790570669,10433188,10022436
1790570671,11532704,10022436
1790570673,11803464,10022436
1790570675,10797256,10022436
1790570677,11792244,10022436
1790570679,11879772,10022436
1790570681,11934224,10022436
1790570683,10644172,10022436
1790570685,10637800,10022436
1790570687,11877812,10022436
1790570689,11897144,10022436
1790570691,12028876,10022436
1790570693,10739992,10022436
1790570695,10754216,10022436
1790570697,11877268,10022436
1790570699,11954932,10022436
1790570701,11990052,10022436
1790570703,11460536,10022436
1790570705,11776172,10022436
1790570707,11829028,10022436
1790570709,11957680,10022436
1790570711,10458756,10022436
1790570713,11547544,10022436
1790570715,10275572,10022436
1790570717,11569248,10022436
1790570719,11694192,10022436
1790570721,10767124,10022436
1790570723,11757560,10022436
1790570725,11906256,10022436
1790570727,11887292,10022436
1790570729,10491840,10022436
1790570731,10612452,10022436
1790570733,11863020,10022436
1790570735,11981504,10022436
1790570737,12087856,10022436
1790570739,10699268,10022436
1790570741,10716852,10022436
1790570743,11890652,10022436
1790570745,11918124,10022436
1790570747,11983824,10022436
1790570749,11851528,10022436
1790570751,11918104,10022436
1790570753,11929888,10022436
1790570755,12016656,10022436
1790570757,10417144,10022436
1790570759,11674032,10022436
1790570761,10295652,10022436
1790570763,11570784,10022436
1790570765,11666652,10022436
1790570767,10773536,10022436
1790570769,11739988,10022436
1790570771,11906844,10022436
1790570773,11955740,10022436
1790570775,10680936,10022436
1790570777,10577908,10022436
1790570779,11825404,10022436
1790570781,11924092,10022436
1790570783,11964632,10022436
1790570785,10471116,10022436
1790570787,10684564,10022436
1790570789,11784356,10022436
1790570792,11949524,10022436
1790570794,12044704,10022436
1790570796,11772292,10022436
1790570798,11929588,10022436
1790570800,11926932,10022436
1790570802,11968988,10022436
1790570804,10398016,10022436
1790570806,11635240,10022436
1790570808,10331672,10022436
1790570810,11506856,10022436
1790570812,11808116,10022436
1790570814,10815212,10022436
1790570816,11823072,10022436
1790570818,11907748,10022436
1790570820,11994428,10022436
1790570822,10549068,10022436
1790570824,10595984,10022436
1790570826,11795356,10022436
1790570828,11888880,10022436
1790570830,11959228,10022436
1790570832,10870524,10022436
1790570834,10672440,10022436
1790570836,11844344,10022436
1790570838,11909156,10022436
1790570840,12005296,10022436
1790570842,11516328,10022436
1790570844,11859368,10022436
1790570846,11910600,10022436
1790570848,11936800,10022436
1790570850,10338412,10022436
1790570852,11513476,10022436
1790570854,10306412,10022436
1790570856,11496032,10022436
1790570858,10851180,10022436
1790570860,10719420,10022436
1790570862,11922028,10022436
1790570864,11916480,10022436
1790570866,11938120,10022436
1790570868,10654836,10022488
1790570870,10735572,10022488
1790570872,11947508,10022488
1790570874,11975448,10022492
1790570876,12009180,10022492
1790570878,11382820,10022492
1790570880,10891816,10022492
1790570882,11842952,10022492
1790570884,11924884,10022492
1790570886,11919444,10022492
1790570888,10762152,10022492
1790570890,11773124,10022492
1790570892,11826296,10022492
1790570894,11870276,10022492
1790570896,10346592,10022492
1790570898,11417920,10022492
1790570900,10271796,10022492
1790570902,11485480,10022492
1790570904,10767984,10022492
1790570906,10237336,10022492
1790570908,11809532,10022492
1790570910,11834944,10022492
1790570912,11951020,10022492
1790570914,10697764,10022492
1790570916,10810924,10022492
1790570918,11953640,10022492
1790570920,11959844,10022492
1790570922,12013664,10022492
1790570924,11583752,10022492
1790570926,11848028,10022492
1790570928,11864316,10022492
1790570930,11894996,10022492
1790570932,10831112,10022492
1790570934,10871064,10022492
1790570936,11909164,10022492
1790570938,11907324,10022492
1790570940,12040552,10022492
1790570942,10322140,10022492
1790570944,10193344,10022492
1790570946,10248260,10022492
1790570948,11520928,10022492
1790570950,10587496,10022492
1790570952,10222992,10022492
1790570954,11727540,10022492
1790570956,11780956,10022492
1790570958,11983272,10022492
1790570960,10477116,10022492
1790570962,10707644,10022492
1790570964,11841324,10022492
1790570966,11917008,10022492
1790570968,11914100,10022492
1790570970,11952044,10022492
1790570972,11867180,10022492
1790570974,11924628,10022492
1790570976,11999224,10022492
1790570978,10821796,10022492
1790570980,10570940,10022492
1790570982,11907564,10022492
1790570984,11930448,10022492
1790570986,11989496,10022492
1790570988,10372428,10022492
1790570990,10279840,10022492
1790570992,11491176,10022492
1790570994,11490280,10022492
1790570996,10575372,10022492
1790570998,10292964,10022492
1790571000,11889668,10022492
1790571002,11923536,10022492
1790571004,11943672,10022492
1790571006,11243868,10022492
1790571008,11823552,10022492
1790571010,11848684,10022492
1790571012,11866648,10022492
1790571014,11997512,10022492
1790571016,10810892,10022492
1790571018,11798248,10022492
1790571020,11893012,10022492
1790571022,12007320,10022492
1790571024,10633776,10022492
1790571026,10528124,10022492
1790571028,11872160,10022492
1790571030,11895928,10022492
1790571032,12027028,10022492
1790571034,10381172,10022492
1790571036,10279196,10022492
1790571038,11470792,10022492
1790571040,11481380,10022492
1790571042,10444668,10022492
1790571044,10510648,10022492
1790571046,11787816,10022492
1790571048,11944192,10022492
1790571050,11976220,10022492
1790571052,11629720,10022492
1790571054,11939840,10022492
1790571056,11950496,10022492
1790571058,11986124,10022492
1790571060,10873452,10022492
1790571062,10772548,10022492
1790571064,11817240,10022492
1790571066,11825988,10022492
1790571068,11942832,10022492
1790571070,10567796,10022492
1790571072,10618396,10022492
1790571074,11879708,10022492
1790571076,11873836,10022492
1790571078,9110216,10022492
1790571080,8908104,10022492
1790571082,9760372,10022492
1790571084,9764244,10022492
1790571086,9758220,10022492
1790571088,9793028,10022492
1790571090,9854096,10022492
1790571092,9833760,10022492
1790571094,9768776,10022492
1790571096,9829812,10022492
1790571098,9905148,10022492
1790571100,10933456,10022492
1790571102,4461336,10022492
1790571104,11247932,10022492
1790571106,10286436,10022492
1790571108,10349116,10022492
1790571110,10389508,10022492
1790571112,11140332,10022492
1790571114,12622856,10022492
1790571116,11679812,10022492
1790571118,10831496,10022492
1790571120,11861208,10022492
1790571122,11856208,10022492
1790571124,11860088,10022492
1790571126,10670720,10022492
1790571128,10778920,10022492
1790571130,11966160,10022492
1790571132,11962712,10022492
1790571134,12000264,10022492
1790571136,11236028,10022492
1790571138,10789652,10022492
1790571140,11906616,10022492
1790571142,11904900,10022492
1790571144,12010792,10022492
1790571146,10842044,10022492
1790571148,11862156,10022492
1790571150,11903564,10022492
1790571152,12054624,10022492
1790571154,10447608,10022492
1790571156,11535688,10022492
1790571158,10332576,10022492
1790571160,11558232,10022492
1790571162,10827436,10022492
1790571164,10392892,10022492
1790571166,11849364,10022492
1790571168,11875268,10022492
1790571170,11930828,10022492
1790571172,10574344,10022492
1790571174,10818372,10022492
1790571176,11929808,10022492
1790571178,11932028,10022492
1790571180,12080456,10022492
1790571182,11233024,10022492
1790571184,11863164,10022492
1790571186,11917120,10022492
1790571188,11950976,10022492
1790571190,11999680,10022492
1790571192,10802656,10022508
1790571194,11801864,10022508
1790571196,11859200,10022508
1790571198,11950552,10022508
1790571200,10360884,10022508
1790571202,10476428,10022508
1790571204,10320444,10022508
1790571206,11525384,10022508
1790571208,10802168,10022508
1790571210,10156764,10022508
1790571212,11860864,10022508
1790571214,11925304,10022508
1790571216,11983404,10022508
1790571218,10683408,10022508
1790571220,10806188,10022508
1790571222,11866708,10022508
1790571224,11936604,10022508
1790571226,11992688,10022508
1790571228,11652016,10022508
1790571230,11911048,10022508
1790571232,11905728,10022508
1790571234,11912472,10022508
1790571236,10831284,10022508
1790571238,10834196,10022508
1790571240,11983920,10022508
1790571242,11905556,10022508
1790571244,11956396,10022508
1790571246,10430084,10022508
1790571248,10227112,10022508
1790571250,10270888,10022508
1790571252,11586816,10022508
1790571254,10784480,10022508
1790571256,10178812,10022508
1790571258,11782976,10022508
1790571260,11917328,10022508
1790571262,11911716,10022508
1790571264,10702484,10022508
1790571266,10764556,10022508
1790571268,11954512,10022508
1790571270,11947076,10022508
1790571272,11968020,10022508
1790571274,11661160,10022508
1790571276,11954180,10022508
1790571278,11952448,10022508
1790571280,11983408,10022508
1790571282,10831644,10022508
1790571284,10834092,10022508
1790571286,11853120,10022508
1790571288,11955016,10022508
1790571290,12072960,10022508
1790571292,10859900,10022508
1790571294,10399704,10022508
1790571296,10626724,10022508
1790571298,11542220,10022508
1790571300,10749716,10022508
1790571302,10222848,10022516
1790571304,11791652,10022516
1790571306,11808652,10022516
1790571308,11893876,10022516
1790571310,10666312,10022516
1790571312,10777500,10022516
1790571314,11934932,10022516
1790571316,11945848,10022516
1790571318,11962980,10022516
1790571320,11939928,10022516
1790571322,11864504,10022516
1790571324,11892484,10022516
1790571326,11950160,10022516
1790571328,10766776,10022516
1790571330,10487996,10022516
1790571332,11909676,10022516
1790571334,11933992,10022516
1790571336,12040188,10022516
1790571338,10631272,10022516
1790571340,10289496,10022516
1790571342,10745128,10022516
1790571344,11597428,10022516
1790571346,10581992,10022516
1790571348,10373384,10022516
1790571350,11830492,10022516
1790571352,11884824,10022516
1790571354,12006836,10022516
1790571356,11125192,10022516
1790571358,10811040,10022516
1790571360,11984260,10022516
1790571362,11868268,10022516
1790571364,12007316,10022516
1790571366,10779588,10022516
1790571368,11886656,10022516
1790571370,11889536,10022516
1790571372,11892680,10022516
1790571374,10653732,10022516
1790571376,10598152,10022516
1790571378,11849500,10022516
1790571380,11867648,10022516
1790571382,11916392,10022516
1790571384,10488756,10022516
1790571386,10262124,10022516
1790571388,11467452,10022516
1790571390,11513280,10022516
1790571392,10542296,10022516
1790571394,10555436,10022516
1790571396,11808376,10022516
1790571398,11903496,10022516
1790571400,12011600,10022516
1790571402,11428224,10022516
1790571404,11906772,10022516
1790571406,11937708,10022516
1790571408,11981104,10022516
1790571410,10822504,10022516
1790571412,10837916,10022516
1790571414,11889484,10022516
1790571416,11940224,10022516
1790571418,12050552,10022516
1790571420,10787048,10022516
1790571422,10584824,10022516
1790571424,11874280,10022516
1790571426,11877236,10022516
1790571428,11948632,10022516
1790571430,10341744,10022516
1790571432,10236104,10022516
1790571434,11490000,10022516
1790571436,11528192,10022516
1790571438,10611380,10022516
1790571440,10479652,10022516
1790571442,11788272,10022516
1790571444,11946000,10022516
1790571446,11961740,10022516
1790571448,11996516,10022516
1790571450,11955400,10022516
1790571452,11975016,10022516
1790571454,12007552,10022516
1790571456,10836860,10022516
1790571458,10538604,10022516
1790571460,11893744,10022516
1790571462,11899488,10022516
1790571464,12009536,10022516
1790571466,10638356,10022516
1790571468,10734020,10022516
1790571470,11893152,10022516
1790571472,12005104,10022516
1790571474,11062884,10022516
1790571476,10385300,10022516
1790571478,10300072,10022516
1790571480,11572080,10022516
1790571482,11575664,10022516
1790571485,10929972,10022516
1790571487,10499152,10022516
1790571489,11785960,10022516
1790571491,11880720,10022516
1790571493,11913504,10022516
1790571495,10751608,10022516
1790571497,11882064,10022516
1790571499,11881280,10022516
1790571501,11943672,10022516
1790571503,10700840,10022516
1790571505,10518416,10022516
1790571507,11809124,10022516
1790571509,11904304,10022516
1790571511,11965740,10022516
1790571513,10641464,10022516
1790571515,10763760,10022516
1790571517,11894520,10022516
1790571519,11978768,10022516
1790571521,10970488,10022516
1790571523,10390020,10022516
1790571525,10321876,10022516
1790571527,11544392,10022516
1790571529,11594880,10022516
1790571531,11248408,10022516
1790571533,11739516,10022516
1790571535,11818560,10022516
1790571537,11906544,10022516
1790571539,12004840,10022516
1790571541,10868996,10022516
1790571543,11881024,10022516
1790571545,11894272,10022516
1790571547,11891028,10022516
1790571549,10581512,10022516
1790571551,10580020,10022516
1790571553,11824588,10022516
1790571555,11889504,10022516
1790571557,11976908,10022516
1790571559,10466732,10022516
1790571561,10718612,10022516
1790571563,11874448,10022516
1790571565,11924500,10022516
1790571567,9162056,10022516
1790571569,9074216,10022516
1790571571,9768064,10022516
1790571573,9847456,10022516
1790571575,9827476,10022516
1790571577,9822364,10022516
1790571579,9822236,10022516
1790571581,9731176,10022516
1790571583,9956340,10022516
1790571585,9912592,10022516
1790571587,11258980,10022516
1790571589,11445016,10022516
1790571591,7103304,10022516
1790571593,10777092,10022516
1790571595,10246976,10022516
1790571597,10410304,10022516
1790571599,11732148,10022516
1790571601,12668696,10022516
1790571603,12626844,10022516
1790571605,10404368,10022516
1790571607,10419020,10022516
1790571609,11880152,10022516
1790571611,11909616,10022516
1790571613,11962928,10022516
1790571615,10800612,10022516
1790571617,10820308,10022516
1790571619,11936536,10022516
1790571621,11981444,10022516
1790571623,12025048,10022516
1790571625,12029960,10022516
1790571627,11956492,10022516
1790571629,12005784,10022516
1790571631,12044736,10022516
1790571633,10880460,10022516
1790571635,10631100,10022516
1790571637,11883520,10022516
1790571639,11976992,10022516
1790571641,12041260,10022516
1790571643,10406484,10022516
1790571645,10235520,10022516
1790571647,10582544,10022516
1790571649,11459808,10022516
1790571651,10492920,10022516
1790571653,10515232,10022516
1790571655,11768860,10022516
1790571657,11886272,10022516
1790571659,11980056,10022516
1790571661,11249112,10022516
1790571663,10680604,10022516
1790571665,11916068,10022516
1790571667,11899512,10022516
1790571669,11933504,10022516
1790571671,10773028,10022516
1790571673,11749004,10022516
1790571675,11807252,10022516
1790571677,11947148,10022516
1790571679,10661028,10022516
1790571681,10518260,10022516
1790571683,11770216,10022516
1790571685,11861732,10022516
1790571687,11937120,10022516
1790571689,10328268,10022516
1790571691,10212556,10022516
1790571693,11464784,10022516
1790571695,11495432,10022516
1790571697,10508524,10022516
1790571699,10441996,10022516
1790571701,11901892,10022516
1790571703,11901232,10022516
1790571705,11946304,10022516
1790571707,11418832,10022516
1790571709,11921956,10022516
1790571711,11927936,10022516
1790571713,11989348,10022516
1790571715,11257212,10022516
1790571717,10847100,10030708
1790571719,11911180,10030708
1790571721,11964692,10030708
1790571723,11889044,10030708
1790571725,10669624,10030708
1790571727,10609988,10030708
1790571729,11819396,10032756
1790571731,11825884,10032756
1790571733,11891708,10032756
1790571735,10308952,10032756
1790571737,10236580,10032756
1790571739,11443972,10036852
1790571741,11449796,10036852
1790571743,10456060,10036852
1790571745,10431780,10036852
1790571747,11750208,10036852
1790571749,11840644,10036852
1790571751,11845124,10036852
1790571753,11802228,10036852
1790571755,11886548,10036852
1790571757,11895380,10036852
1790571759,11951032,10036852
1790571761,10824928,10036852
1790571763,10820432,10036852
1790571765,11888704,10036852
1790571767,11984388,10036852
1790571769,12016284,10036852
1790571771,10687296,10036852
1790571773,10735760,10036852
1790571775,11886628,10036852
1790571777,11900160,10036852
1790571779,11985212,10036852
1790571781,10456432,10036856
1790571783,10326428,10037592
1790571785,11520776,10037592
1790571787,11543072,10037880
1790571789,10642724,10037892
1790571791,10565504,10037892
1790571793,11823532,10037896
1790571795,11983976,10037896
1790571797,12004116,10037896
1790571799,12095860,10037924
1790571801,11986724,10037924
1790571803,11994308,10037924
1790571805,12093656,10037924
1790571807,10934484,10037924
1790571809,10759136,10037924
1790571811,12025740,10037928
1790571813,11883272,10037928
1790571815,11927380,10037932
1790571817,10623024,10037932
1790571819,10675812,10037932
1790571821,11872480,10037932
1790571823,11926860,10037932
1790571825,11021476,10037932
1790571827,10361036,10037932
1790571829,10290220,10037932
1790571831,11505348,10037932
1790571833,11504860,10037932
1790571835,10842584,10037932
1790571837,11787112,10037932
1790571839,11848520,10037932
1790571841,11857048,10037932
1790571843,11846744,10037932
1790571845,10740956,10037932
1790571847,11745632,10037932
1790571849,11762516,10037932
1790571851,11872576,10037932
1790571853,10494984,10037932
1790571855,10464140,10037932
1790571857,11777048,10037932
1790571859,11790368,10037932
1790571861,11861124,10037944
1790571863,10416184,10037960
1790571865,10685728,10037960
1790571867,11761764,10037960
1790571869,11865800,10037960
1790571871,10814072,10037960
1790571873,10379104,10037960
1790571875,10300256,10037960
1790571877,11598152,10037960
1790571879,11604324,10037960
1790571881,11381928,10037960
1790571883,11728992,10037960
1790571885,11849664,10037960
1790571887,11878552,10037960
1790571889,10774712,10037960
1790571891,10816136,10037960
1790571893,11831400,10037960
1790571895,11873388,10037960
1790571897,11941832,10037960
1790571899,10693196,10037960
1790571901,10611660,10037960
1790571903,11828936,10037960
1790571905,11831972,10037960
1790571907,11951576,10037960
1790571909,11255764,10037960
1790571911,11843436,10037960
1790571913,11839540,10037960
1790571915,11911912,10037964
1790571917,10551700,10037964
1790571919,10853592,10037964
1790571921,10268580,10037964
1790571923,11448144,10037964
1790571925,11594008,10037964
1790571927,11706960,10037964
1790571929,11757824,10037964
1790571931,11836352,10037964
1790571933,11961336,10037964
1790571935,10778464,10037964
1790571937,10615632,10037964
1790571939,11903380,10037964
1790571941,11901708,10037964
1790571943,11928412,10037964
1790571945,10681276,10037964
1790571947,10752400,10037964
1790571949,11870960,10037964
1790571951,11900972,10037964
1790571953,11997316,10037964
1790571955,11815752,10037964
1790571957,11816056,10037972
1790571959,11863452,10037972
1790571961,11427592,10037972
1790571963,8731172,10037972
1790571965,9053636,10037972
1790571967,9740508,10037972
1790571969,10074656,10037972
1790571971,9603696,10037972
1790571973,9836216,10037972
1790571975,9750428,10037972
1790571977,9742420,10037972
1790571979,9755308,10037972
1790571981,9755580,10037972
1790571983,11125300,10037972
