epoch,MemAvailable_kB,SwapFree_kB
1790493447,26712844,14497836
1790493449,26677464,14497836
1790493451,26654568,14497836
1790493453,26125028,14497836
1790493455,23273188,14497836
1790493457,23276076,14497880
1790493459,21243480,14497880
1790493461,12689304,14497904
1790493463,10759872,14497904
1790493465,10383556,14497904
1790493467,10732460,14497904
1790493469,11591748,14497904
1790493471,11533600,14497904
1790493473,11542944,14497904
1790493475,11597016,14497904
1790493477,11615568,14497904
1790493479,11503220,14497904
1790493481,11582216,14497904
1790493483,11577820,14497904
1790493485,11555080,14497904
1790493487,11538388,14497904
1790493489,11501772,14498756
1790493491,11449172,14498756
1790493493,11399032,14498756
1790493495,11337588,14498756
1790493497,11279028,14498756
1790493499,11220176,14498756
1790493501,11163216,14498756
1790493503,9674268,14498756
1790493505,10193388,14498756
1790493507,9235244,14498756
1790493509,7819900,14498756
1790493511,8901476,14498756
1790493513,8911700,14498756
1790493515,9012216,14498756
1790493517,7602952,14498756
1790493519,7739808,14498756
1790493521,8950404,14498756
1790493523,8950112,14498756
1790493525,9020592,14498756
1790493527,7835948,14498756
1790493529,8908792,14498756
1790493531,8918988,14498756
1790493533,8966584,14498756
1790493535,7573264,14498756
1790493537,7743100,14498756
1790493539,8946068,14498756
1790493541,9066212,14498756
1790493543,7975900,14498756
1790493545,7441796,14498756
1790493547,7305048,14498756
1790493549,8555384,14498756
1790493551,8582288,14498756
1790493553,8702504,14498756
1790493555,8642356,14498756
1790493557,8976672,14498756
1790493559,8971296,14498756
1790493561,7450484,14498756
1790493563,7771480,14498756
1790493565,9033316,14498756
1790493567,9021032,14498756
1790493569,8933980,14498756
1790493571,8698264,14498756
1790493573,8912556,14498756
1790493575,8917920,14498756
1790493577,8917716,14498756
1790493579,7722804,14498756
1790493581,7570132,14498756
1790493583,8782100,14498756
1790493585,8811856,14498756
1790493587,8915792,14498756
1790493589,7301632,14498756
1790493591,7358492,14498756
1790493593,8583720,14498756
1790493595,8613764,14498756
1790493597,7881240,14498756
1790493599,7553028,14498756
1790493601,9015244,14498756
1790493603,9127688,14498756
1790493605,9159780,14498756
1790493607,8021632,14498756
1790493609,9161552,14498756
1790493611,9154008,14498756
1790493613,9151152,14498756
1790493615,7894508,14498756
1790493617,8028944,14498756
1790493619,9188284,14498756
1790493621,9180840,14498756
1790493624,9191228,14498756
1790493626,9070652,14498756
1790493628,9111752,14498756
1790493630,9021256,14498756
1790493632,9036788,14498756
1790493634,7496276,14498756
1790493636,8493104,14498756
1790493638,7228092,14498756
1790493640,8439716,14498756
1790493642,7702100,14498756
1790493644,7304464,14498756
1790493646,8740204,14498756
1790493648,8800932,14498756
1790493650,8826144,14498756
1790493652,7601228,14498756
1790493654,7648260,14498756
1790493656,8855932,14498756
1790493658,8914696,14498756
1790493660,9020284,14498756
1790493662,8926368,14498756
1790493664,8976780,14498756
1790493666,8961872,14498756
1790493668,8979252,14498756
1790493670,7843016,14498756
1790493672,7690652,14498756
1790493674,8903664,14498756
1790493676,8941544,14498756
1790493678,8944480,14498756
1790493680,7400284,14498756
1790493682,7467628,14498756
1790493684,8625748,14498756
1790493686,8646884,14498756
1790493688,7627252,14498756
1790493690,7456288,14498756
1790493692,8779356,14498756
1790493694,8916524,14498756
1790493696,9015352,14498756
1790493698,9022772,14498756
1790493700,9135776,14498756
1790493702,9143736,14498756
1790493704,9141912,14498756
1790493706,7840316,14498756
1790493708,7704308,14498756
1790493710,9001692,14498756
1790493712,9072840,14498756
1790493714,9126892,14498756
1790493716,8110964,14498756
1790493718,7844780,14498756
1790493720,9078168,14498756
1790493722,9127076,14498756
1790493724,7983784,14498756
1790493726,7780156,14498756
1790493728,7299420,14498756
1790493730,8571900,14498756
1790493732,8596168,14498756
1790493734,8873384,14498756
1790493736,8940996,14498756
1790493738,8950580,14498756
1790493740,8940828,14498756
1790493742,7724548,14498756
1790493744,7679032,14498756
1790493746,8908940,14498756
1790493748,8971472,14498756
1790493750,8938128,14498756
1790493752,7571012,14498756
1790493754,7722228,14498756
1790493756,8902192,14498756
1790493758,8903808,14498756
1790493760,8925296,14498756
1790493762,7780720,14498756
1790493764,8841644,14498756
1790493766,8856068,14498756
1790493768,8909096,14498756
1790493770,7337624,14498756
1790493772,8454912,14498756
1790493774,7430056,14498756
1790493776,8565032,14498756
1790493778,7793920,14498756
1790493780,7522296,14498756
1790493782,8965344,14498756
1790493784,9017968,14498756
1790493786,9057256,14498756
1790493788,7848464,14498756
1790493790,8004256,14498756
1790493792,9169852,14498756
1790493794,9170612,14498756
1790493796,9221996,14498756
1790493798,9071740,14498756
1790493800,9116160,14498756
1790493802,9131808,14498756
1790493804,9124648,14498756
1790493806,8036656,14498756
1790493808,7896472,14498756
1790493810,9064596,14498756
1790493812,9072500,14498756
1790493814,9072500,14498756
1790493816,7514868,14498756
1790493818,7192592,14498756
1790493820,8498996,14498756
1790493822,8498356,14498756
1790493824,7585544,14498756
1790493826,7321372,14498756
1790493828,8785840,14498756
1790493830,8789244,14498756
1790493832,8894352,14498756
1790493834,8359432,14498756
1790493836,8831744,14498756
1790493838,8836724,14498756
1790493840,8956888,14498756
1790493842,7834916,14498756
1790493844,7659676,14498756
1790493846,8905368,14498756
1790493848,8928172,14498756
1790493850,8979008,14498756
1790493852,7698492,14498756
1790493854,7753864,14498756
1790493856,8906064,14498756
1790493858,8909772,14498756
1790493860,8978760,14498756
1790493862,7400388,14498756
1790493864,7423416,14498756
1790493866,8611912,14498756
1790493868,8624612,14498756
1790493870,7575724,14498756
1790493872,7542852,14498756
1790493874,8748300,14498756
1790493876,8903152,14498756
1790493878,9040300,14498756
1790493880,7927044,14498756
1790493882,9026900,14498756
1790493884,9028488,14498756
1790493886,9067320,14498756
1790493888,7807640,14498756
1790493890,7785660,14498756
1790493892,8997664,14498756
1790493894,9010520,14498756
1790493896,9062872,14498756
1790493898,7757080,14498756
1790493900,8015548,14498756
1790493902,9168136,14498760
1790493904,9168768,14498760
1790493906,8107912,14498760
1790493908,7565544,14498760
1790493910,7264300,14498760
1790493912,8525760,14498760
1790493914,8542384,14498760
1790493916,8283256,14498760
1790493918,8852196,14498760
1790493920,8873392,14498760
1790493922,8944744,14498760
1790493924,7847148,14498760
1790493926,7616608,14498760
1790493928,9038384,14498760
1790493930,8949276,14498760
1790493932,8945884,14498760
1790493934,7553432,14498760
1790493936,7717152,14498760
1790493938,8788004,14498760
1790493940,8849748,14498760
1790493942,8900540,14498760
1790493944,8431232,14498760
1790493946,8796332,14498760
1790493948,8905928,14498760
1790493950,8923908,14498760
1790493952,7329208,14498760
1790493954,8393936,14498760
1790493956,7318884,14498760
1790493958,8545028,14498760
1790493960,8636644,14498760
1790493962,8358224,14498760
1790493964,8893768,14498760
1790493966,8899784,14498760
1790493968,8965348,14498760
1790493970,7846552,14498760
1790493972,7883036,14498760
1790493974,9087892,14498760
1790493976,9121352,14498760
1790493978,9169924,14498760
1790493980,7793680,14498760
1790493982,8018236,14498760
1790493984,9042760,14498760
1790493986,9055496,14498760
1790493988,9167672,14498760
1790493990,8838124,14498760
1790493992,9014740,14498760
1790493994,9024844,14498760
1790493996,9059288,14498760
1790493998,7503484,14498760
1790494000,8616352,14498760
1790494002,7245560,14498760
1790494004,8479448,14498760
1790494006,8502100,14498760
1790494008,7758848,14498760
1790494010,8784672,14498760
1790494012,8824072,14498760
1790494014,8865620,14498760
1790494016,7219176,14498760
1790494018,7495416,14498760
1790494020,8933360,14498760
1790494022,8952944,14498760
1790494024,8978604,14498760
1790494026,8455624,14498760
1790494028,7819312,14498760
1790494030,8969484,14498760
1790494032,8983040,14498760
1790494034,8987164,14498760
1790494036,7832360,14498760
1790494038,8857336,14498760
1790494040,8926876,14498760
1790494042,8972208,14498760
1790494044,7387720,14498760
1790494046,8423992,14498760
1790494048,7326020,14498760
1790494050,8567064,14498760
1790494052,7770648,14498760
1790494054,7543924,14498760
1790494056,8754852,14498760
1790494058,8902880,14498760
1790494060,8999340,14498760
1790494062,7713400,14498760
1790494064,7946176,14498760
1790494066,9043320,14498760
1790494068,9130452,14498760
1790494070,9115920,14498760
1790494072,8685656,14498760
1790494074,9026284,14498760
1790494076,9024448,14498760
1790494078,9027748,14498760
1790494080,9139668,14498760
1790494082,8002404,14498760
1790494084,9077388,14498760
1790494086,9069648,14498760
1790494088,9137092,14498760
1790494090,7543152,14498760
1790494092,7253728,14498760
1790494094,7331728,14498760
1790494096,8625812,14498760
1790494098,7827628,14498760
1790494100,7185872,14498760
1790494102,8736040,14498760
1790494104,8997768,14498760
1790494106,8988252,14498760
1790494108,7594732,14498760
1790494110,7678148,14498760
1790494112,8799592,14498760
1790494114,8902396,14498760
1790494116,8935248,14498760
1790494118,8619588,14498760
1790494120,8908744,14498760
1790494122,8897684,14498760
1790494124,8901560,14498760
1790494126,7759300,14498760
1790494128,7775204,14498760
1790494130,8821256,14498760
1790494132,8862880,14498760
1790494134,8876408,14498760
1790494136,7315484,14498760
1790494138,7258372,14498760
1790494140,7451644,14498760
1790494142,8595952,14498760
1790494144,7742632,14498760
1790494146,7496860,14498760
1790494148,8933572,14498760
1790494150,9003884,14498760
1790494152,9095972,14498760
1790494154,7878456,14498760
1790494156,8039544,14498760
1790494158,9172968,14498760
1790494160,9169728,14498760
1790494162,9192508,14498760
1790494164,9153364,14498760
1790494166,9093896,14498760
1790494168,9074868,14498760
1790494170,9089148,14498760
1790494172,7927780,14498760
1790494174,7735500,14498760
1790494176,9046548,14498760
1790494178,9095704,14498760
1790494180,9133384,14498760
1790494182,7703392,14498760
1790494184,7295572,14498760
1790494186,7831172,14498760
1790494188,8557800,14498760
1790494190,7451232,14498760
1790494192,7346276,14498760
1790494194,8808360,14498760
1790494196,8867828,14498760
1790494198,8903024,14498760
1790494200,8482728,14498760
1790494202,7846072,14498760
1790494204,8968724,14498760
1790494206,8975164,14498760
1790494208,8981904,14498760
1790494210,7872080,14498760
1790494212,8928972,14498760
1790494214,8918556,14498760
1790494216,8977544,14498760
1790494218,7569456,14498760
1790494220,7695288,14498760
1790494222,8991888,14498760
1790494224,8997148,14498760
1790494226,9010576,14498760
1790494228,7363800,14498760
1790494230,7273888,14498760
1790494232,8530748,14498760
1790494234,8566324,14498760
1790494236,7568160,14498760
1790494238,7489380,14498760
1790494240,9013112,14498788
1790494242,9012460,14498788
1790494244,9034864,14498788
1790494246,8520104,14498788
1790494248,8998480,14498788
1790494250,8996332,14498788
1790494252,9060964,14498788
1790494254,9099248,14498788
1790494256,7932980,14498788
1790494258,8951824,14498788
1790494260,9084568,14498788
1790494262,9115996,14498788
1790494264,7903440,14498788
1790494266,7800712,14498788
1790494268,9131624,14498788
1790494270,9130612,14498788
1790494272,9152456,14498788
1790494274,7551412,14498788
1790494276,7279628,14498788
1790494278,8547520,14498788
1790494280,8642172,14498788
1790494282,7518484,14498788
1790494284,7442880,14498788
1790494286,8830168,14498788
1790494288,8901532,14498788
1790494290,8916956,14498788
1790494292,8665304,14498788
1790494294,8869512,14498788
1790494296,8886792,14498788
1790494298,8928392,14498788
1790494300,7753248,14498788
1790494302,7651948,14498788
1790494304,8844016,14498788
1790494306,8846556,14498788
1790494308,8863444,14498788
1790494310,7474152,14498788
1790494312,7668564,14498788
1790494314,8836804,14498788
1790494316,8897516,14498788
1790494318,8850556,14498788
1790494320,7383520,14498788
1790494322,7364196,14498788
1790494324,8600472,14498788
1790494326,8628844,14498788
1790494328,7764012,14498788
1790494330,7638468,14498788
1790494332,8959032,14498788
1790494334,8971604,14498788
1790494336,9096140,14498788
1790494338,8888308,14498788
1790494340,9182936,14498788
1790494342,9184268,14498788
1790494344,9184256,14498788
1790494346,8028636,14498788
1790494348,7749796,14498788
1790494350,9001592,14498788
1790494352,9034392,14498788
1790494354,9124220,14498788
1790494357,7893412,14498788
1790494359,7913740,14498788
1790494361,9014284,14498788
1790494363,9063984,14498788
1790494365,8006628,14498788
1790494367,7500256,14498788
1790494369,7268476,14498788
1790494371,8515328,14498788
1790494373,8582520,14498788
1790494375,8265724,14498788
1790494377,8766828,14498788
1790494379,8764612,14498788
1790494381,8922520,14498788
1790494383,8981084,14498788
1790494385,7866472,14498788
1790494387,8956768,14498788
1790494389,8985572,14498788
1790494391,9000176,14498788
1790494393,7770572,14498788
1790494395,7593456,14498788
1790494397,8910808,14498788
1790494399,8956040,14498788
1790494401,9017564,14498788
1790494403,7704812,14498788
1790494405,7803996,14498788
1790494407,8922480,14498788
1790494409,8853028,14498788
1790494411,7729756,14498788
1790494413,7303064,14498788
1790494415,7279096,14498788
1790494417,8560684,14498788
1790494419,8604312,14498788
1790494421,8446556,14498788
1790494423,8919696,14498788
1790494425,8915596,14498788
1790494427,8916740,14498788
1790494429,7890252,14498788
1790494431,7929784,14498788
1790494433,9056008,14498788
1790494435,9088476,14498788
1790494437,9091892,14498788
1790494439,7775044,14498788
1790494441,7938044,14498788
1790494443,9095292,14498788
1790494445,9120420,14498788
1790494447,9239900,14498788
1790494449,8720780,14498788
1790494451,8035712,14498788
1790494453,9144264,14498788
1790494455,9253320,14498788
1790494457,8031724,14498788
1790494459,8317096,14498788
1790494461,7292316,14498788
1790494463,8558892,14498788
1790494465,8668984,14498788
1790494467,8799724,14498788
1790494469,8833732,14498788
1790494471,8832840,14498788
1790494473,8871532,14498788
1790494475,7785804,14498788
1790494477,7531288,14498788
1790494479,8869536,14498788
1790494481,8866772,14498788
1790494483,8899332,14498788
1790494485,7623740,14498788
1790494487,7604552,14498788
1790494489,8869192,14498788
1790494491,8868332,14498788
1790494493,8974540,14498788
1790494495,8456244,14498788
1790494497,8831364,14498788
1790494499,8888200,14498788
1790494501,9009960,14498788
1790494503,7493712,14498788
1790494505,8473896,14498788
1790494507,7466928,14498788
1790494509,8707916,14498788
1790494511,8763820,14498788
1790494513,7946944,14498788
1790494515,9073708,14498788
1790494517,9076468,14498788
1790494519,9094216,14498788
1790494521,7788580,14498788
1790494523,7860636,14498788
1790494525,9101304,14498788
1790494527,9103300,14498788
1790494529,9075888,14498788
1790494531,7749136,14498788
1790494533,7893812,14498788
1790494535,9044040,14498788
1790494537,9075200,14498788
1790494539,9083648,14498788
1790494541,8911088,14498788
1790494543,8984856,14498788
1790494545,9030180,14498788
1790494547,9098360,14498788
1790494549,7505180,14498788
1790494551,8628940,14498788
1790494553,7287648,14498788
1790494555,8553788,14498788
1790494557,8590772,14498788
1790494559,7724368,14498788
1790494561,8756232,14498788
1790494563,8859376,14498788
1790494565,8895076,14498788
1790494567,7795464,14498788
1790494569,7667028,14498788
1790494571,8889144,14498788
1790494573,8983116,14498788
1790494575,8993232,14498788
1790494577,7726732,14498788
1790494579,7826200,14498788
1790494581,8969504,14498788
1790494583,8995148,14498788
1790494585,9008604,14498788
1790494587,8835348,14498788
1790494589,8794860,14498788
1790494591,8794816,14498788
1790494593,8887888,14498788
1790494595,7330828,14498788
1790494597,8466100,14498788
1790494599,7320440,14498788
1790494601,8578232,14499028
1790494603,8608136,14499028
1790494605,7896388,14499028
1790494607,8916248,14499028
1790494609,8941804,14499028
1790494611,9063380,14499028
1790494613,7691520,14499028
1790494615,7808932,14499028
1790494617,9100840,14499028
1790494619,9090300,14499028
1790494621,9176152,14499028
1790494623,7889300,14499028
1790494625,7981252,14499028
1790494627,9089820,14499028
1790494629,9125372,14499028
1790494631,9196620,14499028
1790494633,9078476,14499028
1790494635,9046976,14499028
1790494637,9080572,14499028
1790494639,9100396,14499028
1790494641,7552844,14499028
1790494643,8666476,14499028
1790494645,7257724,14499028
1790494647,8541680,14499028
1790494649,8508436,14499028
1790494651,7752072,14499028
1790494653,8818648,14499028
1790494655,8836588,14499028
1790494657,8836964,14499028
1790494659,7477156,14499028
1790494661,7605976,14499028
1790494663,8860344,14499028
1790494665,8856644,14499028
1790494667,8932920,14499028
1790494669,7903264,14499028
1790494671,7744712,14499028
1790494673,8862760,14499028
1790494675,8902700,14499028
1790494677,8897956,14499028
1790494679,8924644,14499028
1790494681,8898428,14499028
1790494683,8904988,14499028
1790494685,8995912,14499028
1790494687,7394048,14499028
1790494689,8414628,14499028
1790494691,7484572,14499028
1790494693,8601744,14499028
1790494695,7964708,14499028
1790494697,7847292,14499028
1790494699,8810020,14499028
1790494701,8881024,14499028
1790494703,9057972,14499028
1790494705,7762800,14499028
1790494707,7903992,14499028
1790494709,9023692,14499028
1790494711,9029060,14499028
1790494713,9070212,14499028
1790494715,8367512,14499028
1790494717,7875612,14499028
1790494719,9031156,14499028
1790494721,9039828,14499028
1790494723,9085572,14499028
1790494725,7933708,14499032
1790494727,8991672,14499032
1790494729,9018652,14499032
1790494731,9065288,14499032
1790494733,7488956,14499032
1790494735,8469988,14499032
1790494737,7210532,14499032
1790494739,8496220,14499032
1790494741,7775764,14499032
1790494743,7474712,14499032
1790494745,8766468,14499032
1790494747,8875920,14499032
1790494749,8995472,14499032
1790494751,7579256,14499032
1790494753,7786396,14499032
1790494755,8950796,14499032
1790494757,8971600,14499032
1790494759,9011844,14499032
1790494761,8497872,14499032
1790494763,8969880,14499032
1790494765,8974036,14499032
1790494767,8945236,14499032
1790494769,8870780,14499032
1790494771,7761368,14499032
1790494773,8775452,14499032
1790494775,8780044,14499032
1790494777,8866736,14499032
1790494779,7309584,14499032
1790494781,8008096,14499032
1790494783,7374240,14499032
1790494785,8559508,14499032
1790494787,7681876,14499032
1790494789,7521468,14499032
1790494791,8813188,14499032
1790494793,8813924,14499032
1790494795,8888676,14499032
1790494797,7698852,14499032
1790494799,7890268,14499032
1790494801,9127472,14499032
1790494803,9121884,14499032
1790494805,9167128,14499032
1790494807,8681120,14499032
1790494809,9065600,14499032
1790494811,9062000,14499032
1790494813,9122640,14499032
1790494815,9203944,14499032
1790494817,8035780,14499032
1790494819,9113560,14499032
1790494821,9107164,14499032
1790494823,9142936,14499032
1790494825,7544228,14499032
1790494827,7263116,14499032
1790494829,7222852,14499032
1790494831,8470336,14499032
1790494833,7724328,14499032
1790494835,7047388,14499032
1790494837,8578264,14499032
1790494839,8798468,14499032
1790494841,8876368,14499032
1790494843,7582252,14499032
1790494845,7696692,14499032
1790494847,8884952,14499032
1790494849,8928888,14499032
1790494851,8909428,14499032
1790494853,8519528,14499032
1790494855,8813812,14499032
1790494857,8854860,14499032
1790494859,8889236,14499032
1790494861,7842312,14499032
1790494863,7845404,14499032
1790494865,8891268,14499032
1790494867,8892848,14499032
1790494869,8983424,14499032
1790494871,7884964,14499032
1790494873,7538052,14499032
1790494875,7509036,14499032
1790494877,8645276,14499032
1790494879,7806436,14499032
1790494881,7398716,14499032
1790494883,8857824,14499032
1790494885,9030960,14499032
1790494887,9081264,14499032
1790494889,7778960,14499032
1790494891,7915112,14499032
1790494893,9047864,14499032
1790494895,9053104,14499032
1790494897,9087684,14499032
1790494899,8941760,14499032
1790494901,9046476,14499032
1790494903,9034008,14499032
1790494905,9075060,14499032
1790494907,7912676,14499032
1790494909,7644296,14499032
1790494911,8970728,14499032
1790494913,8970204,14499032
1790494915,9115096,14499032
1790494917,7951804,14499032
1790494919,7257712,14499032
1790494921,7427712,14499032
1790494923,8571704,14499032
1790494925,7749912,14499032
1790494927,7244016,14499032
1790494929,8867956,14499032
1790494931,8903520,14499032
1790494933,8974124,14499032
1790494935,7711304,14499032
1790494937,7883264,14499032
1790494939,8999032,14499032
1790494941,8987848,14499032
1790494943,9023720,14499032
1790494945,8969972,14499032
1790494947,8950824,14499032
1790494949,8866384,14499032
1790494951,8916484,14499032
1790494953,7775668,14499032
1790494955,7621172,14499032
1790494957,8829424,14499032
1790494959,8843604,14499032
1790494961,8950424,14499032
1790494963,7479092,14499032
1790494965,7456724,14499032
1790494967,7829992,14499032
1790494969,8537252,14499032
1790494971,7462832,14499032
1790494973,7529844,14499032
1790494975,8802812,14499032
1790494977,8908372,14499032
1790494979,8994812,14499032
1790494981,8458840,14499032
1790494983,7993932,14499032
1790494985,9107092,14499032
1790494987,9116960,14499032
1790494989,9159660,14499032
1790494991,8016772,14499032
1790494993,9134336,14499032
1790494995,9134732,14499032
1790494997,9172784,14499032
1790494999,8018604,14499032
1790495001,7796184,14499032
1790495003,9092848,14499032
1790495005,9112048,14499032
1790495007,9199876,14499032
1790495009,7485988,14499032
1790495011,7237616,14499032
1790495013,8637332,14499032
1790495015,8650072,14499032
1790495017,7575348,14499032
1790495019,7366048,14499032
1790495021,8728508,14499032
1790495023,8831916,14499032
1790495025,8913380,14499032
1790495027,8278292,14499032
1790495029,8814456,14499032
1790495031,8812084,14499032
1790495033,8852700,14499032
1790495035,8986368,14499032
1790495037,7785336,14499032
1790495039,8817880,14499032
1790495041,8896456,14499032
1790495043,8969004,14499032
1790495045,7666352,14499032
1790495047,7694276,14499032
1790495049,8903484,14499032
1790495051,8988188,14499032
1790495053,9068024,14499032
1790495055,7404728,14499032
1790495057,7517084,14499032
1790495059,8649600,14499032
1790495061,8665220,14499032
1790495063,7542548,14499032
1790495065,7695792,14499032
1790495067,8929836,14499032
1790495069,8920900,14499032
1790495071,9010832,14499032
1790495073,8551084,14499032
1790495075,9085516,14499032
1790495077,9073960,14499032
1790495079,9108916,14499032
1790495081,9138096,14499032
1790495083,7935404,14499032
1790495086,9107876,14499032
1790495088,9103052,14499032
1790495090,9154688,14499032
1790495092,7698140,14499032
1790495094,7644064,14499032
1790495096,9020196,14499032
1790495098,9035552,14499032
1790495100,9243732,14499032
1790495102,7584960,14499032
1790495104,7335608,14499032
1790495106,8587628,14499032
1790495108,8667564,14499032
1790495110,7639728,14499032
1790495112,7569060,14499032
1790495114,8822396,14499032
1790495116,9001588,14499032
1790495118,9038584,14499032
1790495120,8617356,14499032
1790495122,8976936,14499032
1790495124,8989524,14499032
1790495126,9008668,14499032
1790495128,7857480,14499032
1790495130,7715408,14499032
1790495132,8899224,14499032
1790495134,8900600,14499032
1790495136,8962084,14499032
1790495138,7655704,14499032
1790495140,7732764,14499032
1790495142,8882596,14499032
1790495144,8866776,14499032
1790495146,8940268,14499032
1790495148,7323212,14499032
1790495150,7249780,14499032
1790495152,8525440,14499032
1790495154,8574436,14499032
1790495156,7610556,14499032
1790495158,7486540,14499032
1790495160,9006388,14499032
1790495162,9063280,14499032
1790495164,9086232,14499032
1790495166,9069240,14499032
1790495168,9095832,14499032
1790495170,9150180,14499032
1790495172,9151324,14499032
1790495174,8007620,14499032
1790495176,7742200,14499032
1790495178,9105092,14499032
1790495180,9108660,14499032
1790495182,9154976,14499032
1790495184,7836508,14499032
1790495186,7983996,14499032
1790495188,9085888,14499032
1790495190,9070208,14499032
1790495192,8292152,14499032
1790495194,7484968,14499032
1790495196,7249588,14499032
1790495198,8498384,14499032
1790495200,8515844,14499032
1790495202,7919204,14499032
1790495204,7437476,14499032
1790495206,8831188,14499032
1790495208,8879124,14499032
1790495210,8927020,14499032
1790495212,7775596,14499032
1790495214,8960316,14499032
1790495216,8962948,14499032
1790495218,8955048,14499032
1790495220,7731104,14499032
1790495222,7636292,14499032
1790495224,8886036,14499032
1790495226,8894040,14499032
1790495228,8976732,14499032
1790495230,7674076,14499032
1790495232,7808588,14499032
1790495234,8943896,14499032
1790495236,8965308,14499032
1790495238,7691984,14499032
1790495240,7406268,14499032
1790495242,7391632,14499032
1790495244,8601348,14499032
1790495246,8632396,14499032
1790495248,8385500,14499032
1790495250,8853228,14499032
1790495252,8891996,14499032
1790495254,8973328,14499032
1790495256,9098096,14499032
1790495258,7946752,14499032
1790495260,9090584,14499032
1790495262,9083172,14499032
1790495264,9092024,14499032
1790495266,7882012,14499032
1790495268,7725816,14499032
1790495270,9010172,14499032
1790495272,9007008,14499032
1790495274,9051404,14499032
1790495276,7868560,14499032
1790495278,7919216,14499032
1790495280,9153704,14499032
1790495282,9160968,14499032
1790495284,8218752,14499032
1790495286,7585320,14499032
1790495288,7308816,14499032
1790495290,8535012,14499032
1790495292,8578320,14499032
1790495294,8420460,14499032
1790495296,8908968,14499032
1790495298,8905036,14499032
1790495300,8962964,14499032
1790495302,8980760,14499032
1790495304,7870872,14499032
1790495306,9023908,14499032
1790495308,9019608,14499032
1790495310,8924308,14499032
1790495312,7673624,14499032
1790495314,7462096,14499032
1790495316,8843624,14499032
1790495318,8897844,14499032
1790495320,8966884,14499032
1790495322,8390344,14499032
1790495324,7777448,14499032
1790495326,8913596,14499032
1790495328,8940004,14499032
1790495330,7939648,14499032
1790495332,7321104,14499032
1790495334,7385848,14499032
1790495336,8551996,14499032
1790495338,8583984,14499032
1790495340,8831404,14499032
1790495342,8979856,14499032
1790495344,9032384,14499032
1790495346,9124448,14499032
1790495348,7952616,14499032
1790495350,7903712,14499048
1790495352,9078568,14499048
1790495354,9124200,14499048
1790495356,9152676,14499048
1790495358,7865000,14499048
1790495360,7977552,14499048
1790495362,9059192,14499048
1790495364,9072784,14499048
1790495366,9152560,14499048
1790495368,8655164,14499048
1790495370,9018960,14499048
1790495372,9008512,14499048
1790495374,9031464,14499048
1790495376,7486112,14499048
1790495378,8590772,14499048
1790495380,7231908,14499048
1790495382,8488080,14499048
1790495384,8495536,14499048
1790495386,7748796,14499048
1790495388,8801656,14499048
1790495390,8865476,14499048
1790495392,8889196,14499048
1790495394,7499864,14499048
1790495396,7606720,14499048
1790495398,8879632,14499048
1790495400,8951836,14499048
1790495402,9025156,14499048
1790495404,7678148,14499048
1790495406,7864396,14499048
1790495408,8923220,14499048
1790495410,8889064,14499048
1790495412,9047684,14499048
1790495414,8856844,14499048
1790495416,8942512,14499048
1790495418,8951660,14499048
1790495420,8980040,14499048
1790495422,7396168,14499048
1790495424,8526460,14499048
1790495426,7415172,14499048
1790495428,8629772,14499048
1790495430,8592812,14499048
1790495432,7827152,14499048
1790495434,8938584,14499048
1790495436,9000544,14499048
1790495438,9018868,14499048
1790495440,7666168,14499048
1790495442,7674648,14499048
1790495444,8995704,14499048
1790495446,9004564,14499048
1790495448,9061368,14499048
1790495450,8390284,14499048
1790495452,7904648,14499048
1790495454,9084548,14499048
1790495456,9084280,14499048
1790495458,9081752,14499048
1790495460,9169276,14499048
1790495462,9109588,14499048
1790495464,9126792,14499048
1790495466,9164736,14499048
1790495468,7576240,14499048
1790495470,8568580,14499048
1790495472,7338836,14499048
1790495474,8603220,14499048
1790495476,8652768,14499048
1790495478,7836188,14499048
1790495480,8880312,14499048
1790495482,8977672,14499048
1790495484,8977432,14499048
1790495486,7549020,14499048
1790495488,7568376,14499048
1790495490,8907684,14499048
1790495492,8904724,14499048
1790495494,8910152,14499048
1790495496,8225932,14499048
1790495498,7751648,14499048
1790495500,8895816,14499048
1790495502,8888148,14499048
1790495504,8911340,14499048
1790495506,7783020,14499048
1790495508,8831696,14499048
1790495510,8881420,14499048
1790495512,8886940,14499048
1790495514,7313952,14499048
1790495516,8354968,14499048
1790495518,7401364,14499048
1790495520,8596428,14499048
1790495522,7798168,14499048
1790495524,7749916,14499048
1790495526,8963768,14499048
1790495528,8986928,14499048
1790495530,9046288,14499048
1790495532,7801820,14499048
1790495534,7973644,14499048
1790495536,9109116,14499048
1790495538,9099028,14499048
1790495540,9163124,14499048
1790495542,8661308,14499048
1790495544,8024024,14499048
1790495546,9176348,14499048
1790495548,9078088,14499048
1790495550,9093252,14499048
1790495552,7943572,14499048
1790495554,8951220,14499052
1790495556,8957884,14499052
1790495558,9045136,14499052
1790495560,7495780,14499052
1790495562,8496332,14499052
1790495564,7208024,14499052
1790495566,8437240,14499052
1790495568,7696796,14499052
1790495570,7183984,14499052
1790495572,8552024,14499052
1790495574,8750364,14499052
1790495576,8861016,14499052
1790495578,7539604,14499052
1790495580,7717936,14499052
1790495582,8948344,14499052
1790495584,8955580,14499052
1790495586,9022508,14499052
1790495588,8748724,14499052
1790495590,8935532,14499052
1790495592,8937196,14499052
1790495594,8984088,14499052
1790495596,7849712,14499052
1790495598,7878704,14499052
1790495600,8947884,14499052
1790495602,8962648,14499052
1790495604,9038240,14499052
1790495606,7820164,14499052
1790495608,7309956,14499052
1790495610,7626932,14499052
1790495612,8530300,14499052
1790495614,7250320,14499052
1790495616,7425076,14499052
1790495618,8799816,14499052
1790495620,8831188,14499052
1790495622,8975500,14499052
1790495624,7859844,14499052
1790495626,7914536,14499052
1790495628,9024228,14499052
1790495630,9049312,14499052
1790495632,9122844,14499052
1790495634,9099176,14499052
1790495636,9093496,14499052
1790495638,9082700,14499052
1790495640,9193144,14499052
1790495642,8019740,14499052
1790495644,7766568,14499052
1790495646,9081564,14499052
1790495648,9134440,14499052
1790495650,9209012,14499052
1790495652,8013588,14499052
1790495654,7340120,14499052
1790495656,7998060,14499052
1790495658,8617668,14499052
1790495660,7586488,14499052
1790495662,7441032,14499052
1790495664,8941416,14499052
1790495666,8976620,14499052
1790495668,8907236,14499052
1790495670,8495328,14499052
1790495672,7777464,14499052
1790495674,8866072,14499052
1790495676,8901056,14499052
1790495678,8957988,14499052
1790495680,7770700,14499052
1790495682,8872240,14499052
1790495684,8889192,14499052
1790495686,8913556,14499052
1790495688,7647864,14499052
1790495690,7628324,14499052
1790495692,8888052,14499052
1790495694,8903852,14499052
1790495696,8920484,14499052
1790495698,7390912,14499052
1790495700,7481372,14499052
1790495702,8645088,14499052
1790495704,8698796,14499052
1790495706,7718144,14499052
1790495708,7686596,14499052
1790495710,9042912,14499052
1790495712,9104880,14499052
1790495714,9138124,14499060
1790495716,8798944,14499060
1790495718,9181332,14499060
1790495720,9163248,14499060
1790495722,9156740,14499060
1790495724,7992884,14499060
1790495726,8016740,14499060
1790495728,9038960,14499060
1790495730,9039732,14499060
1790495732,9107692,14499060
1790495734,7821208,14499060
1790495736,7893948,14499060
1790495738,9087224,14499060
1790495740,9082360,14499060
1790495742,9074040,14499060
1790495744,7478568,14499060
1790495746,7219556,14499060
1790495748,8480876,14499060
1790495750,8503644,14499060
1790495752,7535272,14499060
1790495754,7362656,14499060
1790495756,8809268,14499060
1790495758,8826476,14499060
1790495760,8981168,14499060
1790495762,8828304,14499060
1790495764,8991360,14499060
1790495766,8989884,14499060
1790495768,8988660,14499060
1790495770,7819820,14499060
1790495772,7688984,14499060
1790495774,8912464,14499060
1790495776,8911436,14499060
1790495778,9004548,14499060
1790495780,7707212,14499060
1790495782,7796352,14499060
1790495784,8976360,14499060
1790495786,9007472,14499060
1790495788,7694504,14499060
1790495790,7330204,14499060
1790495792,7332000,14499060
1790495794,8467856,14499060
1790495796,8505680,14499060
1790495798,8173592,14499060
1790495800,7471036,14499060
1790495802,8865776,14499060
1790495804,8929152,14499060
1790495806,9015176,14499060
1790495808,7935956,14499060
1790495810,9097820,14499060
1790495812,9097268,14499060
1790495814,9095608,14499060
1790495816,7801636,14499060
1790495818,7677120,14499060
1790495820,9115648,14499060
1790495822,9110508,14499060
1790495825,9182212,14499060
1790495827,7841108,14499060
1790495829,7871880,14499060
1790495831,9074244,14499060
1790495833,9086984,14499060
1790495835,8106352,14499060
1790495837,7571408,14499060
1790495839,7335300,14499060
1790495841,8550820,14499060
1790495843,8696332,14499060
1790495845,8443556,14499060
1790495847,8945220,14499060
1790495849,8867756,14499060
1790495851,8874436,14499060
1790495853,8925452,14499060
1790495855,7779040,14499060
1790495857,8883064,14499060
1790495859,8886924,14499060
1790495861,8926412,14499060
1790495863,7508752,14499060
1790495865,7613540,14499060
1790495867,8845544,14499060
1790495869,8890248,14499060
1790495871,8927380,14499060
1790495873,7809864,14499060
1790495875,7762288,14499060
1790495877,8904704,14499060
1790495879,8922176,14499060
1790495881,8032140,14499060
1790495883,7419788,14499060
1790495885,7307472,14499060
1790495887,8561088,14499060
1790495889,8598756,14499060
1790495891,8821396,14499060
1790495893,8986380,14499060
1790495895,8986392,14499060
1790495897,9008964,14499060
1790495899,8004916,14499060
1790495901,7945728,14499060
1790495903,9181344,14499060
1790495905,9171336,14499060
1790495907,9179072,14499060
1790495909,7734668,14499060
1790495911,7743512,14499060
1790495913,9044024,14499060
1790495915,9034032,14499060
1790495917,9068176,14499060
1790495919,8593404,14499060
1790495921,8979408,14499060
1790495923,9030312,14499060
1790495925,9063560,14499060
1790495927,7472264,14499060
1790495929,8553808,14499060
1790495931,7263604,14499060
1790495933,8518800,14499060
1790495935,8550596,14499060
1790495937,7790416,14499060
1790495939,8575816,14499060
1790495941,8980868,14499060
1790495943,9034012,14499060
1790495945,7719444,14499060
1790495947,7723680,14499060
1790495949,8987276,14499060
1790495951,8981892,14499060
1790495953,9025244,14499060
1790495955,7668012,14499060
1790495957,7821816,14499060
1790495959,8952544,14499060
1790495961,8978260,14499060
1790495963,9001988,14499060
1790495965,8756664,14499060
1790495967,8896448,14499060
1790495969,8809160,14499060
1790495971,8865948,14499060
1790495973,7308828,14499060
1790495975,8447296,14499060
1790495977,7349256,14499060
1790495979,8534468,14499060
1790495981,8639328,14499060
1790495983,7764224,14499060
1790495985,8724468,14499060
1790495987,8791676,14499060
1790495989,8944532,14499060
1790495991,7622700,14499060
1790495993,7898448,14499060
1790495995,9050168,14499060
1790495997,9055276,14499060
1790495999,9079400,14499060
1790496001,8506308,14499060
1790496003,7913928,14499060
1790496005,9106672,14499060
1790496007,9108564,14499060
1790496009,9206000,14499060
1790496011,8004472,14499060
1790496013,9030728,14499060
1790496015,9034476,14499060
1790496017,9181940,14499060
1790496019,7549560,14499060
1790496021,8503064,14499060
1790496023,7318424,14499060
1790496025,8547232,14499060
1790496027,7822880,14499060
1790496029,6973832,14499060
1790496031,8782740,14499060
1790496033,8887464,14499060
1790496035,8909216,14499060
1790496037,7595092,14499060
1790496039,7773332,14499060
1790496041,8919588,14499060
1790496043,8905120,14499060
1790496045,8934868,14499060
1790496047,8592000,14499060
1790496049,8736868,14499060
1790496051,8804264,14499060
1790496053,8887024,14499060
1790496055,7767820,14499060
1790496057,7606192,14499060
1790496059,8860768,14499060
1790496061,8955720,14499064
1790496063,8985204,14499064
1790496065,7394712,14499064
1790496067,7315888,14499064
1790496069,7699544,14499064
1790496071,8622584,14499064
1790496073,7555816,14499064
1790496075,7467624,14499064
1790496077,9010472,14499064
1790496079,9049872,14499064
1790496081,9138096,14499064
1790496083,8461056,14499064
1790496085,7973824,14499064
1790496087,9226488,14499064
1790496089,9138124,14499064
1790496091,9137944,14499064
1790496093,7943880,14499064
1790496095,8960224,14499064
1790496097,8983556,14499064
1790496099,9031100,14499064
1790496101,7655816,14499064
1790496103,7792000,14499064
1790496105,9037440,14499064
1790496107,9086508,14499064
1790496109,9089660,14499064
1790496111,7483088,14499064
1790496113,7198904,14499064
1790496115,8501176,14499064
1790496117,8506664,14499064
1790496119,7552488,14499064
1790496121,7397912,14499064
1790496123,8820164,14499064
1790496125,8946132,14499064
1790496127,9006616,14499064
1790496129,8684636,14499064
1790496131,8905880,14499064
1790496133,8940468,14499064
1790496135,8986784,14499064
1790496137,7858372,14499064
1790496139,7473648,14499064
1790496141,8989872,14499064
1790496143,9005600,14499064
1790496145,8997280,14499064
1790496147,7720840,14499064
1790496149,7603520,14499064
1790496151,8831384,14499064
1790496153,8904556,14499064
1790496155,8889108,14499064
1790496157,7296760,14499064
1790496159,7415444,14499064
1790496161,8492744,14499064
1790496163,8497584,14499064
1790496165,7643536,14499064
1790496167,7562652,14499064
1790496169,8760340,14499064
1790496171,8878296,14499064
1790496173,9031728,14499064
1790496175,7930408,14499064
1790496177,9043836,14499064
1790496179,9074972,14499064
1790496181,9168708,14499064
1790496183,7946464,14499064
1790496185,7866336,14499064
1790496187,9118124,14499064
1790496189,9122616,14499064
1790496191,9172924,14499064
1790496193,7954992,14499064
1790496195,7986664,14499064
1790496197,9066736,14499064
1790496199,9130672,14499064
1790496201,7945940,14499064
1790496203,7563016,14499064
1790496205,7321996,14499064
1790496207,8578340,14499064
1790496209,8517332,14499064
1790496211,8244000,14499064
1790496213,8613284,14499064
1790496215,8734228,14499064
1790496217,8834040,14499064
1790496219,7754804,14499064
1790496221,7679884,14499064
1790496223,8827984,14499064
1790496225,8847068,14499064
1790496227,8875212,14499064
1790496229,7696580,14499064
1790496231,7651944,14499064
1790496233,8885956,14499064
1790496235,8884308,14499064
1790496237,8950656,14499064
1790496239,8538384,14499064
1790496241,8910600,14499064
1790496243,8985344,14499064
1790496245,8975716,14499064
1790496247,7415948,14499064
1790496249,8557780,14499064
1790496251,7432372,14499064
1790496253,8616664,14499064
1790496255,8639644,14499064
1790496257,7909588,14499064
1790496259,8944672,14499064
1790496261,9001724,14499064
1790496263,9075248,14499064
1790496265,7635172,14499064
1790496267,7872384,14499064
1790496269,9093580,14499064
1790496271,9089184,14499064
1790496273,9087052,14499064
1790496275,7684912,14499064
1790496277,7916456,14499064
1790496279,8992364,14499064
1790496281,9029592,14499064
1790496283,9078404,14499064
1790496285,8957288,14499064
1790496287,9019304,14499064
1790496289,9027976,14499064
1790496291,9057912,14499064
1790496293,7502072,14499064
1790496295,8506584,14499064
1790496297,7263468,14499064
1790496299,8517356,14499064
1790496301,8652096,14499064
1790496303,7822988,14499064
1790496305,8892412,14499064
1790496307,8880800,14499064
1790496309,8919860,14499064
1790496311,7577532,14499064
1790496313,7756860,14499064
1790496315,8940820,14499064
1790496317,8943400,14499064
1790496319,8981872,14499064
1790496321,8357092,14499064
1790496323,8850376,14499064
1790496325,8887408,14499064
1790496327,9019328,14499064
1790496329,9003808,14499064
1790496331,7789332,14499064
1790496333,8791196,14499064
1790496335,8851832,14499064
1790496337,8898892,14499064
1790496339,7459460,14499064
1790496341,8028856,14499064
1790496343,7502136,14499064
1790496345,8490120,14499064
1790496347,7702028,14499064
1790496349,7453072,14499064
1790496351,8840952,14499064
1790496353,8949160,14499064
1790496355,9002492,14499064
1790496357,7754068,14499064
1790496359,7925508,14499064
1790496361,9094000,14499064
1790496363,9112496,14499064
1790496365,9161496,14499064
1790496367,8961936,14499064
1790496369,9108820,14499064
1790496371,9115264,14499064
1790496373,9122656,14499064
1790496375,7996184,14499064
1790496377,7704332,14499064
1790496379,9059696,14499064
1790496381,9121500,14499064
1790496383,9227700,14499064
1790496385,7769692,14499064
1790496387,7445472,14499064
1790496389,7878796,14499064
1790496391,8538308,14499064
1790496393,7504044,14499064
1790496395,7325008,14499064
1790496397,8850900,14499064
1790496399,8847548,14499064
1790496401,8900072,14499064
1790496403,8424708,14499064
1790496405,8846216,14499064
1790496407,8827840,14499064
1790496409,8908348,14499064
1790496411,8930004,14499064
1790496413,7761336,14499064
1790496415,8808936,14499064
1790496417,8893480,14499064
1790496419,8915412,14499064
1790496421,7726976,14499064
1790496423,7765744,14499064
1790496425,8957128,14499064
1790496427,8952860,14499064
1790496429,9025156,14499064
1790496431,7596836,14499064
1790496433,7286140,14499064
1790496435,8618824,14499064
1790496437,8637836,14499064
1790496439,7613680,14499064
1790496441,7657660,14499064
1790496443,9006864,14499064
1790496445,9045344,14499064
1790496447,9104188,14499064
1790496449,9134248,14499064
1790496451,9035108,14499064
1790496453,9054340,14499064
1790496455,9095976,14499064
1790496457,7941572,14499064
1790496459,7728456,14499064
1790496461,8968532,14499064
1790496463,8957700,14499064
1790496465,9070012,14499064
1790496467,7790584,14499064
1790496469,7802184,14499064
1790496471,9015448,14499064
1790496473,9051420,14499064
1790496475,7886876,14499064
1790496477,7510452,14499064
1790496479,7210172,14499064
1790496481,8584880,14499064
1790496483,8622724,14499064
1790496485,8365740,14499064
1790496487,8836440,14499064
1790496489,8900580,14499064
1790496491,8961184,14499064
1790496493,8986200,14499064
1790496495,7863892,14499064
1790496497,8955964,14499064
1790496499,8968208,14499064
1790496501,8984572,14499064
1790496503,7562216,14499064
1790496505,7787364,14499064
1790496507,8985752,14499064
1790496509,8905556,14499064
1790496511,8909920,14499064
1790496513,8354100,14499064
1790496515,7772228,14499064
1790496517,8876692,14499064
1790496519,8886932,14499064
1790496521,7924372,14499064
1790496523,8239148,14499064
1790496525,7505732,14499064
1790496527,8514000,14499064
1790496529,8598992,14499064
1790496531,8715856,14499064
1790496533,8627272,14499064
1790496535,8876792,14499064
1790496537,8961224,14499064
1790496539,7891096,14499064
1790496541,7864292,14499064
1790496543,9099268,14499064
1790496545,9135580,14499064
1790496547,9163676,14499064
1790496549,7864780,14499064
1790496551,7904208,14499064
1790496553,9108412,14499064
1790496555,9167204,14499064
1790496558,9211144,14499064
1790496560,8988120,14499064
1790496562,9045640,14499064
1790496564,9180332,14499064
1790496566,7642904,14499064
1790496568,6432408,14499064
1790496570,6186520,14499064
1790496572,6742496,14499064
1790496574,6733148,14499064
1790496576,6713376,14499064
1790496578,6794852,14499064
1790496580,6713424,14499064
1790496582,6743768,14499064
1790496584,6830636,14499064
1790496586,6771364,14499064
1790496588,7859988,14499064
1790496590,4912756,14499064
1790496592,8205584,14041296
1790496594,8167424,14041300
1790496596,7692432,14041300
1790496598,7703108,14041304
1790496600,8573692,14041740
1790496602,9863692,14041740
1790496604,10252552,14041740
1790496606,8215872,14041740
1790496608,8110956,14041740
1790496610,9362868,14041740
1790496612,9438400,14041740
1790496614,9456380,14041744
1790496616,9034796,14041752
1790496618,9416212,14041760
1790496620,9467700,14041760
1790496622,9490028,14041760
1790496624,8303580,14041760
1790496626,8108432,14041760
1790496628,9444736,14041760
1790496630,9379224,14041764
1790496632,9444636,14041764
1790496634,8208224,14041764
1790496636,8244092,14041764
1790496638,9350144,14041764
1790496640,9374188,14041772
1790496642,8100076,14041772
1790496644,7789480,14041792
1790496646,7559844,14041792
1790496648,8821004,14041796
1790496650,8868644,14041796
1790496652,8738328,14041796
1790496654,9169804,14041796
1790496656,9217756,14041796
1790496658,9215260,14041944
1790496660,9348912,14042200
1790496662,8225024,14042200
1790496664,9336076,14042200
1790496666,9353032,14042228
1790496668,9379108,14042228
1790496670,7955664,14042228
1790496672,8096356,14042228
1790496674,9228376,14042228
1790496676,9276260,14042228
1790496678,9344060,14042228
1790496680,8669516,14042228
1790496682,8197060,14042228
1790496684,9302964,14042228
1790496686,9344944,14042228
1790496688,7889368,14042240
1790496690,8305176,14042240
1790496692,7648976,14042240
1790496694,8910304,14042240
1790496696,9020996,14042240
1790496698,9220092,14042240
1790496700,9229556,14042244
1790496702,9251168,14042248
1790496704,9290296,14042248
1790496706,8179604,14042248
1790496708,8050824,14042248
1790496710,9261220,14042248
1790496712,9269896,14042248
1790496714,9336268,14042248
1790496716,8025500,14042248
1790496718,8160304,14042260
1790496720,9358928,14042260
1790496722,9372104,14042260
1790496724,9476896,14042260
1790496726,9220316,14042260
1790496728,9302872,14042260
1790496730,9329636,14042264
1790496732,9388544,14042264
1790496734,7847824,14042264
1790496736,8951804,14042264
1790496738,7654880,14042264
1790496740,8956900,14042268
1790496742,8945384,14042272
1790496744,8052328,14042272
1790496746,9199736,14042276
1790496748,9220972,14042288
1790496750,9092768,14042288
1790496752,7878152,14042288
1790496754,7972120,14042288
1790496756,9129620,14042288
1790496758,9177296,14042288
1790496760,9232168,14042304
1790496762,8814020,14042328
1790496764,9212188,14042328
1790496766,9217872,14042328
1790496768,9237424,14042328
1790496770,9245672,14042328
1790496772,8104148,14042336
1790496774,9175160,14042336
1790496776,9158192,14042336
1790496778,9248540,14042340
1790496780,7756120,14042340
1790496782,7892748,14042344
1790496784,7801648,14042344
1790496786,8976184,14042348
1790496788,8194156,14042348
1790496790,7820768,14042348
1790496792,9242004,14042348
1790496794,9374912,14042348
1790496796,9417284,14042348
1790496798,8116892,14042348
1790496800,8259480,14042348
1790496802,9368444,14042348
1790496804,9394824,14042348
1790496806,9435008,14042348
1790496808,9374984,14042348
1790496810,9203784,14042352
1790496812,9253188,14042352
1790496814,9313640,14042352
1790496816,8189712,14042352
1790496818,8093300,14042352
1790496820,9297872,14042352
1790496822,9307644,14042360
1790496824,9330492,14042360
1790496826,7742184,14042360
1790496828,7522744,14042360
1790496830,8844128,14042360
1790496832,8836516,14042360
1790496834,7713264,14042360
1790496836,7642376,14042360
1790496838,9119084,14042364
1790496840,9277372,14042364
1790496842,9276320,14042364
1790496844,8748316,14042364
1790496846,9288332,14042364
1790496848,9289368,14042364
1790496850,9345404,14042364
1790496852,9352124,14042364
1790496854,8211084,14042364
1790496856,9258980,14042364
1790496858,9271788,14042364
1790496860,9303044,14042364
1790496862,8055720,14042364
1790496864,8069208,14042364
1790496866,9280004,14042364
1790496868,9337428,14042364
1790496870,9296340,14042364
1790496872,7659492,14042364
1790496874,7533404,14042364
1790496876,8864228,14042364
1790496878,8871552,14042364
1790496880,8022584,14042364
1790496882,8057068,14042364
1790496884,9192660,14042364
1790496886,9286820,14042364
1790496888,9307068,14042364
1790496890,8764268,14042364
1790496892,9241424,14042364
1790496894,9321316,14042364
1790496896,9380664,14042364
1790496898,7925644,14042364
1790496900,8103524,14042364
1790496902,9388428,14042416
1790496904,9431456,14042420
1790496906,9435600,14042420
1790496908,8041756,14042420
1790496910,8247280,14042420
1790496912,9304468,14042420
1790496914,9371980,14042420
1790496916,8180756,14042420
1790496918,7818988,14042420
1790496920,7675656,14042420
1790496922,8928712,14042420
1790496924,9023740,14042420
1790496926,8988992,14042420
1790496928,9090792,14042420
1790496930,9164412,14042420
1790496932,9254884,14042420
1790496934,8117820,14042420
1790496936,8127388,14042420
1790496938,9181712,14042420
1790496940,9173896,14042420
1790496942,9222468,14042424
1790496944,8012340,14042424
1790496946,8012352,14042424
1790496948,9222812,14042424
1790496950,9198684,14042424
1790496952,9243156,14042424
1790496954,8699072,14042424
1790496956,9141124,14042424
1790496958,9160060,14042424
1790496960,9289692,14042424
1790496962,7736796,14042424
1790496964,8888172,14042424
1790496966,7770468,14042424
1790496968,8965504,14042424
1790496970,8979460,14042424
1790496972,8213944,14042424
1790496974,9129312,14042424
1790496976,9196820,14042424
1790496978,9376632,14042424
1790496980,8063120,14042424
1790496982,8224548,14042424
1790496984,9380376,14042424
1790496986,9393924,14042424
1790496988,9304600,14042424
1790496990,8616844,14042424
1790496992,8164404,14042424
1790496994,9182744,14042424
1790496996,9228032,14042424
1790496998,9386624,14042424
1790497000,8211172,14042444
1790497002,9289496,14042444
1790497004,9286032,14042444
1790497006,9268644,14042444
1790497008,7718372,14042444
1790497010,8774648,14042444
1790497012,7542984,14042444
1790497014,8774224,14042444
1790497016,8037952,14042448
1790497018,7375336,14042448
1790497020,9181656,14042448
1790497022,9235044,14042448
1790497024,9249552,14042448
1790497026,8059248,14042452
1790497028,8120188,14042452
1790497030,9274332,14042452
1790497032,9277772,14042452
1790497034,9336836,14042452
1790497036,8951904,14042452
1790497038,9227396,14042452
1790497040,9227492,14042452
1790497042,9312760,14042452
1790497044,8196432,14042452
1790497046,8078296,14042452
1790497048,9100708,14042452
1790497050,9275704,14042452
1790497052,9328336,14042452
1790497054,7978640,14042452
1790497056,7541796,14042452
1790497058,8208424,14042452
1790497060,8908684,14042452
1790497062,7895376,14042456
1790497064,7786952,14042456
1790497066,9135336,14042456
1790497068,9248540,14042456
1790497070,9296476,14042456
1790497072,8756264,14042456
1790497074,9308360,14042456
1790497076,9300956,14042460
1790497078,9323264,14042460
1790497080,9449028,14042460
1790497082,8282768,14042460
1790497084,9329668,14042460
1790497086,9339020,14042460
1790497088,9443564,14042460
1790497090,8124404,14042460
1790497092,8186860,14042460
1790497094,9350344,14042460
1790497096,9398256,14042460
1790497098,9419520,14042460
1790497100,8050836,14042460
1790497102,7722976,14042460
1790497104,8901492,14042460
1790497106,8941332,14042460
1790497108,7773524,14042460
1790497110,7824924,14042460
1790497112,9083584,14042460
1790497114,9210244,14042460
1790497116,9231620,14042460
1790497118,8106132,14042460
1790497120,9178568,14042476
1790497122,9217224,14042476
1790497124,9248488,14042476
1790497126,7888608,14042476
1790497128,7932680,14042476
1790497130,9123588,14042476
1790497132,9157428,14042476
1790497134,9347512,14042476
1790497136,7959624,14042492
1790497138,8082660,14042492
1790497140,9264536,14042492
1790497142,9304664,14042492
1790497144,8027408,14042492
1790497146,7738244,14042504
1790497148,7800728,14042560
1790497150,8953628,14042560
1790497152,9068144,14042560
1790497154,8759860,14042560
1790497156,9176872,14042560
1790497158,9273428,14042560
1790497160,9319936,14042564
1790497162,8253512,14042564
1790497164,8239924,14042564
1790497166,9345076,14042564
1790497168,9291276,14042564
1790497170,9325640,14042564
1790497172,8083892,14042564
1790497174,8093836,14042564
1790497176,9226144,14042564
1790497178,9281288,14042564
1790497180,9398636,14042568
1790497182,8691772,14042568
1790497184,9273224,14042568
1790497186,9273296,14042572
1790497188,9314952,14042572
1790497190,7973340,14042572
1790497192,8966996,14042572
1790497194,7610808,14042572
1790497196,8864760,14042576
1790497198,9043816,14042576
1790497200,8152032,14042584
1790497202,9217616,14042584
1790497204,9307236,14042584
1790497206,9286376,14042584
1790497208,7987284,14042584
1790497210,8039336,14042584
1790497212,9294052,14042584
1790497214,9300656,14042584
1790497216,9307580,14042584
1790497218,8665748,14042584
1790497220,8188496,14042584
1790497222,9230156,14042584
1790497224,9301868,14042584
1790497226,9374276,14042584
1790497228,8108244,14042584
1790497230,9204180,14042584
1790497232,9212140,14042584
1790497234,9239328,14042584
1790497236,7658648,14042584
1790497238,8777264,14042584
1790497240,7630148,14042648
1790497242,8803148,14042652
1790497244,8101976,14042652
1790497246,7598940,14042652
1790497248,9081512,14042652
1790497250,9185080,14042652
1790497252,9264472,14042652
1790497254,7881372,14042652
1790497256,8116692,14042652
1790497258,9283580,14042652
1790497260,9361220,14042652
1790497262,9371152,14042652
1790497264,9210240,14042652
1790497266,9356876,14042652
1790497268,9355644,14042652
1790497270,9355992,14042652
1790497272,8259956,14042652
1790497275,7982152,14042652
1790497277,9333896,14042652
1790497279,9328628,14042956
1790497281,9414784,14042960
1790497283,7811028,14042960
1790497285,7612912,14042960
1790497287,8894520,14042960
1790497289,8828524,14043004
1790497291,7866036,14043004
1790497293,7702604,14043004
1790497295,9139392,14043004
1790497297,9171800,14043004
1790497299,9183256,14043004
1790497301,8716544,14043004
1790497303,9167624,14043004
1790497305,9196296,14043464
1790497307,9197788,14043464
1790497309,9236684,14043464
1790497311,8113792,14043464
1790497313,9186284,14043464
1790497315,9182808,14043464
1790497317,9233088,14043464
1790497319,7973276,14043464
1790497321,8071444,14043468
1790497323,9199584,14043468
1790497325,9341532,14043468
1790497327,9408492,14043468
1790497329,7728432,14043468
1790497331,7675780,14043468
1790497333,8888376,14043468
1790497335,8916320,14043468
1790497337,8027216,14043468
1790497339,7952488,14043468
1790497341,9242684,14043468
1790497343,9332764,14043468
1790497345,9347144,14043468
1790497347,9338208,14043468
1790497349,9245108,14043468
1790497351,9249076,14043468
1790497353,9311208,14043468
1790497355,8171776,14043468
1790497357,7951964,14043468
1790497359,9246832,14043492
1790497361,9286300,14043492
1790497363,9333220,14043492
1790497365,8013508,14043492
1790497367,8141384,14043492
1790497369,9251564,14043492
1790497371,9262944,14043492
1790497373,8205208,14043492
1790497375,7760832,14043492
1790497377,7540304,14043492
1790497379,8802956,14043492
1790497381,9000564,14043492
1790497383,8770628,14043492
1790497385,9151780,14043492
1790497387,9183892,14043492
1790497389,9319584,14043492
1790497391,9360024,14043492
1790497393,8201684,14043492
1790497395,9291588,14043492
1790497397,9333480,14043492
1790497399,9337720,14043492
1790497401,8039308,14043492
1790497403,8079168,14043492
1790497405,9250212,14043492
1790497407,9293704,14043492
1790497409,9350460,14043492
1790497411,8591780,14043492
1790497413,8052640,14043492
1790497415,9233156,14043492
1790497417,9252800,14043492
1790497419,8032312,14043492
1790497421,8255572,14043492
1790497423,7596292,14043492
1790497425,8895588,14043492
1790497427,9034108,14043492
1790497429,9143836,14043492
1790497431,9176572,14043492
1790497433,9224396,14043492
1790497435,9262460,14043492
1790497437,8168860,14043496
1790497439,8043668,14043496
1790497441,9359316,14043496
1790497443,9356356,14043496
1790497445,9383940,14043496
1790497447,8153396,14043496
1790497449,8258136,14043496
1790497451,9370512,14043496
1790497453,9489828,14043496
1790497455,9490080,14043496
1790497457,9431648,14043496
1790497459,9325280,14043496
1790497461,9372812,14043496
1790497463,6835812,14043496
1790497465,6247424,14043496
1790497467,6549804,14043496
1790497469,7540944,14043496
1790497471,7300996,14043496
1790497473,7386944,14043496
1790497475,7279440,14043496
1790497477,7179068,14043496
1790497479,7145200,14043520
1790497481,7096368,14043532
1790497483,7121080,14043532
1790497485,8192348,14043532
1790497487,3429896,14043532
1790497489,9080264,13360884
1790497491,8440108,13360884
1790497493,9567916,13360884
1790497495,8465592,13360884
1790497497,9295352,13360892
1790497499,10670080,13360892
1790497501,10443884,13360892
1790497503,9603448,13360892
1790497505,10047512,13360892
1790497507,10142640,13360892
1790497509,10185548,13360892
1790497511,10094652,13360892
1790497513,9174012,13360892
1790497515,10242912,13360892
1790497517,10275744,13360892
1790497519,10275288,13360892
1790497521,9046392,13360892
1790497523,9063084,13360892
1790497525,10194284,13360892
1790497527,10275104,13360892
1790497529,10224136,13360892
1790497531,9597532,13360892
1790497533,8999576,13361040
1790497535,10137088,13362116
1790497537,10157160,13362116
1790497539,8738340,13362120
1790497541,9575696,13362120
1790497543,8347800,13362120
1790497545,9616520,13362120
1790497547,9674764,13362120
1790497549,9766648,13362120
1790497551,9821504,13362120
1790497553,9920468,13362120
1790497555,9933884,13362120
1790497557,8682928,13362120
1790497559,8738692,13362120
1790497561,9975012,13362120
1790497563,10037948,13362120
1790497565,10128456,13362120
1790497567,8785920,13362120
1790497569,8956488,13362124
1790497571,10065012,13362124
1790497573,10086416,13362124
1790497575,10159112,13362124
1790497577,10044980,13362124
1790497579,9973740,13362124
1790497581,10004816,13362124
1790497583,10122128,13362124
1790497585,8536168,13362124
1790497587,9587988,13362124
1790497589,8395712,13362124
1790497591,9621536,13362124
1790497593,8939588,13362124
1790497595,8875460,13362124
1790497597,9853012,13362124
1790497599,9883488,13362144
1790497601,9953908,13362144
1790497603,8655768,13362144
1790497605,8872128,13362144
1790497607,10036256,13362144
1790497609,10019024,13362144
1790497611,10126732,13362144
1790497613,9615384,13362144
1790497615,9976440,13362144
1790497617,10103984,13362156
1790497619,10124492,13362156
1790497621,10305280,13362156
1790497623,9067056,13362156
1790497625,10054208,13362160
1790497627,10153776,13362160
1790497629,10201344,13362160
1790497631,8607400,13362160
1790497633,8395016,13362160
1790497635,8461716,13362160
1790497637,9753452,13362160
1790497639,8970756,13362160
1790497641,8479812,13362160
1790497643,9998864,13362160
1790497645,9989404,13362160
1790497647,10011604,13362160
1790497649,8649252,13362160
1790497651,8894712,13362160
1790497653,9980048,13362160
1790497655,10012732,13362160
1790497657,10091224,13362160
1790497659,10010652,13362164
1790497661,9937516,13362168
1790497663,9938328,13362168
1790497665,9997044,13362168
1790497667,8890288,13362168
1790497669,8655744,13362168
1790497671,9960012,13362168
1790497673,9986504,13362180
1790497675,9984600,13362180
1790497677,8425296,13362184
1790497679,8359620,13362184
1790497681,9670996,13362184
1790497683,9665188,13362184
1790497685,8785524,13362212
1790497687,8400576,13362212
1790497689,10016272,13362212
1790497691,10057768,13362212
1790497693,10102012,13362212
1790497695,9740744,13362212
1790497697,10184844,13362212
1790497699,10180724,13362212
1790497701,10172360,13362212
1790497703,10013984,13362212
1790497705,9060548,13362212
1790497707,10059604,13362212
1790497709,9974764,13362212
1790497711,10123140,13362212
1790497713,8893204,13362212
1790497715,8929076,13362212
1790497717,10075048,13362212
1790497719,10102332,13362220
1790497721,10126536,13362220
1790497723,8508916,13362220
1790497725,8307180,13362220
1790497727,9587432,13362220
1790497729,9626584,13362220
1790497731,9091432,13362220
1790497733,8627972,13362220
1790497735,9938792,13362228
1790497737,9935028,13362236
1790497739,9960048,13362236
1790497741,8970036,13362236
1790497743,10004412,13362236
1790497745,10027676,13362236
1790497747,10150800,13362236
1790497749,8880968,13362236
1790497751,8789084,13362236
1790497753,10118448,13362236
1790497755,10117708,13362236
1790497757,10126856,13362236
1790497759,8917324,13362236
1790497761,8945124,13362236
1790497763,10022988,13362236
1790497765,10112800,13362236
1790497767,8971632,13362236
1790497769,8842680,13362236
1790497771,8467960,13362236
1790497773,9653936,13362236
1790497775,9670300,13362236
1790497777,9750916,13362236
1790497779,9863068,13362236
1790497781,9910688,13362236
1790497783,9948684,13362240
1790497785,8922500,13362248
1790497787,8720040,13362248
1790497789,10033092,13362248
1790497791,10086628,13362248
1790497793,10099676,13362248
1790497795,8886648,13362248
1790497797,8918928,13362264
1790497799,10026384,13362264
1790497801,10148012,13362264
1790497803,10182752,13362264
1790497805,9574660,13362264
1790497807,10015104,13362264
1790497809,10140496,13362264
1790497811,10202292,13362268
1790497813,9110752,13362268
1790497815,9678456,13362268
1790497817,8540852,13362268
1790497819,9657192,13362268
1790497821,9718408,13362268
1790497823,8926700,13362268
1790497825,9922892,13362268
1790497827,9995688,13362268
1790497829,9924476,13362268
1790497831,8579756,13362268
1790497833,8747956,13362268
1790497835,10007932,13362272
1790497837,10005932,13362272
1790497839,10073568,13362496
1790497841,8769972,13362496
1790497843,8866804,13362496
1790497845,9924608,13362512
1790497847,10026376,13362512
1790497849,10080948,13362512
1790497851,10018448,13362512
1790497853,9938672,13362512
1790497855,9964288,13362512
1790497857,9982644,13362512
1790497859,8409028,13362512
1790497861,9540076,13362512
1790497863,8493756,13362512
1790497865,9688040,13362512
1790497867,8950808,13362512
1790497869,8679324,13362512
1790497871,9910352,13362512
1790497873,10062628,13362516
1790497875,10147188,13362516
1790497877,8696376,13362516
1790497879,8809348,13362516
1790497881,10067572,13362516
1790497883,10147456,13362524
1790497885,10204268,13362524
1790497887,9607312,13362524
1790497889,9996436,13362524
1790497891,10078984,13362524
1790497893,10127488,13362524
1790497895,9022756,13362524
1790497897,8978408,13362524
1790497899,10025676,13362524
1790497901,10068276,13362524
1790497903,10169076,13362524
1790497905,8515136,13362528
1790497907,8344032,13362528
1790497909,8703528,13362528
1790497911,9620640,13362528
1790497913,8695008,13362528
1790497915,8376624,13362528
1790497917,9892668,13362532
1790497919,9950428,13362532
1790497921,10035060,13362532
1790497923,9433036,13362532
1790497925,8871132,13362532
1790497927,9969288,13362532
1790497929,10023820,13362532
1790497931,10155244,13362532
1790497933,8970884,13362532
1790497935,10007656,13362532
1790497937,10053968,13362532
1790497939,10188188,13362532
1790497941,8801932,13362532
1790497943,8660332,13362532
1790497945,9958436,13362532
1790497947,10102652,13362532
1790497949,10064976,13362532
1790497951,8421536,13362532
1790497953,8391972,13362532
1790497955,9612944,13362532
1790497957,9682832,13362548
1790497959,8767056,13362548
1790497961,8746764,13362548
1790497963,10000764,13362548
1790497965,9984580,13362548
1790497967,10043892,13362548
1790497969,9954172,13362548
1790497971,10026108,13362548
1790497973,10083508,13362548
1790497975,10089368,13362548
1790497977,8935032,13362560
1790497979,8728152,13362560
1790497981,10126420,13362560
1790497983,10195656,13362572
1790497985,10239456,13362572
1790497987,8928800,13362572
1790497989,9032380,13362572
1790497991,10155008,13362572
1790497993,10181112,13362572
1790497995,8882856,13362572
1790497998,8604828,13362572
1790498000,8433284,13362572
1790498002,9697652,13362572
1790498004,9741944,13362572
1790498006,9260744,13362572
1790498008,9851236,13362572
1790498010,9837828,13362572
1790498012,9933792,13362572
1790498014,10042152,13362572
1790498016,8867808,13362572
1790498018,9856928,13362572
1790498020,10005480,13362572
1790498022,10088816,13362572
1790498024,8751588,13362572
1790498026,8789612,13362572
1790498028,9914656,13362572
1790498030,10054272,13362572
1790498032,10077632,13362572
1790498034,9451480,13362572
1790498036,8870748,13362572
1790498038,10030048,13362576
1790498040,10140148,13362576
1790498042,8813484,13362576
1790498044,9475092,13362576
1790498046,8493920,13362576
1790498048,9722676,13362576
1790498050,9744500,13362576
1790498052,8981336,13362576
1790498054,9861544,13362576
1790498056,9996220,13362576
1790498058,10095036,13362576
1790498060,8950200,13362576
1790498062,8873972,13362576
1790498064,10157852,13362576
1790498066,10167164,13362576
1790498068,10200468,13362576
1790498070,8857652,13362576
1790498072,8797928,13362576
1790498074,9935260,13362576
1790498076,10089044,13362576
1790498078,10171748,13362576
1790498080,9938992,13362592
1790498082,10023168,13362616
1790498084,10108120,13362616
1790498086,10146304,13362616
1790498088,8501384,13362616
1790498090,9685944,13362616
1790498092,8348736,13362616
1790498094,9645140,13362616
1790498096,9674432,13362616
1790498098,8848332,13362628
1790498100,10012408,13362628
1790498102,10012064,13362628
1790498104,10013356,13362628
1790498106,8870780,13362628
1790498108,8873280,13362628
1790498110,9972156,13362632
1790498112,10099224,13362632
1790498114,10157448,13362632
1790498116,9399712,13362632
1790498118,9990012,13362632
1790498120,9984384,13362640
1790498122,10069680,13362640
1790498124,10141536,13362640
1790498126,8971340,13362640
1790498128,10024556,13362640
1790498130,9954008,13362640
1790498132,9954296,13362640
1790498134,8412300,13362640
1790498136,8633020,13362640
1790498138,8394828,13362640
1790498140,9577708,13362640
1790498142,8863796,13362640
1790498144,8662236,13362640
1790498146,9892116,13362640
1790498148,9916532,13362640
1790498150,9972940,13362640
1790498152,8806624,13362640
1790498154,8851556,13362640
1790498156,10001560,13362640
1790498158,10054388,13362656
1790498160,10196316,13362656
1790498162,9977032,13362656
1790498164,10079348,13362656
1790498166,10140424,13362656
1790498168,10216404,13362656
1790498170,9043860,13362656
1790498172,8878404,13362656
1790498174,10077872,13362656
1790498176,10202140,13362656
1790498178,10257056,13362656
1790498180,8587120,13362656
1790498182,8380800,13362656
1790498184,9667968,13362656
1790498186,9663464,13362656
1790498188,8771824,13362656
1790498190,8575188,13362656
1790498192,9825956,13362656
1790498194,9901524,13362656
1790498196,9956052,13362656
1790498198,9515384,13362656
1790498200,9917732,13362656
1790498202,9912912,13362656
1790498204,10011704,13362656
1790498206,8882852,13362656
1790498208,8894308,13362656
1790498210,9919284,13362656
1790498212,9969156,13362656
1790498214,9999552,13362656
1790498216,8753700,13362656
1790498218,8774376,13362660
1790498220,10044804,13362660
1790498222,10078620,13362660
1790498224,7274328,13362660
1790498226,7393244,13362660
1790498228,7942712,13362660
1790498230,7953980,13362660
1790498232,7870048,13362660
1790498234,7968340,13362660
1790498236,7898136,13362660
1790498238,7954628,13362660
1790498240,7945468,13362660
1790498242,8037212,13362660
1790498244,9294792,13362660
1790498246,9466936,13362660
1790498248,5785356,13273544
1790498250,10043820,13273544
1790498252,8435336,13273544
1790498254,8450712,13273544
1790498256,9850312,13273544
1790498258,10744352,13273544
1790498260,10813464,13273544
1790498262,8684008,13273544
1790498264,8669060,13273544
1790498266,9968548,13273544
1790498268,10155996,13273544
1790498270,10199848,13273544
1790498272,9705584,13273544
1790498274,10090804,13273544
1790498276,10138196,13273544
1790498278,10267048,13273556
1790498280,10409692,13273556
1790498282,9194868,13273556
1790498284,10271316,13273556
1790498286,10271396,13273556
1790498288,10377756,13273556
1790498290,9098568,13273556
1790498292,9098376,13273556
1790498294,10286224,13273556
1790498296,10341184,13273556
1790498298,10368004,13273556
1790498300,8728868,13273556
1790498302,8502224,13273572
1790498304,9761124,13273572
1790498306,9764996,13273572
1790498308,8725896,13273572
1790498310,8738124,13273572
1790498312,9971932,13273572
1790498314,10041628,13273572
1790498316,10088264,13273572
1790498318,9945240,13273572
1790498320,9959380,13273572
1790498322,9991660,13273572
1790498324,10024984,13273572
1790498326,8945032,13273596
1790498328,8811056,13273596
1790498330,10041220,13273596
1790498332,10071948,13273596
1790498334,10108264,13273596
1790498336,8722092,13273596
1790498338,8924440,13273596
1790498340,10142552,13273596
1790498342,10245660,13273596
1790498344,9174172,13273596
1790498346,8604536,13273596
1790498348,8609764,13273596
1790498350,9830304,13273596
1790498352,9863552,13273596
1790498354,9602492,13273596
1790498356,9947780,13273596
1790498358,10043168,13273596
1790498360,10172788,13273596
1790498362,9117636,13273596
1790498364,9138312,13273596
1790498366,10135672,13273596
1790498368,10113468,13273600
1790498370,10083252,13273600
1790498372,8864940,13273600
1790498374,8960212,13273600
1790498376,10103960,13273600
1790498378,10157508,13273604
1790498380,10162280,13273604
1790498382,9569832,13273604
1790498384,9017040,13273604
1790498386,10130504,13273604
1790498388,10139856,13273604
1790498390,8585004,13273608
1790498392,9630424,13273608
1790498394,8440572,13273608
1790498396,9676236,13273608
1790498398,9754808,13273620
1790498400,9029348,13273620
1790498402,10020780,13273620
1790498404,10063240,13273620
1790498406,10105808,13273620
1790498408,8737660,13273620
1790498410,8920512,13273620
1790498412,10089456,13273620
1790498414,10104084,13273620
1790498416,10178924,13273620
1790498418,8852044,13273620
1790498420,9037104,13273640
1790498422,10127616,13273640
1790498424,10142968,13273640
1790498426,10198760,13273640
1790498428,9861852,13273640
1790498430,10031172,13273640
1790498432,10030540,13273640
1790498434,10079876,13273640
1790498436,8511760,13273640
1790498438,9552592,13273640
1790498440,8530212,13273656
1790498442,9721632,13273660
1790498444,8953688,13273660
1790498446,8924168,13273664
1790498448,10037716,13273664
1790498450,10051564,13273664
1790498452,10135260,13273664
1790498454,8929076,13273664
1790498456,8831092,13273664
1790498458,10076000,13273664
1790498460,10173416,13273664
1790498462,10228228,13273664
1790498464,9480852,13273664
1790498466,10188668,13273664
1790498468,10201508,13273664
1790498470,10249260,13273664
1790498472,10274156,13273680
1790498474,9133856,13273680
1790498476,10204252,13273680
1790498478,10205396,13273680
1790498480,10231716,13273680
1790498482,8669700,13273680
1790498484,8480184,13273680
1790498486,8879824,13273680
1790498488,9691572,13273680
1790498490,8924256,13273680
1790498492,8416664,13273680
1790498494,9876824,13273680
1790498496,9979212,13273680
1790498498,10024880,13273696
1790498500,8780420,13273696
1790498502,8894356,13273696
1790498504,10011556,13273696
1790498506,10046396,13273696
1790498508,10108864,13273696
1790498510,9909200,13273696
1790498512,9950312,13273696
1790498514,10004980,13273696
1790498516,10086424,13273708
1790498518,8968408,13273708
1790498520,8907132,13273708
1790498522,10103220,13273708
1790498524,10179648,13273708
1790498526,10283588,13273708
1790498528,9169132,13273708
1790498530,8813740,13273708
1790498532,9199304,13273708
1790498534,9919492,13273708
1790498536,8757296,13273708
1790498538,8700612,13273708
1790498540,10102424,13273708
1790498542,10174312,13273708
1790498544,10197128,13273708
1790498546,9568932,13273708
1790498548,9021368,13273708
1790498550,10075404,13273708
1790498552,10152912,13273708
1790498554,10215500,13273708
1790498556,9035500,13273708
1790498558,10111888,13273708
1790498560,10114312,13273720
1790498562,10160432,13273720
1790498564,8968376,13273724
1790498566,8865124,13273724
1790498568,10115796,13273724
1790498570,10125916,13273732
1790498572,10203920,13273732
1790498574,8739056,13273732
1790498576,8553868,13273736
1790498578,9666028,13273736
1790498580,9778004,13273736
1790498582,8796600,13273736
1790498584,8723804,13273736
1790498586,10126460,13273736
1790498588,10133228,13273736
1790498590,10194240,13273752
1790498592,10146236,13273752
1790498594,10091884,13273752
1790498596,10097888,13273752
1790498598,10208492,13273752
1790498600,9030504,13273752
1790498602,8886088,13273752
1790498604,10098740,13273752
1790498606,10134824,13273752
1790498608,10128400,13273752
1790498610,8865300,13273752
1790498612,8952972,13273752
1790498614,10043588,13273752
1790498616,10090584,13273752
1790498618,9071984,13273752
1790498620,8506448,13273752
1790498622,8548680,13273752
1790498624,9736828,13273752
1790498626,9747980,13273752
1790498628,9535024,13273752
1790498630,9997016,13273752
1790498632,10083008,13273752
1790498634,10081244,13273752
1790498636,9474192,13273760
1790498638,9047248,13273760
1790498640,10200076,13273760
1790498642,10189652,13273760
1790498644,10293028,13273760
1790498646,8983812,13273760
1790498648,8974708,13273760
1790498650,10174496,13273760
1790498652,10175180,13273760
1790498654,10300896,13273760
1790498656,9562924,13273760
1790498658,10163704,13273760
1790498660,10231176,13273760
1790498662,10233388,13273760
1790498664,9117500,13273764
1790498666,9953388,13273764
1790498668,8455524,13273764
1790498670,9634400,13273764
1790498672,9789800,13273764
1790498674,8967476,13273764
1790498676,9893336,13273764
1790498678,9938840,13273764
1790498680,10087776,13273772
1790498682,8911468,13273776
1790498684,8764400,13273776
1790498686,10000832,13273776
1790498688,10058440,13273784
1790498690,10112864,13273800
1790498692,8972860,13273800
1790498694,8959044,13273800
1790498696,10035904,13273804
1790498698,10111720,13273804
1790498700,10225544,13273804
1790498702,10119380,13273804
1790498704,10099304,13273804
1790498706,10100156,13273804
1790498708,10132496,13273804
1790498710,8568584,13273804
1790498712,9687712,13273804
1790498714,8610888,13273804
1790498716,9817292,13273804
1790498718,9095684,13273804
1790498720,8808172,13273804
1790498723,10151092,13273804
1790498725,10159440,13273804
1790498727,10236744,13273804
1790498729,8904092,13273804
1790498731,8975404,13273804
1790498733,10114888,13273804
1790498735,10112980,13273804
1790498737,10211508,13273804
1790498739,9679608,13273804
1790498741,10023584,13273804
1790498743,10023844,13273808
1790498745,10193676,13273808
1790498747,9009436,13273808
1790498749,9029752,13273808
1790498751,10067464,13273808
1790498753,10070720,13273808
1790498755,10170192,13273808
1790498757,8547628,13273812
1790498759,8336892,13273812
1790498761,8708920,13273812
1790498763,9689024,13273812
1790498765,8707004,13273820
1790498767,8618312,13273824
1790498769,10006260,13273824
1790498771,10155480,13273840
1790498773,10194368,13273840
1790498775,9475064,13273864
1790498777,8944092,13273864
1790498779,10071088,13273864
1790498781,10189356,13273864
1790498783,10219340,13273864
1790498785,9038012,13273864
1790498787,10136380,13273864
1790498789,10036580,13273864
1790498791,10093188,13273864
1790498793,8878744,13273864
1790498795,8710408,13273864
1790498797,9991956,13273864
1790498799,10055684,13273864
1790498801,10104912,13273864
1790498803,8477828,13273864
1790498805,8451520,13273864
1790498807,9720436,13273864
1790498809,9727364,13273864
1790498811,8782200,13273864
1790498813,8775752,13273864
1790498815,9978708,13273876
1790498817,10123184,13273876
1790498819,10192736,13273876
1790498821,10042620,13273876
1790498823,10163656,13273876
1790498825,10208028,13273876
1790498827,10297016,13273876
1790498829,9117356,13273876
1790498831,8967388,13273888
1790498833,10223232,13273888
1790498835,10255832,13273888
1790498837,10284636,13273888
1790498839,8990524,13273888
1790498841,9054440,13273888
1790498843,10252932,13273888
1790498845,10296256,13273888
1790498847,7264460,13273888
1790498849,7190016,13273888
1790498851,7929184,13273888
1790498853,7929424,13273888
1790498855,7938212,13273888
1790498857,7941832,13273888
1790498859,7968204,13273888
1790498861,7983836,13297140
1790498863,7869316,13297156
1790498865,8020936,13297156
1790498867,9286880,13297156
1790498869,13892968,13297156
1790498871,7874812,13241528
1790498873,8771892,13241528
1790498875,8470936,13241532
1790498877,8477504,13241536
1790498879,9716980,13241536
1790498881,10727404,13241536
1790498883,10914444,13241564
1790498885,8790472,13241564
1790498887,8826704,13241564
1790498889,10101396,13241564
1790498891,10210404,13241564
1790498893,10331484,13241564
1790498895,9839416,13241564
1790498897,10296912,13241564
1790498899,10289592,13241564
1790498901,10319572,13241564
1790498903,9212036,13241572
1790498905,9216716,13241572
1790498907,10269204,13241572
1790498909,10175740,13241572
1790498911,10210676,13241572
1790498913,9029512,13241572
1790498915,9044880,13241572
1790498917,10127996,13241572
1790498919,10255020,13241592
1790498921,9669760,13241592
1790498923,8705000,13241592
1790498925,8461908,13241592
1790498927,9707884,13241592
1790498929,9743936,13241592
1790498931,9289900,13241604
1790498933,9229052,13241604
1790498935,9993892,13241604
1790498937,10096664,13241612
1790498939,10164356,13241612
1790498941,9078576,13241612
1790498943,10123296,13241612
1790498945,10117876,13241612
1790498947,10172064,13241612
1790498949,8986980,13241612
1790498951,8860468,13241612
1790498953,10087508,13241612
1790498955,10149544,13241612
1790498957,10263760,13241612
1790498959,8885744,13241612
1790498961,8983908,13241612
1790498963,10090880,13241612
1790498965,10173808,13241612
1790498967,9166224,13241616
1790498969,8543732,13241616
1790498971,8493224,13241616
1790498973,9727252,13241616
1790498975,9738572,13241616
1790498977,9787528,13241616
1790498979,10058068,13241616
1790498981,10107848,13241616
1790498983,10127764,13241616
1790498985,9053996,13241616
1790498987,8883740,13241616
1790498989,10126460,13241616
1790498991,10168476,13241616
1790498993,10201692,13241616
1790498995,8928236,13241616
1790498997,9031060,13241628
1790498999,10049292,13241628
1790499001,10223488,13241628
1790499003,10378020,13241628
1790499005,9729852,13241628
1790499007,10167644,13241628
1790499009,10150688,13241628
1790499011,10220324,13241628
1790499013,8682816,13241628
1790499015,9825992,13241636
1790499017,8543232,13241636
1790499019,9786912,13241636
1790499021,9858916,13241636
1790499023,9046376,13241636
1790499025,10115728,13241636
1790499027,10117792,13241636
1790499029,10025952,13241636
1790499031,8850672,13241636
1790499033,8564580,13241636
1790499035,10046804,13241648
1790499037,10125512,13241648
1790499039,10156600,13241672
1790499041,9142904,13241672
1790499043,8906200,13241672
1790499045,10065624,13241672
1790499047,10060848,13241672
1790499049,10130176,13241672
1790499051,8985692,13241672
1790499053,10000188,13241672
1790499055,10097396,13241672
1790499057,10174620,13241680
1790499059,8510716,13241680
1790499061,9715520,13241680
1790499063,8585228,13241680
1790499065,9802584,13241684
1790499067,9017144,13241684
1790499069,8700792,13241684
1790499071,10016164,13241684
1790499073,10076924,13241684
1790499075,10172276,13241684
1790499077,8970000,13241684
1790499079,9135472,13241684
1790499081,10188928,13241684
1790499083,10280836,13241684
1790499085,10290524,13241684
1790499087,10125208,13241684
1790499089,10097732,13241684
1790499091,10101464,13241684
1790499093,10116284,13241684
1790499095,9060604,13241684
1790499097,8961264,13241684
1790499099,10119628,13241684
1790499101,10132556,13241684
1790499103,10151384,13241684
1790499105,8593648,13241684
1790499107,8392416,13241684
1790499109,9659716,13241684
1790499111,9662476,13241684
1790499113,8676956,13241684
1790499115,8575244,13241684
1790499117,10000436,13241684
1790499119,10024308,13241684
1790499121,10156248,13241684
1790499123,9761192,13241684
1790499125,10161232,13241684
1790499127,10210568,13241684
1790499129,10215992,13241684
1790499131,9992152,13241684
1790499133,9075348,13241684
1790499135,10150596,13241684
1790499137,10149076,13241684
1790499139,10281088,13241684
1790499141,8878088,13241684
1790499143,8955068,13241684
1790499145,10094372,13241684
1790499147,10108704,13241684
1790499149,10178668,13241684
1790499151,8511656,13241684
1790499153,8464752,13241684
1790499155,9712124,13241684
1790499157,9737060,13241684
1790499159,8837296,13241692
1790499161,8831888,13241692
1790499163,10058544,13241692
1790499165,10125912,13241692
1790499167,10189816,13241696
1790499169,9077244,13241696
1790499171,10107596,13241696
1790499173,10105168,13241696
1790499175,10219044,13241696
1790499177,8915204,13241696
1790499179,8928264,13241696
1790499181,10208992,13241696
1790499183,10216980,13241696
1790499185,10285860,13241696
1790499187,8856216,13241696
1790499189,9090388,13241696
1790499191,10087692,13241696
1790499193,10269248,13241696
1790499195,9086196,13241696
1790499197,8677764,13241696
1790499199,8489460,13241696
1790499201,9794884,13241696
1790499203,9842248,13241696
1790499205,9737236,13241696
1790499207,10051784,13241696
1790499209,10016692,13241696
1790499211,10019572,13241696
1790499213,8942048,13241696
1790499215,8933324,13241708
1790499217,10028624,13241708
1790499219,10058900,13241716
1790499221,10166928,13241716
1790499223,8899436,13241716
1790499225,8962712,13241716
1790499227,10060812,13241716
1790499229,10143184,13241716
1790499231,10206240,13241716
1790499233,9873228,13241716
1790499235,10032116,13241720
1790499237,10065028,13241728
1790499239,10092248,13241728
1790499241,8910364,13241728
1790499243,9753580,13241728
1790499245,8949516,13241728
1790499247,9838768,13241728
1790499249,9963744,13241728
1790499251,9126212,13241728
1790499253,10124592,13241728
1790499255,10207968,13241728
1790499257,10225940,13241728
1790499259,8876772,13241728
1790499261,8970908,13241728
1790499263,10268596,13241728
1790499265,10286784,13241728
1790499267,10349388,13241728
1790499269,9721360,13241728
1790499271,10073736,13241728
1790499273,10138580,13241728
1790499275,10191492,13241728
1790499277,10312036,13241728
1790499279,9080644,13241748
1790499281,10077992,13241748
1790499283,10140564,13241748
1790499285,10232364,13241748
1790499287,8876980,13241748
1790499289,8479240,13241748
1790499291,8730376,13241748
1790499293,9714376,13241748
1790499295,8742020,13241748
1790499297,8466440,13241752
1790499299,9950900,13241752
1790499301,10116632,13241752
1790499303,10154176,13241752
1790499305,8850176,13241752
1790499307,9021164,13241752
1790499309,10101964,13241752
1790499311,10136052,13241752
1790499313,10259636,13241752
1790499315,10233860,13241752
1790499317,10095008,13241752
1790499319,10126300,13241752
1790499321,10277528,13241752
1790499323,9081572,13241752
1790499325,8864884,13241752
1790499327,10119436,13241752
1790499329,10141632,13241752
1790499331,10188888,13241752
1790499333,8531152,13241752
1790499335,8543380,13241752
1790499337,9739168,13241752
1790499339,9736968,13241752
1790499341,8645000,13241752
1790499343,8684352,13241752
1790499345,10058588,13241752
1790499347,10070868,13241752
1790499349,10150208,13241752
1790499351,9712720,13241756
1790499353,10053072,13241756
1790499355,10143440,13241756
1790499357,10255600,13241756
1790499359,9065036,13241756
1790499361,8911756,13241756
1790499363,10160960,13241756
1790499365,10264948,13241756
1790499367,10317764,13241756
1790499369,9032556,13241756
1790499371,8991752,13241756
1790499373,10203312,13241756
1790499375,10243228,13241756
1790499377,9583536,13241756
1790499379,8703840,13241756
1790499381,8518744,13241756
1790499383,9775552,13241756
1790499385,9837384,13241756
1790499387,9284636,13241756
1790499389,8598244,13241756
1790499391,9981020,13241756
1790499393,10037264,13241756
1790499395,10148416,13241756
1790499397,8995572,13241756
1790499399,10029036,13241764
1790499401,10078192,13241764
1790499403,10072536,13241764
1790499405,8954248,13241764
1790499407,8764264,13241764
1790499409,9951392,13241764
1790499411,10070672,13241764
1790499413,10209204,13241764
1790499415,9198068,13241764
1790499417,8983084,13241772
1790499419,10119344,13241776
1790499421,10198856,13241776
1790499423,9042244,13241776
1790499425,8604104,13241792
1790499427,8603408,13241792
1790499429,9802300,13241792
1790499431,9821908,13241792
1790499433,9857000,13241792
1790499435,10105696,13241792
1790499437,10123420,13241792
1790499439,10162984,13241804
1790499441,9149336,13241804
1790499444,9005876,13241804
1790499446,10203076,13241804
1790499448,10215528,13241804
1790499450,10253428,13241804
1790499452,8916620,13241804
1790499454,9027856,13241804
1790499456,10173684,13241804
1790499458,10165444,13241804
1790499460,10194920,13241824
1790499462,9870884,13241824
1790499464,10075596,13241824
1790499466,10149996,13241824
1790499468,10202920,13241824
1790499470,8617856,13241824
1790499472,9787112,13241824
1790499474,8473516,13241824
1790499476,9755544,13241828
1790499478,9793668,13241828
1790499480,9072060,13241828
1790499482,9993952,13241828
1790499484,10119672,13241828
1790499486,10129780,13241828
1790499488,8945600,13241828
1790499490,8883764,13241828
1790499492,10123456,13241828
1790499494,10112660,13241828
1790499496,10175776,13241828
1790499498,9810304,13241828
1790499500,10101708,13241828
1790499502,10133392,13241828
1790499504,10215332,13241828
1790499506,9986124,13241828
1790499508,9074412,13241828
1790499510,10049780,13241828
1790499512,10097680,13241828
1790499514,7414412,13241828
1790499516,7086724,13241828
1790499518,7337328,13241828
1790499520,8027012,13241828
1790499522,8075736,13241828
1790499524,8014208,13241828
1790499526,8030316,13241828
1790499528,8009332,13241844
1790499530,8019008,13241844
1790499532,8018852,13241844
1790499534,8214876,13241844
1790499536,9493312,13241844
1790499538,2930404,13241856
1790499540,9590012,13224844
1790499542,8543124,13224844
1790499544,8546720,13224844
1790499546,8858768,13224844
1790499548,9444836,13224844
1790499550,10885676,13224844
1790499552,9137920,13224844
1790499554,9016700,13224844
1790499556,10131432,13224844
1790499558,10240328,13224844
1790499560,10300488,13224844
1790499562,9056324,13224844
1790499564,9015964,13224844
1790499566,10228876,13224844
1790499568,10294644,13224848
1790499570,10302376,13224848
1790499572,9771984,13224848
1790499574,10210364,13224848
1790499576,10205076,13224848
1790499578,10245984,13224852
1790499580,9119444,13224852
1790499582,9124936,13224852
1790499584,10170032,13224852
1790499586,10206824,13224852
1790499588,10255832,13224852
1790499590,8660176,13224852
1790499592,8442008,13224852
1790499594,8655492,13224852
1790499596,9727288,13224852
1790499598,8721588,13224852
1790499600,8492852,13224852
1790499602,9971552,13224852
1790499604,10109532,13224852
1790499606,10174416,13224852
1790499608,9477964,13224852
1790499610,9020568,13224852
1790499612,10165216,13224852
1790499614,10163048,13224852
1790499616,10207892,13224852
1790499618,9101592,13224852
1790499620,10148860,13224852
1790499622,10151028,13224852
1790499624,10194856,13224852
1790499626,9055952,13224852
1790499628,8888316,13224852
1790499630,10062624,13224856
1790499632,10118284,13224856
1790499634,10160436,13224856
1790499636,8529132,13224856
1790499638,8492564,13224856
1790499640,9716200,13224880
1790499642,9734496,13224884
1790499644,8761388,13224884
1790499646,8871296,13224892
1790499648,10048428,13224892
1790499650,10062008,13224892
1790499652,10102172,13224896
1790499654,10035136,13224896
1790499656,10063848,13224896
1790499658,10076056,13224896
1790499660,10166092,13224896
1790499662,9131620,13224896
1790499664,8957208,13224896
1790499666,10183812,13224896
1790499668,10221272,13224896
1790499670,10303112,13224896
1790499672,9010096,13224896
1790499674,9107932,13224896
1790499676,10225876,13224896
1790499678,10246852,13224896
1790499680,9276800,13224896
1790499682,8679864,13224896
1790499684,8542644,13224896
1790499686,9765260,13224896
1790499688,9945692,13224896
1790499690,9592656,13224896
1790499692,9997528,13224896
1790499694,10029132,13224896
1790499696,10052928,13224896
1790499698,8948300,13224896
1790499700,8791640,13224896
1790499702,10020652,13224896
1790499704,10062452,13224896
1790499706,10092760,13224896
1790499708,8752508,13224896
1790499710,8904108,13224896
1790499712,9999288,13224908
1790499714,10033552,13224912
1790499716,10110640,13224912
1790499718,9874964,13224912
1790499720,10205616,13224928
1790499722,10207020,13224928
1790499724,10206436,13224928
1790499726,8631508,13224928
1790499728,9747444,13224928
1790499730,8601464,13224928
1790499732,9818840,13224928
1790499734,9889028,13224928
1790499736,9146368,13224928
1790499738,10115640,13224928
1790499740,10127148,13224928
1790499742,10252516,13224928
1790499744,8932884,13224928
1790499746,9040904,13224928
1790499748,10190276,13224928
1790499750,10153008,13224928
1790499752,10202856,13224928
1790499754,9541372,13224928
1790499756,9023068,13224928
1790499758,10137784,13224928
1790499760,10138388,13224940
1790499762,10209484,13224940
1790499764,9077324,13224940
1790499766,10201140,13224940
1790499768,10227760,13224940
1790499770,10283960,13224940
1790499772,8628748,13224940
1790499774,9626600,13224940
1790499776,8484352,13224940
1790499778,9705564,13224940
1790499780,9051304,13224940
1790499782,8552904,13224940
1790499784,10032016,13224940
1790499786,10118296,13224940
1790499788,10175332,13224940
1790499790,8927632,13224940
1790499792,9009136,13224940
1790499794,10078776,13224940
1790499796,10238292,13224940
1790499798,10272772,13224940
1790499800,10163224,13224940
1790499802,10088340,13224940
1790499804,10153880,13224940
1790499806,10193600,13224940
1790499808,9059760,13224940
1790499810,8832508,13224940
1790499812,9974160,13224940
1790499814,10027312,13224940
1790499816,10057096,13224940
1790499818,8497912,13224940
1790499820,8406392,13224940
1790499822,9694712,13224944
1790499824,9698124,13224944
1790499826,8625796,13224944
1790499828,8748456,13224944
1790499830,9995664,13224944
1790499832,10125840,13224944
1790499834,10236944,13224944
1790499836,9918600,13224944
1790499838,9995216,13224944
1790499840,10182848,13224944
1790499842,10296332,13224944
1790499844,9157488,13224944
1790499846,8901564,13224948
1790499848,10193264,13224948
1790499850,10221232,13224948
1790499852,10301856,13224948
1790499854,8905092,13224948
1790499856,9140972,13224948
1790499858,10199788,13224948
1790499860,10221368,13224952
1790499862,8868824,13224968
1790499864,8668376,13224968
1790499866,8492508,13224968
1790499868,9651896,13224968
1790499870,9712856,13224968
1790499872,9277248,13224968
1790499874,9973736,13224968
1790499876,10013512,13224968
1790499878,10072544,13224968
1790499880,10068616,13224980
1790499882,8997920,13224980
1790499884,10005088,13224980
1790499886,10047432,13224980
1790499888,10097984,13224980
1790499890,8865204,13224980
1790499892,8682544,13224980
1790499894,10040944,13224980
1790499896,10090388,13224984
1790499898,10146504,13224984
1790499900,9332704,13224984
1790499902,8986788,13224984
1790499904,10096604,13224984
1790499906,10180672,13224984
1790499908,9103204,13224984
1790499910,8633916,13224984
1790499912,8623248,13224984
1790499914,9755564,13224984
1790499916,9848060,13224988
1790499918,9835800,13224988
1790499920,10060304,13225004
1790499922,10118344,13225004
1790499924,10192732,13225004
1790499926,9158068,13225004
1790499928,8974844,13225004
1790499930,10212000,13225004
1790499932,10218012,13225004
1790499934,10246408,13225004
1790499936,8968612,13225004
1790499938,9087384,13225004
1790499940,10153988,13225004
1790499942,10154448,13225004
1790499944,10226396,13225008
1790499946,10055284,13225008
1790499948,10150944,13225008
1790499950,10149044,13225008
1790499952,10155384,13225008
1790499954,9043260,13225008
1790499956,9714584,13225008
1790499958,8758464,13225008
1790499960,9749832,13225008
1790499962,9865936,13225008
1790499964,9046116,13225008
1790499966,10049136,13225008
1790499968,10141784,13225008
1790499970,10161948,13225020
1790499972,8848700,13225020
1790499974,8958780,13225020
1790499976,10155796,13225020
1790499978,10206788,13225020
1790499980,10259436,13225020
1790499982,9591040,13225020
1790499984,10185904,13225020
1790499986,10179560,13225020
1790499988,10135400,13225020
1790499990,10173704,13225020
1790499992,8982200,13225020
1790499994,10077600,13225020
1790499996,10107668,13225020
1790499998,10167200,13225020
1790500000,9009576,13225032
1790500002,8606068,13225032
1790500004,8582360,13225032
1790500006,9729172,13225032
1790500008,8553880,13225032
1790500010,8582544,13225032
1790500012,10019452,13225032
1790500014,10139212,13225032
1790500016,10171392,13225032
1790500018,9300716,13225032
1790500020,9116760,13225032
1790500022,10272128,13225032
1790500024,10290712,13225032
1790500026,10370844,13225032
1790500028,9183596,13225032
1790500030,10217380,13225032
1790500032,10215144,13225032
1790500034,10296532,13225032
1790500036,8976572,13225032
1790500038,9003996,13225032
1790500040,10211800,13225032
1790500042,10297744,13225032
1790500044,10332592,13225032
1790500046,8751236,13225032
1790500048,8558572,13225032
1790500050,9699304,13225032
1790500052,9745224,13225032
1790500054,8770928,13225032
1790500056,8684524,13225032
1790500058,10016772,13225032
1790500060,10077788,13225032
1790500062,10132720,13225032
1790500064,9867620,13225032
1790500066,10096964,13225032
1790500068,10089488,13225032
1790500070,10131820,13225040
1790500072,9003328,13225040
1790500074,8871792,13225040
1790500076,10036412,13225040
1790500078,10071096,13225040
1790500080,10236848,13225040
1790500082,9014700,13225040
1790500084,9034504,13225040
1790500086,10166412,13225040
1790500088,10219620,13225048
1790500090,7600016,13225048
1790500092,7186840,13225056
1790500094,7839020,13225056
1790500096,7758820,13225056
1790500098,8015708,13225060
1790500100,7944316,13225060
1790500102,8196912,13225060
1790500104,8054492,13225060
1790500106,7943768,13225060
1790500108,8027356,13225060
1790500110,9383200,13225060
1790500112,9429144,13225060
1790500114,5822832,13090748
1790500116,10288160,13090748
1790500118,8589384,13090748
1790500120,8647832,13090752
1790500122,9990532,13090756
1790500124,10862580,13090756
1790500126,11063228,13090756
1790500128,8831288,13090756
1790500130,8892904,13090756
1790500132,10148944,13090756
1790500134,10196800,13090756
1790500136,10329540,13090756
1790500138,9880224,13090756
1790500140,10324412,13090756
1790500142,10304316,13090784
1790500144,10425448,13090784
1790500146,9333500,13090784
1790500148,9291672,13090784
1790500150,10290988,13090784
1790500152,10356288,13090784
1790500154,10455064,13090784
1790500156,9086944,13090784
1790500158,9212344,13090784
1790500160,10364880,13090784
1790500162,10393316,13090784
1790500164,9720272,13090784
1790500167,8834316,13090784
1790500169,8548176,13090784
1790500171,9789208,13090784
1790500173,9843440,13090784
1790500175,9587452,13090784
1790500177,8805264,13090784
1790500179,10063340,13090784
1790500181,10143556,13090784
1790500183,10275012,13090784
1790500185,9122144,13090784
1790500187,10133868,13090784
1790500189,10224408,13090784
1790500191,10232580,13090784
1790500193,9066064,13090784
1790500195,8830352,13090784
1790500197,10102096,13090784
1790500199,10182464,13090784
1790500201,10326740,13090784
1790500203,9475976,13090784
1790500205,9143616,13090784
1790500207,10252332,13090784
1790500209,10282924,13090784
1790500211,9244744,13090784
1790500213,8712648,13090784
1790500215,8703524,13090784
1790500217,9917056,13090784
1790500219,9975388,13090784
1790500221,10166756,13090784
1790500223,10323116,13090784
1790500225,10330852,13090784
1790500227,10326028,13090784
1790500229,9163344,13090784
1790500231,8829020,13090784
1790500233,10206996,13090784
1790500235,10245020,13090784
1790500237,10400788,13090784
1790500239,9080696,13090784
1790500241,9116844,13090824
1790500243,10279928,13090872
1790500245,10312312,13090872
1790500247,10353860,13090872
1790500249,10142160,13090872
1790500251,10187640,13090876
1790500253,10247400,13090876
1790500255,10365468,13090876
1790500257,8731484,13090876
1790500259,9911200,13090876
1790500261,8691220,13090876
1790500263,9930744,13090876
1790500265,10072712,13090876
1790500267,9177636,13090876
1790500269,10183104,13090876
1790500271,10268116,13090888
1790500273,10306792,13090888
1790500275,9119120,13090896
1790500277,8933080,13090896
1790500279,10275584,13090896
1790500281,10358420,13090924
1790500283,10446120,13090924
1790500285,9636076,13090924
1790500287,10254020,13090924
1790500289,10160700,13090924
1790500291,10220392,13090924
1790500293,10359616,13090924
1790500295,9109448,13090924
1790500297,10131708,13090924
1790500299,10164808,13090924
1790500301,10214400,13090924
1790500303,8649248,13090924
1790500305,8861592,13090924
1790500307,8662532,13090924
1790500309,9822204,13090924
1790500311,9109340,13090924
1790500313,8796756,13090924
1790500315,10116068,13090924
1790500317,10164700,13090924
1790500319,10271812,13090924
1790500321,9002868,13090924
1790500323,9217724,13090924
1790500325,10363660,13090924
1790500327,10412752,13090924
1790500329,10487252,13090932
1790500331,9426432,13090932
1790500333,10295276,13090932
1790500335,10337916,13090932
1790500337,10433892,13090932
1790500339,9063548,13090932
1790500341,9092704,13090932
1790500343,10426100,13090932
1790500345,10425724,13090932
1790500347,10497768,13090932
1790500349,8725272,13090932
1790500351,8595252,13090932
1790500353,9815728,13090932
1790500355,9857740,13090932
1790500357,8930960,13090932
1790500359,8893312,13090944
1790500361,10162804,13090944
1790500363,10164764,13090944
1790500365,10166528,13090944
1790500367,10121440,13090944
1790500369,10154092,13090944
1790500371,10205488,13090944
1790500373,10271168,13090944
1790500375,9135160,13090944
1790500377,8905972,13090944
1790500379,10154600,13090944
1790500381,10246268,13090944
1790500383,10342448,13090944
1790500385,9068976,13090944
1790500387,9126816,13090944
1790500389,10258404,13090956
1790500391,10312104,13090956
1790500393,9414192,13090956
1790500395,8735180,13090956
1790500397,8748432,13090956
1790500399,9941084,13090956
1790500401,9967416,13090956
1790500403,9677852,13090956
1790500405,10246928,13090956
1790500407,10264432,13090956
1790500409,10278048,13090956
1790500411,10294496,13090956
1790500413,9187544,13090956
1790500415,10285484,13090960
1790500417,10294868,13090960
1790500419,10310892,13090960
1790500421,9068844,13090960
1790500423,9079904,13090960
1790500425,10203748,13090960
1790500427,10252548,13090960
1790500429,10420800,13090960
1790500431,9783480,13090960
1790500433,10288480,13090960
1790500435,10329756,13090960
1790500437,10329764,13090960
1790500439,8733300,13090960
1790500441,9700180,13090960
1790500443,8633864,13090960
1790500445,9864800,13090960
1790500447,9938056,13090960
1790500449,9133992,13090968
1790500451,10122408,13090968
1790500453,10186444,13090968
1790500455,10225904,13090968
1790500457,8925988,13090968
1790500459,9021016,13090968
1790500461,10246956,13090968
1790500463,10313904,13090968
1790500465,10373580,13090968
1790500467,8985436,13090968
1790500469,9028356,13090968
1790500471,10167532,13090968
1790500473,10277472,13090968
1790500475,10315168,13090968
1790500477,10293672,13090968
1790500479,10231664,13090968
1790500481,10229896,13090968
1790500483,10290128,13090968
1790500485,8658796,13090968
1790500487,9698108,13090968
1790500489,8704188,13090968
1790500491,9911608,13090968
1790500493,9119948,13090968
1790500495,8834500,13090972
1790500497,10104708,13090972
1790500499,10207372,13090972
1790500501,10305676,13090972
1790500503,9020336,13090972
1790500505,9168180,13090972
1790500507,10310060,13090972
1790500509,10359884,13090972
1790500511,10443020,13090972
1790500513,10110300,13090972
1790500515,10285312,13090972
1790500517,10376272,13090972
1790500519,10441616,13090972
1790500521,9276272,13090972
1790500523,9212020,13090972
1790500525,10350924,13090972
1790500527,10397316,13090972
1790500529,10325916,13090972
1790500531,8722464,13090972
1790500533,8529644,13090972
1790500535,9113552,13090972
1790500537,9802784,13090972
1790500539,8797920,13090972
1790500541,8727480,13090972
1790500543,10059920,13090972
1790500545,10102056,13090972
1790500547,10141092,13090972
1790500549,9582708,13090972
1790500551,10172756,13090972
1790500553,10173396,13090972
1790500555,10257728,13090988
1790500557,10293088,13090988
1790500559,9119896,13090988
1790500561,10220768,13090988
1790500563,10221112,13090988
1790500565,10349020,13090988
1790500567,8989244,13090988
1790500569,8987452,13090992
1790500571,10201844,13090992
1790500573,10262532,13090992
1790500575,10310576,13090992
1790500577,8727872,13090992
1790500579,8667508,13090992
1790500581,9889500,13090992
1790500583,9890780,13090992
1790500585,8997860,13090992
1790500587,8959544,13090992
1790500589,10067120,13090992
1790500591,10154892,13090992
1790500593,10244432,13090992
1790500595,9783692,13090992
1790500597,10215532,13090992
1790500599,10254692,13091000
1790500601,10329344,13091000
1790500603,9189792,13091000
1790500605,9046480,13091000
1790500607,10231328,13091000
1790500609,10248108,13091000
1790500611,10287064,13091000
1790500613,9052936,13091000
1790500615,9140148,13091000
1790500617,10270116,13091000
1790500619,10313588,13091000
1790500621,9185628,13091000
1790500623,8791124,13091000
1790500625,8628200,13091000
1790500627,9890364,13091000
1790500629,9960416,13091008
1790500631,9827548,13091008
1790500633,10166240,13091008
1790500635,10194312,13091008
1790500637,10254232,13091008
1790500639,9196688,13091008
1790500641,9159860,13091008
1790500643,10223952,13091008
1790500645,10254072,13091008
1790500647,10365072,13091008
1790500649,8878216,13091008
1790500651,8946576,13091012
1790500653,10121588,13091012
1790500655,10217008,13091012
1790500657,10288644,13091012
1790500659,9962152,13091036
1790500661,10163136,13091060
1790500663,10197860,13091060
1790500665,10251324,13091060
1790500667,8735888,13091060
1790500669,9788600,13091060
1790500671,8949428,13091060
1790500673,9879692,13091060
1790500675,9990544,13091060
1790500677,9123584,13091060
1790500679,10115588,13091060
1790500681,10295776,13091060
1790500683,10357680,13091060
1790500685,9080000,13091060
1790500687,9153596,13091060
1790500689,10353772,13091068
1790500691,10365132,13091068
1790500693,10399852,13091068
1790500695,9765784,13091068
1790500697,9221156,13091068
1790500699,10343668,13091068
1790500701,10434000,13091068
1790500703,10448468,13091068
1790500705,9279520,13091068
1790500707,10333404,13091068
1790500709,10267384,13091068
1790500711,7742752,13091068
1790500713,7263904,13091068
1790500715,7497188,13091068
1790500717,8181088,13091068
1790500719,8220184,13091072
1790500721,8191720,13091072
1790500723,8141316,13091072
1790500725,8251032,13091072
1790500727,8119000,13091072
1790500729,8247032,13091072
1790500731,8354064,13091072
1790500733,9712796,13091072
1790500735,3869188,13091072
1790500737,10247364,12994384
1790500739,8869096,12994384
1790500741,9912924,12994384
1790500743,8912636,12994384
1790500745,9599776,12994384
1790500747,11217764,12994384
1790500749,10553276,12994384
1790500751,9250292,12994384
1790500753,10235316,12994384
1790500755,10359204,12994384
1790500757,10459852,12994384
1790500759,9290128,12994384
1790500761,9307360,12994384
1790500763,10433792,12994384
1790500765,10443768,12994384
1790500767,10515072,12994384
1790500769,9847688,12994384
1790500771,9198640,12994384
1790500773,10338004,12994384
1790500775,10519708,12994384
1790500777,10519328,12994384
1790500779,9280048,12994384
1790500781,10279456,12994384
1790500783,10342824,12994384
1790500785,10428124,12994384
1790500787,8781088,12994384
1790500789,8915952,12994384
1790500791,8735900,12994384
1790500793,9922568,12994384
1790500795,9222860,12994384
1790500797,8803656,12994384
1790500799,10263028,12994384
1790500801,10350704,12994384
1790500803,10462688,12994384
1790500805,9165664,12994384
1790500807,9244472,12994384
1790500809,10388436,12994388
1790500811,10453792,12994388
1790500813,10494868,12994388
1790500815,9344156,12994388
1790500817,10385708,12994388
1790500819,10386636,12994388
1790500821,10478548,12994388
1790500823,9201632,12994388
1790500825,9138952,12994388
1790500827,10408876,12994388
1790500829,10329004,12994388
1790500831,10446788,12994388
1790500833,8777276,12994388
1790500835,8679496,12994388
1790500837,9850308,12994388
1790500839,10046544,12994388
1790500841,8953356,12994392
1790500843,8972164,12994392
1790500845,10209940,12994392
1790500847,10350284,12994392
1790500849,10363844,12994392
1790500851,10366976,12994392
1790500853,10341164,12994392
1790500855,10327032,12994392
1790500857,10359296,12994392
1790500859,9212192,12994392
1790500861,9109108,12994392
1790500863,10364068,12994392
1790500865,10407752,12994392
1790500867,10446940,12994396
1790500869,8994448,12994400
1790500871,9227820,12994400
1790500873,10387372,12994400
1790500875,10462684,12994400
1790500877,9176700,12994400
1790500880,8841880,12994400
1790500882,8800980,12994400
1790500884,10005780,12994400
1790500886,10081032,12994400
1790500888,10026824,12994400
1790500890,10238172,12994400
1790500892,10304948,12994400
1790500894,10327208,12994400
1790500896,9255408,12994400
1790500898,9198132,12994400
1790500900,10275336,12994400
1790500902,10295132,12994400
1790500904,10390428,12994400
1790500906,8957008,12994400
1790500908,9046016,12994400
1790500910,10320756,12994400
1790500912,10336416,12994400
1790500914,10407444,12994400
1790500916,9911024,12994400
1790500918,10273080,12994400
1790500920,10358844,12994400
1790500922,10424848,12994400
1790500924,8842432,12994400
1790500926,9932244,12994400
1790500928,8779016,12994400
1790500930,9980536,12994416
1790500932,10158548,12994416
1790500934,9282968,12994416
1790500936,10328552,12994416
1790500938,10379700,12994416
1790500940,10396764,12994432
1790500942,9136632,12994436
1790500944,9246224,12994436
1790500946,10399044,12994436
1790500948,10418288,12994436
1790500950,10343400,12994436
1790500952,9724216,12994436
1790500954,9184624,12994436
1790500956,10288112,12994436
1790500958,10317668,12994436
1790500960,10410800,12994448
1790500962,9250508,12994448
1790500964,10311344,12994448
1790500966,10310480,12994448
1790500968,10462100,12994448
1790500970,8780892,12994448
1790500972,8808180,12994448
1790500974,8775528,12994448
1790500976,9903964,12994448
1790500978,9188924,12994448
1790500980,8851452,12994448
1790500982,10221460,12994448
1790500984,10328932,12994448
1790500986,10395544,12994448
1790500988,9136348,12994448
1790500990,9260392,12994452
1790500992,10371936,12994452
1790500994,10390132,12994452
1790500996,10470056,12994452
1790500998,10356932,12994452
1790501000,10339912,12994452
1790501002,10353596,12994452
1790501004,10497640,12994460
1790501006,9328948,12994460
1790501008,9179892,12994460
1790501010,10323600,12994460
1790501012,10343048,12994460
1790501014,10407880,12994460
1790501016,8789732,12994460
1790501018,8646044,12994460
1790501020,9930036,12994460
1790501022,9927912,12994460
1790501024,8996132,12994460
1790501026,9004772,12994460
1790501028,10242828,12994460
1790501030,10298664,12994460
1790501032,10330176,12994460
1790501034,10079700,12994460
1790501036,10291888,12994460
1790501038,10316472,12994460
1790501040,10402520,12994460
1790501042,9327604,12994460
1790501044,9253984,12994464
1790501046,10387880,12994464
1790501048,10373628,12994464
1790501050,10458824,12994464
1790501052,9152052,12994464
1790501054,9304556,12994464
1790501056,10420644,12994464
1790501058,10425936,12994464
1790501060,9225176,12994464
1790501062,8864916,12994464
1790501064,8700464,12994464
1790501066,9930008,12994464
1790501068,10029264,12994464
1790501070,9772108,12994464
1790501072,10165720,12994464
1790501074,10280820,12994464
1790501076,10352888,12994476
1790501078,9224340,12994476
1790501080,9259232,12994476
1790501082,10282352,12994476
1790501084,10305928,12994476
1790501086,10358208,12994476
1790501088,9079028,12994476
1790501090,9152956,12994476
1790501092,10277796,12994476
1790501094,10322796,12994476
1790501096,10439840,12994476
1790501098,9736724,12994476
1790501100,10435132,12994476
1790501102,10432068,12994488
1790501104,10440616,12994488
1790501106,8876268,12994488
1790501108,10036628,12994488
1790501110,8784380,12994492
1790501112,9965580,12994492
1790501114,9992072,12994492
1790501116,9258284,12994492
1790501118,10327260,12994492
1790501120,10327496,12994492
1790501122,10398380,12994492
1790501124,9094100,12994492
1790501126,9081004,12994492
1790501128,10338008,12994492
1790501130,10281652,12994492
1790501132,10375484,12994492
1790501134,9723960,12994492
1790501136,9249400,12994492
1790501138,10317096,12994492
1790501140,10328240,12994492
1790501142,10375492,12994500
1790501144,9232916,12994500
1790501146,10235876,12994500
1790501148,10344792,12994500
1790501150,10359208,12994500
1790501152,8791712,12994500
1790501154,9848192,12994504
1790501156,8748780,12994504
1790501158,9911804,12994504
1790501160,9240064,12994504
1790501162,8598316,12994504
1790501164,10248256,12994504
1790501166,10318388,12994504
1790501168,10383748,12994504
1790501170,9188184,12994504
1790501172,9250936,12994504
1790501174,10378780,12994504
1790501176,10401740,12994504
1790501178,10434268,12994504
1790501180,10294568,12994504
1790501182,10428092,12994504
1790501184,10408408,12994504
1790501186,10444816,12994504
1790501188,9304788,12994504
1790501190,9083216,12994508
1790501192,10335124,12994528
1790501194,10346424,12994528
1790501196,10354936,12994528
1790501198,8781436,12994528
1790501200,8660704,12994540
1790501202,9898140,12994540
1790501204,9906312,12994540
1790501206,8727468,12994540
1790501208,8845704,12994540
1790501210,10122976,12994540
1790501212,10244556,12994540
1790501214,10351308,12994540
1790501216,10007752,12994540
1790501218,10312152,12994540
1790501220,10389544,12994540
1790501222,10452028,12994540
1790501224,9320308,12994540
1790501226,9133168,12994540
1790501228,10354712,12994540
1790501230,10361268,12994544
1790501232,10406416,12994544
1790501234,9029672,12994544
1790501236,9278264,12994544
1790501238,10406852,12994544
1790501240,10455648,12994544
1790501242,9347496,12994544
1790501244,8868636,12994544
1790501246,8755564,12994544
1790501248,10035592,12994544
1790501250,9952792,12994544
1790501252,9670052,12994544
1790501254,10222692,12994544
1790501256,10238372,12994544
1790501258,10340232,12994544
1790501260,10342748,12994544
1790501262,9260820,12994544
1790501264,10304380,12994544
1790501266,10326856,12994544
1790501268,10328164,12994544
1790501270,9096284,12994544
1790501272,9116744,12994544
1790501274,10314952,12994544
1790501276,10358208,12994544
1790501278,10397708,12994544
1790501280,9773108,12994544
1790501282,10404868,12994544
1790501284,10413228,12994544
1790501286,10434980,12994544
1790501288,7389288,12994544
1790501290,7655600,12994544
1790501292,8340540,12994544
1790501294,8314280,12994544
1790501296,8322300,12994544
1790501298,8318484,12994544
1790501300,8391844,12994544
1790501302,8334932,12994544
1790501304,8335384,12994544
1790501306,8407052,12994544
1790501308,9693832,12994544
1790501310,8019884,12994544
1790501312,9822504,12935096
1790501314,8725312,12935096
1790501316,9369160,12935096
1790501318,8737328,12935096
1790501320,9469376,12935096
1790501322,10991924,12935096
1790501324,10570748,12935096
1790501326,9676992,12935096
1790501328,10281784,12935096
1790501330,10330116,12935096
1790501332,10428500,12935096
1790501334,10466328,12935096
1790501336,9349608,12935096
1790501338,10363692,12935096
1790501340,10439308,12935096
1790501342,10486676,12935096
1790501344,9229236,12935112
1790501346,9245776,12935112
1790501348,10415948,12935112
1790501350,10457812,12935620
1790501352,10519900,12935620
1790501354,9793024,12935628
1790501356,9316432,12935628
1790501358,10507924,12935628
1790501360,10534588,12935628
1790501362,9194932,12935628
1790501364,9471916,12935628
1790501366,8974812,12935628
1790501368,9951992,12935628
1790501370,10020220,12935628
1790501372,10258716,12935628
1790501374,10181692,12935628
1790501376,10303792,12935628
1790501378,10357216,12935628
1790501380,9233496,12935628
1790501382,9116248,12935628
1790501384,10338740,12935628
1790501386,10326592,12935628
1790501388,10427332,12935628
1790501390,9103668,12935628
1790501392,9222240,12935628
1790501394,10283768,12935628
1790501396,10342604,12935628
1790501398,10416956,12935628
1790501400,10289328,12935644
1790501402,10353972,12935644
1790501404,10353592,12935644
1790501406,10495904,12935644
1790501408,9212640,12935644
1790501410,9925940,12935656
1790501412,9068576,12935656
1790501414,10009552,12935656
1790501416,9261964,12935656
1790501418,8834348,12935656
1790501420,10284864,12935656
1790501422,10316072,12935656
1790501424,10394988,12935656
1790501426,9175072,12935656
1790501428,9215428,12935656
1790501430,10337180,12935656
1790501432,10413500,12935656
1790501434,10469336,12935656
1790501436,10149872,12935656
1790501438,10294392,12935656
1790501440,10314828,12935660
1790501442,10308964,12940328
1790501444,9089908,13038108
1790501446,9106736,13038296
1790501448,10138860,13038584
1790501450,10218064,13038628
1790501452,10277100,13038664
1790501454,8743368,13039020
1790501456,8615424,13039020
1790501458,8776424,13039036
1790501460,9842924,13039112
1790501462,8718892,13039120
1790501464,8748480,13039156
1790501466,10132304,13039192
1790501468,10158176,13039268
1790501470,10187084,13039300
1790501472,9538052,13039308
1790501474,9080684,13039468
1790501476,10122992,13039476
1790501478,10272724,13039476
1790501480,10368240,13039476
1790501482,9135552,13040016
1790501484,10256044,13040116
1790501486,10250504,13040116
1790501488,10213868,13040116
1790501490,8786336,13040116
1790501492,8921528,13040116
1790501494,10074952,13040116
1790501496,10118728,13040116
1790501498,10209600,13040160
1790501500,8699804,13040256
1790501502,8503284,13042140
1790501504,9734952,13042140
1790501506,9736528,13042224
1790501508,8739636,13042224
1790501510,8712196,13042232
1790501512,10054148,13042232
1790501514,10137252,13042232
1790501516,10211540,13042232
1790501518,9379556,13042232
1790501520,10213288,13042232
1790501522,10221672,13042232
1790501524,10312412,13042232
1790501526,9082780,13042232
1790501528,8938760,13042252
1790501530,10159132,13043260
1790501532,10277324,13043260
1790501534,10341872,13043268
1790501536,8995576,13043268
1790501538,9126732,13043336
1790501540,10247660,13043336
1790501542,10338180,13043336
1790501544,9093980,13043336
1790501546,8696784,13043336
1790501548,8463636,13043336
1790501550,9704296,13043340
1790501552,9804972,13043340
1790501554,9738684,13043340
1790501556,10046716,13043340
1790501558,10051332,13043352
1790501560,10107320,13043360
1790501562,9053816,13043360
1790501564,8938408,13043360
1790501566,10130572,13043360
1790501568,10150596,13043360
1790501570,10205760,13043360
1790501572,8976460,13043360
1790501574,9002032,13043360
1790501576,10168060,13043360
1790501578,10177936,13043376
1790501580,10325116,13043376
1790501582,10004868,13043376
1790501584,10200708,13043376
1790501586,10254996,13043424
1790501588,10317892,13043476
1790501590,8685504,13043476
1790501592,9788660,13043476
1790501594,8672100,13043476
1790501596,9887896,13043476
1790501598,10051108,13043476
1790501601,9124284,13043480
1790501603,10107468,13043480
1790501605,10261164,13043480
1790501607,10258020,13043480
1790501609,8938704,13043480
1790501611,9036896,13043480
1790501613,10154896,13043480
1790501615,10172820,13043488
1790501617,10291296,13043488
1790501619,9778048,13043540
1790501621,10117856,13043540
1790501623,10136328,13043548
1790501625,10224344,13043548
1790501627,9095704,13043548
1790501629,9103584,13043548
1790501631,10093248,13043548
1790501633,10202500,13043548
1790501635,10255324,13043548
1790501637,8617220,13043548
1790501639,8578772,13043548
1790501641,8561976,13043548
1790501643,9787664,13043548
1790501645,8946748,13043548
1790501647,8823432,13043548
1790501649,10119232,13043560
1790501651,10206896,13043560
1790501653,10278888,13043560
1790501655,9128368,13043560
1790501657,9107540,13043560
1790501659,10203096,13043560
1790501661,10273704,13043560
1790501663,10327728,13043568
1790501665,9175776,13043568
1790501667,10220268,13043568
1790501669,10133808,13043568
1790501671,10179736,13043568
1790501673,8972288,13043568
1790501675,8794844,13043568
1790501677,10079324,13043616
1790501679,10114012,13043624
1790501681,10193192,13043628
1790501683,8596968,13043628
1790501685,8534620,13043628
1790501687,9669148,13043628
1790501689,9739000,13043628
1790501691,8897648,13043628
1790501693,8761044,13043628
1790501695,10078384,13043648
1790501697,10108052,13043652
1790501699,10140924,13043652
1790501701,10052228,13043652
1790501703,10195324,13043656
1790501705,10223820,13043656
1790501707,10349696,13043656
1790501709,9165104,13043668
1790501711,8960540,13043668
1790501713,10179072,13043668
1790501715,10197964,13043668
1790501717,10309516,13043668
1790501719,8998984,13043668
1790501721,9102728,13043668
1790501723,10199828,13043668
1790501725,10241108,13043668
1790501727,9088668,13043668
1790501729,8604588,13043668
1790501731,8470996,13043668
1790501733,9678208,13043668
1790501735,9750332,13043668
1790501737,9574396,13043668
1790501739,9925272,13043676
1790501741,9929728,13043676
1790501743,10055568,13043676
1790501745,9077484,13043676
1790501747,9032812,13043676
1790501749,10166088,13043684
1790501751,10208248,13043684
1790501753,10279676,13043844
1790501755,9077472,13044060
1790501757,8993916,13044060
1790501759,10107180,13045080
1790501761,10226468,13045080
1790501763,10308812,13045080
1790501765,9568344,13045080
1790501767,10226220,13045080
1790501769,10242092,13045088
1790501771,10264148,13045088
1790501773,8698364,13045088
1790501775,9888620,13045088
1790501777,8582092,13045088
1790501779,9851036,13045088
1790501781,9924328,13045088
1790501783,9109432,13045088
1790501785,10101928,13045088
1790501787,10169540,13045088
1790501789,10137372,13045088
1790501791,8879064,13045088
1790501793,8725912,13045088
1790501795,10142012,13045088
1790501797,10167628,13045088
1790501799,10209164,13045088
1790501801,9131552,13045092
1790501803,9034200,13045092
1790501805,10118780,13045092
1790501807,10175944,13045092
1790501809,10252160,13045092
1790501811,9633884,13045092
1790501813,10098720,13045092
1790501815,10105200,13045092
1790501817,10289080,13045092
1790501819,8633328,13045092
1790501821,9819380,13045092
1790501823,8662628,13045092
1790501825,9890960,13045092
1790501827,9108756,13045092
1790501829,8740536,13045092
1790501831,10109576,13045092
1790501833,10129616,13045092
1790501835,10162492,13045092
1790501837,9035212,13045092
1790501839,9130608,13045092
1790501841,10186812,13045092
1790501843,10231120,13045092
1790501845,10293560,13045092
1790501847,10118448,13045092
1790501849,10099600,13045092
1790501851,10131604,13045092
1790501853,10254760,13045092
1790501855,9092548,13045092
1790501857,9020832,13045092
1790501859,10107028,13045092
1790501861,10148736,13045092
1790501863,7481420,13045092
1790501865,7132184,13045092
1790501867,7401768,13045092
1790501869,8092540,13045092
1790501871,8124240,13045092
1790501873,8204964,13045092
1790501875,8066976,13045092
1790501877,8074044,13045092
1790501879,8174092,13045092
1790501881,8178104,13045092
1790501883,8359400,13045092
1790501885,9426172,13045092
1790501887,2810344,13045092
1790501889,9751536,13034836
1790501891,8611216,13034836
1790501893,8541788,13034836
1790501895,9049784,13034836
1790501897,10717588,13034836
1790501899,10964144,13034836
1790501901,9202528,13034836
1790501903,8704020,13034836
1790501905,10205596,13034836
1790501907,10297320,13034840
1790501909,10231060,13034840
1790501911,9001388,13034840
1790501913,9130432,13034840
1790501915,10181576,13034840
1790501917,10194500,13034840
1790501919,10229284,13034840
1790501921,10214076,13034840
1790501923,10213304,13034840
1790501925,10222232,13034840
1790501927,10234668,13034840
1790501929,9141008,13034840
1790501931,9006356,13034840
1790501933,10234412,13034840
1790501935,10230376,13034840
1790501937,10259584,13034840
1790501939,8684732,13034840
1790501941,8615500,13034840
1790501943,9815872,13034840
1790501945,9818736,13034840
1790501947,8637916,13034840
1790501949,8728712,13034848
1790501951,10129880,13034856
1790501953,10223888,13034856
1790501955,10248660,13034856
1790501957,9721800,13034856
1790501959,10255008,13034856
1790501961,10272568,13034856
1790501963,10313772,13034856
1790501965,9184472,13034856
1790501967,9190636,13034856
1790501969,10144588,13034856
1790501971,10139336,13034856
1790501973,10227352,13034856
1790501975,8932188,13034856
1790501977,8949048,13034856
1790501979,10193904,13034856
1790501981,10251116,13034860
1790501983,9147020,13034864
1790501985,8623684,13034864
1790501987,8546280,13034864
1790501989,9758520,13034864
1790501991,9756012,13034864
1790501993,9429068,13034864
1790501995,8684880,13034864
1790501997,10030436,13034864
1790501999,10117664,13034864
1790502001,10260308,13034868
1790502003,9167688,13034868
1790502005,10275496,13034868
1790502007,10318540,13034868
1790502009,10318264,13034872
1790502011,9077056,13034872
1790502013,8811400,13034872
1790502015,10262784,13034872
1790502017,10271036,13034872
1790502019,10315292,13034872
1790502021,9657160,13034872
1790502023,9154360,13034872
1790502025,10200816,13034872
1790502027,10287528,13034872
1790502029,9153044,13034872
1790502031,9056864,13034872
1790502033,8563220,13034872
1790502035,9722360,13034888
1790502037,9810976,13034888
1790502039,10073968,13035080
1790502041,10126056,13035084
1790502043,10119268,13035092
1790502045,10162420,13035092
1790502047,9071548,13035092
1790502049,8956444,13035092
1790502051,10181724,13035096
1790502053,10212640,13035096
1790502055,10218868,13035096
1790502057,8943780,13035096
1790502059,9079492,13035096
1790502061,10306588,13035096
1790502063,10339576,13035096
1790502065,10408548,13035096
1790502067,9971332,13035096
1790502069,10204168,13035096
1790502071,10228716,13035096
1790502073,10227936,13035100
1790502075,8809668,13035100
1790502077,9821776,13035100
1790502079,8633884,13035100
1790502081,9846280,13035100
1790502083,9991020,13035100
1790502085,9173912,13035100
1790502087,10080608,13035100
1790502089,10133280,13035100
1790502091,10166176,13035100
1790502093,8763108,13035180
1790502095,8932732,13035180
1790502097,10174624,13035180
1790502099,10181076,13035180
1790502101,10212588,13035192
1790502103,9593436,13035244
1790502105,9090732,13035252
1790502107,10158992,13035252
1790502109,10240144,13035252
1790502111,10336364,13035252
1790502113,9114548,13035252
1790502115,10187004,13035252
1790502117,10236012,13035252
1790502119,10269072,13035252
1790502121,9127068,13035252
1790502123,8813116,13035252
1790502125,8895584,13035252
1790502127,9979848,13035252
1790502129,9153000,13035252
1790502131,8655900,13035264
1790502133,10270536,13035264
1790502135,10317056,13035264
1790502137,10310104,13035264
1790502139,9090560,13035264
1790502141,9153336,13035264
1790502143,10257264,13035264
1790502145,10287664,13035264
1790502147,10334436,13035264
1790502149,9102756,13035264
1790502151,10185620,13035264
1790502153,10190232,13035488
1790502155,10247544,13035492
1790502157,8778308,13035492
1790502159,9004980,13035500
1790502161,10200740,13035500
1790502163,10237664,13035500
1790502165,10279640,13035500
1790502167,8811136,13035500
1790502169,8716140,13035500
1790502171,9774344,13035500
1790502173,9867980,13035500
1790502175,8811724,13035500
1790502177,8712768,13035500
1790502179,10178044,13035500
1790502181,10296732,13035500
1790502183,10351136,13035500
1790502185,10340808,13035500
1790502187,10250432,13035500
1790502189,10310468,13035680
1790502191,10362744,13035680
1790502193,9164988,13035680
1790502195,8985580,13035680
1790502197,10225280,13035680
1790502199,10264948,13035680
1790502201,10318700,13035680
1790502203,9182800,13035692
1790502205,9180604,13035692
1790502207,10342076,13035700
1790502209,10261376,13035700
1790502211,9229324,13035700
1790502213,8733812,13035700
1790502215,8567292,13035700
1790502217,9759900,13035700
1790502219,9813488,13035700
1790502221,9714912,13035704
1790502223,10036560,13035704
1790502225,10094780,13035704
1790502227,10192080,13035704
1790502229,9107716,13035704
1790502231,8949744,13035704
1790502233,10130500,13035704
1790502235,10197748,13035704
1790502237,10287508,13035704
1790502239,8939048,13035704
1790502241,9097976,13035704
1790502243,10221360,13035708
1790502245,10222752,13035708
1790502247,10311980,13035708
1790502249,9763632,13035708
1790502251,10227752,13035708
1790502253,10304148,13035708
1790502255,10329268,13035708
1790502257,8791760,13035708
1790502259,9848572,13035708
1790502261,8691608,13035708
1790502263,9864528,13035708
1790502265,10021900,13035708
1790502267,9135832,13035708
1790502269,9987676,13035708
1790502271,10167904,13035712
1790502273,10177312,13035712
1790502275,8905108,13035712
1790502277,9072152,13035712
1790502279,10179204,13035720
1790502281,10199592,13035720
1790502283,10231652,13035720
1790502285,9607992,13035720
1790502287,9105272,13035720
1790502289,10174340,13035720
1790502291,10205520,13035720
1790502293,10258400,13035720
1790502295,9116048,13035720
1790502297,10159056,13035720
1790502299,10187964,13035720
1790502301,10308308,13035720
1790502303,8729100,13035720
1790502305,8990512,13035720
1790502307,8701628,13035724
1790502309,9900412,13035736
1790502311,9118180,13035736
1790502313,8898216,13035736
1790502315,10115420,13035736
1790502317,10204028,13035744
1790502319,10260332,13035760
1790502322,9190920,13035760
1790502324,9109400,13035760
1790502326,10272616,13035760
1790502328,10311324,13035760
1790502330,10290780,13035760
1790502332,9106628,13035760
1790502334,10218136,13035760
1790502336,10217532,13035760
1790502338,10231476,13035760
1790502340,8838968,13035760
1790502342,8905924,13035760
1790502344,10129480,13035768
1790502346,10151100,13035768
1790502348,10231316,13035768
1790502350,8622592,13035768
1790502352,8528500,13035768
1790502354,9757056,13035768
1790502356,9804980,13035768
1790502358,8839368,13035768
1790502360,8989532,13035768
1790502362,10213420,13035768
1790502364,10282564,13035768
1790502366,10326196,13035768
1790502368,10215728,13035768
1790502370,10248808,13035772
1790502372,10342032,13035772
1790502374,10347780,13035772
1790502376,9175244,13035772
1790502378,8891108,13035848
1790502380,10263888,13035848
1790502382,10250504,13035848
1790502384,10296828,13035848
1790502386,8956648,13035848
1790502388,9161060,13035848
1790502390,10194104,13035848
1790502392,10192132,13035848
1790502394,9240324,13035848
1790502396,8622444,13035848
1790502398,8543360,13035848
1790502400,9734200,13035860
1790502402,9935396,13035860
1790502404,9819872,13035868
1790502406,10198688,13035868
1790502408,10228200,13035868
1790502410,10287420,13035868
1790502412,9224444,13035868
1790502414,8947960,13035868
1790502416,10321688,13035868
1790502418,10349548,13035868
1790502420,10288452,13035868
1790502422,9001948,13035868
1790502424,9020328,13035868
1790502426,10258288,13035868
1790502428,10300956,13035868
1790502430,10338280,13035872
1790502432,9823764,13035872
1790502434,10306472,13035872
1790502436,10310572,13035872
1790502438,10326004,13035872
1790502440,8736940,13035872
1790502442,9834692,13035872
1790502444,8642888,13035872
1790502446,9893916,13035872
1790502448,10007452,13035872
1790502450,9066344,13035872
1790502452,10095880,13035872
1790502454,10166268,13035872
1790502456,10174016,13035872
1790502458,8985952,13035872
1790502460,9069272,13036628
1790502462,10165532,13036628
1790502464,10246212,13036628
1790502466,10265892,13036628
1790502468,9675828,13036628
1790502470,9067108,13036628
1790502472,10169320,13036628
1790502474,10185504,13036628
1790502476,10301992,13036628
1790502478,9127712,13036628
1790502480,10201412,13036628
1790502482,10272640,13036628
1790502484,7759252,13036628
1790502486,7176960,13036628
1790502488,7473656,13036628
1790502490,8161840,13036632
1790502492,8158304,13036636
1790502494,8160448,13036636
1790502496,8159248,13036636
1790502498,8153108,13036636
1790502500,8149104,13036636
1790502502,8147768,13036636
1790502504,8261604,13036636
1790502506,9529476,13036636
1790502508,4581292,13036636
1790502510,9942712,12862300
1790502512,8744900,12862300
1790502514,9861172,12862300
1790502516,8765776,12862300
1790502518,9588936,12862300
1790502520,10987924,12862304
1790502522,10553964,12862304
1790502524,9244488,12862304
1790502526,10276320,12862304
1790502528,10313000,12862304
1790502530,10312376,12862304
1790502532,9179100,12862304
1790502534,9160724,12862304
1790502536,10412616,12862304
1790502538,10427584,12862304
1790502540,10575460,12862304
1790502542,9909144,12862304
1790502544,9391736,12862308
1790502546,10496856,12862308
1790502548,10536936,12862308
1790502550,10594832,12862308
1790502552,9417008,12862308
1790502554,10377776,12862316
1790502556,10469076,12862316
1790502558,10641148,12862316
1790502560,8987452,12862316
1790502562,9480972,12862316
1790502564,8847964,12862316
1790502566,10048208,12862316
1790502568,9327928,12862316
1790502570,8675268,12862316
1790502572,10122380,12862316
1790502574,10292524,12862396
1790502576,10358452,12862396
1790502578,9058792,12862408
1790502580,9212984,12862408
1790502582,10342444,12862408
1790502584,10340340,12862408
1790502586,10399828,12862408
1790502588,10368904,12862408
1790502590,10303604,12862408
1790502592,10342700,12862408
1790502594,10396388,12862408
1790502596,9242352,12862408
1790502598,9009248,12862408
1790502600,10477252,12862408
1790502602,10479100,12862408
1790502604,10512856,12862408
1790502606,8860192,12862408
1790502608,8847444,12862408
1790502610,10036172,12862408
1790502612,10038548,12862408
1790502614,9123860,12862408
1790502616,9175316,12862408
1790502618,10323076,12862408
1790502620,10414340,12862408
1790502622,10460576,12862408
1790502624,10217236,12862408
1790502626,10454220,12862408
1790502628,10452760,12862408
1790502630,10422804,12862408
1790502632,9336268,12862408
1790502634,9206128,12862408
1790502636,10371548,12862408
1790502638,10415048,12862408
1790502640,10430728,12862416
1790502642,9107648,12862416
1790502644,9258216,12862416
1790502646,10260192,12862416
1790502648,10301832,12862416
1790502650,9420856,12862416
1790502652,8833892,12862416
1790502654,8704076,12862416
1790502656,9963384,12862416
1790502658,10007180,12862416
1790502660,9926116,12862416
1790502662,10219544,12862416
1790502664,10306920,12862420
1790502666,10342804,12862420
1790502668,9324420,12862420
1790502670,8945996,12862420
1790502672,10396112,12862424
1790502674,10395424,12862424
1790502676,10435000,12862424
1790502678,9189364,12862424
1790502680,9261676,12862424
1790502682,10320676,12862424
1790502684,10381680,12862424
1790502686,10498288,12862424
1790502688,10077012,12862424
1790502690,10266552,12862424
1790502692,10257680,12862424
1790502694,10329172,12862424
1790502696,8764836,12862424
1790502698,9870432,12862424
1790502700,8775948,12862424
1790502702,9927980,12862424
1790502704,9977232,12862424
1790502706,9212748,12862424
1790502708,10171980,12862424
1790502710,10296348,12862424
1790502712,10348740,12862424
1790502714,8968092,12862424
1790502716,9183696,12862424
1790502718,10402920,12862424
1790502720,10490692,12862424
1790502722,10525904,12862480
1790502724,9782152,12862484
1790502726,9284852,12862492
1790502728,10362696,12862492
1790502730,10449112,12862504
1790502732,10527440,12862504
1790502734,9371520,12862504
1790502736,10422124,12862504
1790502738,10434736,12862504
1790502740,10455920,12862504
1790502742,8915652,12862504
1790502744,8720736,12862504
1790502746,8785624,12862504
1790502748,10005788,12862504
1790502750,9184600,12862504
1790502752,8649192,12862504
1790502754,10151104,12862504
1790502756,10207180,12862504
1790502758,10285448,12862504
1790502760,8979060,12862504
1790502762,9209348,12862504
1790502764,10302760,12862504
1790502766,10356752,12862504
1790502768,10420820,12862504
1790502770,10248364,12862504
1790502772,10236120,12862504
1790502774,10288712,12862504
1790502776,10353952,12862504
1790502778,9235436,12862504
1790502780,9147644,12862504
1790502782,10373016,12862504
1790502784,10362360,12862504
1790502786,10417084,12862504
1790502788,8842820,12862504
1790502790,8772716,12862508
1790502792,10004804,12862508
1790502794,10007436,12862508
1790502796,9013716,12862508
1790502798,8971160,12862508
1790502800,10278716,12862508
1790502802,10350532,12862508
1790502804,10498604,12862508
1790502806,10160872,12862508
1790502808,10358880,12862508
1790502810,10372040,12862508
1790502812,10387128,12862508
1790502814,9303788,12862508
1790502816,9239148,12862508
1790502818,10329876,12862508
1790502820,10401992,12862508
1790502822,10514776,12862508
1790502824,9130812,12862508
1790502826,9284268,12862508
1790502828,10390616,12862508
1790502830,10402224,12862508
1790502832,9580120,12862508
1790502834,9354344,12862508
1790502836,9016048,12862508
1790502838,9891264,12862508
1790502840,10065392,12862508
1790502842,9662952,12862508
1790502844,10237800,12862508
1790502846,10320372,12862508
1790502848,10321712,12862508
1790502850,10388288,12862508
1790502852,9289312,12862508
1790502854,10375476,12862508
1790502856,10408500,12862508
1790502858,10423352,12862508
1790502860,9174624,12862508
1790502862,9175208,12862508
1790502864,10384284,12862508
1790502866,10444512,12862508
1790502868,10400500,12862508
1790502870,9786508,12862508
1790502872,9174484,12862508
1790502874,10281648,12862508
1790502876,10386912,12862508
1790502878,9260428,12862508
1790502880,9573768,12862512
1790502882,9061152,12862512
1790502884,9976128,12862512
1790502886,10133212,12862512
1790502888,10116240,12862512
1790502890,10225200,12862512
1790502892,10337620,12862512
1790502894,10344260,12862512
1790502896,9162540,12862512
1790502898,9165848,12862512
1790502900,10420468,12862512
1790502902,10408264,12862512
1790502904,10528332,12862516
1790502906,9252996,12862516
1790502908,9329504,12862516
1790502910,10425960,12862524
1790502912,10502004,12862524
1790502914,10594784,12862524
1790502916,10566228,12862524
1790502918,10454948,12862524
1790502920,10464688,12862524
1790502922,10526972,12862528
1790502924,9019224,12862528
1790502926,9965772,12862528
1790502928,8919920,12862528
1790502930,9905444,12862528
1790502932,9195620,12862528
1790502934,8889224,12862528
1790502936,10211316,12862528
1790502938,10297292,12862528
1790502940,10295704,12862528
1790502942,8962632,12862528
1790502944,9138532,12862528
1790502946,10273428,12862528
1790502948,10317004,12862528
1790502950,10415520,12862528
1790502952,10156020,12862528
1790502954,10300220,12862528
1790502956,10294592,12862528
1790502958,10314276,12862528
1790502960,9312556,12862528
1790502962,9049540,12862528
1790502964,10377748,12862528
1790502966,10470252,12862528
1790502968,10527872,12862532
1790502970,8868844,12862536
1790502972,8817528,12862536
1790502974,10055236,12862536
1790502976,10075116,12862536
1790502978,9005284,12862536
1790502980,9057616,12862536
1790502982,10317792,12862536
1790502984,10359696,12862536
1790502986,10426512,12862536
1790502988,9935588,12862536
1790502990,10281372,12862536
1790502992,10316844,12862536
1790502994,10422176,12862536
1790502996,9286580,12862536
1790502998,9086648,12862536
1790503000,10349388,12862544
1790503002,10348076,12862544
1790503004,10399556,12862544
1790503006,9215828,12862560
1790503008,9192572,12862560
1790503010,10427544,12862560
1790503012,10451532,12862560
1790503014,9585372,12862720
1790503016,8859712,12862720
1790503018,8726712,12862720
1790503020,10031964,12862720
1790503022,10072508,12862720
1790503024,9726884,12862720
1790503026,8986812,12862728
1790503028,10303024,12862740
1790503030,10350192,12862740
1790503032,10417208,12862740
1790503034,9320676,12862740
1790503036,10365572,12862740
1790503038,10423124,12862740
1790503040,10435292,12862740
1790503043,9186508,12862740
1790503045,9195156,12862740
1790503047,10416276,12862740
1790503049,10328696,12862740
1790503051,10370096,12862740
1790503053,9726200,12862740
1790503055,9178132,12862740
1790503057,10296588,12862740
1790503059,10416488,12862740
1790503061,9187704,12862740
1790503063,9451000,12862740
1790503065,8797972,12862740
1790503067,10006832,12862740
1790503069,10014984,12862740
1790503071,9636060,12862740
1790503073,10244636,12862740
1790503075,10309892,12862740
1790503077,10368960,12862740
1790503079,9155560,12862740
1790503081,9226760,12862740
1790503083,10455800,12862740
1790503085,10476080,12862740
1790503087,10566012,12862740
1790503089,9299544,12862748
1790503091,9316600,12862748
1790503093,10460464,12862748
1790503095,10491052,12862748
1790503097,10616588,12862748
1790503099,10515596,12862748
1790503101,10489880,12862748
1790503103,10486368,12862748
1790503105,10550472,12862748
1790503107,8955380,12862748
1790503109,9934912,12862748
1790503111,8746744,12862748
1790503113,9949656,12862748
1790503115,9233536,12862748
1790503117,8858108,12862748
1790503119,10219532,12862748
1790503121,10266232,12862756
1790503123,10300196,12862756
1790503125,9106520,12862756
1790503127,9190008,12862756
1790503129,10309788,12862756
1790503131,10341676,12862756
1790503133,10365524,12863392
1790503135,10202112,12863392
1790503137,10182492,12863392
1790503139,10202212,12863392
1790503141,10451164,12863392
1790503143,9314072,12863392
1790503145,9150788,12863392
1790503147,10360104,12863392
1790503149,10412012,12863396
1790503151,7883072,12863396
1790503153,7623304,12863396
1790503155,7621700,12863400
1790503157,8347852,12863404
1790503159,8472916,12863404
1790503161,8352968,12863404
1790503163,8311436,12863404
1790503165,8411496,12863404
1790503167,8355180,12863404
1790503169,8265380,12863404
1790503171,8641824,12863404
1790503173,9324188,12863404
1790503175,2184136,12863404
1790503177,9884172,12844888
1790503179,8774680,12844896
1790503181,8722676,12844896
1790503183,10015524,12844896
1790503185,11001116,12844896
1790503187,11135116,12844896
1790503189,9063516,12844912
1790503191,8801028,12844912
1790503193,10334916,12844912
1790503195,10402636,12844912
1790503197,10451100,12844912
1790503199,9151652,12844912
1790503201,9357092,12844912
1790503203,10509960,12844912
1790503205,10562092,12844912
1790503207,10660756,12844912
1790503209,10555896,12844916
1790503211,10472936,12844916
1790503213,10490928,12844916
1790503215,10642344,12844916
1790503217,9412928,12844916
1790503219,9266564,12844916
1790503221,10520916,12844916
1790503223,10550496,12844916
1790503225,10622656,12844916
1790503227,8996316,12844916
1790503229,8713508,12844916
1790503231,9936272,12844916
1790503233,9970452,12844916
1790503235,8994308,12844916
1790503237,8958880,12844916
1790503239,10211568,12844984
1790503241,10368884,12844984
1790503243,10347000,12844996
1790503245,10207084,12844996
1790503247,10272860,12844996
1790503249,10306984,12844996
1790503251,10313704,12844996
1790503253,9244884,12844996
1790503255,9125992,12844996
1790503257,10260264,12844996
1790503259,10348076,12844996
1790503261,10458840,12844996
1790503263,9192908,12844996
1790503265,9289164,12844996
1790503267,10454468,12844996
1790503269,10473484,12845008
1790503271,9522264,12845008
1790503273,8889288,12845008
1790503275,8980056,12845012
1790503277,10065864,12845012
1790503279,10195500,12845012
1790503281,10127444,12845012
1790503283,10389032,12845012
1790503285,10424448,12845012
1790503287,10454996,12845012
1790503289,9328264,12845012
1790503291,9166072,12845012
1790503293,10406708,12845012
1790503295,10411104,12845012
1790503297,10464488,12845012
1790503299,9115100,12845012
1790503301,9276204,12845012
1790503303,10382836,12845012
1790503305,10494912,12845012
1790503307,10556732,12845024
1790503309,10044936,12845024
1790503311,10427776,12845024
1790503313,10470336,12845024
1790503315,10495716,12845024
1790503317,8933640,12845028
1790503319,9991664,12845028
1790503321,8815012,12845028
1790503323,10020236,12845028
1790503325,10116980,12845028
1790503327,9302024,12845028
1790503329,10279140,12845036
1790503331,10379332,12845036
1790503333,10414248,12845036
1790503335,9158228,12845036
1790503337,9128644,12845036
1790503339,10347924,12845036
1790503341,10443928,12845036
1790503343,10469728,12845036
1790503345,9909248,12845036
1790503347,10407472,12845036
1790503349,10411356,12845036
1790503351,10410072,12845036
1790503353,10468084,12845036
1790503355,9260656,12845036
1790503357,10297744,12845036
1790503359,10341364,12845040
1790503361,10406452,12845044
1790503363,8831764,12845044
1790503365,8771544,12845044
1790503367,8900920,12845044
1790503369,9986000,12845044
1790503371,9070176,12845044
1790503373,8784944,12845044
1790503375,10325824,12845044
1790503377,10330752,12845044
1790503379,10362452,12845044
1790503381,9623432,12845044
1790503383,9345820,12845044
1790503385,10519252,12845044
1790503387,10521632,12845044
1790503389,10575120,12845048
1790503391,9417076,12845048
1790503393,10448984,12845048
1790503395,10442192,12845048
1790503397,10540088,12845048
1790503399,9352304,12845048
1790503401,9232956,12845048
1790503403,10546452,12845048
1790503405,10539252,12845048
1790503407,10613568,12845048
1790503409,8864592,12845048
1790503411,8688796,12845048
1790503413,9915156,12845048
1790503415,9923252,12845048
1790503417,8960164,12845048
1790503419,8804960,12845052
1790503421,10256388,12845052
1790503423,10292716,12845052
1790503425,10376348,12845052
1790503427,10158972,12845052
1790503429,10281496,12845052
1790503431,10318528,12845052
1790503433,10390332,12845052
1790503435,9272736,12845052
1790503437,9005156,12845052
1790503439,10324792,12845052
1790503441,10444088,12845052
1790503443,10467316,12845052
1790503445,9163024,12845052
1790503447,9351628,12845052
1790503449,10386800,12845240
1790503451,10441720,12845240
1790503453,9291184,12845240
1790503455,8876100,12845240
1790503457,8839092,12845240
1790503459,10160064,12845240
1790503461,10147472,12845240
1790503463,9787840,12845240
1790503465,10375492,12845240
1790503467,10440152,12845240
1790503469,10387492,12845240
1790503471,9444060,12845240
1790503473,9372520,12845240
1790503475,10422680,12845240
1790503477,10423592,12845240
1790503479,10453676,12845244
1790503481,9237388,12845244
1790503483,9299264,12845244
1790503485,10429768,12845244
1790503487,10426680,12845244
1790503489,10435172,12845244
1790503491,9990608,12845244
1790503493,10455104,12845244
1790503495,10455232,12845244
1790503497,10459200,12845244
1790503499,8869192,12845244
1790503501,10074100,12845244
1790503503,8786960,12845244
1790503505,9996764,12845244
1790503507,10091392,12845244
1790503509,9328716,12845252
1790503511,10381296,12845252
1790503513,10378080,12845252
1790503515,10398864,12845252
1790503517,9022756,12845252
1790503519,9233156,12845252
1790503521,10408888,12845252
1790503523,10418924,12845252
1790503525,10466044,12845252
1790503527,9758772,12845252
1790503529,10282432,12845252
1790503531,10316632,12845252
1790503533,10382008,12845252
1790503535,10471952,12845252
1790503537,9276892,12845252
1790503539,10336436,12845252
1790503541,10328636,12845252
1790503543,10395988,12845252
1790503545,9202668,12845252
1790503547,8712656,12845252
1790503549,8964008,12845252
1790503551,10031504,12845252
1790503553,8955956,12845252
1790503555,8867844,12845252
1790503557,10253756,12845252
1790503559,10331660,12845256
1790503561,10468976,12845256
1790503563,9997628,12845256
1790503565,9463400,12845256
1790503567,10516084,12845256
1790503569,10599304,12845260
1790503571,10659068,12845260
1790503573,9439992,12845260
1790503575,10510320,12845260
1790503577,10531704,12845260
1790503579,10552536,12845260
1790503581,9298728,12845260
1790503583,9254516,12845260
1790503585,10505284,12845260
1790503587,10526916,12845260
1790503589,10495752,12845260
1790503591,9216704,12845260
1790503593,8750500,12845260
1790503595,9921420,12845260
1790503597,10031308,12845260
1790503599,8929864,12845264
1790503601,8841784,12845264
1790503603,10220724,12845264
1790503605,10383500,12845264
1790503607,10435868,12845264
1790503609,10429536,12845276
1790503611,10343376,12845276
1790503613,10343356,12845276
1790503615,10427612,12845276
1790503617,9268960,12845276
1790503619,9075468,12845276
1790503621,10377768,12845276
1790503623,10498224,12845276
1790503625,10541524,12845276
1790503627,9214392,12845276
1790503629,9356436,12845284
1790503631,10396752,12845284
1790503633,10447320,12845284
1790503635,9371924,12845284
1790503637,8965204,12845284
1790503639,9054420,12845284
1790503641,10076864,12845284
1790503643,10176004,12845284
1790503645,10140892,12845284
1790503647,10363404,12845284
1790503649,10358036,12845284
1790503651,10341028,12845284
1790503653,9296372,12845284
1790503655,9178588,12845284
1790503657,10329172,12845284
1790503659,10403688,12845284
1790503661,10448860,12845284
1790503663,9247776,12845284
1790503665,9271464,12845284
1790503667,10413940,12845284
1790503669,10443200,12845284
1790503671,10500356,12845284
1790503673,10006520,12845284
1790503675,10399304,12845284
1790503677,10427648,12845284
1790503679,10486332,12845284
1790503681,8951484,12845284
1790503683,10062324,12845284
1790503685,8844900,12845284
1790503687,10071028,12845284
1790503689,10272652,12845284
1790503691,9306624,12845284
1790503693,10375632,12845284
1790503695,10454328,12845284
1790503697,10456956,12845284
1790503699,9122196,12845284
1790503701,9120476,12845284
1790503703,10435472,12845284
1790503705,10428636,12845284
1790503707,10471880,12845284
1790503709,9768088,12845284
1790503711,10285368,12845284
1790503713,10340956,12845284
1790503715,10460900,12845292
1790503717,10294144,12845292
1790503719,9278168,12845296
1790503721,10321716,12845296
1790503723,10353692,12845296
1790503725,10451648,12845296
1790503727,8811912,12845296
1790503729,8733932,12845296
1790503731,9025780,12845296
1790503733,10005736,12845296
1790503735,8945712,12845296
1790503737,8907520,12845296
1790503739,10338108,12845296
1790503741,10536524,12845296
1790503743,10499300,12845296
1790503745,9865996,12845296
1790503747,9358304,12845296
1790503749,10463216,12845320
1790503752,10498300,12845320
1790503754,10593876,12845320
1790503756,9423712,12845320
1790503758,10449612,12845320
1790503760,10514196,12845320
1790503762,10619860,12845320
1790503764,9242416,12845320
1790503766,9326680,12845320
1790503768,10532188,12845328
1790503770,10449728,12845328
1790503772,7691280,12845328
1790503774,7571112,12845328
1790503776,8143068,12845328
1790503778,8397836,12845328
1790503780,8297480,12845328
1790503782,8226448,12845328
1790503784,8371992,12845328
1790503786,8323952,12845328
1790503788,8634512,12845328
1790503790,8389504,12845328
1790503792,8753076,12845328
1790503794,9957600,12845328
1790503796,4732308,12845328
1790503798,9810424,12845328
1790503800,8821728,12845328
1790503802,8756664,12845328
1790503804,10213540,12845340
1790503806,11042180,12845340
1790503808,11197796,12845340
1790503810,8908344,12845340
1790503812,9184928,12845340
1790503814,10385184,12845340
1790503816,10426668,12845340
1790503818,10490628,12845340
1790503820,9823404,12845340
1790503822,10470796,12845340
1790503824,10471464,12845340
1790503826,10472268,12845340
1790503828,10600128,12845340
1790503830,9347088,12845340
1790503832,10372540,12845340
1790503834,10361300,12845340
1790503836,10369800,12845340
1790503838,9242684,12845340
1790503840,9178620,12845344
1790503842,10404072,12845348
1790503844,10426764,12845348
1790503846,10531900,12845348
1790503848,8853256,12845348
1790503850,8739496,12845348
1790503852,9940620,12845348
1790503854,9979576,12845348
1790503856,9159972,12845348
1790503858,8905396,12845348
1790503860,10275984,12845348
1790503862,10456376,12845348
1790503864,10475084,12845348
1790503866,9353052,12845348
1790503868,10436760,12845348
1790503870,10513408,12845348
1790503872,10506080,12845348
1790503874,9332188,12845348
1790503876,9023340,12845348
1790503878,10421136,12845352
1790503880,10475004,12845352
1790503882,10590108,12845352
1790503884,9689264,12845352
1790503886,9274320,12845352
1790503888,10418924,12845352
1790503890,10350072,12845352
1790503892,9334320,12845352
1790503894,9264584,12845352
1790503896,8744696,12845352
1790503898,9930980,12845352
1790503900,9948164,12845352
1790503902,10162620,12845352
1790503904,10195628,12845352
1790503906,10197696,12845352
1790503908,10339280,12845352
1790503910,9315080,12845352
1790503912,9151480,12845352
1790503914,10355084,12845352
1790503916,10378204,12845352
1790503918,10439920,12845356
1790503920,9293140,12845356
1790503922,9321500,12845356
1790503924,10433920,12845356
1790503926,10508608,12845356
1790503928,10553192,12845356
1790503930,10495836,12845356
1790503932,10352220,12845356
1790503934,10409232,12845356
1790503936,10522924,12845356
1790503938,8909372,12845356
1790503940,10006256,12845380
1790503942,8821216,12845380
1790503944,10018716,12845416
1790503946,9665112,12845528
1790503948,9301432,12845528
1790503950,10114136,12845528
1790503952,10245116,12845528
1790503954,10264840,12845528
1790503956,9049032,12845528
1790503958,9226736,12845528
1790503960,10328452,12845532
1790503962,10330868,12845532
1790503964,10451084,12845532
1790503966,9953096,12845532
1790503968,10348420,12845532
1790503970,10355176,12845532
1790503972,10447684,12845532
1790503974,9296460,12845532
1790503976,9228652,12845532
1790503978,10335608,12845536
1790503980,10433996,12845536
1790503982,10501364,12845536
1790503984,8899632,12845552
1790503986,8787312,12845552
1790503988,9326400,12845552
1790503990,10025688,12845552
1790503992,8885556,12845552
1790503994,8896904,12845552
1790503996,10236968,12845552
1790503998,10404792,12845552
1790504000,10436232,12845552
1790504002,10009636,12845552
1790504004,10406816,12845552
1790504006,10472652,12845552
1790504008,10463880,12845552
1790504010,10496160,12845552
1790504012,9303184,12845552
1790504014,10345776,12845552
1790504016,10353508,12845552
1790504018,10443840,12845552
1790504020,9209576,12845552
1790504022,9187160,12845552
1790504024,10332600,12845552
1790504026,10408640,12845552
1790504028,10107680,12845552
1790504030,8817840,12845552
1790504032,8737472,12845552
1790504034,9975580,12845552
1790504036,9974176,12845552
1790504038,9654744,12845556
1790504040,9268832,12845556
1790504042,10358884,12845556
1790504044,10377840,12845556
1790504046,10431916,12845556
1790504048,9365096,12845556
1790504050,10320300,12845556
1790504052,10364852,12845556
1790504054,10515572,12845556
1790504056,9227244,12845556
1790504058,9243636,12845556
1790504060,10393096,12845556
1790504062,10447504,12845556
1790504064,10494416,12845556
1790504066,9887728,12845556
1790504068,9319004,12845556
1790504070,10365296,12845556
1790504072,10389636,12845556
1790504074,9159728,12845556
1790504076,9404844,12845556
1790504078,8739164,12845556
1790504080,9956068,12845556
1790504082,9959484,12845556
1790504084,10294616,12845556
1790504086,10186116,12845556
1790504088,10214548,12845556
1790504090,10408000,12845556
1790504092,9218244,12845556
1790504094,9137684,12845556
1790504096,10311120,12845556
1790504098,10378200,12845560
1790504100,10498168,12845560
1790504102,9081860,12845560
1790504104,9306908,12845560
1790504106,10427612,12845560
1790504108,10451784,12845560
1790504110,10500388,12845560
1790504112,10532808,12845560
1790504114,10388572,12845560
1790504116,10426492,12845560
1790504118,10526108,12845560
1790504120,8909604,12845560
1790504122,9949092,12845560
1790504124,8789228,12845560
1790504126,10035624,12845560
1790504128,9201576,12845560
1790504130,8941448,12845560
1790504132,10161672,12845560
1790504134,10297584,12845560
1790504136,10345784,12845560
1790504138,9037612,12845560
1790504140,9197628,12845560
1790504142,10325864,12845560
1790504144,10390580,12845560
1790504146,10427532,12845560
1790504148,10110160,12845560
1790504150,10279872,12845560
1790504152,10327916,12845572
1790504154,10381536,12845572
1790504156,9255260,12845572
1790504158,9214068,12845800
1790504160,10433668,12845808
1790504162,10451892,12845808
1790504164,10568288,12845808
1790504166,8907972,12845808
1790504168,8792968,12845808
1790504170,9120572,12845808
1790504172,10014336,12845808
1790504174,8903724,12845808
1790504176,8883484,12845808
1790504178,10243544,12845808
1790504180,10393060,12845808
1790504182,10508724,12845812
1790504184,9879168,12845812
1790504186,10454964,12845812
1790504188,10374660,12845812
1790504190,10382328,12845812
1790504192,10397920,12845812
1790504194,9274468,12845812
1790504196,10269088,12845812
1790504198,10394740,12845812
1790504200,10438716,12845828
1790504202,9088328,12845828
1790504204,9155524,12845828
1790504206,10364824,12845828
1790504208,10365352,12845828
1790504210,10084284,12845828
1790504212,8833040,12845836
1790504214,8683072,12845836
1790504216,9984156,12845836
1790504218,9951516,12845836
1790504220,9647116,12845836
1790504222,9200624,12845836
1790504224,10395768,12845836
1790504226,10408588,12845836
1790504228,10472036,12845836
1790504230,9382404,12845836
1790504232,10411832,12845836
1790504234,10413388,12845836
1790504236,10569336,12845836
1790504238,9294200,12845836
1790504240,9243176,12845836
1790504242,10385620,12845836
1790504244,10444440,12845836
1790504246,10523364,12845836
1790504248,9749008,12845836
1790504250,9232176,12845836
1790504252,10327912,12845836
1790504254,10434412,12845836
1790504256,9120380,12845836
1790504258,9626092,12845836
1790504260,9008520,12845836
1790504262,9941060,12845836
1790504264,10187344,12845836
1790504266,9305104,12845836
1790504268,10297952,12845836
1790504270,10361944,12845836
1790504272,10353156,12845840
1790504274,9009072,12845840
1790504276,9142616,12845840
1790504278,10367812,12845840
1790504280,10485864,12845840
1790504282,10556564,12845840
1790504284,9268216,12845840
1790504286,9331360,12845840
1790504288,10360356,12845840
1790504290,10464688,12845840
1790504292,10535492,12845840
1790504294,9359028,12845840
1790504296,10360560,12845840
1790504298,10406880,12845840
1790504300,10478616,12845840
1790504302,9064564,12845840
1790504304,9937216,12845840
1790504306,8945988,12845840
1790504308,9960988,12845840
1790504310,9206988,12845840
1790504312,8761964,12845840
1790504314,10281440,12845840
1790504316,10345176,12845840
1790504318,10363832,12845840
1790504320,9153156,12845840
1790504322,9241640,12845840
1790504324,10290168,12845840
1790504326,10325852,12845840
1790504328,10477812,12845840
1790504330,10328364,12845840
1790504332,10366316,12845848
1790504334,10372504,12845848
1790504336,10378628,12845848
1790504338,9285180,12845848
1790504340,9090132,12845848
1790504342,10345736,12845848
1790504344,10480504,12845848
1790504346,7776312,12845868
1790504348,7780912,12845880
1790504350,7695748,12845880
1790504352,8354012,12845880
1790504354,8358000,12845880
1790504356,8365156,12845880
1790504358,8338120,12845984
1790504360,8310536,12845984
1790504362,8485036,12845984
1790504364,8395152,12845984
1790504366,8597540,12845984
1790504368,9357780,12845984
1790504370,2362220,12845984
1790504372,9839832,12845984
1790504374,8774600,12845984
1790504376,8709764,12845984
1790504378,10051892,12845984
1790504380,11067932,12845984
1790504382,11181532,12845984
1790504384,9185404,12845984
1790504386,8951712,12845984
1790504388,10302672,12845984
1790504390,10318368,12845984
1790504392,10396428,12845988
1790504394,9163200,12845988
1790504396,9214780,12845988
1790504398,10341112,12845988
1790504400,10502584,12845988
1790504402,10563268,12845988
1790504404,10527788,12845988
1790504406,10496036,12845988
1790504408,10493728,12845988
1790504410,10518536,12845988
1790504412,9388984,12845988
1790504414,9187812,12845988
1790504416,10458508,12845988
1790504418,10528592,12845988
1790504420,10581956,12845988
1790504422,8947120,12845988
1790504424,8851176,12845988
1790504426,10016840,12845988
1790504428,9999392,12845988
1790504430,8889652,12845988
1790504432,9057972,12845988
1790504434,10285608,12845988
1790504436,10331068,12845988
1790504438,10371476,12845988
1790504440,10113352,12845996
1790504442,10278404,12845996
1790504444,10307200,12845996
1790504446,10459772,12845996
1790504448,9272404,12845996
1790504450,9056788,12845996
1790504452,10346952,12846012
1790504454,10355848,12846012
1790504456,10413156,12846012
1790504458,9082656,12846012
1790504460,9354280,12846012
1790504462,10473436,12846012
1790504464,10515452,12846012
1790504466,9207188,12846012
1790504469,8914740,12846012
1790504471,8832964,12846012
1790504473,9987616,12846012
1790504475,10137636,12846012
1790504477,9713592,12846012
1790504479,10264464,12846012
1790504481,10337604,12846012
1790504483,10431244,12846012
1790504485,10453864,12846012
1790504487,9384304,12846012
1790504489,10349820,12846012
1790504491,10397672,12846012
1790504493,10401176,12846012
1790504495,9082516,12846012
1790504497,9197796,12846012
1790504499,10335048,12846012
1790504501,10358280,12846012
1790504503,10393972,12846012
1790504505,9795240,12846012
1790504507,10333000,12846012
1790504509,10336916,12846012
1790504511,10373744,12846012
1790504513,9042000,12846012
1790504515,10006496,12846012
1790504517,8802448,12846012
1790504519,10057776,12846012
1790504521,10224972,12846012
1790504523,9368508,12846012
1790504525,10324404,12846012
1790504527,10415848,12846012
1790504529,10431388,12846012
1790504531,9212908,12846012
1790504533,9263020,12846012
1790504535,10450212,12846012
1790504537,10514176,12846012
1790504539,10523004,12846012
1790504541,9908652,12846012
1790504543,9373852,12846020
1790504545,10441288,12846032
1790504547,10471236,12846032
1790504549,10479520,12846032
1790504551,9277508,12846032
1790504553,10381956,12846032
1790504555,10385716,12846032
1790504557,10414660,12846032
1790504559,8824776,12846032
1790504561,9111208,12846036
1790504563,8810904,12846036
1790504565,9954456,12846036
1790504567,9246532,12846036
1790504569,8848520,12846036
1790504571,10255152,12846044
1790504573,10320740,12846044
1790504575,10344992,12846044
1790504577,9085144,12846044
1790504579,9226416,12846044
1790504581,10471224,12846044
1790504583,10479828,12846044
1790504585,10555192,12846044
1790504587,10507160,12846044
1790504589,10403804,12846044
1790504591,10410268,12846044
1790504593,10513040,12846044
1790504595,9167648,12846044
1790504597,9202436,12846044
1790504599,10407040,12846044
1790504601,10459128,12846044
1790504603,10545580,12846044
1790504605,8896520,12846044
1790504607,8837848,12846044
1790504609,9957768,12846044
1790504611,9952012,12846044
1790504613,8986616,12846044
1790504615,9012316,12846044
1790504617,10240500,12846044
1790504619,10297816,12846044
1790504621,10355928,12846044
1790504623,10407200,12846044
1790504625,10318928,12846044
1790504627,10326552,12846044
1790504629,10414936,12846044
1790504631,9302884,12846052
1790504633,9138288,12846052
1790504635,10351044,12846052
1790504637,10433444,12846052
1790504639,10423524,12846052
1790504641,9196176,12846052
1790504643,9323900,12846052
1790504645,10418400,12846052
1790504647,10441620,12846052
1790504649,9370700,12846052
1790504651,8898292,12846052
1790504653,8855244,12846052
1790504655,10019044,12846052
1790504657,10075880,12846052
1790504659,10211176,12846052
1790504661,10224632,12846052
1790504663,10315508,12846052
1790504665,10468068,12846056
1790504667,9356508,12846056
1790504669,9236712,12846056
1790504671,10329716,12846056
1790504673,10349936,12846056
1790504675,10387800,12846056
1790504677,9176116,12846056
1790504679,9274696,12846056
1790504681,10357524,12846056
1790504683,10387132,12846056
1790504685,10452836,12846056
1790504687,10316336,12846056
1790504689,10315204,12846056
1790504691,10375224,12846060
1790504693,10515460,12846060
1790504695,8844684,12846060
1790504697,9894296,12846060
1790504699,8772212,12846060
1790504701,10081904,12846064
1790504703,9702084,12846064
1790504705,9305644,12846064
1790504707,10325236,12846064
1790504709,10395892,12846064
1790504711,10399216,12846356
1790504713,9085640,12846356
1790504715,9178792,12846356
1790504717,10429420,12846356
1790504719,10546176,12846356
1790504721,10547808,12846356
1790504723,10245116,12846356
1790504725,10523020,12846356
1790504727,10525140,12846356
1790504729,10497888,12846356
1790504731,9317340,12846360
1790504733,9215916,12846360
1790504735,10389140,12846360
1790504737,10439496,12846360
1790504739,10465860,12846360
1790504741,8837740,12846360
1790504743,8712720,12846360
1790504745,9926680,12846360
1790504747,9938660,12846360
1790504749,8688732,12846360
1790504751,8708640,12846360
1790504753,10222572,12846360
1790504755,10279480,12846360
1790504757,10434372,12846360
1790504759,9888040,12846360
1790504761,10340812,12846360
1790504763,10438564,12846360
1790504765,10463048,12846364
1790504767,9381604,12846364
1790504769,9293040,12846364
1790504771,10455728,12846364
1790504773,10454780,12846364
1790504775,10506596,12846364
1790504777,9276660,12846364
1790504779,9352580,12846364
1790504781,10483076,12846364
1790504783,10483568,12846364
1790504785,9366396,12846364
1790504787,8922776,12846364
1790504789,8789000,12846364
1790504791,10009844,12846364
1790504793,10115360,12846364
1790504795,9847240,12846364
1790504797,10168244,12846364
1790504799,10292492,12846364
1790504801,10341800,12846364
1790504803,9242620,12846364
1790504805,9059324,12846364
1790504807,10323628,12846364
1790504809,10384648,12846364
1790504811,10379508,12846364
1790504813,9074880,12846364
1790504815,9109940,12846364
1790504817,10355488,12846364
1790504819,10379400,12846364
1790504821,10596280,12846364
1790504823,9993284,12846364
1790504825,10450640,12846364
1790504827,10490056,12846364
1790504829,10502288,12846364
1790504831,8925552,12846364
1790504833,10032772,12846364
1790504835,8869804,12846364
1790504837,10015640,12846364
1790504839,10057276,12846364
1790504841,9322248,12846364
1790504843,10402112,12846364
1790504845,10405732,12846364
1790504847,10414452,12846364
1790504849,9107512,12846364
1790504851,9107104,12846364
1790504853,10317160,12846364
1790504855,10344616,12846364
1790504857,10403016,12846364
1790504859,9912520,12846364
1790504861,10337992,12846364
1790504863,10380504,12846364
1790504865,10391736,12846364
1790504867,9281112,12846364
1790504869,9012164,12846364
1790504871,10310080,12846364
1790504873,10332640,12846364
1790504875,7568880,12846364
1790504877,7280896,12846364
1790504879,7533000,12846364
1790504881,8124976,12846364
1790504883,8358160,12846364
1790504885,8373284,12846364
1790504887,8331120,12846364
1790504889,8311648,12846364
1790504891,8310592,12846364
1790504893,8369756,12846364
1790504895,8577712,12846364
1790504897,9792440,12846364
1790504899,3475624,12846364
1790504901,9875924,12846364
1790504903,8783472,12846364
1790504905,8777736,12846364
1790504907,9068984,12846364
1790504909,10966692,12846364
1790504911,11006316,12846364
1790504913,9239440,12846364
1790504915,9108292,12846364
1790504917,10291156,12846364
1790504919,10302076,12846364
1790504921,10408600,12846364
1790504923,9185508,12846364
1790504925,9350872,12846364
1790504927,10427376,12846364
1790504929,10420324,12846364
1790504931,10503024,12846368
1790504933,10144048,12846368
1790504935,10399128,12846368
1790504937,10433576,12846368
1790504939,10417668,12846368
1790504941,9433376,12846368
1790504943,9366900,12846368
1790504945,10388068,12846368
1790504947,10461436,12846368
1790504949,10588624,12846368
1790504951,8970840,12846368
1790504953,8875592,12846368
1790504955,9226680,12846368
1790504957,10034268,12846368
1790504959,8972388,12846368
1790504961,8900740,12846368
1790504963,10300564,12846368
1790504965,10355792,12846368
1790504967,10462296,12846368
1790504969,9745988,12846368
1790504971,10271860,12846368
1790504973,10315124,12846368
1790504975,10360584,12846368
1790504977,9258604,12846368
1790504979,9064208,12846368
1790504981,10259224,12846368
1790504983,10319040,12846368
1790504985,10428300,12846368
1790504987,9101284,12846368
1790504989,9095424,12846368
1790504991,10279592,12846372
1790504993,10367460,12846372
1790504995,9158656,12846384
1790504997,9225484,12846384
1790504999,9133236,12846384
1790505001,10044652,12846384
1790505003,10080380,12846384
1790505005,9736380,12846384
1790505007,10398876,12846384
1790505009,10421616,12846384
1790505011,10487884,12846384
1790505013,10548324,12846384
1790505015,9406408,12846384
1790505017,10434612,12846384
1790505019,10529228,12846384
1790505021,10617792,12846384
1790505023,9260336,12846384
1790505025,9298572,12846384
1790505027,10485944,12846384
1790505029,10428252,12846384
1790505031,10528092,12846384
1790505033,9815172,12846384
1790505035,10297052,12846384
1790505037,10431604,12846384
1790505039,10540200,12846628
1790505041,9143308,12846640
1790505043,10028172,12846656
1790505045,8994480,12846668
1790505047,9956564,12846668
1790505049,10093272,12846668
1790505051,9206492,12846668
1790505053,10166160,12846668
1790505055,10274228,12846668
1790505057,10359424,12846668
1790505059,9134036,12846668
1790505061,9240552,12846668
1790505063,10404596,12846668
1790505065,10431980,12846668
1790505067,10488968,12846676
1790505069,9918452,12846676
1790505071,10334288,12846676
1790505073,10387388,12846676
1790505075,10490948,12846676
1790505077,10514904,12846676
1790505079,9330988,12846676
1790505081,10392436,12846676
1790505083,10470972,12846676
1790505085,10497064,12846688
1790505087,8907244,12846688
1790505089,8841344,12846688
1790505091,8781336,12846688
1790505093,9997836,12846688
1790505095,8998264,12846688
1790505097,8703524,12846688
1790505099,10341384,12846688
1790505101,10368260,12846688
1790505103,10403280,12846688
1790505105,9866668,12846688
1790505107,9284568,12846688
1790505109,10400528,12846688
1790505111,10453384,12846688
1790505113,10569116,12846688
1790505115,9365136,12846688
1790505117,10401272,12846688
1790505119,10391104,12846688
1790505121,10535920,12846688
1790505123,9247988,12846688
1790505125,9317672,12846688
1790505127,10481208,12846688
1790505129,10499240,12846688
1790505131,10560160,12846688
1790505133,8936292,12846688
1790505135,8772732,12846688
1790505137,9982736,12846688
1790505139,10039440,12846688
1790505141,9156860,12846688
1790505143,9044840,12846688
1790505145,10324320,12846688
1790505147,10382600,12846688
1790505149,10348700,12846688
1790505151,9749796,12846688
1790505153,10310940,12846688
1790505155,10310340,12846688
1790505157,10381084,12846688
1790505159,9028692,12846688
1790505161,9076856,12846688
1790505163,10269828,12846688
1790505165,10313728,12846688
1790505167,10410360,12846688
1790505169,9238408,12846688
1790505171,9188504,12846696
1790505173,10280200,12846696
1790505175,10301252,12846696
1790505177,9188628,12846696
1790505179,8795412,12846696
1790505181,8818452,12846696
1790505183,10060064,12846696
1790505186,10078876,12846696
1790505188,10202096,12846696
1790505190,10361444,12846696
1790505192,10421084,12846696
1790505194,10431944,12846696
1790505196,9363096,12846696
1790505198,9219888,12846696
1790505200,10400516,12846696
1790505202,10463208,12846696
1790505204,10554940,12846696
1790505206,9116652,12846696
1790505208,9360700,12846696
1790505210,10388868,12846696
1790505212,10424428,12846696
1790505214,10504936,12846696
1790505216,10466620,12846696
1790505218,10430368,12846696
1790505220,10428080,12846700
1790505222,10469476,12846700
1790505224,8852772,12846700
1790505226,9937796,12846700
1790505228,8692856,12846700
1790505230,9912148,12846704
1790505232,9226496,12846712
1790505234,8864316,12846712
1790505236,10208776,12846712
1790505238,10245856,12846712
1790505240,10434432,12846712
1790505242,9100300,12846712
1790505244,9279652,12846712
1790505246,10415780,12846712
1790505248,10412520,12846712
1790505250,10427184,12846712
1790505252,10185412,12846712
1790505254,10338564,12846712
1790505256,10396520,12846712
1790505258,10504704,12846712
1790505260,9356372,12846712
1790505262,9277680,12846712
1790505264,10384056,12846712
1790505266,10425096,12846712
1790505268,10463156,12846712
1790505270,8804052,12846712
1790505272,8699748,12846712
1790505274,9293420,12846712
1790505276,9991168,12846712
1790505278,9086760,12846712
1790505280,9013240,12846720
1790505282,10268456,12846720
1790505284,10396180,12846720
1790505286,10426944,12846720
1790505288,10050216,12846720
1790505290,10377196,12846720
1790505292,10377956,12846728
1790505294,10447528,12846728
1790505296,9320068,12846728
1790505298,9236120,12846728
1790505300,10450444,12846728
1790505302,10443052,12846728
1790505304,10492584,12846728
1790505306,9296668,12846800
1790505308,9213192,12846800
1790505310,10460580,12846800
1790505312,10527816,12846800
1790505314,9575732,12846800
1790505316,8974224,12846800
1790505318,8794548,12846800
1790505320,10022080,12846800
1790505322,10093988,12846800
1790505324,9701524,12846800
1790505326,10282596,12846800
1790505328,10379176,12846800
1790505330,10312112,12846800
1790505332,10381460,12846800
1790505334,9253828,12846800
1790505336,10338604,12846800
1790505338,10360436,12846800
1790505340,10364472,12846808
1790505342,9111396,12846808
1790505344,9001548,12846808
1790505346,10238936,12846808
1790505348,10308100,12846808
1790505350,10357544,12846808
1790505352,9786168,12846816
1790505354,10272992,12846816
1790505356,10341280,12846816
1790505358,10446172,12846816
1790505360,9109148,12846816
1790505362,9747356,12846816
1790505364,8816364,12846816
1790505366,10064804,12846816
1790505368,10085300,12846816
1790505370,9358160,12846816
1790505372,10413932,12846816
1790505374,10420192,12846828
1790505376,10429812,12846828
1790505378,9308828,12846828
1790505380,9178732,12846828
1790505382,10436984,12846828
1790505384,10436812,12846828
1790505386,10522848,12846828
1790505388,9824060,12846828
1790505390,9227276,12846828
1790505392,10345884,12846828
1790505394,10375340,12846828
1790505396,10453764,12846828
1790505398,9314976,12846828
1790505400,10264724,12846832
1790505402,10356536,12846832
1790505404,10417740,12846832
1790505406,8868912,12846832
1790505408,9963956,12846832
1790505410,8779600,12846832
1790505412,10012460,12846832
1790505414,9243304,12846832
1790505416,8755464,12846832
1790505418,10140864,12846832
1790505420,10384504,12846832
1790505422,10484204,12846832
1790505424,9165480,12846832
1790505426,9299144,12846832
1790505428,10404476,12846832
1790505430,10436480,12847056
1790505432,10458964,12847056
1790505434,9326208,12847056
1790505436,10346560,12847056
1790505438,10374676,12847056
1790505440,10488076,12847056
1790505442,9197168,12847056
1790505444,9064872,12847056
1790505446,10421292,12847056
1790505448,10455452,12847056
1790505450,7664428,12847056
1790505452,7426436,12847056
1790505454,8258444,12847056
1790505456,8262640,12847056
1790505458,8152284,12847064
1790505460,8280540,12847064
1790505462,8279996,12847064
1790505464,8268580,12847064
1790505466,8303488,12847064
1790505468,8280120,12847064
1790505470,8738276,12847064
1790505472,9859168,12847068
1790505474,4914092,12847064
1790505476,9846984,12847064
1790505478,8722752,12847064
1790505480,8778596,12847064
1790505482,10201648,12847064
1790505484,10989796,12847064
1790505486,11030640,12847064
1790505488,8929004,12847064
1790505490,8916184,12847228
1790505492,10327328,12847228
1790505494,10411280,12847228
1790505496,10471824,12847228
1790505498,9877220,12847232
1790505500,10458808,12847232
1790505502,10486932,12847232
1790505504,10487048,12847232
1790505506,10566848,12847232
1790505508,9449720,12847232
1790505510,10366572,12847232
1790505512,10444920,12847232
1790505514,10469112,12847232
1790505516,9219772,12847232
1790505518,9275584,12847232
1790505520,10433548,12847232
1790505522,10444908,12847232
1790505524,10514200,12847232
1790505526,8913400,12847232
1790505528,8700888,12847232
1790505530,9927268,12847232
1790505532,9943384,12847240
1790505534,9071156,12847240
1790505536,9006688,12847240
1790505538,10219636,12847240
1790505540,10377948,12847240
1790505542,10379300,12847240
1790505544,9337012,12847240
1790505546,10357000,12847240
1790505548,10407404,12847240
1790505550,10459044,12847240
1790505552,9063148,12847240
1790505554,9174660,12847240
1790505556,10388704,12847240
1790505558,10457092,12847240
1790505560,10493132,12847240
1790505562,9768600,12847240
1790505564,10449856,12847240
1790505566,10456280,12847240
1790505568,10374912,12847240
1790505570,8806848,12847240
1790505572,9820468,12847240
1790505574,8786052,12847240
1790505576,9964372,12847240
1790505578,10061732,12847240
1790505580,9261320,12847240
1790505582,10220224,12847240
1790505584,10340584,12847240
1790505586,10435296,12847240
1790505588,9106056,12847240
1790505590,9220104,12847240
1790505592,10386956,12847240
1790505594,10483352,12847240
1790505596,10506860,12847240
1790505598,9724756,12847240
1790505600,9386568,12847240
1790505602,10513584,12847240
1790505604,10518732,12847240
1790505606,10601488,12847240
1790505608,9436644,12847240
1790505610,10527196,12847244
1790505612,10570804,12847248
1790505614,10575580,12847248
1790505616,8959432,12847248
1790505618,8755228,12847248
1790505620,8840212,12847248
1790505622,10118516,12847248
1790505624,9324348,12847248
1790505626,8734208,12847248
1790505628,10196692,12847248
1790505630,10351652,12847248
1790505632,10338704,12847248
1790505634,9527228,12847248
1790505636,9233040,12847248
1790505638,10278084,12847248
1790505640,10329132,12847248
1790505642,10383028,12847248
1790505644,9245016,12847248
1790505646,10235788,12847248
1790505648,10323140,12847248
1790505650,10396020,12847248
1790505652,9019020,12847256
1790505654,9161060,12847256
1790505656,10314000,12847256
1790505658,10321288,12847256
1790505660,10468044,12847256
1790505662,8961084,12847256
1790505664,8874768,12847256
1790505666,10025084,12847260
1790505668,10035748,12847260
1790505670,9116360,12847260
1790505672,9021652,12847260
1790505674,10295048,12847260
1790505676,10495052,12847260
1790505678,10518480,12847260
1790505680,9439772,12847260
1790505682,10502740,12847260
1790505684,10504008,12847260
1790505686,10589252,12847260
1790505688,9204776,12847260
1790505690,9138012,12847260
1790505692,10429560,12847260
1790505694,10472836,12847260
1790505696,10473788,12847260
1790505698,9801924,12847260
1790505700,9318880,12847260
1790505702,10383208,12847260
1790505704,10437800,12847260
1790505706,9368196,12847260
1790505708,9709444,12847280
1790505710,8915124,12847280
1790505712,9992812,12847284
1790505714,10140532,12847284
1790505716,9241720,12847284
1790505718,10169084,12847284
1790505720,10400720,12847284
1790505722,10488620,12847284
1790505724,9266956,12847284
1790505726,9203880,12847284
1790505728,10467140,12847284
1790505730,10492356,12847284
1790505732,10515752,12847284
1790505734,9511556,12847284
1790505736,9317368,12847284
1790505738,10353840,12847284
1790505740,10443708,12847284
1790505742,10550576,12847284
1790505744,9344496,12847284
1790505746,10435152,12847284
1790505748,10334452,12847284
1790505750,10370692,12847284
1790505752,9096712,12847284
1790505754,9861720,12847284
1790505756,8805476,12847284
1790505758,9986480,12847284
1790505760,9298452,12847288
1790505762,8702548,12847288
1790505764,10327988,12847288
1790505766,10457840,12847288
1790505768,10505336,12847288
1790505770,9284904,12847288
1790505772,9275100,12847296
1790505774,10432592,12847296
1790505776,10457828,12847296
1790505778,10504560,12847296
1790505780,9428804,12847296
1790505782,10515356,12847296
1790505784,10519012,12847296
1790505786,10509608,12847296
1790505788,9311428,12847296
1790505790,9245568,12847296
1790505792,10477876,12847296
1790505794,10505468,12847296
1790505796,10542440,12847296
1790505798,9088216,12847296
1790505800,8812544,12847296
1790505802,10027460,12847296
1790505804,10128848,12847296
1790505806,9144512,12847296
1790505808,8877380,12847296
1790505810,10324104,12847296
1790505812,10385940,12847296
1790505814,10404016,12847296
1790505816,9270748,12847296
1790505818,10325616,12847296
1790505820,10369544,12847296
1790505822,10411304,12847296
1790505824,9156444,12847296
1790505826,8974392,12847296
1790505828,10357976,12847296
1790505830,10339120,12847296
1790505832,10427284,12847300
1790505834,9700308,12847300
1790505836,9253264,12847300
1790505838,10298508,12847300
1790505840,10431604,12847304
1790505842,9315272,12847304
1790505844,9445760,12847304
1790505846,8870396,12847304
1790505848,10114076,12847304
1790505850,10177596,12847304
1790505852,9370004,12847304
1790505854,10468912,12847304
1790505856,10483840,12847304
1790505858,10495256,12847304
1790505860,9277572,12847304
1790505862,9205244,12847304
1790505864,10539144,12847304
1790505866,10593276,12847304
1790505868,10524860,12847304
1790505870,9371664,12847304
1790505872,9310696,12847304
1790505874,10415744,12847304
1790505876,10436924,12847304
1790505878,10504292,12847304
1790505880,9341524,12847304
1790505882,10422900,12847304
1790505884,10418240,12847304
1790505886,10462548,12847304
1790505888,8858976,12847304
1790505890,9354324,12847304
1790505892,8736488,12847308
1790505894,9923960,12847308
1790505896,9216852,12847308
1790505898,8782640,12847308
1790505900,10337392,12847308
1790505902,10351088,12847308
1790505905,10376748,12847308
1790505907,9190460,12847308
1790505909,9270424,12847316
1790505911,10422400,12847344
1790505913,10487680,12847344
1790505915,10543160,12847344
1790505917,9974208,12847344
1790505919,10414068,12847344
1790505921,10469716,12847344
1790505923,10512284,12847344
1790505925,9050968,12847344
1790505927,9103016,12847344
1790505929,10305764,12847344
1790505931,10366788,12847344
1790505933,10464968,12847344
1790505935,8795692,12847344
1790505937,8803400,12847344
1790505939,10096912,12847344
1790505941,10119464,12847348
1790505943,9089156,12847348
1790505945,8997940,12847348
1790505947,10282636,12847348
1790505949,10381688,12847348
1790505951,10465836,12847348
1790505953,10239092,12847352
1790505955,10381376,12847352
1790505957,10378520,12847352
1790505959,10462712,12847352
1790505961,9413136,12847352
1790505963,9189904,12847352
1790505965,10499144,12847352
1790505967,10498400,12847352
1790505969,10600708,12847352
1790505971,9247844,12847352
1790505973,9404420,12847352
1790505975,10473216,12847352
1790505977,10576516,12847352
1790505979,9512164,12847352
1790505981,8958184,12847352
1790505983,8794892,12847352
1790505985,9995236,12847352
1790505987,10066636,12847352
1790505989,9991604,12847352
1790505991,10184116,12847352
1790505993,10211144,12847352
1790505995,10337388,12847352
1790505997,9222552,12847352
1790505999,9125040,12847352
1790506001,10307420,12847356
1790506003,10338716,12847360
1790506005,10375080,12847360
1790506007,9069456,12847360
1790506009,9157092,12847360
1790506011,10338744,12847360
1790506013,10405328,12847364
1790506015,10430980,12847364
1790506017,10277216,12847364
1790506019,10258692,12847368
1790506021,10369192,12847368
1790506023,9312552,12847368
1790506025,7365328,12847368
1790506027,7645676,12847368
1790506029,8325656,12847368
1790506031,8336284,12847372
1790506033,8374880,12847372
1790506035,8440468,12847372
1790506037,8358976,12847372
1790506039,8335840,12847372
1790506041,8341404,12847372
1790506043,8345044,12847372
1790506045,9524588,12847372
1790506047,5855300,12847372
1790506049,9783912,12847372
1790506051,8677992,12847372
1790506053,9807156,12847372
1790506055,8751276,12847372
1790506057,9559700,12847372
1790506059,11090968,12847372
1790506061,10592248,12847372
1790506063,10249576,12847372
1790506065,10277072,12847372
1790506067,10309396,12847372
1790506069,10489212,12847372
1790506071,9369440,12847376
1790506073,9199796,12847376
1790506075,10382088,12847376
1790506077,10452016,12847376
1790506079,10501980,12847376
1790506081,9340236,12847376
1790506083,9367444,12847376
1790506085,10465144,12847376
1790506087,10527580,12847376
1790506089,10607740,12847376
1790506091,10583972,12847376
1790506093,10436632,12847376
1790506095,10493164,12847376
1790506097,10554664,12847376
1790506099,8975584,12847376
1790506101,10018700,12847376
1790506103,8784948,12847376
1790506105,10062612,12847376
1790506107,9304648,12847376
1790506109,8623756,12847376
1790506111,10216500,12847376
1790506113,10282960,12847376
1790506115,10334484,12847376
1790506117,9113424,12847376
1790506119,9237640,12847376
1790506121,10365636,12847376
1790506123,10356836,12847376
1790506125,10395140,12847376
1790506127,10326016,12847376
1790506129,10226248,12847376
1790506131,10309964,12847376
1790506133,10403528,12847376
1790506135,9255340,12847376
1790506137,9059704,12847376
1790506139,10280588,12847376
1790506141,10377900,12847376
1790506143,10454516,12847376
1790506145,8865196,12847664
1790506147,8794920,12847664
1790506149,10040924,12847664
1790506151,10043264,12847664
1790506153,9140908,12847664
1790506155,9099580,12847664
1790506157,10439056,12847664
1790506159,10425372,12847664
1790506161,10507080,12847664
1790506163,10393388,12847664
1790506165,10455188,12847664
1790506167,10456200,12847664
1790506169,10419804,12847664
1790506171,9333700,12847664
1790506173,9095048,12847664
1790506175,10397856,12847664
1790506177,10381812,12847664
1790506179,10499680,12847664
1790506181,9180828,12847664
1790506183,9266644,12847664
1790506185,10372708,12847664
1790506187,10457060,12847664
1790506189,9238784,12847664
1790506191,8872764,12847664
1790506193,8665388,12847664
1790506195,9910356,12847664
1790506197,9969060,12847664
1790506199,10144272,12847664
1790506201,10208240,12847664
1790506203,10295796,12847664
1790506205,10365088,12847664
1790506207,9309528,12847664
1790506209,9124180,12847664
1790506211,10356208,12847664
1790506213,10360092,12847664
1790506215,10435704,12847664
1790506217,9161476,12847664
1790506219,9271756,12847664
1790506221,10427748,12847664
1790506223,10465868,12847664
1790506225,10556108,12847664
1790506227,10508536,12847664
1790506229,10297432,12847664
1790506231,10424828,12847664
1790506233,10436276,12847664
1790506235,8780260,12847664
1790506237,9835752,12847664
1790506239,8812396,12847672
1790506241,9948272,12847676
1790506243,9151408,12847680
1790506245,8733240,12847680
1790506247,10177912,12847680
1790506249,10236084,12847680
1790506251,10380272,12847684
1790506253,9145712,12847684
1790506255,9234412,12847684
1790506257,10406796,12847684
1790506259,10443400,12847684
1790506261,10599816,12847684
1790506263,10565164,12847684
1790506265,10417340,12847684
1790506267,10461004,12847704
1790506269,10571136,12847704
1790506271,9418400,12847704
1790506273,9207912,12847704
1790506275,10444708,12847704
1790506277,10451860,12847704
1790506279,10611660,12847704
1790506281,8958112,12847704
1790506283,8754708,12847704
1790506285,10009584,12847704
1790506287,10043044,12847704
1790506289,8967184,12847704
1790506291,8831200,12847704
1790506293,10171016,12847704
1790506295,10223284,12847704
1790506297,10305152,12847704
1790506299,10267588,12847704
1790506301,10289764,12847704
1790506303,10289848,12847704
1790506305,10288964,12847704
1790506307,9229260,12847704
1790506309,8949048,12847704
1790506311,10233296,12847704
1790506313,10345328,12847704
1790506315,10389076,12847704
1790506317,9099032,12847704
1790506319,9180508,12847704
1790506321,10433464,12847704
1790506323,10461468,12847704
1790506325,9308556,12847704
1790506327,8849892,12847704
1790506329,8859112,12847704
1790506331,10025200,12847704
1790506333,10055872,12847704
1790506335,10189336,12847704
1790506337,10316456,12847704
1790506339,10423872,12847704
1790506341,10438020,12847704
1790506343,9390692,12847704
1790506345,9288040,12847704
1790506347,10502212,12847704
1790506349,10372464,12847704
1790506351,10417760,12847704
1790506353,9166032,12847704
1790506355,9277408,12847704
1790506357,10354324,12847704
1790506359,10424464,12847708
1790506361,10521056,12847708
1790506363,10484360,12847708
1790506365,10391948,12847708
1790506367,10384812,12847708
1790506369,10433380,12847708
1790506371,8870404,12847712
1790506373,9910828,12847712
1790506375,8699404,12847712
1790506377,9915740,12847712
1790506379,9207180,12847712
1790506381,8921748,12847712
1790506383,10316320,12847712
1790506385,10363240,12847712
1790506387,10386732,12847712
1790506389,9168516,12847712
1790506391,9259620,12847712
1790506393,10338492,12847712
1790506395,10386212,12847712
1790506397,10468372,12847712
1790506399,10320932,12847712
1790506401,10326360,12847712
1790506403,10373232,12847712
1790506405,10439736,12847712
1790506407,9338104,12847712
1790506409,9070276,12847712
1790506411,10342192,12847712
1790506413,10368820,12847712
1790506415,10425532,12847712
1790506417,9207060,12847712
1790506419,8790144,12847712
1790506421,9945108,12847712
1790506423,9976908,12847712
1790506425,8910900,12847712
1790506427,8888528,12847712
1790506429,10281980,12847712
1790506431,10378964,12847712
1790506433,10463692,12847712
1790506435,10243648,12847712
1790506437,10379528,12847712
1790506439,10409060,12847712
1790506441,10557512,12847712
1790506443,9412132,12847712
1790506445,9173244,12847712
1790506447,10371380,12847712
1790506449,10512700,12847712
1790506451,10602132,12847712
1790506453,9333568,12847712
1790506455,9404124,12847716
1790506457,10524600,12847716
1790506459,10575796,12847716
1790506461,9393460,12847716
1790506463,9168492,12847716
1790506465,8952388,12847716
1790506467,10039432,12847716
1790506469,10029224,12847716
1790506471,9717096,12847716
1790506473,10185192,12847716
1790506475,10250656,12847716
1790506477,10249996,12847716
1790506479,9219112,12847728
1790506481,9117196,12847728
1790506483,10277796,12847728
1790506485,10333472,12847728
1790506487,10409912,12847728
1790506489,9105000,12847728
1790506491,9185320,12847728
1790506493,10440188,12847728
1790506495,10481520,12847728
1790506497,10602532,12847728
1790506499,10303168,12847728
1790506501,10425624,12847728
1790506503,10469172,12847728
1790506505,10475452,12847728
1790506507,9085604,12847728
1790506509,9913604,12847744
1790506511,8966620,12847744
1790506513,10008592,12847744
1790506515,9295716,12847744
1790506517,9091256,12847744
1790506519,10303244,12847744
1790506521,10370240,12847744
1790506523,10464084,12847744
1790506525,9170248,12847744
1790506527,9299124,12847748
1790506529,10379616,12847748
1790506531,10443304,12847748
1790506533,10466628,12847748
1790506535,10370448,12847748
1790506537,10338848,12847748
1790506539,10401908,12847748
1790506541,10474712,12847748
1790506543,9333964,12847748
1790506545,8922740,12847748
1790506547,10297468,12847748
1790506549,10403980,12847748
1790506551,7738788,12847748
1790506553,7750200,12847748
1790506555,10112116,12847748
1790506557,8442052,12847748
1790506559,8294740,12847748
1790506561,8394908,12847748
1790506563,8436852,12847748
1790506565,8340964,12847748
1790506567,8503136,12847748
1790506569,8444380,12847756
1790506571,8620728,12847756
1790506573,9682632,12847756
1790506575,2070668,12847756
1790506577,9899572,12847756
1790506579,8835108,12847756
1790506581,8800152,12847756
1790506583,10113860,12847756
1790506585,10966548,12847756
1790506587,11065996,12847756
1790506589,9113236,12847756
1790506591,8893492,12847756
1790506593,10325032,12847756
1790506595,10398284,12847756
1790506597,10433912,12847756
1790506599,9481724,12847760
1790506601,9248988,12847760
1790506603,10371764,12847760
1790506605,10410504,12847760
1790506607,10495192,12847760
1790506609,9332072,12847760
1790506611,10422336,12847760
1790506613,10406308,12847760
1790506615,10410520,12847760
1790506617,9192412,12847760
1790506619,9230020,12847760
1790506621,10405248,12847760
1790506623,10466468,12847760
1790506625,10586284,12847760
1790506628,8937520,12847760
1790506630,8797840,12847764
1790506632,9956712,12847764
1790506634,9997040,12847764
1790506636,9219072,12847764
1790506638,8853104,12847764
1790506640,10241820,12847764
1790506642,10399516,12847764
1790506644,10524540,12847764
1790506646,9385696,12847764
1790506648,10466504,12847764
1790506650,10394512,12847764
1790506652,10412632,12847764
1790506654,9195600,12847764
1790506656,9022896,12847764
1790506658,10313912,12847764
1790506660,10353252,12847764
1790506662,10475096,12847764
1790506664,9316060,12847764
1790506666,9247432,12847764
1790506668,10364912,12847764
1790506670,10390244,12847764
1790506672,9259528,12847764
1790506674,8830408,12847764
1790506676,8685296,12847764
1790506678,9932252,12847764
1790506680,10035948,12847764
1790506682,10145352,12847764
1790506684,10326140,12847764
1790506686,10453352,12847764
1790506688,10453348,12847764
1790506690,9338472,12847772
1790506692,9222192,12847772
1790506694,10399724,12847772
1790506696,10468208,12847772
1790506698,10525160,12847772
1790506700,9200856,12847772
1790506702,9285536,12847772
1790506704,10448136,12847772
1790506706,10443496,12847772
1790506708,10577008,12847772
1790506710,10467436,12847772
1790506712,10378028,12847772
1790506714,10375684,12847772
1790506716,10386856,12847772
1790506718,8812672,12847772
1790506720,9948100,12847776
1790506722,8782552,12847776
1790506724,9971672,12847776
1790506726,9284112,12847776
1790506728,8839676,12847776
1790506730,10295468,12847776
1790506732,10406136,12847776
1790506734,10404956,12847776
1790506736,9080512,12847776
1790506738,9247736,12847776
1790506740,10434392,12847776
1790506742,10447628,12847776
1790506744,10544268,12847784
1790506746,10321696,12847784
1790506748,10432484,12847784
1790506750,10472628,12847784
1790506752,10552040,12847784
1790506754,9374404,12847784
1790506756,9197676,12847784
1790506758,10481828,12847784
1790506760,10481680,12847784
1790506762,10546908,12847784
1790506764,8921800,12847784
1790506766,8777552,12847784
1790506768,10026272,12847784
1790506770,9936708,12847784
1790506772,8739480,12847784
1790506774,9095156,12847784
1790506776,10293056,12847784
1790506778,10320088,12847784
1790506780,10384276,12847784
1790506782,10069200,12847784
1790506784,10344372,12847784
1790506786,10345152,12847784
1790506788,10387284,12847784
1790506790,9277952,12847784
1790506792,8986236,12847784
1790506794,10342372,12847784
1790506796,10357436,12847784
1790506798,10456388,12847784
1790506800,9220512,12847784
1790506802,9358960,12847784
1790506804,10483052,12847784
1790506806,10484232,12847784
1790506808,9540952,12847784
1790506810,8922932,12847784
1790506812,8830492,12847784
1790506814,10034904,12847800
1790506816,10159184,12847800
1790506818,9968696,12847800
1790506820,10267184,12847800
1790506822,10360952,12847800
1790506824,10440704,12847800
1790506826,9352848,12847800
1790506828,9180960,12847800
1790506830,10330588,12847800
1790506832,10334468,12847800
1790506834,10459728,12847800
1790506836,9116768,12847800
1790506838,9265524,12847800
1790506840,10369736,12847808
1790506842,10384732,12847824
1790506844,10395308,12847824
1790506846,10220536,12847824
1790506848,10334628,12847824
1790506850,10344716,12847824
1790506852,10374564,12847824
1790506854,8818328,12847824
1790506856,9837484,12847824
1790506858,8741344,12847824
1790506860,10059456,12847824
1790506862,10153444,12847824
1790506864,9332860,12847824
1790506866,10317576,12847824
1790506868,10415500,12847824
1790506870,10430104,12847824
1790506872,9156644,12847824
1790506874,9332300,12847836
1790506876,10503300,12847836
1790506878,10502584,12847836
1790506880,10564100,12847836
1790506882,10036388,12847836
1790506884,10425000,12847836
1790506886,10430672,12847836
1790506888,10493616,12847836
1790506890,9271028,12847836
1790506892,9221184,12847836
1790506894,10381188,12847836
1790506896,10378048,12847836
1790506898,10416620,12847836
1790506900,8828780,12847836
1790506902,8754652,12847836
1790506904,9932576,12847836
1790506906,9949168,12847836
1790506908,8794088,12847836
1790506910,8849648,12847836
1790506912,10158568,12847836
1790506914,10390700,12847836
1790506916,10398636,12847836
1790506918,9899820,12847836
1790506920,10362536,12847836
1790506922,10442060,12847836
1790506924,10471908,12847836
1790506926,9346520,12847836
1790506928,9271936,12847836
1790506930,10437216,12847836
1790506932,10445392,12847836
1790506934,10520164,12847840
1790506936,9232032,12847840
1790506938,9320680,12847840
1790506940,10409940,12847840
1790506942,10484200,12847840
1790506944,9225864,12847840
1790506946,8919404,12847840
1790506948,8838228,12847840
1790506950,10001772,12847840
1790506952,10029048,12847840
1790506954,9577580,12847840
1790506956,10162296,12847840
1790506958,10234528,12847840
1790506960,10335340,12847844
1790506962,9288360,12847844
1790506964,9208580,12847844
1790506966,10279200,12847844
1790506968,10332092,12847844
1790506970,10364740,12847844
1790506972,9070100,12847844
1790506974,9179908,12847844
1790506976,10326468,12847844
1790506978,10349604,12847844
1790506980,10502100,12847844
1790506982,10119044,12847844
1790506984,10410032,12847844
1790506986,10410404,12847844
1790506988,10427156,12847856
1790506990,8894916,12847856
1790506992,10014544,12847860
1790506994,8828140,12847860
1790506996,9994780,12847860
1790506998,10097348,12847860
1790507000,9288500,12847860
1790507002,10224152,12847860
1790507004,10271928,12847860
1790507006,10459252,12847860
1790507008,9022084,12847860
1790507010,9140908,12847860
1790507012,10404160,12849908
1790507014,10403152,12849908
1790507016,10434916,12849908
1790507018,9808516,12849908
1790507020,10378736,12849908
1790507022,10364192,12849908
1790507024,10360128,12849908
1790507026,9278600,12849908
1790507028,9209760,12849908
1790507030,10378840,12849908
1790507032,10364972,12849908
1790507034,10410364,12849908
1790507036,8804416,12849908
1790507038,8710708,12849908
1790507040,9355196,12849908
1790507042,10012396,12849908
1790507044,8925784,12849908
1790507046,8773540,12849908
1790507048,10326180,12849916
1790507050,10377964,12849916
1790507052,10459224,12849916
1790507054,9907716,12849916
1790507056,10436768,12849916
1790507058,10441676,12849916
1790507060,10506132,12849916
1790507062,9361436,12849916
1790507064,9217940,12849916
1790507066,10396780,12849916
1790507068,10319716,12849916
1790507070,10408532,12849916
1790507072,9222024,12849916
1790507074,9266784,12849916
1790507076,10395604,12849916
1790507078,10407560,12849916
1790507080,9407476,12849916
1790507082,8817060,12849916
1790507084,8706204,12849916
1790507086,9946516,12849916
1790507088,10002984,12849916
1790507090,9636656,12849916
1790507092,10272052,12849916
1790507094,10367748,12849916
1790507096,10369792,12849916
1790507098,10103268,12849916
1790507100,9397452,12849916
1790507102,10460260,12849916
1790507104,10500668,12849916
1790507106,10527920,12849916
1790507108,9190236,12849928
1790507110,9231684,12849928
1790507112,10472488,12849928
1790507114,10461720,12849928
1790507116,10500372,12849928
1790507118,10061184,12849928
1790507120,10469288,12849928
1790507122,10463832,12849928
1790507124,10473932,12849928
1790507126,7445196,12849928
1790507128,7568104,12849928
1790507130,8889252,12849928
1790507132,8348724,12849928
1790507134,8365720,12849928
1790507136,8385220,12849928
1790507138,8370856,12849928
1790507140,8339592,12849928
1790507142,8327996,12849944
1790507144,8359888,12849944
1790507146,9687304,12849944
1790507148,6863508,12849944
1790507150,9708244,12824944
1790507152,8941360,12824944
1790507154,9915712,12824944
1790507156,9183488,12824944
1790507158,9481564,12824944
1790507160,11271120,12824944
1790507162,10604240,12824944
1790507164,10045700,12824944
1790507166,10411172,12824944
1790507168,10402848,12825400
1790507170,10466812,12825400
1790507172,9383956,12825400
1790507174,9263064,12825400
1790507176,10419320,12825400
1790507178,10505172,12825400
1790507180,10540304,12825400
1790507182,9316260,12825400
1790507184,9359968,12825400
1790507186,10475980,12825400
1790507188,10432184,12825400
1790507190,10522356,12825400
1790507192,10535696,12825400
1790507194,10373656,12825400
1790507196,10447164,12825400
1790507198,10461224,12825400
1790507200,9269872,12825404
1790507202,9906972,12825404
1790507204,8931868,12825404
1790507206,9992888,12825404
1790507208,9235396,12825404
1790507210,9006804,12825404
1790507212,10258584,12825404
1790507214,10308576,12825404
1790507216,10457668,12825404
1790507218,9205208,12825404
1790507220,9365324,12825404
1790507222,10443528,12825420
1790507224,10518344,12825420
1790507226,10591324,12825420
1790507228,10558564,12825420
1790507230,10430208,12825420
1790507232,10419228,12825420
1790507234,10537620,12825420
1790507236,9389144,12825420
1790507238,9205096,12825420
1790507240,10402168,12825420
1790507242,10524396,12825420
1790507244,10594980,12825420
1790507246,9008108,12825420
1790507248,8772060,12825420
1790507250,9989444,12825420
1790507252,10010372,12825420
1790507254,9052912,12825420
1790507256,8898228,12825420
1790507258,10243732,12825420
1790507260,10366236,12825420
1790507262,10418648,12825420
1790507264,10188512,12825420
1790507266,10415664,12825420
1790507268,10403432,12825420
1790507270,10434324,12825420
1790507272,9303020,12825420
1790507274,9090520,12825420
1790507276,10310432,12825420
1790507278,10435944,12825420
1790507280,10542368,12825420
1790507282,9236124,12825424
1790507284,9325656,12825424
1790507286,10492264,12825424
1790507288,10524672,12825424
1790507290,9375208,12825428
1790507292,8938000,12825428
1790507294,8898752,12825428
1790507296,10071144,12825428
1790507298,10118140,12825428
1790507300,10261004,12825432
1790507302,10251380,12825432
1790507304,10428996,12825432
1790507306,10485228,12825432
1790507308,9285704,12825432
1790507310,9114812,12825432
1790507312,10371580,12825432
1790507314,10439692,12825432
1790507316,10476852,12825432
1790507318,9098072,12825432
1790507320,9292892,12825436
1790507322,10379504,12825436
1790507324,10369988,12825436
1790507326,10489804,12825436
1790507328,9299748,12825436
1790507330,10319620,12825436
1790507332,10363708,12825436
1790507334,10414696,12825436
1790507336,8836384,12825436
1790507338,9956040,12825448
1790507340,8940412,12825460
1790507342,10108996,12825460
1790507344,9376016,12825460
1790507346,8919684,12825460
1790507348,10320620,12825464
1790507351,10421476,12825464
1790507353,10510248,12825464
1790507355,9148616,12825464
1790507357,9303636,12825464
1790507359,10418188,12825464
1790507361,10484544,12825464
1790507363,10555704,12825464
1790507365,10500564,12825464
1790507367,10451916,12825464
1790507369,10361824,12825464
1790507371,10396884,12825464
1790507373,9222620,12825464
1790507375,9065024,12825464
1790507377,10259060,12825464
1790507379,10400880,12825464
1790507381,10462548,12825464
1790507383,8831900,12825464
1790507385,8737504,12825464
1790507387,9943000,12825464
1790507389,9992172,12825464
1790507391,9021612,12825468
1790507393,8940224,12825468
1790507395,10346248,12825468
1790507397,10337976,12825468
1790507399,10416296,12825472
1790507401,10480784,12825472
1790507403,10491428,12825484
1790507405,10491408,12825484
1790507407,10489912,12825484
1790507409,9261036,12825484
1790507411,9185400,12825484
1790507413,10409496,12825484
1790507415,10445320,12825484
1790507417,10534968,12825484
1790507419,9686684,12825484
1790507421,9312060,12825484
1790507423,10519096,12825484
1790507425,10531108,12825484
1790507427,9419120,12825484
1790507429,8822376,12825484
1790507431,8734980,12825500
1790507433,9970472,12825500
1790507435,10003940,12825500
1790507437,10240140,12825500
1790507439,10320452,12825500
1790507441,10316084,12825504
1790507443,10294544,12825504
1790507445,9278876,12825504
1790507447,9144424,12825504
1790507449,10289428,12825504
1790507451,10353184,12825504
1790507453,10470048,12825504
1790507455,9152316,12825504
1790507457,9196868,12825504
1790507459,10372168,12825504
1790507461,10483668,12825504
1790507463,10546660,12825504
1790507465,10523360,12825504
1790507467,10344236,12825504
1790507469,10378652,12825504
1790507471,10546188,12825504
1790507473,8925516,12825504
1790507475,10002192,12825508
1790507477,8806992,12825508
1790507479,10004808,12825508
1790507481,9321376,12825508
1790507483,9027952,12825508
1790507485,10270540,12825508
1790507487,10397680,12825508
1790507489,10378100,12825508
1790507491,9150148,12825508
1790507493,9278028,12825508
1790507495,10389560,12825508
1790507497,10433752,12825508
1790507499,10460992,12825508
1790507501,10409084,12825508
1790507503,10239600,12825508
1790507505,10332004,12825508
1790507507,10483212,12825508
1790507509,9305568,12825508
1790507511,9108716,12825508
1790507513,10391268,12825508
1790507515,10430044,12825508
1790507517,10451572,12825508
1790507519,8845640,12825508
1790507521,8759836,12825508
1790507523,10052316,12825508
1790507525,10060676,12825508
1790507527,9180320,12825508
1790507529,9117012,12825508
1790507531,10346308,12825508
1790507533,10393240,12825508
1790507535,10442700,12825508
1790507537,10362160,12825508
1790507539,10410000,12825508
1790507541,10450736,12825508
1790507543,10464324,12825508
1790507545,9386688,12825508
1790507547,9224516,12825508
1790507549,10355444,12825508
1790507551,10419756,12825508
1790507553,10425436,12825508
1790507555,9127952,12825508
1790507557,9246508,12825508
1790507559,10390604,12825508
1790507561,10395416,12825508
1790507563,9276260,12825508
1790507565,8861072,12825508
1790507567,8767736,12825508
1790507569,9937328,12825508
1790507571,9980176,12825508
1790507573,9873620,12825508
1790507575,10104984,12825508
1790507577,10218648,12825508
1790507579,10305396,12825508
1790507581,9357836,12825508
1790507583,9155636,12825512
1790507585,10405872,12825512
1790507587,10437984,12825512
1790507589,10501856,12825512
1790507591,9227296,12825512
1790507593,9331668,12825512
1790507595,10404264,12825512
1790507597,10560060,12825512
1790507599,10598172,12825512
1790507601,10385352,12825512
1790507603,10410252,12825512
1790507605,10436672,12825512
1790507607,10540020,12825512
1790507609,8846220,12825512
1790507611,9878732,12825512
1790507613,8716308,12825512
1790507615,9909956,12825512
1790507617,9185712,12825512
1790507619,8922368,12825512
1790507621,10270212,12825512
1790507623,10272620,12825512
1790507625,10302752,12825512
1790507627,9129356,12825512
1790507629,9237392,12825512
1790507631,10387912,12825512
1790507633,10427492,12825512
1790507635,10534624,12825512
1790507637,10132228,12825516
1790507639,10436696,12825516
1790507641,10506552,12825516
1790507643,10555552,12825516
1790507645,9387856,12825516
1790507647,9194980,12825516
1790507649,10434092,12825516
1790507651,10455784,12825516
1790507653,10546692,12825516
1790507655,8941404,12825516
1790507657,8816496,12825516
1790507659,10029224,12825516
1790507661,10064016,12825516
1790507663,8982620,12825516
1790507665,9036940,12825516
1790507667,10314788,12825516
1790507669,10274608,12825516
1790507671,10398836,12825516
1790507673,9921940,12825516
1790507675,10315616,12825516
1790507677,10371604,12825516
1790507679,10431916,12825516
1790507681,9267740,12825516
1790507683,9205168,12825516
1790507685,10327428,12825516
1790507687,10419488,12825516
1790507689,10440080,12825516
1790507691,9151392,12825516
1790507693,9078620,12825516
1790507695,10392420,12825516
1790507697,10450752,12825516
1790507699,7682700,12825516
1790507701,7641044,12825516
1790507703,8374736,12825516
1790507705,8368820,12825516
1790507707,8395468,12825516
1790507709,8381136,12825516
1790507711,8389608,12825516
1790507713,8368248,12825516
1790507715,8486480,12825516
1790507717,8387580,12825516
1790507719,9643460,12825516
1790507721,12530096,12825516
1790507723,7637348,12825516
1790507725,8881916,12825516
1790507727,8829524,12825520
1790507729,8712992,12825520
1790507731,9751196,12825520
1790507733,11023816,12825520
1790507735,11048036,12825520
1790507737,8964448,12825520
1790507739,8964572,12825520
1790507741,10239892,12825520
1790507743,10323376,12825520
1790507745,10452068,12825520
1790507747,10392628,12825520
1790507749,10283348,12825520
1790507751,10480084,12825520
1790507753,10510084,12825520
1790507755,9326172,12825520
1790507757,9187816,12825520
1790507759,10401688,12825520
1790507761,10542256,12825520
1790507763,10548084,12825520
1790507765,9210016,12825528
1790507767,9372812,12825528
1790507769,10499092,12825528
1790507771,10497604,12825528
1790507773,9379908,12825528
1790507775,8932804,12825528
1790507777,8842268,12825528
1790507779,10079960,12825528
1790507781,10198792,12825528
1790507783,10218320,12825528
1790507785,10419096,12825540
1790507787,10463316,12825540
1790507789,10374376,12825540
1790507791,9289204,12825540
1790507793,9122608,12825540
1790507795,10405744,12825540
1790507797,10414676,12825540
1790507799,10437872,12825540
1790507801,9172116,12825540
1790507803,9305220,12825540
1790507805,10329116,12825540
1790507807,10377276,12825540
1790507809,10470548,12825540
1790507811,9304676,12825540
1790507813,10319528,12825540
1790507815,10372244,12825540
1790507817,10393524,12825544
1790507819,8840480,12825544
1790507821,9941168,12825544
1790507823,8779960,12825544
1790507825,9991648,12825544
1790507827,9300812,12825544
1790507829,8625580,12825544
1790507831,10254580,12825544
1790507833,10333236,12825544
1790507835,10439440,12825544
1790507837,9254060,12825544
1790507839,9320488,12825544
1790507841,10468632,12825544
1790507843,10516440,12825544
1790507845,10555184,12825544
1790507847,9402448,12825544
1790507849,10341900,12825544
1790507851,10394500,12825544
1790507853,10421812,12825544
1790507855,9145252,12825544
1790507857,9139152,12825544
1790507859,10393020,12825544
1790507861,10464368,12825544
1790507863,10480380,12825544
1790507865,9259800,12825544
1790507867,8678140,12825544
1790507869,9936160,12825544
1790507871,9978912,12825544
1790507873,8856416,12825544
1790507875,8985580,12825544
1790507877,10265504,12825552
1790507879,10328656,12825552
1790507881,10518460,12825552
1790507883,9385980,12825552
1790507885,10450568,12825552
1790507887,10501900,12825552
1790507889,10512064,12825552
1790507891,9255352,12825552
1790507893,9273300,12825552
1790507895,10476860,12825552
1790507897,10498048,12825552
1790507899,10520772,12825552
1790507901,9951296,12825552
1790507903,9347840,12825552
1790507905,10513396,12825552
1790507907,10551204,12825552
1790507909,9348956,12825552
1790507911,9587080,12825552
1790507913,8860504,12825552
1790507915,9962680,12825552
1790507917,10182488,12825552
1790507919,9214100,12825552
1790507921,10223716,12825552
1790507923,10296852,12825552
1790507925,10393036,12825552
1790507927,9134392,12825552
1790507929,9094932,12825552
1790507931,10355884,12825552
1790507933,10421264,12825552
1790507935,10471860,12825552
1790507937,9803432,12825556
1790507939,9261224,12825556
1790507941,10456444,12825556
1790507943,10536576,12825556
1790507945,10618112,12825556
1790507947,9378792,12825556
1790507949,10383956,12825588
1790507951,10474352,12825668
1790507953,10539424,12825668
1790507955,8917916,12825668
1790507957,8949988,12825668
1790507959,8832892,12825668
1790507961,10033520,12825668
1790507963,9303244,12825668
1790507965,8760412,12825668
1790507967,10353084,12825668
1790507969,10365616,12825668
1790507971,10384344,12825668
1790507973,9790660,12825680
1790507975,9236648,12825680
1790507977,10356480,12825680
1790507979,10424876,12825680
1790507981,10526000,12825680
1790507983,9318400,12825680
1790507985,10370100,12825680
1790507987,10415000,12825680
1790507989,10477284,12825680
1790507991,9116428,12825680
1790507993,9060344,12825680
1790507995,10392204,12825680
1790507997,10430444,12825680
1790507999,10479164,12825680
1790508001,8916028,12825680
1790508003,8795936,12825680
1790508005,10008012,12825680
1790508007,10102616,12825684
1790508009,9095416,12825684
1790508011,8926092,12825684
1790508013,10397604,12825684
1790508015,10440424,12825684
1790508017,10482640,12825684
1790508019,9396576,12825684
1790508021,10470444,12825684
1790508023,10490016,12825684
1790508025,10550688,12825684
1790508027,9301840,12825684
1790508029,9017648,12825684
1790508031,10324564,12825684
1790508033,10355480,12825684
1790508035,10498984,12825684
1790508037,9552396,12825684
1790508039,9252856,12825684
1790508041,10343968,12825684
1790508043,10412660,12825684
1790508045,9215332,12825684
1790508047,9391548,12825684
1790508049,8739488,12825684
1790508051,9985064,12825684
1790508053,10055536,12825684
1790508055,9384548,12825684
1790508057,10274432,12825684
1790508059,10314724,12825684
1790508061,10414720,12825684
1790508063,9167624,12825684
1790508065,9251500,12825684
1790508067,10470108,12825776
1790508069,10478344,12825788
1790508071,10528460,12825788
1790508073,9726692,12825788
1790508075,9346460,12825788
1790508077,10432244,12825788
1790508079,10492524,12825788
1790508081,10533656,12825788
1790508084,9412648,12825788
1790508086,10485104,12825788
1790508088,10497232,12825788
1790508090,10433572,12825788
1790508092,8860672,12825788
1790508094,8920176,12825788
1790508096,8768944,12825788
1790508098,9952320,12825788
1790508100,9248056,12825788
1790508102,8821944,12825788
1790508104,10286560,12825788
1790508106,10375892,12825788
1790508108,10390636,12825788
1790508110,9643496,12825788
1790508112,9219168,12825788
1790508114,10366544,12825788
1790508116,10468872,12825788
1790508118,10507144,12825788
1790508120,9418904,12825788
1790508122,10447284,12825788
1790508124,10443208,12825788
1790508126,10492212,12825788
1790508128,9123288,12825788
1790508130,9295968,12825788
1790508132,10424796,12825788
1790508134,10456428,12825788
1790508136,10545116,12825788
1790508138,8929908,12825788
1790508140,8877716,12825788
1790508142,10057708,12825788
1790508144,10113384,12825788
1790508146,9091368,12825788
1790508148,9033664,12825788
1790508150,10324672,12825788
1790508152,10356112,12825788
1790508154,10434308,12825788
1790508156,9808088,12825788
1790508158,10413340,12825800
1790508160,10410956,12825800
1790508162,10450052,12825800
1790508164,9244860,12825800
1790508166,9066340,12825800
1790508168,10373156,12825800
1790508170,10421804,12825800
1790508172,10478504,12825800
1790508174,9206900,12825800
1790508176,9308848,12825800
1790508178,10414528,12825812
1790508180,10546768,12825812
1790508182,9454000,12825812
1790508184,8936908,12825812
1790508186,8905300,12825812
1790508188,10056336,12825812
1790508190,10164720,12825812
1790508192,10335060,12825812
1790508194,10377192,12825812
1790508196,10412220,12825812
1790508198,10456396,12825812
1790508200,9337960,12825812
1790508202,9238540,12825812
1790508204,10456980,12825828
1790508206,10454048,12825828
1790508208,10516568,12825828
1790508210,9126708,12825828
1790508212,9259776,12825828
1790508214,10421752,12825828
1790508216,10415008,12825828
1790508218,10511440,12825828
1790508220,9339768,12825828
1790508222,10379240,12825828
1790508224,10442180,12825828
1790508226,10465616,12825828
1790508228,8859956,12825828
1790508230,9999472,12825828
1790508232,8797376,12825828
1790508234,9969060,12825828
1790508236,9260152,12825828
1790508238,8966676,12825828
1790508240,10325180,12825828
1790508242,10361904,12825828
1790508244,10476236,12825828
1790508246,9083016,12825828
1790508248,9378384,12825828
1790508250,10521468,12825828
1790508252,10504548,12825828
1790508254,10533212,12825828
1790508256,10519748,12825828
1790508258,10403964,12825828
1790508260,10475552,12825828
1790508262,10593252,12825828
1790508264,9407184,12825828
1790508266,9265792,12825828
1790508268,10497920,12825828
1790508270,10396480,12825828
1790508272,7852636,12825828
1790508274,7480564,12825828
1790508276,8320600,12825828
1790508278,8310360,12825828
1790508280,8319312,12825828
1790508282,8345868,12825828
1790508284,8383616,12825828
1790508286,8385104,12825828
1790508288,8330772,12825828
1790508290,8314724,12825828
1790508292,8769848,12825828
1790508294,9786352,12825828
1790508296,4814976,12825828
1790508298,9787300,12825828
1790508300,8855512,12825828
1790508302,8814124,12825840
1790508304,10828432,12825840
1790508306,11046120,12825840
1790508308,11179648,12825840
1790508310,8939264,12825840
1790508312,9085352,12825840
1790508314,10329272,12825840
1790508316,10401736,12825840
1790508318,10446980,12825840
1790508320,9866640,12825840
1790508322,9365440,12825840
1790508324,10505764,12825840
1790508326,10538868,12825840
1790508328,10610888,12825840
1790508330,9355732,12825840
1790508332,10347220,12825840
1790508334,10482140,12825840
1790508336,10520848,12825840
1790508338,9204496,12825840
1790508340,9180036,12825840
1790508342,10380888,12825840
1790508344,10418152,12825840
1790508346,10502976,12825840
1790508348,8856816,12825840
1790508350,8740092,12825840
1790508352,9979568,12825840
1790508354,10019828,12825840
1790508356,9496972,12825840
1790508358,9169828,12825840
1790508360,10437800,12825840
1790508362,10462088,12825840
1790508364,10527704,12825840
1790508366,9415312,12825840
1790508368,10383196,12825840
1790508370,10384132,12825840
1790508372,10589656,12825840
1790508374,9171104,12825840
1790508376,9251848,12825840
1790508378,10395392,12825840
1790508380,10496820,12825840
1790508382,10555752,12825840
1790508384,9874108,12825840
1790508386,10395400,12825840
1790508388,10465752,12825840
1790508390,10424280,12825840
1790508392,8897936,12825840
1790508394,10034796,12825840
1790508396,8692860,12825840
1790508398,9932788,12825840
1790508400,9960868,12825840
1790508402,9224044,12825840
1790508404,10227296,12825840
1790508406,10250336,12825840
1790508408,10386972,12825840
1790508410,9018984,12825844
1790508412,9157272,12825844
1790508414,10359280,12825844
1790508416,10386552,12825844
1790508418,10444672,12825848
1790508420,9910344,12825848
1790508422,9344540,12825848
1790508424,10461284,12825848
1790508426,10551160,12825848
1790508428,10576216,12825848
1790508430,9400172,12825848
1790508432,10390120,12825848
1790508434,10452000,12825848
1790508436,10616016,12825848
1790508438,8927484,12825848
1790508440,8796576,12825848
1790508442,8858584,12825848
1790508444,10061408,12825848
1790508446,9286016,12825848
1790508448,8764652,12825848
1790508450,10235648,12825848
1790508452,10268248,12825848
1790508454,10379268,12825848
1790508456,9716004,12825848
1790508458,10417740,12825848
1790508460,10416896,12825848
1790508462,10416092,12825848
1790508464,10480544,12825848
1790508466,9331568,12825848
1790508468,10348480,12825848
1790508470,10421088,12825848
1790508472,10542412,12825860
1790508474,9211916,12825860
1790508476,9225936,12825860
1790508478,10381428,12825864
1790508480,10512176,12825864
1790508482,9812656,12825864
1790508484,8924396,12825864
1790508486,8756520,12825864
1790508488,10065852,12825864
1790508490,10078180,12825864
1790508492,9754272,12825864
1790508494,10350248,12825864
1790508496,10439180,12825864
1790508498,10455408,12825864
1790508500,10535500,12825864
1790508502,9428776,12825864
1790508504,10405096,12825864
1790508506,10480348,12825864
1790508508,10441556,12825864
1790508510,9161728,12825864
1790508512,9111872,12825864
1790508514,10405944,12825864
1790508516,10415992,12825864
1790508518,10494384,12825864
1790508520,9757248,12825864
1790508522,10342428,12825864
1790508524,10388492,12825864
1790508526,10430888,12825864
1790508528,8851512,12825864
1790508530,9978264,12825864
1790508532,8777232,12825864
1790508534,9963016,12825864
1790508536,10037356,12825868
1790508538,9241960,12825868
1790508540,10282080,12825868
1790508542,10325320,12825868
1790508544,10408020,12825868
1790508546,9200268,12825868
1790508548,9223452,12825868
1790508550,10503156,12825868
1790508552,10515888,12825868
1790508554,10544556,12825868
1790508556,9884924,12825868
1790508558,10464040,12825868
1790508560,10468752,12825868
1790508562,10458952,12825868
1790508564,10593092,12825868
1790508566,9403692,12825868
1790508568,10400300,12825868
1790508570,10413424,12825868
1790508572,10472656,12825868
1790508574,9094272,12825868
1790508576,8672160,12825868
1790508578,8928384,12825868
1790508580,10129352,12825868
1790508582,9085056,12825868
1790508584,8668448,12825868
1790508586,10372884,12825868
1790508588,10376104,12825868
1790508590,10403520,12825868
1790508592,9802304,12825868
1790508594,10306576,12825868
1790508596,10377644,12825888
1790508598,10462408,12825888
1790508600,10609240,12825888
1790508602,9409240,12825888
1790508604,10467176,12825888
1790508606,10532576,12825888
1790508608,10568808,12825888
1790508610,9179232,12825888
1790508612,9282880,12825888
1790508614,10437932,12825888
1790508616,10522964,12825888
1790508618,10514840,12825888
1790508620,9364444,12825888
1790508622,9038588,12825888
1790508624,10039760,12825888
1790508626,10138944,12825888
1790508628,9102100,12825888
1790508630,8931212,12825888
1790508632,10260744,12825888
1790508634,10318996,12825888
1790508636,10401544,12825888
1790508638,9302308,12825888
1790508640,10341528,12825888
1790508642,10370900,12825888
1790508644,10440460,12825888
1790508646,9227104,12825888
1790508648,8929320,12825888
1790508650,10394232,12825888
1790508652,10420708,12825888
1790508654,10492816,12825888
1790508656,9912608,12825896
1790508658,9265432,12825896
1790508660,10447956,12825896
1790508662,10582984,12825896
1790508664,9330000,12825896
1790508666,9837844,12825896
1790508668,8828956,12825896
1790508670,10043236,12825896
1790508672,10271356,12825896
1790508674,9313520,12825896
1790508676,10354848,12825896
1790508678,10459196,12825896
1790508680,10464060,12825896
1790508682,9203688,12825896
1790508684,9281064,12825896
1790508686,10444476,12825896
1790508688,10414164,12825896
1790508690,10482512,12825896
1790508692,9795948,12825896
1790508694,9265288,12825896
1790508696,10363396,12825896
1790508698,10471640,12825896
1790508700,10591796,12825896
1790508702,9334480,12825896
1790508704,10378144,12825896
1790508706,10402204,12825896
1790508708,10465120,12825896
1790508710,8979292,12825896
1790508712,8932076,12825896
1790508714,8792964,12825896
1790508716,9966072,12825900
1790508718,9237800,12825900
1790508720,8945032,12825900
1790508722,10397976,12825900
1790508724,10402504,12825900
1790508726,10497732,12825900
1790508728,9617152,12825900
1790508730,9334752,12825900
1790508732,10405164,12825900
1790508734,10455992,12825900
1790508736,10570108,12825900
1790508738,9383980,12825900
1790508740,10423984,12825900
1790508742,10445628,12825900
1790508744,10547624,12825900
1790508746,9335584,12825900
1790508748,9041636,12825900
1790508750,10373996,12825900
1790508752,10483948,12825900
1790508754,10548776,12825900
1790508756,8847444,12825900
1790508758,8714356,12825900
1790508760,9963612,12825900
1790508762,10001360,12825900
1790508764,9147368,12825900
1790508766,9058104,12825900
1790508768,10351636,12825900
1790508770,10363024,12825900
1790508772,10443792,12825900
1790508774,9552128,12825900
1790508776,10392636,12825900
1790508778,10384844,12825900
1790508780,10503108,12825900
1790508782,9238248,12825900
1790508784,9195284,12825900
1790508786,10433736,12825900
1790508788,10483520,12825900
1790508790,10627496,12825900
1790508792,9688376,12825900
1790508794,9354320,12825900
1790508796,10479116,12825900
1790508799,10503040,12825900
1790508801,9466384,12825900
1790508803,9377208,12825900
1790508805,8835528,12825900
1790508807,10043732,12825900
1790508809,10089832,12825900
1790508811,10257028,12825900
1790508813,10331316,12825900
1790508815,10329592,12825900
1790508817,10349312,12825900
1790508819,9249496,12825900
1790508821,9133852,12825900
1790508823,10344740,12825900
1790508825,10445552,12825900
1790508827,10503628,12825900
1790508829,9384492,12825900
1790508831,9257504,12825900
1790508833,10363088,12825900
1790508835,10410232,12825900
1790508837,10525312,12825904
1790508839,9320412,12825904
1790508841,10463520,12825904
1790508843,10482096,12825904
1790508845,7937756,12825904
1790508847,7383228,12825904
1790508849,7739364,12825904
1790508851,8186296,12825904
1790508853,8482164,12825904
1790508855,8408096,12825904
1790508857,8734828,12825904
1790508859,8402708,12825904
1790508861,8411012,12825904
1790508863,8455508,12825904
1790508865,8422180,12825904
1790508867,9831788,12825904
1790508869,4508556,12825904
1790508871,9850440,12815664
1790508873,8778736,12815664
1790508875,9940996,12815664
1790508877,8870728,12815664
1790508879,9637860,12815664
1790508881,11140676,12815664
1790508883,10616088,12815664
1790508885,9307644,12815664
1790508887,10369892,12815664
1790508889,10406940,12815664
1790508891,10422228,12815664
1790508893,9161740,12815664
1790508895,9122092,12815664
1790508897,10378128,12815664
1790508899,10482872,12815664
1790508901,10655372,12815664
1790508903,9917044,12815664
1790508905,10520500,12815664
1790508907,10527820,12815664
1790508909,10588156,12815664
1790508911,10608204,12815664
1790508913,9465936,12815664
1790508915,10501444,12815668
1790508917,10539676,12815672
1790508919,10618512,12815672
1790508921,8986108,12815672
1790508923,8907216,12815672
1790508925,9148988,12815672
1790508927,10058884,12815672
1790508929,9029152,12815672
1790508931,8886708,12815672
1790508933,10324736,12815672
1790508935,10358920,12815672
1790508937,10390048,12815672
1790508939,9771700,12815672
1790508941,9263764,12815676
1790508943,10300756,12815676
1790508945,10467320,12815676
1790508947,10518852,12815676
1790508949,9329204,12815676
1790508951,10385704,12815676
1790508953,10563540,12815676
1790508955,10571712,12815676
1790508957,9285924,12815676
1790508959,9138880,12815676
1790508961,10409360,12815676
1790508963,10508832,12815676
1790508965,10611584,12815676
1790508967,8932876,12815676
1790508969,8798476,12815676
1790508971,10082484,12815676
1790508973,10096052,12815676
1790508975,9078308,12815676
1790508977,9119916,12815676
1790508979,10344444,12815676
1790508981,10483324,12815676
1790508983,10530128,12815676
1790508985,9404528,12815676
1790508987,10439120,12815676
1790508989,10359220,12815676
1790508991,10392496,12815676
1790508993,9219484,12815676
1790508995,9042396,12815676
1790508997,10379664,12815676
1790508999,10427296,12815676
1790509001,10461640,12815676
1790509003,9520240,12815676
1790509005,9305104,12815676
1790509007,10414596,12815676
1790509009,10452380,12815676
1790509011,9040444,12815676
1790509013,9447896,12815676
1790509015,8828544,12815676
1790509017,9984316,12815692
1790509019,10105044,12815692
1790509021,9356916,12815692
1790509023,10313404,12815692
1790509025,10435580,12815692
1790509027,10477816,12815692
1790509029,9320700,12815692
1790509031,9155560,12815692
1790509033,10426852,12815692
1790509035,10455348,12815692
1790509037,10513100,12815692
1790509039,9799976,12815692
1790509041,9304540,12815692
1790509043,10485156,12815692
1790509045,10483152,12815692
1790509047,10567308,12815692
1790509049,9304448,12815692
1790509051,10347340,12815692
1790509053,10357424,12815692
1790509055,10493264,12815692
1790509057,8877596,12815692
1790509059,8921888,12815692
1790509061,8823548,12815692
1790509063,9964348,12815692
1790509065,9252256,12815692
1790509067,8746556,12815692
1790509069,10287824,12815692
1790509071,10383336,12815692
1790509073,10418324,12815692
1790509075,9641652,12815692
1790509077,9317056,12815692
1790509079,10388032,12815692
1790509081,10474568,12815692
1790509083,10488396,12815692
1790509085,9401576,12815692
1790509087,10390588,12815696
1790509089,10403612,12815696
1790509091,10486648,12815696
1790509093,9071192,12815696
1790509095,9335364,12815696
1790509097,10496380,12815696
1790509099,10488100,12815696
1790509101,10565588,12815696
1790509103,8937620,12815696
1790509105,8845008,12815696
1790509107,10031616,12815696
1790509109,9952944,12815696
1790509111,8978828,12815696
1790509113,9031624,12815696
1790509115,10220332,12815696
1790509117,10398872,12815696
1790509119,10406784,12815696
1790509121,9326632,12815696
1790509123,10317852,12815696
1790509125,10398012,12815696
1790509127,10387488,12815696
1790509129,9258136,12815696
1790509131,8946684,12815696
1790509133,10384520,12815704
1790509135,10404164,12815704
1790509137,10443432,12815704
1790509139,9775876,12815704
1790509141,9374908,12815704
1790509143,10482108,12815704
1790509145,10488776,12815704
1790509147,9366684,12815704
1790509149,9500308,12815704
1790509151,8866640,12815704
1790509153,10074140,12815704
1790509155,10108100,12815704
1790509157,9803716,12815704
1790509159,10295136,12815704
1790509161,10334996,12815704
1790509163,10465844,12815708
1790509165,9205436,12815708
1790509167,9336964,12815708
1790509169,10414908,12815708
1790509171,10417992,12815708
1790509173,10414076,12815708
1790509175,9337232,12815708
1790509177,9300600,12815708
1790509179,10417536,12815712
1790509181,10416640,12815712
1790509183,10460940,12815712
1790509185,9330188,12815712
1790509187,10408652,12815712
1790509189,10408380,12815712
1790509191,10436760,12815712
1790509193,8847988,12815712
1790509195,8760808,12815712
1790509197,8804492,12815712
1790509199,10016520,12815712
1790509201,9353384,12815712
1790509203,8727436,12815712
1790509205,10366628,12815712
1790509207,10461440,12815712
1790509209,10467576,12815712
1790509211,9377724,12815712
1790509213,9418728,12815712
1790509215,10517968,12815712
1790509217,10488300,12815712
1790509219,10553060,12815712
1790509221,9400176,12815712
1790509223,10428168,12815712
1790509225,10453616,12815712
1790509227,10565500,12815712
1790509229,9161048,12815712
1790509231,9119552,12815712
1790509233,10382220,12815712
1790509235,10386752,12815712
1790509237,10439592,12815712
1790509239,8843408,12815712
1790509241,8687980,12815712
1790509243,9955624,12815712
1790509245,9980852,12815712
1790509247,8971712,12815712
1790509249,8784320,12815712
1790509251,10262412,12815712
1790509253,10396160,12815712
1790509255,10500392,12815716
1790509257,9322284,12815716
1790509259,10312140,12815716
1790509261,10445820,12815716
1790509263,10491060,12815716
1790509265,9348980,12815716
1790509267,9133236,12815716
1790509269,10455244,12815716
1790509271,10430300,12815720
1790509273,10505240,12815720
1790509275,9803340,12815720
1790509277,9384880,12815720
1790509279,10431000,12815720
1790509281,10448284,12815720
1790509283,9257068,12815720
1790509285,9511204,12815720
1790509287,8853108,12815720
1790509289,9941784,12815720
1790509291,10020024,12815720
1790509293,10125580,12815720
1790509295,10301300,12815720
1790509297,10349476,12815720
1790509299,10379744,12815720
1790509301,9266340,12815720
1790509303,9256524,12815720
1790509305,10463932,12815720
1790509307,10461200,12815720
1790509309,10493040,12815720
1790509311,9691900,12815720
1790509313,9300084,12815720
1790509315,10434808,12815720
1790509317,10483824,12815720
1790509319,10526400,12815720
1790509321,9410060,12815720
1790509323,10478044,12815720
1790509325,10511504,12815720
1790509327,10563848,12815720
1790509329,9195000,12815720
1790509331,10014544,12815720
1790509333,9067400,12815720
1790509335,10130748,12815720
1790509337,9385188,12815720
1790509339,8807420,12815720
1790509341,10370460,12815720
1790509343,10497248,12815720
1790509345,10503532,12815720
1790509347,9178848,12815720
1790509349,9243652,12815720
1790509351,10342880,12815720
1790509353,10443852,12815720
1790509355,10466792,12815720
1790509357,10128924,12815720
1790509359,10276368,12815720
1790509361,10332048,12815720
1790509363,10465532,12815720
1790509365,9070736,12815720
1790509367,9165336,12815720
1790509369,10390316,12815720
1790509371,10446432,12815720
1790509373,10528724,12815720
1790509375,9120324,12815720
1790509377,8824220,12815720
1790509379,9972804,12815720
1790509381,10120936,12815720
1790509383,9127952,12815720
1790509385,8999456,12815720
1790509387,10354328,12815720
1790509389,10480104,12815720
1790509391,10498784,12815720
1790509393,10346188,12815720
1790509395,10487796,12815720
1790509397,10481568,12815720
1790509399,10523328,12815720
1790509401,9398672,12815720
1790509403,9175060,12815720
1790509405,10486984,12815720
1790509407,10567916,12815720
1790509409,10525816,12815720
1790509411,9015680,12815720
1790509413,9310936,12815720
1790509415,10390260,12815720
1790509417,10459860,12815720
1790509419,7455556,12815720
1790509421,7636984,12815720
1790509423,8327956,12815720
1790509425,8313400,12815720
1790509427,8392092,12815720
1790509429,8312532,12815720
1790509431,8480332,12815720
1790509433,8429108,12815720
1790509435,8323796,12815720
1790509437,8340604,12815720
1790509439,9770556,12815724
1790509441,13135104,12815724
1790509443,8540444,12815724
1790509445,8803712,12815724
1790509447,8847880,12815724
1790509449,8856736,12815724
1790509451,9583024,12815724
1790509453,11174496,12815724
1790509455,10682688,12815724
1790509457,9776448,12815724
1790509459,9177860,12815724
1790509461,10390808,12815724
1790509463,10415620,12815724
1790509465,10528392,12815724
1790509467,9426112,12815724
1790509469,10381612,12815724
1790509471,10408148,12815724
1790509473,10457156,12815724
1790509475,9197932,12815724
1790509477,9212904,12815724
1790509479,10432596,12815724
1790509481,10467280,12815724
1790509483,10531872,12815724
1790509485,9945524,12815724
1790509487,10322300,12815724
1790509489,10361512,12815724
1790509491,10503136,12815724
1790509493,8977440,12815724
1790509495,10088224,12815724
1790509497,8785460,12815728
1790509499,10015256,12815728
1790509501,10164636,12815728
1790509503,9350052,12815728
1790509505,10409228,12815728
1790509507,10416800,12815728
1790509509,10477384,12815728
1790509511,9252904,12815728
1790509513,9261892,12815728
1790509515,10469676,12815728
1790509517,10469736,12815728
1790509519,10563828,12815728
1790509521,9976496,12815728
1790509524,10406780,12815728
1790509526,10415048,12815728
1790509528,10503908,12815728
1790509530,10492372,12815728
1790509532,9342848,12815728
1790509534,10326152,12815728
1790509536,10406492,12815728
1790509538,10514536,12815728
1790509540,8854212,12815728
1790509542,8737216,12815728
1790509544,8804260,12815728
1790509546,9958332,12815728
1790509548,8892000,12815728
1790509550,8908040,12815728
1790509552,10199976,12815728
1790509554,10301372,12815728
1790509556,10372236,12815728
1790509558,9775112,12815728
1790509560,9334212,12815728
1790509562,10440980,12815728
1790509564,10477672,12815728
1790509566,10624444,12815728
1790509568,9388904,12815728
1790509570,10454128,12815728
1790509572,10491940,12815728
1790509574,10513700,12815728
1790509576,9150240,12815728
1790509578,9230488,12815728
1790509580,10419020,12815728
1790509582,10635612,12815728
1790509584,10647752,12815728
1790509586,8941752,12815728
1790509588,8873768,12815728
1790509590,10001660,12815728
1790509592,10069312,12815728
1790509594,9073276,12815728
1790509596,8984972,12815728
1790509598,10339160,12815728
1790509600,10383940,12815728
1790509602,10485640,12815728
1790509604,9334640,12815728
1790509606,10374592,12815728
1790509608,10390860,12815728
1790509610,10403488,12815728
1790509612,9246776,12815728
1790509614,9021864,12815728
1790509616,10307144,12815728
1790509618,10318916,12815756
1790509620,10563348,12815756
1790509622,9763348,12815756
1790509624,9340012,12815756
1790509626,10463460,12815756
1790509628,10482556,12815756
1790509630,9404192,12815756
1790509632,9367072,12815756
1790509634,8858956,12815756
1790509636,10145456,12815756
1790509638,10196652,12815756
1790509640,10428508,12815756
1790509642,10407908,12815756
1790509644,10490448,12815756
1790509646,10477860,12815756
1790509648,9421836,12815756
1790509650,9166128,12815756
1790509652,10400336,12815756
1790509654,10402792,12815756
1790509656,10491568,12815760
1790509658,9170060,12815760
1790509660,9235112,12815760
1790509662,10341136,12815760
1790509664,10380860,12815760
1790509666,10476640,12815760
1790509668,9320244,12815760
1790509670,10296360,12815760
1790509672,10417560,12815760
1790509674,10583940,12815760
1790509676,8847980,12815760
1790509678,9931720,12815760
1790509680,8869484,12815760
1790509682,10027768,12815760
1790509684,9355784,12815760
1790509686,8968284,12815760
1790509688,10258412,12815760
1790509690,10439580,12815760
1790509692,10524168,12815760
1790509694,9212780,12815760
1790509696,9372132,12815760
1790509698,10480252,12815760
1790509700,10481512,12815760
1790509702,10566612,12815760
1790509704,10547844,12815760
1790509706,10471820,12815760
1790509708,10464736,12815760
1790509710,10485060,12815760
1790509712,9326376,12815760
1790509714,9151556,12815760
1790509716,10349840,12815760
1790509718,10359100,12815760
1790509720,10432928,12815760
1790509722,8854000,12815760
1790509724,8712944,12815760
1790509726,9967508,12815760
1790509728,9972156,12815760
1790509730,9015688,12815760
1790509732,9041364,12815760
1790509734,10296196,12815760
1790509736,10384728,12815760
1790509738,10408472,12815760
1790509740,10148656,12815784
1790509742,10481864,12815784
1790509744,10486680,12815784
1790509746,10486316,12815784
1790509748,9409008,12815784
1790509750,9210876,12815784
1790509752,10414208,12815784
1790509754,10469832,12815784
1790509756,10546560,12815784
1790509758,9310204,12815784
1790509760,9337848,12815784
1790509762,10491400,12815784
1790509764,10487848,12815784
1790509766,9515892,12815784
1790509768,8940712,12815784
1790509770,8760696,12815784
1790509772,9969664,12815784
1790509774,10030732,12815784
1790509776,9984028,12815784
1790509778,10254548,12815784
1790509780,10264228,12815784
1790509782,10305592,12815784
1790509784,9302548,12815784
1790509786,9268984,12815784
1790509788,10376000,12815784
1790509790,10415152,12815784
1790509792,10446472,12815784
1790509794,9141932,12815784
1790509796,9285220,12815784
1790509798,10292340,12815784
1790509800,10520476,12815784
1790509802,10603072,12815784
1790509804,10374452,12815784
1790509806,10375380,12815784
1790509808,10414428,12815784
1790509810,10479768,12815788
1790509812,8949300,12815788
1790509814,9973140,12815788
1790509816,8865632,12815788
1790509818,10058980,12815788
1790509820,9306716,12815788
1790509822,8945928,12815788
1790509824,10350092,12815788
1790509826,10339948,12815788
1790509828,10372380,12815788
1790509830,9144876,12815788
1790509832,9236652,12815788
1790509834,10373068,12815788
1790509836,10395872,12815788
1790509838,10555300,12815788
1790509840,10120752,12815788
1790509842,10362236,12815788
1790509844,10357832,12815788
1790509846,10403744,12815788
1790509848,9308352,12815788
1790509850,9189336,12815788
1790509852,10326940,12815788
1790509854,10404352,12815788
1790509856,10414768,12815788
1790509858,8852700,12815788
1790509860,8809532,12815788
1790509862,9359612,12815788
1790509864,10132120,12815788
1790509866,9046296,12815788
1790509868,9035124,12815788
1790509870,10336656,12815788
1790509872,10362372,12815788
1790509874,10515764,12815788
1790509876,9998132,12815788
1790509878,10418492,12815788
1790509880,10422160,12815788
1790509882,10472372,12815788
1790509884,9417692,12815788
1790509886,9045056,12815788
1790509888,10476224,12815788
1790509890,10421512,12815788
1790509892,10436352,12815788
1790509894,9122384,12815788
1790509896,9265760,12815788
1790509898,10303636,12815788
1790509900,10404300,12815788
1790509902,9422984,12815788
1790509904,8850760,12815788
1790509906,8777796,12815788
1790509908,10046044,12815788
1790509910,10061640,12815788
1790509912,9607716,12815788
1790509914,10187148,12815788
1790509916,10270892,12815788
1790509918,10220540,12815792
1790509920,10002740,12815792
1790509922,9409352,12815792
1790509924,10409312,12815792
1790509926,10437996,12815792
1790509928,10495076,12815792
1790509930,9210900,12815792
1790509932,9239584,12815792
1790509934,10399728,12815792
1790509936,10466144,12815792
1790509938,10538548,12815792
1790509940,9941824,12815792
1790509942,10462996,12815792
1790509944,10520064,12815792
1790509946,10565068,12815792
1790509948,7412452,12815792
1790509950,7628628,12815792
1790509952,8308300,12815792
1790509954,8303508,12815792
1790509956,8327328,12815792
1790509958,8295648,12815792
1790509960,8319208,12815792
1790509962,8315228,12815792
1790509964,8347632,12815792
1790509966,8322012,12815792
1790509968,9703744,12815792
1790509970,6632700,12815792
1790509972,9906160,12803464
1790509974,8733216,12803464
1790509976,9903860,12803464
1790509978,8773808,12803464
1790509980,9611568,12803464
1790509982,11076676,12803464
1790509984,10675872,12803464
1790509986,9950268,12803464
1790509988,10347332,12803464
1790509990,10465476,12803464
1790509992,10534112,12803464
1790509994,9467464,12803464
1790509996,9412732,12803464
1790509998,10589616,12803464
1790510000,10582052,12803464
1790510002,10632280,12803464
1790510004,9363904,12803464
1790510006,9491752,12803464
1790510008,10482752,12803464
1790510010,10516912,12803464
1790510012,10569444,12803464
1790510014,10419048,12803464
1790510016,10460480,12803464
1790510018,10454080,12803464
1790510020,10493472,12803464
1790510022,9203424,12803464
1790510024,9993752,12803464
1790510026,9036628,12803464
1790510028,9985108,12803464
1790510030,9263196,12803464
1790510032,8883168,12803464
1790510034,10319324,12803464
1790510036,10347604,12803468
1790510038,10345936,12803468
1790510040,9120984,12803468
1790510042,9183500,12803468
1790510044,10415736,12803468
1790510046,10501864,12803468
1790510048,10559364,12803468
1790510050,10028360,12803468
1790510052,10433236,12803468
1790510054,10429324,12803468
1790510056,10475880,12803468
1790510058,9380848,12803468
1790510060,9284704,12803468
1790510062,10412172,12803468
1790510064,10493220,12803468
1790510066,10515240,12803468
1790510068,9241372,12803468
1790510070,8898452,12803468
1790510072,10001928,12803468
1790510074,10092292,12803468
1790510076,8957436,12803472
1790510078,8967492,12803472
1790510080,10398884,12803472
1790510082,10420332,12803472
1790510084,10473516,12803472
1790510086,10033716,12803472
1790510088,10519292,12803472
1790510090,10512956,12803472
1790510092,10516592,12803472
1790510094,9392012,12803472
1790510096,9275784,12803472
1790510098,10404672,12803476
1790510100,10614032,12803476
1790510102,10637556,12803476
1790510104,9242692,12803476
1790510106,9314376,12803476
1790510108,10567140,12803476
1790510110,10623700,12803476
1790510112,9211004,12803476
1790510114,9141536,12803476
1790510116,8865688,12803476
1790510118,10067052,12803476
1790510120,10213516,12803476
1790510122,9664816,12803476
1790510124,10272736,12803476
1790510126,10399364,12803476
1790510128,10409792,12803476
1790510130,9276508,12803476
1790510132,9106652,12803476
1790510134,10323992,12803476
1790510136,10374360,12803476
1790510138,10393820,12803476
1790510140,8952840,12803476
1790510142,9186380,12803476
1790510144,10332520,12803476
1790510146,10333040,12803476
1790510148,10472740,12803476
1790510150,10076888,12803476
1790510152,10384344,12803476
1790510154,10385596,12803476
1790510156,10426540,12803476
1790510158,8830344,12803492
1790510160,10021068,12803492
1790510162,8858152,12803492
1790510164,10004404,12803492
1790510166,9936012,12803492
1790510168,9330772,12803492
1790510170,10381320,12803492
1790510172,10432796,12803492
1790510174,10556824,12803492
1790510176,9008396,12803492
1790510178,9384236,12803492
1790510180,10528120,12803492
1790510182,10526128,12803492
1790510184,10595400,12803492
1790510186,10305744,12803492
1790510188,10465620,12803492
1790510190,10498900,12803492
1790510192,10523568,12803492
1790510194,9377664,12803492
1790510196,9117876,12803492
1790510198,10447476,12803492
1790510200,10447092,12803492
1790510202,10478464,12803492
1790510204,8919088,12803492
1790510206,8761120,12803492
1790510208,10007640,12803492
1790510210,10034332,12803492
1790510212,8977472,12803492
1790510214,9088224,12803492
1790510216,10327776,12803492
1790510218,10412708,12803496
1790510220,10481632,12803496
1790510222,10165820,12803496
1790510224,10469888,12803496
1790510226,10466672,12803496
1790510228,10510456,12803496
1790510230,9365796,12803496
1790510232,9152908,12803496
1790510234,10399300,12803496
1790510236,10454104,12803496
1790510238,10553396,12803496
1790510240,9254736,12803496
1790510242,9330432,12803496
1790510244,10441752,12803496
1790510247,10518296,12803496
1790510249,9305672,12803496
1790510251,8817236,12803496
1790510253,8874656,12803496
1790510255,9967844,12803496
1790510257,10037984,12803496
1790510259,10093800,12803496
1790510261,10318136,12803496
1790510263,10331924,12803496
1790510265,10402252,12803496
1790510267,9275912,12803496
1790510269,9115088,12803496
1790510271,10422340,12803496
1790510273,10414460,12803496
1790510275,10451816,12803496
1790510277,9070840,12803496
1790510279,9251864,12803500
1790510281,10519956,12803500
1790510283,10559300,12803500
1790510285,10659928,12803500
1790510287,10542500,12803500
1790510289,10554728,12803504
1790510291,10555564,12803504
1790510293,10618396,12803504
1790510295,8997820,12803504
1790510297,10021452,12803504
1790510299,8862860,12803504
1790510301,10054456,12803504
1790510303,9361208,12803504
1790510305,9016664,12803504
1790510307,10456156,12803504
1790510309,10362204,12803504
1790510311,10396136,12803504
1790510313,9181596,12803504
1790510315,9195680,12803504
1790510317,10340528,12803504
1790510319,10338340,12803504
1790510321,10471776,12803504
1790510323,10371084,12803504
1790510325,10294016,12803504
1790510327,10339428,12803504
1790510329,10378936,12803504
1790510331,9275572,12803504
1790510333,9110024,12803504
1790510335,10336616,12803504
1790510337,10338632,12803504
1790510339,10407876,12803512
1790510341,8900388,12803512
1790510343,8822560,12803512
1790510345,10104000,12803512
1790510347,10104664,12803512
1790510349,9035396,12803512
1790510351,9124072,12803512
1790510353,10379008,12803512
1790510355,10500728,12803512
1790510357,10551920,12803512
1790510359,10610012,12803512
1790510361,10531424,12803512
1790510363,10583212,12803512
1790510365,10584596,12803512
1790510367,9466148,12803512
1790510369,9164188,12803512
1790510371,10392656,12803512
1790510373,10444224,12803512
1790510375,10491144,12803512
1790510377,9247808,12803512
1790510379,9270000,12803512
1790510381,10421584,12803512
1790510383,10408064,12803512
1790510385,9336324,12803512
1790510387,8889496,12803512
1790510389,8726168,12803516
1790510391,9930200,12803516
1790510393,10021100,12803516
1790510395,10200084,12803516
1790510397,10165128,12803516
1790510399,10218384,12803516
1790510401,10466176,12803516
1790510403,9368600,12803516
1790510405,9245128,12803516
1790510407,10399988,12803516
1790510409,10421980,12803516
1790510411,10449440,12803516
1790510413,9211820,12803516
1790510415,9263808,12803516
1790510417,10454516,12803516
1790510419,10467564,12803516
1790510421,10515444,12803516
1790510423,10520068,12803516
1790510425,10398628,12803516
1790510427,10420304,12803516
1790510429,10384576,12803516
1790510431,8802680,12803516
1790510433,10064260,12803516
1790510435,8802536,12803516
1790510437,10056192,12803516
1790510439,9308792,12803516
1790510441,8803488,12803516
1790510443,10424888,12803516
1790510445,10421596,12803516
1790510447,10470212,12803516
1790510449,9200948,12803516
1790510451,9342212,12803516
1790510453,10459868,12803516
1790510455,10494500,12803516
1790510457,10538288,12803516
1790510459,9705236,12803516
1790510461,10468240,12803516
1790510463,10495088,12803516
1790510465,10577812,12803516
1790510467,9289208,12803516
1790510469,9261100,12803516
1790510471,10539056,12803516
1790510473,10553488,12803516
1790510475,7853660,12803516
1790510477,7586516,12803516
1790510479,8422204,12803516
1790510481,8412184,12803516
1790510483,8427756,12803516
1790510485,8359120,12803516
1790510487,8473648,12803516
1790510489,8568340,12803516
1790510491,8345088,12803516
1790510493,8336676,12803516
1790510495,8790344,12803516
1790510497,9771804,12803520
1790510499,4926672,12803520
1790510501,9811748,12803520
1790510503,8787008,12803520
1790510505,8700052,12803520
1790510507,10226712,12803520
1790510509,11095964,12803520
1790510511,11164700,12803520
1790510513,8905192,12803520
1790510515,9077268,12803520
1790510517,10298288,12803520
1790510519,10310912,12803520
1790510521,10498552,12803520
1790510523,9888016,12803520
1790510525,10427500,12803520
1790510527,10561792,12803520
1790510529,10559064,12803520
1790510531,10602224,12803520
1790510533,9436080,12803520
1790510535,10484168,12803520
1790510537,10486832,12803520
1790510539,10571712,12803520
1790510541,9275804,12803520
1790510543,9332040,12803520
1790510545,10563348,12803520
1790510547,10567972,12803520
1790510549,9343448,12803520
1790510551,8901808,12803520
1790510553,8789472,12803520
1790510555,10024628,12803520
1790510557,10018544,12803520
1790510559,9657464,12803520
1790510561,10227924,12803520
1790510563,10370896,12803520
1790510565,10389420,12803520
1790510567,10459752,12803520
1790510569,9327152,12803520
1790510571,10430232,12803520
1790510573,10447484,12803520
1790510575,10445764,12803520
1790510577,9208072,12803520
1790510579,9261108,12803524
1790510581,10429644,12803524
1790510583,10466980,12803524
1790510585,10583376,12803524
1790510587,10113288,12803524
1790510589,10452196,12803524
1790510591,10502756,12803524
1790510593,10585736,12803524
1790510595,8965784,12803524
1790510597,10088484,12803524
1790510599,8846360,12803524
1790510601,10054948,12803524
1790510603,10127984,12803524
1790510605,9369340,12803524
1790510607,10387132,12803524
1790510609,10326004,12803524
1790510611,10338744,12803524
1790510613,9168796,12803524
1790510615,9227640,12803524
1790510617,10371108,12803524
1790510619,10444552,12803524
1790510621,10481388,12803524
1790510623,9859496,12803524
1790510625,10345748,12803524
1790510627,10428660,12803524
1790510629,10472376,12803524
1790510631,9323396,12803524
1790510633,9337064,12803524
1790510635,10264648,12803524
1790510637,10357008,12803524
1790510639,10421624,12803524
1790510641,8947676,12803524
1790510643,8839776,12803524
1790510645,9129096,12803524
1790510647,10049708,12803524
1790510649,9041640,12803524
1790510651,8898740,12803524
1790510653,10270912,12803524
1790510655,10490836,12803524
1790510657,10527344,12803524
1790510659,9789168,12803524
1790510661,10527388,12803524
1790510663,10524424,12803524
1790510665,10522264,12803524
1790510667,9421124,12803524
1790510669,9341660,12803524
1790510671,10315748,12803524
1790510673,10357900,12803524
1790510675,10484152,12803524
1790510677,9048892,12803524
1790510679,9279944,12803524
1790510681,10352860,12803524
1790510683,10391296,12803524
1790510685,9383512,12803524
1790510687,8855208,12803524
1790510689,8748240,12803524
1790510691,10037096,12803524
1790510693,10027716,12803524
1790510695,9693772,12803524
1790510697,10301856,12803524
1790510699,10378944,12803524
1790510701,10456568,12803524
1790510703,9814020,12803524
1790510705,9407528,12803524
1790510707,10422664,12803524
1790510709,10424896,12803524
1790510711,10591752,12803524
1790510713,9270044,12803524
1790510715,9339016,12803524
1790510717,10426120,12803524
1790510719,10442356,12803524
1790510721,10519968,12803524
1790510723,10108244,12803524
1790510725,10474404,12803524
1790510727,10474028,12803524
1790510729,10420360,12803524
1790510731,9003176,12803524
1790510733,9980820,12803524
1790510735,8764260,12803524
1790510737,9960152,12803524
1790510739,10046160,12803524
1790510741,9287308,12803524
1790510743,10232604,12803524
1790510745,10283624,12803524
1790510747,10410980,12803524
1790510749,9037772,12803524
1790510751,9294976,12803524
1790510753,10423508,12803524
1790510755,10452976,12803524
1790510757,10452516,12803524
1790510759,10012336,12803524
1790510761,10453864,12803524
1790510763,10526616,12803524
1790510765,10514864,12803524
1790510767,9393892,12803524
1790510769,9179604,12803524
1790510771,10411332,12803524
1790510773,10462064,12803524
1790510775,10614036,12803524
1790510777,9236204,12803524
1790510779,9026964,12803524
1790510781,9427476,12803524
1790510783,10114008,12803524
1790510785,9110692,12803524
1790510787,9145036,12803524
1790510789,10262100,12803524
1790510791,10400236,12803524
1790510793,10463956,12803524
1790510795,10058708,12803524
1790510797,10419040,12803524
1790510799,10413548,12803524
1790510801,10440064,12803524
1790510803,9329440,12803524
1790510805,9113796,12803524
1790510807,10336980,12803524
1790510809,10406636,12803524
1790510811,10502084,12803524
1790510813,9240964,12803524
1790510815,9157896,12803524
1790510817,10416452,12803524
1790510819,10443376,12803524
1790510821,9177664,12803524
1790510823,8956024,12803524
1790510825,8842756,12803524
1790510827,10048912,12803524
1790510829,10085480,12803524
1790510831,9804180,12803524
1790510833,10400492,12803524
1790510835,10418092,12803524
1790510837,10466708,12803524
1790510839,10512976,12803524
1790510841,9427760,12803524
1790510843,10476356,12803524
1790510845,10529668,12803528
1790510847,10595396,12803528
1790510849,9131732,12803528
1790510851,9243716,12803528
1790510853,10379740,12803528
1790510855,10427008,12803528
1790510857,10481072,12803528
1790510859,10012248,12803528
1790510861,10331260,12803528
1790510863,10397388,12803528
1790510865,10481920,12803528
1790510867,9094944,12803528
1790510869,10001236,12803528
1790510871,8852588,12803528
1790510873,10012900,12803528
1790510875,10137552,12803528
1790510877,9300108,12803528
1790510879,10249132,12803528
1790510881,10468108,12803528
1790510883,10490012,12803528
1790510885,9206628,12803528
1790510887,9248224,12803528
1790510889,10513260,12803528
1790510891,10514304,12803528
1790510893,10546660,12803528
1790510895,10109704,12803528
1790510897,10499628,12803528
1790510899,10549448,12803528
1790510901,10654732,12803528
1790510903,9422772,12803528
1790510905,9129656,12803528
1790510907,10457036,12803528
1790510909,10428432,12803528
1790510911,10487772,12803528
1790510913,8861404,12803528
1790510915,8803500,12803528
1790510917,9319656,12803528
1790510919,10086852,12803528
1790510921,9021128,12803528
1790510923,9047328,12803528
1790510925,10341888,12803528
1790510927,10348748,12803528
1790510929,10398388,12803528
1790510931,9970732,12803528
1790510933,10299372,12803528
1790510935,10373752,12803528
1790510937,10450436,12803528
1790510939,9307680,12803528
1790510941,9162468,12803528
1790510943,10465984,12803528
1790510945,10545852,12803528
1790510947,10612768,12803528
1790510949,9308020,12803528
1790510951,9261988,12803528
1790510953,10438404,12803528
1790510955,10525156,12803528
1790510957,9328408,12803528
1790510959,8952104,12803528
1790510961,8874184,12803528
1790510963,10090032,12803528
1790510966,10138016,12803528
1790510968,9743456,12803528
1790510970,10271340,12803528
1790510972,10313736,12803528
1790510974,10414424,12803528
1790510976,9661264,12803528
1790510978,9314104,12803528
1790510980,10358964,12803528
1790510982,10432284,12803528
1790510984,10506560,12803528
1790510986,9144660,12803528
1790510988,9255720,12803528
1790510990,10349964,12803528
1790510992,10419724,12803528
1790510994,10522148,12803528
1790510996,10031152,12803528
1790510998,10439340,12803532
1790511000,10535668,12803532
1790511002,10589456,12803532
1790511004,8960472,12803532
1790511006,10198760,12803532
1790511008,8865684,12803532
1790511010,10162356,12803532
1790511012,10311100,12803532
1790511014,9389200,12803532
1790511016,10331000,12803532
1790511018,10435540,12803532
1790511020,10515996,12803532
1790511022,9205412,12803532
1790511024,9301888,12803532
1790511026,10497816,12803532
1790511028,10515564,12803532
1790511030,10465920,12803532
1790511032,10023432,12803532
1790511034,10350536,12803532
1790511036,10382824,12803532
1790511038,10430536,12803532
1790511040,9304852,12803532
1790511042,9312204,12803532
1790511044,10387812,12803532
1790511046,10407544,12803532
1790511048,7884016,12803532
1790511050,7426968,12803532
1790511052,7616868,12803532
1790511054,8593748,12803532
1790511056,8311900,12803532
1790511058,8271228,12803532
1790511060,8504216,12803532
1790511062,8431816,12803532
1790511064,8515608,12803532
1790511066,8430080,12803532
1790511068,8677836,12803532
1790511070,9817596,12803532
1790511072,3218736,12803532
1790511074,9888100,12803532
1790511076,8847684,12803532
1790511078,8829692,12803532
1790511080,9241392,12803532
1790511082,11056048,12803532
1790511084,11116084,12803532
1790511086,9365688,12803532
1790511088,8850284,12803532
1790511090,10231860,12803532
1790511092,10269756,12803532
1790511094,10381472,12803532
1790511096,9043300,12803532
1790511098,9289380,12803532
1790511100,10458428,12803532
1790511102,10456984,12803532
1790511104,10507860,12803532
1790511106,9365392,12803532
1790511108,10461100,12803532
1790511110,10467392,12803532
1790511112,10480476,12803532
1790511114,9236880,12803532
1790511116,9166012,12803532
1790511118,10435408,12803532
1790511120,10546664,12803532
1790511122,10587876,12803532
1790511124,8965604,12803532
1790511126,8882656,12803532
1790511128,10118128,12803532
1790511130,10116816,12803532
1790511132,9052152,12803532
1790511134,9118144,12803532
1790511136,10399248,12803532
1790511138,10468108,12803532
1790511140,10497692,12803548
1790511142,10398544,12803548
1790511144,10482520,12803548
1790511146,10488748,12803572
1790511148,10512288,12803572
1790511150,9292036,12803572
1790511152,9130688,12803572
1790511154,10423532,12803572
1790511156,10457468,12803572
1790511158,10514056,12803572
1790511160,9232256,12803572
1790511162,9252360,12803572
1790511164,10437660,12803572
1790511166,10472168,12803572
1790511168,9371016,12803572
1790511170,8849860,12803572
1790511172,8732484,12803572
1790511174,9946980,12803572
1790511176,10089640,12803572
1790511178,10096620,12803580
1790511180,10360996,12803580
1790511182,10406916,12803580
1790511184,10449136,12803580
1790511186,9386904,12803580
1790511188,9294580,12803580
1790511190,10429940,12803580
1790511192,10439032,12803580
1790511194,10495892,12803580
1790511196,9289448,12803596
1790511198,9367672,12803596
1790511200,10498072,12803596
1790511202,10547972,12803596
1790511204,10586700,12803596
1790511206,10479384,12803596
1790511208,10531744,12803596
1790511210,10448148,12803596
1790511212,10488388,12803596
1790511214,8874160,12803596
1790511216,9898200,12803596
1790511218,8827668,12803596
1790511220,10042380,12803596
1790511222,9299228,12803596
1790511224,8635680,12803596
1790511226,10344168,12803596
1790511228,10433916,12803596
1790511230,10457620,12803596
1790511232,9114664,12803596
1790511234,9324844,12803596
1790511236,10449472,12803596
1790511238,10454876,12803596
1790511240,10566548,12803596
1790511242,10453100,12803596
1790511244,10441064,12803596
1790511246,10456744,12803596
1790511248,10534268,12803596
1790511250,9407432,12803596
1790511252,9268060,12803596
1790511254,10520508,12803596
1790511256,10520632,12803596
1790511258,10576044,12803596
1790511260,8957812,12803596
1790511262,8876688,12803596
1790511264,10050160,12803596
1790511266,10067912,12803596
1790511268,9010056,12803596
1790511270,8869240,12803596
1790511272,10262820,12803596
1790511274,10332768,12803596
1790511276,10455956,12803596
1790511278,10291864,12803596
1790511280,10384356,12803596
1790511282,10396836,12803596
1790511284,10463696,12803596
1790511286,9335660,12803596
1790511288,9182920,12803596
1790511290,10378784,12803596
1790511292,10408628,12803596
1790511294,10453852,12803596
1790511296,9157224,12803596
1790511298,9315024,12803596
1790511300,10400868,12803596
1790511302,10525472,12803596
1790511304,9488572,12803596
1790511306,8957096,12803596
1790511308,8913568,12803596
1790511310,10070264,12803596
1790511312,10114708,12803596
1790511314,10307896,12803596
1790511316,10359176,12803596
1790511318,10408132,12803596
1790511320,10522784,12803596
1790511322,9394080,12803596
1790511324,9309576,12803596
1790511326,10539300,12803596
1790511328,10532076,12803596
1790511330,10468440,12803596
1790511332,9106976,12803596
1790511334,9306048,12803596
1790511336,10365524,12803596
1790511338,10368388,12803596
1790511340,10494180,12803596
1790511342,9307668,12803596
1790511344,10362416,12803596
1790511346,10377824,12803596
1790511348,10410384,12803596
1790511350,8881020,12803596
1790511352,9865832,12803596
1790511354,8788684,12803596
1790511356,10038080,12803596
1790511358,9317708,12803596
1790511360,8749352,12803596
1790511362,10368640,12803596
1790511364,10460820,12803596
1790511366,10517812,12803596
1790511368,9332256,12803596
1790511370,9421736,12803596
1790511372,10507304,12803596
1790511374,10531640,12803596
1790511376,10610924,12803596
1790511378,9417296,12803596
1790511380,10465180,12803596
1790511382,10474708,12803596
1790511384,10573624,12803596
1790511386,9366376,12803596
1790511388,9133392,12803596
1790511390,10350272,12803596
1790511392,10395956,12803596
1790511394,10445876,12803596
1790511396,8875856,12803596
1790511398,8797084,12803596
1790511400,9999196,12803596
1790511402,10037720,12803596
1790511404,9030164,12803596
1790511406,9088604,12803596
1790511408,10340736,12803596
1790511410,10367940,12803596
1790511412,10440036,12803596
1790511414,9764360,12803596
1790511416,10358596,12803596
1790511418,10361060,12803596
1790511420,10525232,12803596
1790511422,9189096,12803596
1790511424,9285156,12803596
1790511426,10494044,12803596
1790511428,10537684,12803596
1790511430,10550824,12803596
1790511432,9323332,12803596
1790511434,9383756,12803596
1790511436,10491936,12803596
1790511438,10532164,12803596
1790511440,9504344,12803596
1790511442,8935268,12803596
1790511444,8858304,12803596
1790511446,10097308,12803596
1790511448,10103796,12803596
1790511450,10253112,12803596
1790511452,10302632,12803596
1790511454,10436048,12803596
1790511456,10438940,12803596
1790511458,9332252,12803596
1790511460,9233964,12803596
1790511462,10445208,12803596
1790511464,10448000,12803596
1790511466,10504016,12803596
1790511468,9099976,12803596
1790511470,9334000,12803596
1790511472,10424648,12803596
1790511474,10510920,12803596
1790511476,10575172,12803596
1790511478,10360256,12803596
1790511480,10488628,12803596
1790511482,10510024,12803596
1790511484,10519128,12803596
1790511486,9212768,12803596
1790511488,10001376,12803596
1790511490,9118196,12803596
1790511492,10064152,12803596
1790511494,9379576,12803596
1790511496,8747836,12803596
1790511498,10419716,12803596
1790511500,10502328,12803596
1790511502,10527016,12803596
1790511504,9351612,12803596
1790511506,9329512,12803596
1790511508,10382368,12803596
1790511510,10478808,12803596
1790511512,10529228,12803596
1790511514,10424284,12803596
1790511516,10452248,12803596
1790511518,10451852,12803596
1790511520,10500340,12803596
1790511522,9275032,12803596
1790511524,9182500,12803596
1790511526,10461624,12803596
1790511528,10460760,12803596
1790511530,10521020,12803596
1790511532,9118136,12803596
1790511534,8921408,12803596
1790511536,9988452,12803596
1790511538,10016984,12803596
1790511540,9147356,12803596
1790511542,9032820,12803596
1790511544,10409680,12803596
1790511546,10477744,12803596
1790511548,10558304,12803596
1790511550,10471016,12803596
1790511552,10467192,12803596
1790511554,10489864,12803596
1790511556,10567116,12803596
1790511558,9423876,12803596
1790511560,9286020,12803596
1790511562,10527408,12803596
1790511564,10507824,12803596
1790511566,10562608,12803596
1790511568,9205188,12803596
1790511570,9330640,12803596
1790511572,10420044,12803596
1790511574,10473880,12803596
1790511576,9243916,12803648
1790511578,8964288,12803744
1790511580,8838456,12803744
1790511582,9988336,12803744
1790511584,10079716,12803776
1790511586,10270196,12803776
1790511588,10252828,12803776
1790511590,10349492,12803776
1790511592,10379820,12803776
1790511594,9259196,12803776
1790511596,9178436,12803776
1790511598,10368372,12803776
1790511600,10543220,12803776
1790511602,10609920,12803776
1790511604,9407400,12803776
1790511606,9424568,12803776
1790511608,10472004,12803776
1790511610,10583524,12803776
1790511612,10630272,12803776
1790511614,9446272,12803776
1790511616,10530576,12803776
1790511618,10529624,12803776
1790511620,7991156,12803776
1790511622,7442704,12803776
1790511624,7798604,12803776
1790511626,8409832,12803776
1790511628,8457984,12803776
1790511630,8318672,12803776
1790511632,8406860,12803776
1790511634,8334144,12803776
1790511636,8327160,12803776
1790511638,8332376,12803776
1790511640,8405212,12803776
1790511642,9640432,12803776
1790511644,4669688,12803776
1790511646,9693624,12803776
1790511648,8772892,12803776
1790511650,9958536,12803776
1790511652,8823708,12803776
1790511654,9627004,12803776
1790511656,11231952,12803776
1790511658,10621816,12803776
1790511660,9425404,12803776
1790511662,10504252,12803776
1790511664,10532976,12803776
1790511666,10543532,12803776
1790511668,9333732,12803776
1790511670,9322948,12803776
1790511672,10506836,12803776
1790511674,10517436,12803776
1790511676,10596744,12803776
1790511678,9998280,12803776
1790511681,10434336,12803776
1790511683,10437300,12803776
1790511685,10584164,12803776
1790511687,9443972,12803776
1790511689,9333948,12803780
1790511691,10407260,12803780
1790511693,10431984,12803780
1790511695,10483612,12803780
1790511697,8882436,12803780
1790511699,8709632,12803780
1790511701,9059148,12803780
1790511703,9990244,12803780
1790511705,9042164,12803780
1790511707,8903992,12803780
1790511709,10323576,12803780
1790511711,10334136,12803780
1790511713,10403012,12803780
1790511715,9874436,12803780
1790511717,10355452,12803780
1790511719,10399020,12803780
1790511721,10526672,12803780
1790511723,9909956,12803780
1790511725,9430216,12803780
1790511727,10444568,12803780
1790511729,10496592,12803780
1790511731,10544756,12803780
1790511733,9266404,12803780
1790511735,9322088,12803780
1790511737,10446000,12803780
1790511739,10507244,12803780
1790511741,9644676,12803780
1790511743,8947020,12803780
1790511745,8859056,12803780
1790511747,10033560,12803780
1790511749,10031456,12803780
1790511751,9796188,12803780
1790511753,10260392,12803780
1790511755,10250056,12803780
1790511757,10335256,12803780
1790511759,10442440,12803780
1790511761,9328312,12803780
1790511763,10369040,12803780
1790511765,10384232,12803780
1790511767,10416428,12803780
1790511769,9203244,12803780
1790511771,9207924,12803780
1790511773,10467940,12803780
1790511775,10507476,12803780
1790511777,10536460,12803780
1790511779,10092908,12803784
1790511781,10409668,12803784
1790511783,10416128,12803784
1790511785,10521092,12803784
1790511787,8950840,12803784
1790511789,10067120,12803784
1790511791,8942076,12803784
1790511793,10121652,12803784
1790511795,10230624,12803784
1790511797,9376168,12803784
1790511799,10349832,12803784
1790511801,10391520,12803784
1790511803,10473280,12803784
1790511805,9122172,12803784
1790511807,9294624,12803784
1790511809,10390188,12803784
1790511811,10406100,12803784
1790511813,10521624,12803784
1790511815,9786812,12803784
1790511817,9281308,12803784
1790511819,10410692,12803784
1790511821,10526816,12803784
1790511823,10574388,12803784
1790511825,9344256,12803784
1790511827,10387240,12803784
1790511829,10423744,12803784
1790511831,10474320,12803784
1790511833,8880480,12803784
1790511835,8765004,12803784
1790511837,8781980,12803784
1790511839,9947688,12803784
1790511841,9305988,12803784
1790511843,8893796,12803784
1790511845,10363468,12803784
1790511847,10409920,12803784
1790511849,10495584,12803784
1790511851,9730604,12803784
1790511853,9300968,12803784
1790511855,10470372,12803784
1790511857,10530092,12803784
1790511859,10630252,12803784
1790511861,9437040,12803784
1790511863,10486208,12803784
1790511865,10477108,12803784
1790511867,10550688,12803784
1790511869,9208324,12803784
1790511871,9217760,12803784
1790511873,10341692,12803784
1790511875,10437820,12803784
1790511877,10557216,12803784
1790511879,8865064,12803784
1790511881,8768740,12803784
1790511883,10081048,12803784
1790511885,10114828,12803784
1790511887,9258292,12803784
1790511889,9094484,12803784
1790511891,10384020,12803784
1790511893,10491656,12803784
1790511895,10517572,12803784
1790511897,9327708,12803784
1790511899,10423880,12803784
1790511901,10527392,12803784
1790511903,10520260,12803784
1790511905,9147260,12803784
1790511907,9270316,12803784
1790511909,10490496,12803784
1790511911,10532880,12803784
1790511913,10568772,12803784
1790511915,9924680,12803784
1790511917,9332256,12803784
1790511919,10463656,12803784
1790511921,10561720,12803784
1790511923,8956264,12803784
1790511925,10086684,12803784
1790511927,8849628,12803784
1790511929,9966484,12803784
1790511931,9993448,12803784
1790511933,9273112,12803784
1790511935,10286340,12803784
1790511937,10292960,12803784
1790511939,10342988,12803784
1790511941,9094872,12803784
1790511943,9173632,12803784
1790511945,10333704,12803784
1790511947,10400824,12803784
1790511949,10498656,12803784
1790511951,9862592,12803784
1790511953,9227200,12803784
1790511955,10398852,12803784
1790511957,10441088,12803784
1790511959,10515216,12803788
1790511961,9422196,12803788
1790511963,10442088,12803788
1790511965,10445132,12803788
1790511967,10519912,12803788
1790511969,8959420,12803788
1790511971,8852624,12803788
1790511973,8838636,12803788
1790511975,9983772,12803788
1790511977,8958812,12803788
1790511979,8889732,12803788
1790511981,10299492,12803788
1790511983,10387936,12803788
1790511985,10487136,12803788
1790511987,9888396,12803788
1790511989,10376416,12803788
1790511991,10371088,12803788
1790511993,10371608,12803788
1790511995,10522332,12803788
1790511997,9328936,12803788
1790511999,10362876,12803788
1790512001,10391872,12803796
1790512003,10413716,12803796
1790512005,9259176,12803796
1790512007,9195576,12803796
1790512009,10388084,12803796
1790512011,10422948,12803796
1790512013,9760524,12803796
1790512015,8882260,12803796
1790512017,8720572,12803796
1790512019,10077772,12803800
1790512021,10140144,12803800
1790512023,9726308,12803800
1790512025,9318284,12803800
1790512027,10446712,12803800
1790512029,10440924,12803800
1790512031,10462820,12803800
1790512033,9408524,12803800
1790512035,10390160,12803800
1790512037,10453000,12803800
1790512039,10512472,12803800
1790512041,9225512,12803800
1790512043,9269176,12803800
1790512045,10443192,12803800
1790512047,10443512,12803800
1790512049,10432880,12803800
1790512051,9847952,12803800
1790512053,9251724,12803800
1790512055,10455152,12803800
1790512057,10486804,12803800
1790512059,8901316,12803800
1790512061,9820008,12803800
1790512063,8803640,12803800
1790512065,9985784,12803800
1790512067,10052748,12803800
1790512069,9260008,12803800
1790512071,10101116,12803800
1790512073,10251540,12803800
1790512075,10322444,12803800
1790512077,9099020,12803800
1790512079,9150676,12803800
1790512081,10491156,12803800
1790512083,10469100,12803800
1790512085,10477812,12803800
1790512087,9828748,12803800
1790512089,10448796,12803800
1790512091,10451920,12803800
1790512093,10458804,12803800
1790512095,10531584,12803800
1790512097,9408880,12803800
1790512099,10384400,12803800
1790512101,10486204,12803800
1790512103,10606764,12803800
1790512105,8961704,12803800
1790512107,8850748,12803800
1790512109,8914052,12803800
1790512111,10022828,12803800
1790512113,9044752,12803800
1790512115,8816068,12803800
1790512117,10323240,12803800
1790512119,10330008,12803800
1790512121,10431488,12803800
1790512123,9826268,12803800
1790512125,10373888,12803800
1790512127,10372640,12803800
1790512129,10395936,12803800
1790512131,10441736,12803800
1790512133,9343388,12803800
1790512135,10373736,12803800
1790512137,10374252,12803800
1790512139,10474184,12803804
1790512141,9315212,12803804
1790512143,9270888,12803804
1790512145,10444516,12803804
1790512147,10472164,12803804
1790512149,10552100,12803804
1790512151,8915712,12803804
1790512153,8757584,12803804
1790512155,10036984,12803804
1790512157,10049068,12803804
1790512159,9091608,12803804
1790512161,9071788,12803804
1790512163,10465540,12803804
1790512165,10466536,12803804
1790512167,10492792,12803804
1790512169,9321572,12803804
1790512171,10373248,12803804
1790512173,10411684,12803804
1790512175,10442640,12803804
1790512177,9170332,12803804
1790512179,9176012,12803804
1790512181,10337056,12803804
1790512183,10397792,12803804
1790512185,10479064,12803804
1790512187,9732376,12803804
1790512189,10358384,12803804
1790512191,10431660,12803804
1790512193,10431048,12803804
1790512195,7342784,12803804
1790512197,7657028,12803804
1790512199,8510012,12803804
1790512201,8590952,12803804
1790512203,8433500,12803808
1790512205,8575732,12803808
1790512207,8374384,12803808
1790512209,8413228,12803808
1790512211,8560756,12803808
1790512213,8382776,12803808
1790512215,9848452,12803808
1790512217,6847532,12803808
1790512219,9753900,12803808
1790512221,9185296,12803808
1790512223,10049724,12803808
1790512225,9132536,12803808
1790512227,9592672,12803808
1790512229,11120240,12803808
1790512231,10524904,12803808
1790512233,9987452,12803808
1790512235,10228832,12803808
1790512237,10329484,12803808
1790512239,10415688,12803808
1790512241,9319720,12803808
1790512243,9192420,12803808
1790512245,10426080,12803808
1790512247,10474108,12803808
1790512249,10516832,12803808
1790512251,9226480,12803808
1790512253,9326848,12803808
1790512255,10434136,12803808
1790512257,10530876,12803808
1790512259,10523544,12803808
1790512261,10356184,12803808
1790512263,10493052,12803808
1790512265,10497876,12803808
1790512267,10548144,12803808
1790512269,8965964,12803808
1790512271,9946804,12803808
1790512273,8805156,12803808
1790512275,10051804,12803808
1790512277,9319116,12803808
1790512279,9080488,12803808
1790512281,10398144,12803808
1790512283,10395048,12803808
1790512285,10447128,12803808
1790512287,9194800,12803808
1790512289,9205320,12803808
1790512291,10400428,12803808
1790512293,10419012,12803808
1790512295,10459476,12803808
1790512297,10422000,12803808
1790512299,10349600,12803828
1790512301,10396404,12803828
1790512303,10469992,12803828
1790512305,9318580,12803828
1790512307,9173004,12803828
1790512309,10353624,12803828
1790512311,10375520,12803828
1790512313,10508744,12803828
1790512315,8846776,12803828
1790512317,8770472,12803828
1790512319,9975960,12803828
1790512321,10070948,12803828
1790512323,8896528,12803828
1790512325,9223196,12803828
1790512327,10354972,12803828
1790512329,10428788,12803828
1790512331,10525292,12803828
1790512333,10311888,12803828
1790512335,10426980,12803828
1790512337,10497812,12803828
1790512339,10497784,12803828
1790512341,9372904,12803828
1790512343,9193512,12803828
1790512345,10417044,12803828
1790512347,10470000,12803828
1790512349,10501124,12803828
1790512351,9198072,12803828
1790512353,9299300,12803828
1790512355,10432080,12803828
1790512357,10505588,12803828
1790512359,9487060,12803828
1790512361,8859404,12803828
1790512363,8804904,12803828
1790512365,10003768,12803828
1790512367,10122548,12803828
1790512369,10050680,12803828
1790512371,10282680,12803828
1790512373,10369780,12803828
1790512375,10383600,12803828
1790512377,9303024,12803828
1790512379,9171468,12803828
1790512381,10552840,12803828
1790512383,10551580,12803828
1790512385,10555788,12803828
1790512387,9255844,12803828
1790512389,9339784,12803828
1790512391,10505644,12803828
1790512393,10558104,12803828
1790512395,10584956,12803828
1790512397,10243084,12803828
1790512399,10457924,12803828
1790512401,10458392,12803828
1790512404,10584360,12803828
1790512406,8959516,12803828
1790512408,10040872,12803828
1790512410,8818664,12803828
1790512412,9994368,12803828
1790512414,9287884,12803828
1790512416,8692568,12803828
1790512418,10344520,12803828
1790512420,10358888,12803828
1790512422,10426692,12803828
1790512424,9116940,12803828
1790512426,9193308,12803828
1790512428,10421868,12803828
1790512430,10421388,12803828
1790512432,10466608,12803828
1790512434,9325564,12803828
1790512436,10396928,12803828
1790512438,10402488,12803828
1790512440,10540168,12803828
1790512442,9326168,12803828
1790512444,9167532,12803828
1790512446,10456488,12803828
1790512448,10480384,12803828
1790512450,10537852,12803828
1790512452,8915268,12803828
1790512454,8843480,12803828
1790512456,10103436,12803828
1790512458,10160820,12803828
1790512460,9045172,12803828
1790512462,9115336,12803828
1790512464,10430500,12803828
1790512466,10515976,12803828
1790512468,10517628,12803828
1790512470,9319328,12803828
1790512472,10433460,12803828
1790512474,10437524,12803828
1790512476,10457868,12803828
1790512478,9128268,12803828
1790512480,9183452,12803828
1790512482,10310796,12803828
1790512484,10398060,12803828
1790512486,10502568,12803828
1790512488,9814780,12803828
1790512490,9278880,12803828
1790512492,10398528,12803828
1790512494,10461428,12803828
1790512496,9276180,12803828
1790512498,9707868,12803828
1790512500,8824900,12803828
1790512502,10066592,12803828
1790512504,10247972,12803828
1790512506,9413720,12803828
1790512508,10385108,12803828
1790512510,10463152,12803828
1790512512,10468884,12803828
1790512514,9368164,12803828
1790512516,9208244,12803828
1790512518,10459672,12803832
1790512520,10470724,12803832
1790512522,10531280,12803832
1790512524,9882808,12803832
1790512526,9365568,12803832
1790512528,10493240,12803832
1790512530,10408172,12803832
1790512532,10496576,12803832
1790512534,9306784,12803832
1790512536,10402896,12803832
1790512538,10402852,12803832
1790512540,10448320,12803832
1790512542,8830920,12803832
1790512544,8654236,12803832
1790512546,8792752,12803832
1790512548,9947404,12803832
1790512550,9178968,12803832
1790512552,8738880,12803832
1790512554,10271652,12803832
1790512556,10356088,12803832
1790512558,10398688,12803832
1790512560,9658148,12803832
1790512562,9329116,12803832
1790512564,10464620,12803832
1790512566,10510224,12803832
1790512568,10568372,12803832
1790512570,9413192,12803832
1790512572,10424660,12803832
1790512574,10511496,12803832
1790512576,10603436,12803832
1790512578,9219252,12803832
1790512580,9308028,12803832
1790512582,10408928,12803832
1790512584,10480404,12803832
1790512586,10507936,12803832
1790512588,8944552,12803832
1790512590,8744120,12803832
1790512592,10025780,12803832
1790512594,10037392,12803832
1790512596,9217608,12803832
1790512598,9045252,12803832
1790512600,10348748,12803832
1790512602,10368224,12803832
1790512604,10394160,12803832
1790512606,9319148,12803832
1790512608,10362892,12803832
1790512610,10366440,12803832
1790512612,10447416,12803832
1790512614,9147436,12803832
1790512616,9271980,12803832
1790512618,10379028,12803832
1790512620,10485384,12803832
1790512622,10576944,12803832
1790512624,9940440,12803832
1790512626,10483000,12803832
1790512628,10487124,12803832
1790512630,10483880,12803832
1790512632,8944664,12803832
1790512634,10050536,12803832
1790512636,8830364,12803832
1790512638,10054392,12803832
1790512640,10157964,12803832
1790512642,9383480,12803832
1790512644,10364656,12803832
1790512646,10436132,12803832
1790512648,10476164,12803832
1790512650,8942840,12803832
1790512652,9144636,12803832
1790512654,10319024,12803832
1790512656,10381764,12803832
1790512658,10497148,12803832
1790512660,9839336,12803832
1790512662,10321272,12803832
1790512664,10349724,12803832
1790512666,10440980,12803832
1790512668,9936528,12803832
1790512670,9317756,12803832
1790512672,10409072,12803832
1790512674,10429728,12803832
1790512676,10466004,12803832
1790512678,8854340,12803832
1790512680,8804224,12803832
1790512682,9019084,12803832
1790512684,10110176,12803832
1790512686,9031084,12803832
1790512688,8905380,12803832
1790512690,10428412,12803836
1790512692,10507708,12803836
1790512694,10563684,12803836
1790512696,9891276,12803836
1790512698,10421628,12803836
1790512700,10455540,12803836
1790512702,10480608,12803836
1790512704,9496864,12803836
1790512706,9430872,12803836
1790512708,10504788,12803836
1790512710,10413220,12803836
1790512712,10437648,12803836
1790512714,9231836,12803836
1790512716,9186572,12803836
1790512718,10419804,12803836
1790512720,10453328,12803836
1790512722,7624336,12803836
1790512724,7667920,12803836
1790512726,8310912,12803836
1790512728,8587924,12803836
1790512730,8297988,12803836
1790512732,8353388,12803836
1790512734,8401708,12803836
1790512736,8301676,12803836
1790512738,8302804,12803836
1790512740,8295908,12803836
1790512742,9702896,12803836
1790512744,9612988,12803836
1790512746,5454820,12803844
1790512748,8821716,12803844
1790512750,8849040,12803852
1790512752,8842660,12803852
1790512754,10138092,12803852
1790512756,11260044,12803852
1790512758,11380584,12803852
1790512760,9264756,12803852
1790512762,9193352,12803852
1790512764,10439832,12803852
1790512766,10522860,12803852
1790512768,10479876,12803852
1790512770,10614752,12803852
1790512772,10408588,12803852
1790512774,10420732,12803852
1790512776,10469796,12803852
1790512778,9114864,12803852
1790512780,9220360,12803852
1790512782,10471772,12803852
1790512784,10469640,12803852
1790512786,10539628,12803852
1790512788,9619816,12803852
1790512790,9340104,12803852
1790512792,10446940,12803852
1790512794,10451740,12803852
1790512796,9382868,12803852
1790512798,9345216,12803852
1790512800,8854016,12803852
1790512802,10052940,12803852
1790512804,10085556,12803852
1790512806,10352352,12803852
1790512808,10321208,12803852
1790512810,10377004,12803856
1790512812,10454348,12803856
1790512814,9299848,12803856
1790512816,9216592,12803856
1790512818,10410256,12803856
1790512820,10433476,12803856
1790512822,10468048,12803856
1790512824,9693580,12803856
1790512826,9340248,12803856
1790512828,10267296,12803856
1790512830,10349204,12803856
1790512832,10429280,12803856
1790512834,9269352,12803856
1790512836,10359816,12803856
1790512838,10358380,12803856
1790512840,10380376,12803856
1790512842,8780932,12803856
1790512844,8696408,12803856
1790512846,8847444,12803856
1790512848,9977612,12803856
1790512850,9192268,12803856
1790512852,8659580,12803856
1790512854,10247892,12803856
1790512856,10345808,12803856
1790512858,10381556,12803856
1790512860,9885772,12803856
1790512862,9389128,12803856
1790512864,10434168,12803856
1790512866,10488520,12803856
1790512868,10595468,12803856
1790512870,9463148,12803856
1790512872,10489252,12803856
1790512874,10487332,12803856
1790512876,10509660,12803856
1790512878,9294728,12803856
1790512880,9331528,12803856
1790512882,10523552,12803856
1790512884,10547460,12803856
1790512886,10584516,12803856
1790512888,8896744,12803856
1790512890,8714792,12803856
1790512892,9957980,12803856
1790512894,9994620,12803856
1790512896,9034208,12803856
1790512898,9101616,12803856
1790512900,10269952,12803856
1790512902,10268488,12803856
1790512904,10282792,12803856
1790512906,9265444,12803856
1790512908,10237128,12803856
1790512910,10312240,12803856
1790512912,10415712,12803856
1790512914,9079920,12803856
1790512916,9063072,12803856
1790512918,10295540,12803856
1790512920,10502232,12803856
1790512922,10557544,12803856
1790512924,9857924,12803856
1790512926,10369864,12803856
1790512928,10442000,12803856
1790512930,10597112,12803856
1790512932,9307752,12803856
1790512934,10083952,12803856
1790512936,9162144,12803856
1790512938,10099136,12803856
1790512940,10288208,12803856
1790512942,9366808,12803856
1790512944,10346044,12803856
1790512946,10439036,12803856
1790512948,10391272,12803856
1790512950,9209452,12803856
1790512952,9222408,12803856
1790512954,10406516,12803856
1790512956,10449512,12803856
1790512958,10527232,12803856
1790512960,9774452,12803856
1790512962,10377256,12803856
1790512964,10404080,12803856
1790512966,10506812,12803856
1790512968,10594524,12803856
1790512970,9405744,12803856
1790512972,10401756,12803856
1790512974,10448416,12803856
1790512976,10552520,12803856
1790512978,8976948,12803856
1790512980,8805712,12803856
1790512982,8986240,12803856
1790512984,10056944,12803856
1790512986,9139164,12803856
1790512988,8780312,12803856
1790512990,10308796,12803856
1790512992,10344388,12803856
1790512994,10417044,12803856
1790512996,9842228,12803856
1790512998,9338564,12803856
1790513000,10409292,12803856
1790513002,10456680,12803856
1790513004,10555232,12803856
1790513006,9365356,12803856
1790513008,10297924,12803856
1790513010,10377288,12803856
1790513012,10455564,12803856
1790513014,9121364,12803856
1790513016,9148088,12803856
1790513018,10404388,12803856
1790513020,10429640,12803856
1790513022,9716520,12803856
1790513024,8833056,12803856
1790513026,8846064,12803856
1790513028,9979524,12803856
1790513030,10046392,12803856
1790513032,9736800,12803856
1790513034,10263412,12803856
1790513036,10273476,12803856
1790513038,10361052,12803856
1790513040,10554340,12803856
1790513042,9444812,12803856
1790513044,10482284,12803856
1790513046,10514144,12803856
1790513048,10600704,12803856
1790513050,9259792,12803856
1790513052,9323012,12803856
1790513054,10523000,12803856
1790513056,10542596,12803856
1790513058,10600704,12803856
1790513060,10185580,12803856
1790513062,10469856,12803856
1790513064,10503776,12803856
1790513066,10599172,12803856
1790513068,8929992,12803856
1790513070,10065984,12803856
1790513072,8788396,12803856
1790513074,9988248,12803856
1790513076,10104140,12803856
1790513078,9268036,12803856
1790513080,10140292,12803856
1790513082,10318732,12803856
1790513084,10355180,12803856
1790513086,9054188,12803856
1790513088,9220644,12803856
1790513090,10345008,12803856
1790513092,10479964,12803856
1790513094,10565144,12803856
1790513096,10068560,12803856
1790513098,10316600,12803856
1790513100,10393840,12803856
1790513102,10548112,12803856
1790513104,9344016,12803856
1790513106,9257660,12803856
1790513108,10388800,12803856
1790513110,10444652,12803856
1790513112,10489724,12803856
1790513114,8903832,12803856
1790513116,8883652,12803856
1790513118,9255164,12803856
1790513120,10053548,12803856
1790513122,9106612,12803856
1790513125,9072976,12803856
1790513127,10334504,12803856
1790513129,10281636,12803856
1790513131,10409196,12803856
1790513133,9898684,12803856
1790513135,10410752,12803856
1790513137,10386772,12803856
1790513139,10446988,12803856
1790513141,9350796,12803856
1790513143,9298024,12803856
1790513145,10407040,12803856
1790513147,10475464,12803856
1790513149,10499016,12803856
1790513151,9132100,12803856
1790513153,9276320,12803856
1790513155,10416436,12803856
1790513157,10454240,12803856
1790513159,9593008,12803856
1790513161,8978424,12803856
1790513163,8835720,12803856
1790513165,10067564,12803856
1790513167,10126140,12803856
1790513169,9749832,12803856
1790513171,10326660,12803856
1790513173,10385384,12803856
1790513175,10381616,12803856
1790513177,10481224,12803856
1790513179,9370592,12803856
1790513181,10416248,12803856
1790513183,10413544,12803856
1790513185,10419400,12803856
1790513187,9228644,12803856
1790513189,8999068,12803856
1790513191,10346800,12803856
1790513193,10342628,12803856
1790513195,10423248,12803856
1790513197,9833320,12803856
1790513199,10288724,12803856
1790513201,10285172,12803856
1790513203,10371540,12803856
1790513205,8808928,12803856
1790513207,9955164,12803856
1790513209,8809656,12803856
1790513211,10013136,12803856
1790513213,10075120,12803856
1790513215,9301512,12803856
1790513217,10305196,12803856
1790513219,10344032,12803856
1790513221,10453956,12803856
1790513223,9356460,12803856
1790513225,9228364,12803856
1790513227,10451052,12803856
1790513229,10580464,12803856
1790513231,10582188,12803856
1790513233,10103452,12803856
1790513235,10436980,12803856
1790513237,10436724,12803856
1790513239,10561104,12803856
1790513241,9432584,12803856
1790513243,9372208,12803856
1790513245,10472380,12803856
1790513247,10510156,12803856
1790513249,7862760,12803856
1790513251,7517248,12803856
1790513253,7611768,12803856
1790513255,8298784,12803856
1790513257,8312192,12803856
1790513259,8458560,12803856
1790513261,8363604,12803856
1790513263,8345228,12803856
1790513265,8552444,12803856
1790513267,8291240,12803856
1790513269,8622576,12803856
1790513271,9540308,12803856
1790513273,2899696,12803856
1790513275,9794740,12803856
1790513277,8752732,12803856
1790513279,8713136,12803856
1790513281,9350856,12803856
1790513283,10918496,12803856
1790513285,11199296,12803856
1790513287,9400744,12803856
1790513289,8772468,12803856
1790513291,10388712,12803856
1790513293,10455404,12803856
1790513295,10513148,12803856
1790513297,9311996,12803856
1790513299,9436760,12803856
1790513301,10505472,12803856
1790513303,10541168,12803856
1790513305,10566900,12803856
1790513307,9431280,12803856
1790513309,10358368,12803856
1790513311,10366776,12803856
1790513313,10481052,12803856
1790513315,9371188,12803856
1790513317,9204540,12803856
1790513319,10413924,12803856
1790513321,10470448,12803856
1790513323,10478720,12803856
1790513325,8889208,12803856
1790513327,8790392,12803856
1790513329,10012656,12803856
1790513331,10000256,12803856
1790513333,9054284,12803856
1790513335,9109728,12803856
1790513337,10366992,12803856
1790513339,10350996,12803856
1790513341,10437432,12803856
1790513343,10536996,12803856
1790513345,10425312,12803856
1790513347,10437100,12803856
1790513349,10462992,12803856
1790513351,9384124,12803860
1790513353,9225140,12803860
1790513355,10410896,12803860
1790513357,10471700,12803860
1790513359,10512952,12803860
1790513361,9400660,12803860
1790513363,9399744,12803860
1790513365,10483412,12803860
1790513367,10485872,12803860
1790513369,9317208,12803860
1790513371,8869404,12803860
1790513373,8775696,12803860
1790513375,9922352,12803860
1790513377,10042616,12803860
1790513379,10244476,12803860
1790513381,10238796,12803860
1790513383,10300752,12803860
1790513385,10408944,12803860
1790513387,9292300,12803860
1790513389,9203736,12803860
1790513391,10371552,12803860
1790513393,10395820,12803860
1790513395,10449616,12803860
1790513397,9681136,12803860
1790513399,9234164,12803860
1790513401,10480532,12803860
1790513403,10485848,12803860
1790513405,10587224,12803860
1790513407,9395420,12803860
1790513409,10453388,12803860
1790513411,10449864,12803864
1790513413,10544920,12803864
1790513415,8950176,12803864
1790513417,9989052,12803864
1790513419,8901040,12803864
1790513421,10102068,12803864
1790513423,9420740,12803864
1790513425,8734524,12803864
1790513427,10392348,12803864
1790513429,10392004,12803864
1790513431,10401576,12803864
1790513433,9206000,12803864
1790513435,9305756,12803864
1790513437,10435132,12803864
1790513439,10429656,12803864
1790513441,10513804,12803864
1790513443,9847396,12803864
1790513445,10318120,12803864
1790513447,10337696,12803864
1790513449,10389968,12803864
1790513451,9234696,12803864
1790513453,9163620,12803864
1790513455,10385148,12803864
1790513457,10375596,12803864
1790513459,10453836,12803864
1790513461,8914648,12803864
1790513463,8864468,12803864
1790513465,10027224,12803864
1790513467,10025288,12803864
1790513469,9055784,12803864
1790513471,9035516,12803876
1790513473,10350032,12803876
1790513475,10435164,12803876
1790513477,10564704,12803876
1790513479,10475560,12803876
1790513481,10456856,12803876
1790513483,10520200,12803876
1790513485,10549800,12803876
1790513487,9424724,12803876
1790513489,9148896,12803876
1790513491,10402276,12803876
1790513493,10401660,12803876
1790513495,10434892,12803876
1790513497,9201988,12803876
1790513499,9279344,12803876
1790513501,10349608,12803876
1790513503,10479228,12803876
1790513505,9182432,12803876
1790513507,8846628,12803876
1790513509,8744540,12803876
1790513511,9947084,12803876
1790513513,10004748,12803876
1790513515,10101668,12803876
1790513517,10234852,12803876
1790513519,10345348,12803876
1790513521,10478364,12803876
1790513523,9387560,12803876
1790513525,9304320,12803876
1790513527,10536488,12803876
1790513529,10534780,12803876
1790513531,10534144,12803876
1790513533,9205072,12803876
1790513535,9388068,12803876
1790513537,10406116,12803876
1790513539,10463108,12803876
1790513541,10555704,12803876
1790513543,10529396,12803876
1790513545,10411892,12803876
1790513547,10470704,12803876
1790513549,10444172,12803876
1790513551,8855108,12803876
1790513553,9882912,12803876
1790513555,8707528,12803876
1790513557,9946752,12803876
1790513559,9248072,12803876
1790513561,8579932,12803876
1790513563,10263908,12803876
1790513565,10331228,12803876
1790513567,10445588,12803876
1790513569,9201004,12803876
1790513571,9228320,12803876
1790513573,10339832,12803876
1790513575,10392364,12803876
1790513577,10473792,12803876
1790513579,9960128,12803876
1790513581,10404824,12803876
1790513583,10427208,12803876
1790513585,10492840,12803876
1790513587,9181992,12803876
1790513589,9250232,12803876
1790513591,10495856,12803876
1790513593,10499396,12803876
1790513595,10533216,12803876
1790513597,8923976,12803876
1790513599,8777832,12803876
1790513601,10031608,12803876
1790513603,10028240,12803876
1790513605,8901652,12803876
1790513607,8954040,12803876
1790513609,10172188,12803876
1790513611,10287308,12803876
1790513613,10374264,12803876
1790513615,10479360,12803876
1790513617,10343548,12803876
1790513619,10404528,12803876
1790513621,10418536,12803876
1790513623,9255300,12803876
1790513625,9232756,12803876
1790513627,10451308,12803876
1790513629,10452688,12803876
1790513631,10477304,12803876
1790513633,9322204,12803876
1790513635,9289340,12803876
1790513637,10475108,12803876
1790513639,10523400,12803876
1790513641,9329808,12803876
1790513643,9377384,12803876
1790513645,9237188,12803876
1790513647,10068260,12803876
1790513649,10141480,12803876
1790513651,10395760,12803880
1790513653,10351732,12803880
1790513655,10408684,12803880
1790513657,10473040,12803880
1790513659,9379936,12803880
1790513661,9293124,12803880
1790513663,10505888,12803880
1790513665,10533624,12803880
1790513667,10553696,12803880
1790513669,9165608,12803880
1790513671,9325844,12803880
1790513673,10388440,12803880
1790513675,10444500,12803880
1790513677,10493568,12803880
1790513679,9320564,12803880
1790513681,10427584,12803880
1790513683,10484556,12803880
1790513685,10515644,12803880
1790513687,9199952,12803880
1790513689,9602224,12803880
1790513691,8950932,12803880
1790513693,10047476,12803880
1790513695,9285712,12803880
1790513697,8793268,12803880
1790513699,10280636,12803880
1790513701,10485124,12803880
1790513703,10521640,12803880
1790513705,9314580,12803880
1790513707,9270716,12803880
1790513709,10449732,12803880
1790513711,10508048,12803880
1790513713,10548556,12803880
1790513715,10515508,12803880
1790513717,10395344,12803880
1790513719,10474112,12803880
1790513721,10504760,12803880
1790513723,9293768,12803880
1790513725,9261680,12803880
1790513727,10501452,12803880
1790513729,10458020,12803880
1790513731,10514852,12803880
1790513733,8919204,12803880
1790513735,8738964,12803880
1790513737,9889248,12803880
1790513739,9942624,12803880
1790513741,9080128,12803880
1790513743,8785376,12803880
1790513745,10260532,12803880
1790513747,10436484,12803880
1790513749,10499440,12803880
1790513751,10415860,12803880
1790513753,10378532,12803880
1790513755,10376820,12803880
1790513757,10455600,12803880
1790513759,9291028,12803880
1790513761,9181720,12803880
1790513763,10437976,12803880
1790513765,10503208,12803880
1790513767,10589264,12803880
1790513769,9161984,12803880
1790513771,9370740,12803880
1790513773,10461788,12803880
1790513775,10495768,12803880
1790513777,7446656,12803880
1790513779,7702800,12803880
1790513781,8396484,12803880
1790513783,8529428,12803880
1790513785,8304152,12803880
1790513787,8379544,12803880
1790513789,8299396,12803880
1790513791,8290952,12803880
1790513793,8282536,12803880
1790513795,8371360,12803880
1790513797,9592252,12803880
1790513799,11387104,12803880
1790513801,10599404,12803880
1790513803,8721776,12803880
1790513805,8956816,12803880
1790513807,8806132,12803880
1790513809,9494056,12803880
1790513811,11023008,12803880
1790513813,10630476,12803880
1790513815,9686660,12803880
1790513817,10266108,12803880
1790513819,10313764,12803880
1790513821,10504148,12803880
1790513823,10608840,12803880
1790513825,9475660,12803880
1790513827,10511312,12803880
1790513829,10561764,12803880
1790513831,10614428,12803880
1790513833,9320632,12803880
1790513835,9397520,12803880
1790513837,10537760,12803880
1790513840,10519436,12803880
1790513842,10591760,12803880
1790513844,10172884,12803880
1790513846,10508832,12803880
1790513848,10518216,12803880
1790513850,10584036,12803880
1790513852,8907616,12803880
1790513854,10105276,12803880
1790513856,8742176,12803880
1790513858,9944320,12803880
1790513860,10149644,12803880
1790513862,9256728,12803880
1790513864,10209348,12803880
1790513866,10376724,12803880
1790513868,10380900,12803880
1790513870,9102804,12803880
1790513872,9124256,12803880
1790513874,10387308,12803880
1790513876,10379564,12803880
1790513878,10447168,12803880
1790513880,10100420,12803880
1790513882,10350232,12803880
1790513884,10413884,12803880
1790513886,10480364,12803884
1790513888,9367228,12803884
1790513890,9049044,12803884
1790513892,10427340,12803884
1790513894,10503780,12803884
1790513896,10529680,12803884
1790513898,8897952,12803884
1790513900,8785940,12803884
1790513902,9424892,12803884
1790513904,10118072,12803884
1790513906,9157260,12803884
1790513908,9120152,12803884
1790513910,10408628,12803884
1790513912,10406596,12803884
1790513914,10422216,12803884
1790513916,9840412,12803884
1790513918,10377208,12803884
1790513920,10427784,12803884
1790513922,10448440,12803884
1790513924,9344988,12803884
1790513926,9277336,12803884
1790513928,10443012,12803884
1790513930,10433200,12803884
1790513932,10487828,12803884
1790513934,9189864,12803884
1790513936,9280752,12803884
1790513938,10393372,12803884
1790513940,10551868,12803884
1790513942,9327844,12803884
1790513944,8978128,12803884
1790513946,8772572,12803884
1790513948,10017788,12803884
1790513950,10070176,12803884
1790513952,9917388,12803884
1790513954,10266880,12803884
1790513956,10290496,12803884
1790513958,10455292,12803884
1790513960,9348984,12803884
1790513962,9205400,12803884
1790513964,10356696,12803884
1790513966,10404860,12803884
1790513968,10433508,12803884
1790513970,9133540,12803884
1790513972,9216980,12803884
1790513974,10348980,12803884
1790513976,10363252,12803884
1790513978,10459772,12803884
1790513980,10111276,12803884
1790513982,10310676,12803884
1790513984,10348516,12803884
1790513986,10464788,12803884
1790513988,8798292,12803884
1790513990,9946072,12803884
1790513992,8849212,12803884
1790513994,10025328,12803884
1790513996,10085180,12803884
1790513998,9259860,12803884
1790514000,10269100,12803884
1790514002,10438396,12803884
1790514004,10457184,12803884
1790514006,9289056,12803884
1790514008,9351304,12803884
1790514010,10550964,12803884
1790514012,10562884,12803884
1790514014,10584808,12803884
1790514016,10297248,12803884
1790514018,10541344,12803884
1790514020,10577296,12803884
1790514022,10579732,12803884
1790514024,9450956,12803884
1790514026,9302212,12803884
1790514028,10520836,12803884
1790514030,10467316,12803884
1790514032,10540080,12803884
1790514034,8911940,12803884
1790514036,8710080,12803884
1790514038,9993724,12803884
1790514040,10019152,12803884
1790514042,9137828,12803884
1790514044,8875044,12803884
1790514046,10272252,12803884
1790514048,10346248,12803884
1790514050,10388608,12803884
1790514052,10104340,12803884
1790514054,10308232,12803884
1790514056,10308616,12803884
1790514058,10403092,12803884
1790514060,9376600,12803888
1790514062,9139304,12803888
1790514064,10453044,12803888
1790514066,10482076,12803888
1790514068,10477700,12803888
1790514070,9246320,12803888
1790514072,9315828,12803888
1790514074,10414008,12803888
1790514076,10438984,12803888
1790514078,9344164,12803888
1790514080,8882076,12803888
1790514082,8805376,12803888
1790514084,10021600,12803888
1790514086,10038724,12803888
1790514088,10183420,12803888
1790514090,10238708,12803888
1790514092,10275124,12803888
1790514094,10343528,12803888
1790514096,9318448,12803888
1790514098,9170180,12803888
1790514100,10391440,12803888
1790514102,10421096,12803888
1790514104,10425972,12803888
1790514106,9180352,12803888
1790514108,9297000,12803888
1790514110,10353740,12803888
1790514112,10478976,12803888
1790514114,10545848,12803888
1790514116,10300836,12803888
1790514118,10426356,12803888
1790514120,10496856,12803888
1790514122,10619820,12803888
1790514124,8957516,12803888
1790514126,10003716,12803888
1790514128,8777576,12803888
1790514130,10069220,12803888
1790514132,10068436,12803888
1790514134,9216804,12803888
1790514136,10276848,12803888
1790514138,10269564,12803888
1790514140,10298796,12803888
1790514142,8999908,12803888
1790514144,9260008,12803888
1790514146,10366952,12803888
1790514148,10371448,12803888
1790514150,10414900,12803888
1790514152,9901704,12803888
1790514154,10270100,12803888
1790514156,10262564,12803888
1790514158,10328620,12803896
1790514160,9258712,12803896
1790514162,9037304,12803896
1790514164,10321340,12803896
1790514166,10348308,12803896
1790514168,10419872,12803896
1790514170,8801984,12803896
1790514172,8806584,12803896
1790514174,9336376,12803896
1790514176,10031840,12803896
1790514178,9015744,12803896
1790514180,9002920,12803896
1790514182,10362088,12803896
1790514184,10475944,12803896
1790514186,10483228,12803896
1790514188,10039480,12803896
1790514190,10526684,12803896
1790514192,10529792,12803896
1790514194,10580448,12803896
1790514196,9450992,12803896
1790514198,9358420,12803896
1790514200,10518752,12803896
1790514202,10513988,12803896
1790514204,10607636,12803896
1790514206,9323960,12803896
1790514208,9413872,12803896
1790514210,10455064,12803896
1790514212,10507596,12803896
1790514214,9167716,12803896
1790514216,8909432,12803896
1790514218,8719512,12803896
1790514220,10002356,12803896
1790514222,10060768,12803896
1790514224,9797916,12803896
1790514226,10203956,12803896
1790514228,10212824,12803896
1790514230,10319888,12803896
1790514232,9242068,12803896
1790514234,9182372,12803896
1790514236,10314816,12803896
1790514238,10312052,12803896
1790514240,10433388,12803896
1790514242,9212388,12803896
1790514244,9295324,12803896
1790514246,10379008,12803896
1790514248,10408724,12803896
1790514250,10480460,12803896
1790514252,10404916,12803896
1790514254,10361760,12803896
1790514256,10403320,12803896
1790514258,10434492,12803896
1790514260,8875468,12803896
1790514262,9907448,12803896
1790514264,8857512,12803896
1790514266,10117184,12803896
1790514268,9317224,12803896
1790514270,8906412,12803896
1790514272,10298168,12803896
1790514274,10426660,12803896
1790514276,10462176,12803896
1790514278,9249568,12803896
1790514280,9249904,12803896
1790514282,10398380,12803896
1790514284,10413668,12803896
1790514286,10470320,12803896
1790514288,10191468,12803896
1790514290,10402324,12803896
1790514292,10399088,12803896
1790514294,10528140,12803896
1790514296,9396232,12803896
1790514298,9253028,12803900
1790514300,10490532,12803900
1790514302,10551360,12803900
1790514304,7899716,12803900
1790514306,7662536,12803900
1790514308,7695240,12803900
1790514310,8385132,12803900
1790514312,8390808,12803900
1790514314,8370064,12803900
1790514316,8286948,12803900
1790514318,8385752,12803900
1790514320,8386936,12803900
1790514322,8444004,12803900
1790514324,8668500,12803900
1790514326,9479264,12803900
1790514328,2597924,12803900
1790514330,9911164,12803900
1790514332,9025828,12803900
1790514334,9007304,12803900
1790514336,9977992,12803900
1790514338,10864444,12803900
1790514340,11106248,12803900
1790514342,8979564,12803900
1790514344,8786024,12803900
1790514346,10296416,12803900
1790514348,10340136,12803900
1790514350,10386968,12803900
1790514352,9633844,12803900
1790514354,9334044,12803900
1790514356,10426236,12803900
1790514358,10500888,12803908
1790514360,10583324,12803908
1790514362,9404312,12803908
1790514364,10502688,12803908
1790514366,10494540,12803908
1790514368,10566688,12803908
1790514370,9378840,12803908
1790514372,9103656,12803908
1790514374,10475080,12803908
1790514376,10504844,12803908
1790514378,10638836,12803908
1790514380,9497296,12803908
1790514382,8980024,12803908
1790514384,10046740,12803908
1790514386,10202024,12803908
1790514388,8998356,12803908
1790514390,8989720,12803908
1790514392,10242608,12803908
1790514394,10326504,12803908
1790514396,10370704,12803908
1790514398,9299808,12803908
1790514400,10338240,12803908
1790514402,10462352,12803908
1790514404,10450896,12803908
1790514406,9090860,12803908
1790514408,9137496,12803908
1790514410,10344296,12803908
1790514412,10416844,12803908
1790514414,10450040,12803908
1790514416,9795500,12803908
1790514418,10301132,12803908
1790514420,10419896,12803908
1790514422,10495080,12803908
1790514424,9269544,12803908
1790514426,10076568,12803908
1790514428,8858320,12803908
1790514430,10032204,12803908
1790514432,10350256,12803908
1790514434,9378416,12803908
1790514436,10381208,12803908
1790514438,10479836,12803908
1790514440,10532784,12803908
1790514442,9328472,12803908
1790514444,9102604,12803908
1790514446,10523600,12803908
1790514448,10439468,12803908
1790514450,10506292,12803908
1790514452,9903640,12803908
1790514454,9342200,12803908
1790514456,10398092,12803908
1790514458,10452856,12803908
1790514460,10510244,12803908
1790514462,9340704,12803908
1790514464,10389572,12803908
1790514466,10454112,12803908
1790514468,10435472,12803908
1790514470,8940168,12803908
1790514472,8806940,12803908
1790514474,8764384,12803908
1790514476,9942772,12803908
1790514478,9022352,12803912
1790514480,8702692,12803912
1790514482,10362224,12803912
1790514484,10416940,12803912
1790514486,10446392,12803912
1790514488,9899656,12803912
1790514490,9308492,12803912
1790514492,10413028,12803912
1790514494,10462404,12803912
1790514496,10519068,12803912
1790514498,9385264,12803912
1790514500,10432724,12803912
1790514502,10440508,12803912
1790514504,10510388,12803912
1790514506,9232080,12803912
1790514508,9230816,12803912
1790514510,10378076,12803912
1790514512,10414164,12803912
1790514514,10399680,12803912
1790514516,8838896,12803912
1790514518,8860848,12803912
1790514520,9967096,12803912
1790514522,10015068,12803912
1790514524,9116276,12803912
1790514526,8850204,12803912
1790514528,10265040,12803912
1790514530,10381312,12803912
1790514532,10451236,12803912
1790514534,9327100,12803912
1790514536,10416704,12803912
1790514538,10413568,12803912
1790514540,10495028,12803912
1790514542,9243848,12803912
1790514544,9259696,12803912
1790514546,10551008,12803916
1790514548,10618996,12803916
1790514550,10625796,12803916
1790514552,9937160,12803916
1790514554,10463472,12803916
1790514556,10449012,12803916
1790514558,10552212,12803916
1790514560,9181376,12803916
1790514562,10173136,12803916
1790514564,8897852,12803916
1790514566,10017484,12803916
1790514569,10073868,12803916
1790514571,9226784,12803916
1790514573,10250864,12803916
1790514575,10351616,12803916
1790514577,10360836,12803916
1790514579,9155224,12803916
1790514581,9182632,12803916
1790514583,10370800,12803916
1790514585,10374536,12803916
1790514587,10435432,12803916
1790514589,9956556,12803916
1790514591,10308504,12803916
1790514593,10335996,12803916
1790514595,10408640,12803916
1790514597,9297912,12803916
1790514599,9303804,12803916
1790514601,10440984,12803916
1790514603,10482776,12803916
1790514605,10502608,12803916
1790514607,8917164,12803940
1790514609,8809180,12803940
1790514611,9173544,12803940
1790514613,10068944,12803940
1790514615,9003132,12803940
1790514617,9026436,12803940
1790514619,10424800,12803940
1790514621,10532148,12803940
1790514623,10535072,12803940
1790514625,9902508,12803940
1790514627,10452180,12803940
1790514629,10405820,12803940
1790514631,10462624,12803940
1790514633,9329252,12803940
1790514635,9330056,12803940
1790514637,10426356,12803940
1790514639,10426980,12803940
1790514641,10474880,12803940
1790514643,9180512,12803964
1790514645,9226120,12803964
1790514647,10495716,12803964
1790514649,10523384,12803964
1790514651,9288040,12803964
1790514653,8875852,12803964
1790514655,8810524,12803964
1790514657,9962812,12803964
1790514659,10089276,12803964
1790514661,9721000,12803964
1790514663,10291276,12803964
1790514665,10347496,12803964
1790514667,10456600,12803964
1790514669,10495152,12803964
1790514671,9372912,12803964
1790514673,10471416,12803964
1790514675,10469584,12803964
1790514677,10463164,12803964
1790514679,9185672,12803964
1790514681,9327320,12803964
1790514683,10470548,12803964
1790514685,10462048,12803964
1790514687,10499588,12803964
1790514689,10087276,12803964
1790514691,10351596,12803964
1790514693,10383212,12803964
1790514695,10385436,12803964
1790514697,8843012,12803964
1790514699,9958548,12803964
1790514701,8810008,12803964
1790514703,9978100,12803964
1790514705,10160508,12803964
1790514707,9245388,12803964
1790514709,10222756,12803964
1790514711,10305220,12803964
1790514713,10454564,12803964
1790514715,9174848,12803964
1790514717,9198904,12803964
1790514719,10431160,12803964
1790514721,10519784,12803964
1790514723,10575116,12803964
1790514725,10026600,12803964
1790514727,10472468,12803964
1790514729,10476228,12803964
1790514731,10500076,12803964
1790514733,9389588,12803964
1790514735,9293296,12803964
1790514737,10510964,12803964
1790514739,10502592,12803964
1790514741,10526532,12803964
1790514743,8941636,12803964
1790514745,8837832,12803964
1790514747,9123212,12803964
1790514749,9905792,12803964
1790514751,8857892,12803964
1790514753,8837652,12803964
1790514755,10264656,12803964
1790514757,10308416,12803964
1790514759,10423076,12803964
1790514761,9714532,12803964
1790514763,10312192,12803964
1790514765,10385952,12803964
1790514767,10389784,12803964
1790514769,9300356,12803964
1790514771,9194328,12803964
1790514773,10376848,12803964
1790514775,10368944,12803964
1790514777,10425468,12803964
1790514779,9141500,12803968
1790514781,9349368,12803968
1790514783,10427948,12803968
1790514785,10515552,12803968
1790514787,9476224,12803968
1790514789,8891764,12803968
1790514791,8831384,12803968
1790514793,9983588,12803968
1790514795,10114792,12803968
1790514797,9801680,12803968
1790514799,10386716,12803968
1790514801,10398676,12803968
1790514803,10497084,12803968
1790514805,9392748,12803968
1790514807,9229364,12803968
1790514809,10427320,12803968
1790514811,10433940,12803968
1790514813,10441792,12803968
1790514815,9190876,12803968
1790514817,9321256,12803968
1790514819,10348916,12803968
1790514821,10449192,12803968
1790514823,10534204,12803968
1790514825,10158396,12803968
1790514827,10355332,12803968
1790514829,10404044,12803968
1790514831,9026408,12803968
1790514833,7277148,12803968
1790514835,7563432,12803968
1790514837,8093964,12803968
1790514839,8335508,12803968
1790514841,8351120,12803968
1790514843,8350640,12803968
1790514845,8345100,12803968
1790514847,8358608,12803968
1790514849,8438560,12803968
1790514851,8372772,12803968
1790514853,9462804,12803968
1790514855,5978408,12803968
1790514857,9804920,12803968
1790514859,8807548,12803968
1790514861,9965004,12803968
1790514863,8903792,12803968
1790514865,9755640,12803968
1790514867,11105128,12803968
1790514869,10611944,12803968
1790514871,10244844,12803968
1790514873,10262084,12803968
1790514875,10316820,12803968
1790514877,10398672,12803968
1790514879,9388956,12803968
1790514881,9256492,12803968
1790514883,10424416,12803968
1790514885,10425924,12803968
1790514887,10524468,12803968
1790514889,9197340,12803968
1790514891,9297312,12803968
1790514893,10449624,12803968
1790514895,10469576,12803968
1790514897,10570484,12803968
1790514899,9402696,12803968
1790514901,10453628,12803968
1790514903,10482452,12803968
1790514905,10582212,12803968
1790514907,9007076,12803968
1790514909,9978408,12803968
1790514911,8753944,12804104
1790514913,10050452,12804108
1790514915,9265808,12804108
1790514917,8842100,12804108
1790514919,10233060,12804112
1790514921,10304828,12804124
1790514923,10367984,12804124
1790514925,9106108,12804124
1790514927,9271864,12804124
1790514929,10275536,12804124
1790514931,10374152,12804124
1790514933,10391252,12804124
1790514935,9224580,12804124
1790514937,10281836,12804124
1790514939,10330260,12804124
1790514941,10393976,12804124
1790514943,9135648,12804124
1790514945,9040728,12804124
1790514947,10268368,12804124
1790514949,10345848,12804124
1790514951,10449052,12804124
1790514953,8797324,12804124
1790514955,8838532,12804124
1790514957,9993204,12804124
1790514959,9998072,12804124
1790514961,9158596,12804124
1790514963,9188644,12804124
1790514965,10382384,12804124
1790514967,10500568,12804124
1790514969,10565632,12804124
1790514971,9681684,12804124
1790514973,10494428,12804124
1790514975,10494992,12804124
1790514977,10509928,12804124
1790514979,9352212,12804124
1790514981,9296744,12804124
1790514983,10527076,12804124
1790514985,10513548,12804124
1790514987,10535256,12804124
1790514989,9604544,12804124
1790514991,9319008,12804124
1790514993,10436944,12804124
1790514995,10523596,12804124
1790514997,9490908,12804128
1790514999,8942424,12804128
1790515001,8742628,12804128
1790515003,9965104,12804128
1790515005,10075324,12804128
1790515007,10261332,12804128
1790515009,10192184,12804128
1790515011,10222104,12804128
1790515013,10390928,12804128
1790515015,9118528,12804128
1790515017,9159000,12804128
1790515019,10365180,12804128
1790515021,10436844,12804128
1790515023,10438076,12804128
1790515025,9394268,12804128
1790515027,9264556,12804128
1790515029,10382444,12804128
1790515031,10494972,12804128
1790515033,10582908,12804128
1790515035,9345440,12804128
1790515037,10425248,12804128
1790515039,10406320,12804128
1790515041,10452964,12804128
1790515043,8955056,12804128
1790515045,8978844,12804128
1790515047,8978292,12804128
1790515049,9973908,12804128
1790515051,9203712,12804128
1790515053,8793336,12804128
1790515055,10279628,12804128
1790515057,10355784,12804128
1790515059,10401592,12804128
1790515061,9650796,12804128
1790515063,9352384,12804128
1790515065,10440876,12804128
1790515067,10473508,12804128
1790515069,10583960,12804128
1790515071,9398956,12804128
1790515073,10462540,12804128
1790515075,10513460,12804128
1790515077,10567432,12804128
1790515079,9171972,12804128
1790515081,9332368,12804128
1790515083,10526968,12804128
1790515085,10563824,12804128
1790515087,10591168,12804128
1790515089,9262808,12804128
1790515091,8938696,12804128
1790515093,10054724,12804128
1790515095,10164356,12804128
1790515097,9177512,12804128
1790515099,9068472,12804128
1790515101,10406220,12804128
1790515103,10401892,12804128
1790515105,10427184,12804128
1790515107,9366304,12804128
1790515109,10270500,12804128
1790515111,10389880,12804128
1790515113,10448388,12804128
1790515115,9021764,12804128
1790515117,9102860,12804128
1790515119,10312864,12804128
1790515121,10328660,12804128
1790515123,10505308,12804128
1790515125,9716460,12804128
1790515127,10251988,12804128
1790515129,10299112,12804128
1790515131,10439312,12804128
1790515133,9064292,12804128
1790515135,9950756,12804128
1790515137,8936504,12804128
1790515139,10024144,12804128
1790515141,10270976,12804128
1790515143,9360340,12804128
1790515145,10348976,12804128
1790515147,10446472,12804128
1790515149,10504020,12804128
1790515151,9331440,12804128
1790515153,9248640,12804128
1790515155,10528672,12804128
1790515157,10565220,12804128
1790515159,10616876,12804128
1790515161,9911964,12804128
1790515163,10472548,12804128
1790515165,10554360,12804128
1790515167,10570956,12804128
1790515169,9363524,12804128
1790515171,9203528,12804128
1790515173,10442440,12804128
1790515175,10512176,12804128
1790515177,10550496,12804128
1790515179,8923040,12804128
1790515181,8725696,12804128
1790515183,9258720,12804128
1790515185,10090104,12804128
1790515187,9115104,12804128
1790515189,8853204,12804128
1790515191,10228260,12804136
1790515193,10290064,12804144
1790515195,10351548,12804144
1790515197,9792980,12804148
1790515199,10281748,12804148
1790515201,10409048,12804148
1790515203,10505716,12804148
1790515205,9331172,12804148
1790515207,9343536,12804148
1790515209,10438812,12804148
1790515211,10471420,12804148
1790515213,10512940,12804148
1790515215,9220544,12804148
1790515217,9133620,12804148
1790515219,10336104,12804148
1790515221,10402576,12804148
1790515223,9565536,12804148
1790515225,8873004,12804148
1790515227,8985592,12804148
1790515229,9996372,12804148
1790515231,10056836,12804148
1790515233,9653916,12804148
1790515235,10247468,12804148
1790515237,10267864,12804148
1790515239,10394644,12804148
1790515241,10446456,12804148
1790515243,9332612,12804148
1790515245,10402888,12804148
1790515247,10469000,12804148
1790515249,10517556,12804148
1790515251,9260104,12804148
1790515253,9174456,12804148
1790515255,10433764,12804148
1790515257,10437720,12804148
1790515259,10524124,12804156
1790515261,10118600,12804156
1790515263,10424948,12804156
1790515265,10529820,12804156
1790515267,10613300,12804156
1790515269,8987372,12804156
1790515271,10163704,12804156
1790515273,8800780,12804156
1790515275,9994604,12804156
1790515277,10158800,12804156
1790515279,9269684,12804156
1790515281,10204052,12804156
1790515283,10381520,12804156
1790515285,10424004,12804156
1790515287,9023756,12804156
1790515290,9157960,12804156
1790515292,10328460,12804156
1790515294,10326248,12804156
1790515296,10401908,12804156
1790515298,9879400,12804156
1790515300,10205072,12804156
1790515302,10295460,12804156
1790515304,10431528,12804156
1790515306,9242820,12804156
1790515308,9122344,12804156
1790515310,10371880,12804156
1790515312,10406788,12804156
1790515314,10454888,12804156
1790515316,8815244,12804156
1790515318,8858592,12804156
1790515320,10078404,12804156
1790515322,10075172,12804156
1790515324,9088148,12804156
1790515326,9091636,12804156
1790515328,10357832,12804156
1790515330,10455048,12804156
1790515332,10529632,12804156
1790515334,10311372,12804156
1790515336,10499360,12804156
1790515338,10503004,12804156
1790515340,10555844,12804156
1790515342,9440916,12804156
1790515344,9178400,12804156
1790515346,10415800,12804156
1790515348,10516704,12804156
1790515350,10545864,12804156
1790515352,9238608,12804156
1790515354,9368640,12804156
1790515356,10445856,12804156
1790515358,10509852,12804156
1790515360,9465512,12804156
1790515362,8902344,12804156
1790515364,8717732,12804156
1790515366,9909404,12804156
1790515368,9956232,12804156
1790515370,10087452,12804156
1790515372,10244916,12804156
1790515374,10291840,12804156
1790515376,10308084,12804156
1790515378,9249616,12804156
1790515380,9063812,12804156
1790515382,10282008,12804156
1790515384,10368420,12804156
1790515386,10488364,12804156
1790515388,9137224,12804156
1790515390,9296152,12804156
1790515392,10386488,12804156
1790515394,10403576,12804156
1790515396,10435388,12804156
1790515398,10379860,12804156
1790515400,10346420,12804156
1790515402,10442236,12804156
1790515404,10548172,12804156
1790515406,8879180,12804156
1790515408,10168240,12804156
1790515410,8931052,12804156
1790515412,10018636,12804156
1790515414,9246592,12804156
1790515416,8891884,12804156
1790515418,10267664,12804156
1790515420,10369048,12804156
1790515422,10417760,12804156
1790515424,9230848,12804156
1790515426,9341008,12804156
1790515428,10461964,12804156
1790515430,10454680,12804156
1790515432,10496492,12804156
1790515434,10468592,12804156
1790515436,10386696,12804156
1790515438,10423388,12804156
1790515440,10611132,12804160
1790515442,9355280,12804160
1790515444,9235200,12804160
1790515446,10519264,12804160
1790515448,10546312,12804160
1790515450,10646812,12804160
1790515452,9013388,12804160
1790515454,8836112,12804160
1790515456,10045632,12804160
1790515458,10045992,12804160
1790515460,9170560,12804160
1790515462,9114928,12804160
1790515464,10322248,12804160
1790515466,10329724,12804160
1790515468,10448048,12804160
1790515470,9691052,12804160
1790515472,10292428,12804160
1790515474,10297012,12804160
1790515476,10391468,12804160
1790515478,9181404,12804160
1790515480,9081224,12804160
1790515482,10303616,12804160
1790515484,10335800,12804160
1790515486,10374460,12804160
1790515488,9722212,12804160
1790515490,9160988,12804160
1790515492,10264732,12804160
1790515494,10399056,12804160
1790515496,7323724,12804160
1790515498,7575812,12804160
1790515500,8357384,12804160
1790515502,8292080,12804160
1790515504,8380188,12804160
1790515506,8373296,12804160
1790515508,8289408,12804160
1790515510,8354332,12804160
1790515512,8367780,12804160
1790515514,8408200,12804160
1790515516,9887992,12804160
1790515518,7166936,12804160
1790515520,9457964,12804160
1790515522,8788156,12804160
1790515524,9974292,12804160
1790515526,8903696,12804160
1790515528,9691524,12804160
1790515530,10868680,12804160
1790515532,10619476,12804160
1790515534,9920832,12804160
1790515536,10238524,12804160
1790515538,10347228,12804160
1790515540,10403676,12804160
1790515542,9340596,12804160
1790515544,9231992,12804160
1790515546,10419704,12804160
1790515548,10420896,12804160
1790515550,10455220,12804160
1790515552,9249944,12804160
1790515554,9350960,12804160
1790515556,10450172,12804160
1790515558,10492164,12804164
1790515560,10668716,12804164
1790515562,10441364,12804164
1790515564,10553468,12804164
1790515566,10562976,12804164
1790515568,10608816,12804164
1790515570,9019956,12804164
1790515572,9997712,12804164
1790515574,8838644,12804164
1790515576,10051912,12804164
1790515578,9333012,12804164
1790515580,8749660,12804164
1790515582,10323228,12804164
1790515584,10405676,12804164
1790515586,10413708,12804164
1790515588,9191624,12804164
1790515590,9147488,12804164
1790515592,10265996,12804164
1790515594,10303468,12804164
1790515596,10356456,12804164
1790515598,10370172,12804164
1790515600,10290440,12804164
1790515602,10305536,12804164
1790515604,10387944,12804164
1790515606,9260432,12804164
1790515608,9113524,12804164
1790515610,10337412,12804164
1790515612,10349496,12804164
1790515614,10421392,12804164
1790515616,8799960,12804164
1790515618,8896636,12804168
1790515620,10059816,12804168
1790515622,10062680,12804168
1790515624,9046220,12804168
1790515626,8979316,12804168
1790515628,10365348,12804168
1790515630,10535296,12804168
1790515632,10605652,12804168
1790515634,10363984,12804168
1790515636,10530932,12804168
1790515638,10526276,12804168
1790515640,10567168,12804168
1790515642,9462736,12804168
1790515644,9277992,12804168
1790515646,10451636,12804168
1790515648,10457716,12804168
1790515650,10485480,12804168
1790515652,9238060,12804168
1790515654,9317664,12804168
1790515656,10397980,12804168
1790515658,10450496,12804168
1790515660,9315544,12804168
1790515662,8931664,12804168
1790515664,8753744,12804168
1790515666,9961912,12804168
1790515668,10082404,12804168
1790515670,10167616,12804168
1790515672,10190476,12804168
1790515674,10316320,12804168
1790515676,10320940,12804168
1790515678,9121980,12804168
1790515680,9093756,12804168
1790515682,10395404,12804168
1790515684,10419152,12804168
1790515686,10422320,12804168
1790515688,9145496,12804168
1790515690,9303988,12804168
1790515692,10327652,12804168
1790515694,10394496,12804168
1790515696,10480324,12804168
1790515698,10358440,12804168
1790515700,10413588,12804168
1790515702,10440464,12804168
1790515704,10466816,12804168
1790515706,8891384,12804168
1790515708,9878444,12804168
1790515710,8865084,12804168
1790515712,10068744,12804168
1790515714,9377704,12804168
1790515716,8647660,12804168
1790515718,10372808,12804168
1790515720,10439596,12804168
1790515722,10464116,12804168
1790515724,9258256,12804168
1790515726,9249280,12804168
1790515728,10403844,12804168
1790515730,10494896,12804168
1790515732,10509524,12804168
1790515734,10357084,12804168
1790515736,10453820,12804168
1790515738,10456576,12804168
1790515740,10546064,12804172
1790515742,9326592,12804172
1790515744,9297832,12804172
1790515746,10494348,12804172
1790515748,10518212,12804172
1790515750,10603064,12804172
1790515752,8992952,12804188
1790515754,8796292,12804188
1790515756,9978060,12804188
1790515758,9998436,12804188
1790515760,8866744,12804188
1790515762,8868200,12804188
1790515764,10289984,12804188
1790515766,10390308,12804188
1790515768,10300996,12804188
1790515770,10398468,12804188
1790515772,10318004,12804188
1790515774,10316812,12804188
1790515776,10329576,12804188
1790515778,9256492,12804188
1790515780,9142888,12804188
1790515782,10318680,12804188
1790515784,10324876,12804188
1790515786,10405000,12804188
1790515788,9180888,12804188
1790515790,9254560,12804188
1790515792,10312280,12804188
1790515794,10341756,12804188
1790515796,9302984,12804188
1790515798,8901112,12804188
1790515800,9012704,12804188
1790515802,10077692,12804188
1790515804,10267984,12804188
1790515806,10350584,12804188
1790515808,10357220,12804188
1790515810,10434952,12804188
1790515812,10537728,12804188
1790515814,9448144,12804188
1790515816,9357652,12804188
1790515818,10501704,12804188
1790515820,10552068,12804188
1790515822,10558240,12804188
1790515824,9379468,12804188
1790515826,9473148,12804188
1790515828,10480092,12804188
1790515830,10521316,12804188
1790515832,10563612,12804188
1790515834,9370880,12804188
1790515836,10446544,12804188
1790515838,10454964,12804188
1790515840,10468008,12804188
1790515842,9036324,12804188
1790515844,8768756,12804188
1790515846,8880068,12804188
1790515848,9932648,12804188
1790515850,9188028,12804188
1790515852,8740304,12804188
1790515854,10255828,12804188
1790515856,10310264,12804188
1790515858,10345392,12804188
1790515860,9660228,12804188
1790515862,9344976,12804188
1790515864,10430936,12804188
1790515866,10438152,12804188
1790515868,10489600,12804188
1790515870,9348628,12804188
1790515872,10425112,12804188
1790515874,10431680,12804188
1790515876,10445532,12804188
1790515878,9231336,12804188
1790515880,9239436,12804188
1790515882,10413668,12804188
1790515884,10407388,12804188
1790515886,10454228,12804188
1790515888,8992716,12804188
1790515890,9068180,12804188
1790515892,9922972,12804188
1790515894,10007208,12804188
1790515896,9697160,12804188
1790515898,10242952,12804188
1790515900,10300320,12804188
1790515902,10368944,12804188
1790515904,10489340,12804188
1790515906,9394824,12804188
1790515908,10458592,12804188
1790515910,10482748,12804188
1790515912,10480556,12804188
1790515914,9335780,12804188
1790515916,9244244,12804188
1790515918,10460744,12804188
1790515920,10544860,12804188
1790515922,10595780,12804188
1790515924,9914508,12804188
1790515926,10438292,12804188
1790515928,10474192,12804188
1790515930,10595204,12804188
1790515932,7428368,12804188
1790515934,7759160,12804188
1790515936,8372112,12804188
1790515938,8384788,12804188
1790515940,8466884,12804188
1790515942,8552216,12804188
1790515944,8368396,12804188
1790515946,8382816,12804188
1790515948,8295468,12804188
1790515950,8295196,12804188
1790515952,9723244,12804188
1790515954,6853800,12804188
1790515956,9621752,12804188
1790515958,8770536,12804188
1790515960,10004816,12804188
1790515962,8798556,12804188
1790515964,9617808,12804188
1790515966,11078364,12804188
1790515968,10644572,12804188
1790515970,10003244,12804188
1790515972,10338480,12804188
1790515974,10371164,12804188
1790515976,10360052,12804188
1790515978,9331160,12804188
1790515980,9080192,12804188
1790515982,10426648,12804188
1790515984,10443208,12804188
1790515986,10623508,12804188
1790515988,9308188,12804188
1790515990,9341460,12804188
1790515992,10420116,12804188
1790515994,10481968,12804188
1790515996,10601312,12804188
1790515998,10500224,12804188
1790516000,10466848,12804188
1790516002,10458296,12804188
1790516004,10506988,12804188
1790516007,8972616,12804188
1790516009,9981288,12804188
1790516011,8761776,12804188
1790516013,9950972,12804188
1790516015,9237204,12804188
1790516017,8824744,12804188
1790516019,10174528,12804188
1790516021,10286456,12804188
1790516023,10345984,12804188
1790516025,9105756,12804188
1790516027,9188764,12804188
1790516029,10326236,12804188
1790516031,10420356,12804188
1790516033,10522892,12804188
1790516035,10416808,12804188
1790516037,10371764,12804188
1790516039,10373804,12804188
1790516041,10491220,12804188
1790516043,9321900,12804188
1790516045,9080356,12804188
1790516047,10408948,12804188
1790516049,10456552,12804188
1790516051,10557924,12804188
1790516053,8891136,12804188
1790516055,8841252,12804188
1790516057,10111196,12804188
1790516059,10140836,12804188
1790516061,9115156,12804188
1790516063,9124088,12804188
1790516065,10348312,12804188
1790516067,10516700,12804188
1790516069,10488956,12804188
1790516071,10496864,12804188
1790516073,10403496,12804188
1790516075,10417292,12804188
1790516077,10460668,12804188
1790516079,9006192,12804188
1790516081,9123304,12804188
1790516083,10332220,12804188
1790516085,10350704,12804188
1790516087,10497868,12804188
1790516089,9682992,12804188
1790516091,9279980,12804188
1790516093,10403856,12804188
1790516095,10405080,12804188
1790516097,9385608,12804188
1790516099,8872396,12804192
1790516101,8853548,12804192
1790516103,10038096,12804192
1790516105,10153284,12804192
1790516107,10240560,12804192
1790516109,10236268,12804192
1790516111,10365728,12804192
1790516113,10421528,12804192
1790516115,9300856,12804192
1790516117,9128428,12804192
1790516119,10435212,12804192
1790516121,10488392,12804192
1790516123,10553656,12804192
1790516125,9803716,12804192
1790516127,9301660,12804192
1790516129,10286424,12804192
1790516131,10417572,12804192
1790516133,10466964,12804192
1790516135,9295792,12804192
1790516137,10360244,12804192
1790516139,10457400,12804192
1790516141,10472728,12804192
1790516143,8823392,12804192
1790516145,8884680,12804192
1790516147,8844820,12804192
1790516149,9946392,12804192
1790516151,9233128,12804192
1790516153,8824000,12804204
1790516155,10318052,12804204
1790516157,10435564,12804204
1790516159,10266916,12804204
1790516161,9213448,12804216
1790516163,9289236,12804216
1790516165,10425120,12804216
1790516167,10478652,12804216
1790516169,10586500,12804216
1790516171,9421852,12804216
1790516173,10417656,12804216
1790516175,10463672,12804216
1790516177,10564948,12804216
1790516179,9233476,12804216
1790516181,9046524,12804216
1790516183,10475876,12804216
1790516185,10511244,12804216
1790516187,10587076,12804216
1790516189,8861800,12804216
1790516191,8769528,12804216
1790516193,10000292,12804216
1790516195,9992224,12804216
1790516197,9080732,12804216
1790516199,9071308,12804216
1790516201,10291044,12804216
1790516203,10308900,12804216
1790516205,10399004,12804216
1790516207,9306828,12804216
1790516209,10364560,12804216
1790516211,10368668,12804216
1790516213,10486812,12804216
1790516215,9076016,12804216
1790516217,9152456,12804216
1790516219,10475524,12804216
1790516221,10555292,12804216
1790516223,10568304,12804216
1790516225,9913860,12804216
1790516227,9308684,12804216
1790516229,10458684,12804216
1790516231,10468488,12804216
1790516233,9096608,12804216
1790516235,10119792,12804216
1790516237,8937820,12804216
1790516239,10046936,12804216
1790516241,10164160,12804216
1790516243,9330464,12804216
1790516245,10408052,12804216
1790516247,10411588,12804216
1790516249,10338420,12804216
1790516251,9115960,12804216
1790516253,9189720,12804216
1790516255,10371364,12804216
1790516257,10453912,12804216
1790516259,10558536,12804216
1790516261,9822472,12804216
1790516263,10388248,12804216
1790516265,10434412,12804216
1790516267,10453400,12804216
1790516269,10503612,12804216
1790516271,9356304,12804216
1790516273,10473388,12804216
1790516275,10468072,12804216
1790516277,10483964,12804216
1790516279,8889536,12804216
1790516281,8860948,12804216
1790516283,8850120,12804216
1790516285,10069444,12804216
1790516287,9108460,12804216
1790516289,8944376,12804216
1790516291,10344568,12804216
1790516293,10402360,12804216
1790516295,10448344,12804216
1790516297,9867852,12804216
1790516299,10373308,12804216
1790516301,10459504,12804216
1790516303,10506620,12804216
1790516305,10565612,12804216
1790516307,9402000,12804216
1790516309,10404244,12804216
1790516311,10415228,12804216
1790516313,10428216,12804216
1790516315,9201972,12804216
1790516317,9221056,12804216
1790516319,10422012,12804216
1790516321,10470368,12804216
1790516323,8985096,12804216
1790516325,8841140,12804216
1790516327,8830800,12804216
1790516329,9952596,12804216
1790516331,9992376,12804216
1790516333,9582168,12804216
1790516335,10144056,12804216
1790516337,10261580,12804216
1790516339,10311660,12804216
1790516341,9875788,12804216
1790516343,9421512,12804216
1790516345,10506136,12804216
1790516347,10491504,12804216
1790516349,10492088,12804216
1790516351,9150556,12804216
1790516353,9382052,12804216
1790516355,10431624,12804216
1790516357,10453680,12804216
1790516359,10624432,12804216
1790516361,10212972,12804216
1790516363,10464148,12804216
1790516365,10491720,12804216
1790516367,10532968,12804216
1790516369,8884808,12804216
1790516371,9934804,12804216
1790516373,8755576,12804216
1790516375,9985732,12804216
1790516377,9259196,12804216
1790516379,8881788,12804216
1790516381,10217920,12804216
1790516383,10252176,12804216
1790516385,10324896,12804216
1790516387,9135180,12804216
1790516389,9211036,12804216
1790516391,10359616,12804216
1790516393,10400660,12804228
1790516395,10477380,12804228
1790516397,10307552,12804236
1790516399,10308148,12804236
1790516401,10481504,12804236
1790516403,10478744,12804236
1790516405,9375040,12804236
1790516407,9211300,12804236
1790516409,10419612,12804236
1790516411,10419388,12804236
1790516413,10467316,12804236
1790516415,8918580,12804236
1790516417,8890576,12804236
1790516419,10024768,12804236
1790516421,10027908,12804236
1790516423,8776632,12804236
1790516425,8882752,12804236
1790516427,10266648,12804236
1790516429,10322440,12804236
1790516431,10411864,12804236
1790516433,10181452,12804236
1790516435,10458664,12804236
1790516437,10467552,12804236
1790516439,10458960,12804236
1790516441,9335924,12804236
1790516443,9166656,12804236
1790516445,10375960,12804236
1790516447,10380204,12804236
1790516449,10484732,12804236
1790516451,9136492,12804236
1790516453,9252068,12804236
1790516455,10375380,12804236
1790516457,10403668,12804236
1790516459,9369744,12804236
1790516461,8943284,12804236
1790516463,8803884,12804236
1790516465,10121644,12804236
1790516467,10168024,12804236
1790516469,10004796,12804236
1790516471,10292596,12804236
1790516473,10392216,12804236
1790516475,10464376,12804236
1790516477,9404696,12804236
1790516479,9260832,12804236
1790516481,10493936,12804236
1790516483,10501232,12804236
1790516485,10495100,12804236
1790516487,9246352,12804236
1790516489,9274560,12804236
1790516491,10306736,12804236
1790516493,10373352,12804236
1790516495,10485980,12804236
1790516497,9292756,12804236
1790516499,10260420,12804236
1790516501,10278900,12804236
1790516503,10429840,12804236
1790516505,9271452,12804236
1790516507,9893216,12804236
1790516509,9075252,12804236
1790516511,10003396,12804236
1790516513,9238444,12804236
1790516515,8759384,12804236
1790516517,10344016,12804236
1790516519,10356456,12804236
1790516521,10515988,12804236
1790516523,9331616,12804236
1790516525,9409452,12804236
1790516527,10543332,12804236
1790516529,10533792,12804236
1790516531,10615896,12804236
1790516533,9440860,12804236
1790516535,10433712,12804236
1790516537,10498652,12804236
1790516539,10568452,12804236
1790516541,9343392,12804236
1790516543,9261704,12804236
1790516545,10507048,12804236
1790516547,10529624,12804236
1790516549,7887384,12804236
1790516551,7627592,12804236
1790516553,8287760,12804236
1790516555,8299688,12804236
1790516557,8286832,12804236
1790516559,8306628,12804236
1790516561,8315032,12804236
1790516563,8160824,12804236
1790516565,8399976,12804236
1790516567,8298316,12804236
1790516569,8786356,12804236
1790516571,9827776,12804236
1790516573,4864648,12804236
1790516575,9824300,12804236
1790516577,8834796,12804236
1790516579,8941280,12804236
1790516581,10258428,12804236
1790516583,11088808,12804236
1790516585,11310552,12804236
1790516587,8989404,12804236
1790516589,9088968,12804236
1790516591,10431024,12804236
1790516593,10496948,12804236
1790516595,10539168,12804236
1790516597,9987380,12804236
1790516599,10510692,12804236
1790516601,10522712,12804236
1790516603,10667012,12804236
1790516605,10225908,12804236
1790516607,9458952,12804236
1790516609,10450540,12804236
1790516611,10534232,12804236
1790516613,10578112,12804236
1790516615,9307236,12804236
1790516617,9356152,12804236
1790516619,10497060,12804236
1790516621,10526732,12804236
1790516623,9155248,12804236
1790516625,8930316,12804236
1790516627,8830752,12804236
1790516629,9940220,12804236
1790516631,10052856,12804236
1790516633,9639064,12804236
1790516635,10140200,12804236
1790516637,10308420,12804236
1790516639,10344860,12804236
1790516641,10503680,12804236
1790516643,9346012,12804236
1790516645,10387484,12804236
1790516647,10412968,12804236
1790516649,10449324,12804236
1790516651,9211928,12804236
1790516653,9261216,12804236
1790516655,10434660,12804236
1790516657,10445400,12804236
1790516659,10513164,12804236
1790516661,10080800,12804236
1790516663,10352752,12804236
1790516665,10435080,12804236
1790516667,10474136,12804236
1790516669,8790844,12804236
1790516671,9957144,12804236
1790516673,8900544,12804236
1790516675,10009624,12804236
1790516677,10208800,12804236
1790516679,9267728,12804236
1790516681,10361484,12804236
1790516683,10381340,12804236
1790516685,10421692,12804236
1790516687,9298172,12804236
1790516689,9298672,12804236
1790516691,10471660,12804236
1790516693,10519120,12804236
1790516695,10564540,12804236
1790516697,10147240,12804236
1790516699,10429496,12804236
1790516701,10603808,12804236
1790516703,10621504,12804236
1790516705,9433484,12804236
1790516707,9041244,12804236
1790516709,10473448,12804236
1790516711,10565436,12804256
1790516713,10612440,12804256
1790516715,9023752,12804256
1790516718,8825064,12804256
1790516720,9283676,12804256
1790516722,10012220,12804256
1790516724,9076176,12804256
1790516726,8945476,12804256
1790516728,10305296,12804256
1790516730,10322180,12804256
1790516732,10363820,12804256
1790516734,9962848,12804256
1790516736,10283472,12804256
1790516738,10303892,12804256
1790516740,10389440,12804256
1790516742,9251868,12804256
1790516744,9035632,12804256
1790516746,10327120,12804256
1790516748,10363604,12804256
1790516750,10423080,12804256
1790516752,9142368,12804256
1790516754,9240380,12804256
1790516756,10365852,12804256
1790516758,10342608,12804256
1790516760,9425552,12804256
1790516762,8858996,12804256
1790516764,9002544,12804256
1790516766,10043340,12804256
1790516768,10080424,12804256
1790516770,9965480,12804256
1790516772,10287140,12804256
1790516774,10407556,12804256
1790516776,10553168,12804256
1790516778,9437916,12804260
1790516780,9366048,12804260
1790516782,10531408,12804260
1790516784,10539848,12804260
1790516786,10601252,12804260
1790516788,9286660,12804260
1790516790,9292300,12804260
1790516792,10463828,12804260
1790516794,10467196,12804260
1790516796,10594676,12804260
1790516798,10338396,12804260
1790516800,10375964,12804260
1790516802,10428356,12804260
1790516804,10462664,12804260
1790516806,8896316,12804260
1790516808,9924592,12804260
1790516810,8716980,12804260
1790516812,9945668,12804260
1790516814,9228532,12804260
1790516816,8852528,12804260
1790516818,10228336,12804260
1790516820,10390664,12804260
1790516822,10430832,12804260
1790516824,9215084,12804260
1790516826,9262672,12804260
1790516828,10428064,12804260
1790516830,10462668,12804260
1790516832,10510180,12804268
1790516834,10279144,12804268
1790516836,10329040,12804268
1790516838,10369624,12804268
1790516840,10499436,12804268
1790516842,9341652,12804268
1790516844,9190208,12804268
1790516846,10418528,12804268
1790516848,10441232,12804268
1790516850,10378104,12804268
1790516852,8787320,12804268
1790516854,8783176,12804268
1790516856,9998260,12804268
1790516858,9987172,12804268
1790516860,8890912,12804268
1790516862,9174508,12804268
1790516864,10339088,12804268
1790516866,10466552,12804268
1790516868,10494952,12804268
1790516870,10328720,12804268
1790516872,10424960,12804268
1790516874,10423896,12804268
1790516876,10435536,12804268
1790516878,9369556,12804268
1790516880,9322520,12804268
1790516882,10505176,12804268
1790516884,10542816,12804268
1790516886,10638120,12804272
1790516888,9294460,12804272
1790516890,9431740,12804272
1790516892,10546184,12804272
1790516894,10580300,12804272
1790516896,9424508,12804272
1790516898,8989008,12804272
1790516900,8810292,12804272
1790516902,10018832,12804272
1790516904,10068440,12804272
1790516906,10317076,12804272
1790516908,10220156,12804272
1790516910,10265768,12804272
1790516912,10272760,12804272
1790516914,9233736,12804272
1790516916,9113268,12804272
1790516918,10256912,12804272
1790516920,10289248,12804272
1790516922,10339060,12804272
1790516924,9059168,12804272
1790516926,9225452,12804272
1790516928,10345084,12804272
1790516930,10382192,12804272
1790516932,10468320,12804272
1790516934,10358100,12804272
1790516936,10234592,12804272
1790516938,10281848,12804272
1790516940,7946308,12804272
1790516942,7367272,12804272
1790516944,7637840,12804272
1790516946,8348052,12804272
1790516948,8355428,12804272
1790516950,8339872,12804272
1790516952,8349612,12804272
1790516954,8325948,12804272
1790516956,8376140,12804272
1790516958,8237468,12804272
1790516960,8371912,12804272
1790516962,9456764,12804272
1790516964,5686148,12804272
1790516966,9809008,12804272
1790516968,8815212,12804272
1790516970,9823836,12804272
1790516972,8971204,12804272
1790516974,9700516,12804272
1790516976,11141364,12804272
1790516978,10615144,12804272
1790516980,9306248,12804272
1790516982,10318892,12804272
1790516984,10355064,12804272
1790516986,10404844,12804272
1790516988,9117724,12804272
1790516990,9252228,12804272
1790516992,10486012,12804272
1790516994,10490940,12804272
1790516996,10591604,12804272
1790516998,9960660,12804272
1790517000,10578884,12804272
1790517002,10575848,12804272
1790517004,10600600,12804272
1790517006,10680464,12804272
1790517008,9493004,12804272
1790517010,10488628,12804272
1790517012,10551936,12804272
1790517014,10646124,12804272
1790517016,9040352,12804272
1790517018,8824696,12804272
1790517020,8853496,12804272
1790517022,10037320,12804272
1790517024,8835148,12804272
1790517026,9018616,12804272
1790517028,10245876,12804272
1790517030,10271352,12804272
1790517032,10373504,12804272
1790517034,9723472,12804272
1790517036,10268644,12804272
1790517038,10300680,12804272
1790517040,10334992,12804272
1790517042,10297392,12804272
1790517044,9216568,12804272
1790517046,10262664,12804272
1790517048,10300608,12804272
1790517050,10382260,12804272
1790517052,9075376,12804272
1790517054,9024556,12804272
1790517056,10290612,12804272
1790517058,10316180,12804272
1790517060,9403232,12804272
1790517062,8792500,12804272
1790517064,8963796,12804272
1790517066,10072884,12804272
1790517068,10074224,12804272
1790517070,9726964,12804272
1790517072,10302624,12804272
1790517074,10332752,12804272
1790517076,10464672,12804272
1790517078,9831956,12804272
1790517080,9483732,12804272
1790517082,10550444,12804272
1790517084,10600320,12804272
1790517086,10666368,12804272
1790517088,9251404,12804272
1790517090,9286148,12804272
1790517092,10420036,12804272
1790517094,10514016,12804272
1790517096,10568796,12804272
1790517098,10090332,12804272
1790517100,10485076,12804272
1790517102,10505416,12804272
1790517104,10487304,12804272
1790517106,8933292,12804272
1790517108,10041268,12804272
1790517110,8721548,12804272
1790517112,9915932,12804272
1790517114,10007988,12804272
1790517116,9238008,12804272
1790517118,10263472,12804272
1790517120,10344684,12804272
1790517122,10371696,12804272
1790517124,9115304,12804272
1790517126,9133712,12804272
1790517128,10372248,12804272
1790517130,10442604,12804272
1790517132,10513212,12804272
1790517134,9962848,12804272
1790517136,10382300,12804272
1790517138,10369344,12804272
1790517140,10392484,12804272
1790517142,9303292,12804272
1790517144,9251008,12804272
1790517146,10282228,12804272
1790517148,10251380,12804272
1790517150,10395488,12804272
1790517152,8757316,12804272
1790517154,8824984,12804272
1790517156,9983324,12804272
1790517158,9986456,12804272
1790517160,8819708,12804272
1790517162,8881552,12804272
1790517164,10233568,12804272
1790517166,10389968,12804272
1790517168,10495048,12804272
1790517170,10064672,12804272
1790517172,10520912,12804272
1790517174,10518120,12804272
1790517176,10509804,12804272
1790517178,9387352,12804272
1790517180,9413068,12804272
1790517182,10457356,12804272
1790517184,10514164,12804272
1790517186,10658476,12804272
1790517188,9372452,12804272
1790517190,9425344,12804272
1790517192,10486736,12804272
1790517194,10507556,12804272
1790517196,9446836,12804272
1790517198,9302260,12804272
1790517200,8810140,12804272
1790517202,10023504,12804272
1790517204,10042704,12804272
1790517206,9823564,12804272
1790517208,10129708,12804272
1790517210,10212840,12804272
1790517212,10240296,12804272
1790517214,9231808,12804272
1790517216,9214028,12804272
1790517218,10318500,12804272
1790517220,10329224,12804272
1790517222,10375528,12804272
1790517224,9151508,12804272
1790517226,9225604,12804272
1790517228,10283556,12804272
1790517230,10337140,12804272
1790517232,10446348,12804272
1790517234,10263652,12804272
1790517236,10326852,12804272
1790517238,10324328,12804272
1790517240,10460360,12804272
1790517242,9312964,12804272
1790517244,9879556,12804272
1790517246,9065292,12804272
1790517248,10079520,12804272
1790517250,9300480,12804272
1790517252,9078348,12804272
1790517254,10369280,12804272
1790517256,10478824,12804272
1790517258,10592500,12804272
1790517260,9314700,12804272
1790517262,9412268,12804272
1790517264,10517280,12804272
1790517266,10556568,12804272
1790517268,10588360,12804272
1790517270,10434888,12804272
1790517272,10457220,12804272
1790517274,10508836,12804272
1790517276,10571652,12804272
1790517278,9415124,12804272
1790517280,9030928,12804272
1790517282,10448748,12804272
1790517284,10581920,12804272
1790517286,10615220,12804272
1790517288,9240476,12804272
1790517290,8740932,12804272
1790517292,9939316,12804272
1790517294,9991104,12804272
1790517296,9058220,12804272
1790517298,8885716,12804272
1790517300,10291988,12804272
1790517302,10341840,12804272
1790517304,10466008,12804272
1790517306,10380620,12804272
1790517308,10367164,12804272
1790517310,10364816,12804272
1790517312,10444336,12804272
1790517314,9301152,12804272
1790517316,9102104,12804272
1790517318,10370440,12804272
1790517320,10470896,12804272
1790517322,10561324,12804272
1790517324,9187068,12804272
1790517326,9290152,12804272
1790517328,10264032,12804272
1790517330,10397404,12804272
1790517332,9306236,12804272
1790517334,8777400,12804272
1790517336,8848556,12804272
1790517338,9995940,12804272
1790517340,10081756,12804272
1790517342,10049392,12804272
1790517344,10203824,12804272
1790517346,10265056,12804272
1790517348,10385220,12804272
1790517350,9363124,12804272
1790517352,9220544,12804272
1790517354,10476368,12804272
1790517356,10481232,12804272
1790517358,10537360,12804296
1790517360,9314376,12804296
1790517362,9439904,12804296
1790517364,10565376,12804296
1790517366,10602304,12804300
1790517368,10651704,12804300
1790517370,10665588,12804300
1790517372,10549808,12804300
1790517374,10546764,12804300
1790517376,10613668,12804300
1790517378,9045132,12804300
1790517380,10018812,12804300
1790517382,8845436,12804300
1790517384,10055860,12804300
1790517386,9343252,12804300
1790517388,8894820,12804300
1790517390,10144196,12804300
1790517392,10230456,12804300
1790517394,10326488,12804300
1790517396,9017368,12804300
1790517398,9160616,12804300
1790517400,10290556,12804300
1790517402,10362860,12804300
1790517404,10411156,12804300
1790517406,10375936,12804300
1790517408,10321672,12804300
1790517410,10319172,12804300
1790517412,10371412,12804300
1790517414,9240156,12804300
1790517416,8990576,12804300
1790517418,10304620,12804300
1790517420,10465412,12804300
1790517422,10524528,12804300
1790517424,8861004,12804328
1790517427,9013896,12804328
1790517429,10109044,12804328
1790517431,10101092,12804328
1790517433,9025588,12804328
1790517435,9086400,12804328
1790517437,10395020,12804328
1790517439,10496568,12804328
1790517441,10634120,12804328
1790517443,10190748,12804328
1790517445,10539696,12804328
1790517447,10570100,12804328
1790517449,10543352,12804328
1790517451,9407384,12804328
1790517453,9203744,12804328
1790517455,10421424,12804328
1790517457,10468588,12804328
1790517459,10557972,12804328
1790517461,9289800,12804328
1790517463,9312124,12804328
1790517465,10417360,12804328
1790517467,10515708,12804328
1790517469,7749660,12804328
1790517471,7695668,12804328
1790517473,9126232,12804328
1790517475,8554836,12804328
1790517477,8503608,12804328
1790517479,8430572,12804328
1790517481,8598340,12804328
1790517483,8597324,12804328
1790517485,8721576,12804328
1790517487,8487844,12804328
1790517489,9840384,12804328
1790517491,10981572,12804332
1790517493,10622188,12804332
1790517495,8874384,12804332
1790517497,8916140,12804332
1790517499,8859836,12804332
1790517501,9658544,12804332
1790517503,11149312,12804332
1790517505,10684816,12804332
1790517507,9801908,12804332
1790517509,10203472,12804332
1790517511,10328468,12804332
1790517513,10336628,12804332
1790517515,9304452,12804332
1790517517,9312204,12804332
1790517519,10333000,12804332
1790517521,10435036,12804332
1790517523,10458812,12804336
1790517525,9123108,12804336
1790517527,9239056,12804336
1790517529,10400744,12804336
1790517531,10415168,12804336
1790517533,10494948,12804336
1790517535,10042956,12804336
1790517537,10388856,12804336
1790517539,10382740,12804336
1790517541,10504648,12804336
1790517543,8955216,12804336
1790517545,10067236,12804336
1790517547,8883968,12804340
1790517549,10076528,12804340
1790517551,10175140,12804340
1790517553,9308072,12804340
1790517555,10340124,12804340
1790517557,10409880,12804340
1790517559,10459468,12804340
1790517561,9342604,12804340
1790517563,9331368,12804340
1790517565,10446848,12804340
1790517567,10516268,12804340
1790517569,10509228,12804340
1790517571,9865716,12804340
1790517573,10387972,12804340
1790517575,10393480,12804340
1790517577,10430492,12804356
1790517579,9597324,12804356
1790517581,9353364,12804356
1790517583,10425888,12804356
1790517585,10430372,12804356
1790517587,10489964,12804356
1790517589,8847768,12804356
1790517591,8826032,12804356
1790517593,9033136,12804356
1790517595,9933060,12804356
1790517597,8811316,12804356
1790517599,8821684,12804356
1790517601,10279612,12804356
1790517603,10417372,12804356
1790517605,10517772,12804356
1790517607,9910568,12804356
1790517609,10427872,12804356
1790517611,10412308,12804360
1790517613,10524368,12804360
1790517615,9392732,12804360
1790517617,9373596,12804360
1790517619,10486100,12804360
1790517621,10485468,12804360
1790517623,10517980,12804360
1790517625,9266564,12804360
1790517627,9360792,12804360
1790517629,10436824,12804360
1790517631,10463788,12804360
1790517633,9581712,12804360
1790517635,8864232,12804360
1790517637,8834588,12804360
1790517639,9929560,12804360
1790517641,10039416,12804360
1790517643,9640872,12804360
1790517645,10249904,12804360
1790517647,10298340,12804360
1790517649,10324592,12804360
1790517651,10404592,12804360
1790517653,9320900,12804360
1790517655,10353048,12804360
1790517657,10379812,12804360
1790517659,10456332,12804360
1790517661,9280988,12804360
1790517663,9304452,12804360
1790517665,10422172,12804360
1790517667,10414796,12804360
1790517669,10568744,12804360
1790517671,9852548,12804360
1790517673,10505076,12804360
1790517675,10502216,12804360
1790517677,10498688,12804360
1790517679,8939516,12804360
1790517681,10028328,12804360
1790517683,8884508,12804360
1790517685,10094508,12804360
1790517687,10124824,12804360
1790517689,9299068,12804360
1790517691,10302764,12804360
1790517693,10392316,12804360
1790517695,10400056,12804360
1790517697,9209060,12804360
1790517699,9193000,12804360
1790517701,10385496,12804360
1790517703,10387728,12804360
1790517705,10463476,12804376
1790517707,9799580,12804376
1790517709,10390604,12804376
1790517711,10416164,12804376
1790517713,10424640,12804376
1790517715,10264540,12804376
1790517717,9336188,12804376
1790517719,10402052,12804376
1790517721,10480772,12804376
1790517723,10495200,12804376
1790517725,8960960,12804376
1790517727,8874080,12804376
1790517729,8965896,12804376
1790517731,10041688,12804376
1790517733,9036792,12804376
1790517735,8982976,12804376
1790517737,10417772,12804376
1790517739,10429884,12804376
1790517741,10500404,12804376
1790517743,9916252,12804376
1790517745,10513380,12804376
1790517747,10518052,12804376
1790517749,10488152,12804376
1790517751,10502208,12804376
1790517753,9351640,12804376
1790517755,10334720,12804376
1790517757,10396852,12804376
1790517759,10460584,12804376
1790517761,9251720,12804376
1790517763,9198160,12804376
1790517765,10429852,12804376
1790517767,10458388,12804376
1790517769,9434608,12804376
1790517771,8889608,12804376
1790517773,8885144,12804376
1790517775,9958232,12804376
1790517777,9975000,12804376
1790517779,9664612,12804376
1790517781,10440576,12804380
1790517783,10442404,12804380
1790517785,10451696,12804380
1790517787,10477548,12804380
1790517789,9422512,12804380
1790517791,10508292,12804380
1790517793,10503468,12804380
1790517795,10539896,12804380
1790517797,9318432,12804380
1790517799,9259660,12804380
1790517801,10510424,12804380
1790517803,10498500,12804380
1790517805,10611160,12804380
1790517807,9941544,12804380
1790517809,10374056,12804380
1790517811,10428292,12804380
1790517813,10428144,12804380
1790517815,8877148,12804380
1790517817,9974212,12804380
1790517819,8780476,12804380
1790517821,9960272,12804380
1790517823,10103872,12804380
1790517825,9283868,12804380
1790517827,10311392,12804380
1790517829,10333912,12804380
1790517831,10419076,12804380
1790517833,8991848,12804380
1790517835,9217588,12804380
1790517837,10384380,12804380
1790517839,10401056,12804380
1790517841,10506328,12804380
1790517843,9875732,12804380
1790517845,9400552,12804380
1790517847,10499176,12804380
1790517849,10528312,12804380
1790517851,10619968,12804392
1790517853,9431456,12804392
1790517855,10456132,12804392
1790517857,10498748,12804392
1790517859,10547780,12804392
1790517861,8951756,12804392
1790517863,8953668,12804392
1790517865,8859212,12804392
1790517867,10022832,12804392
1790517869,9131572,12804392
1790517871,8714420,12804392
1790517873,10283688,12804392
1790517875,10340672,12804392
1790517877,10384096,12804396
1790517879,9802768,12804396
1790517881,9229876,12804396
1790517883,10391556,12804396
1790517885,10444532,12804396
1790517887,10467144,12804396
1790517889,9323928,12804396
1790517891,10357204,12804396
1790517893,10439340,12804396
1790517895,10486936,12804396
1790517897,9316512,12804396
1790517899,9287484,12804396
1790517901,10556360,12804396
1790517903,10552156,12804396
1790517905,10628424,12804396
1790517907,8967580,12804396
1790517909,8926844,12804396
1790517911,10086064,12804396
1790517913,10090088,12804396
1790517915,9472484,12804396
1790517917,9161572,12804396
1790517919,10378132,12804396
1790517921,10485836,12804396
1790517923,10546796,12804396
1790517925,9422400,12804396
1790517927,10496232,12804396
1790517929,10421132,12804396
1790517931,10419152,12804396
1790517933,9216572,12804396
1790517935,9210224,12804396
1790517937,10408476,12804396
1790517939,10402572,12804396
1790517941,10487508,12804396
1790517943,9783196,12804396
1790517945,10314612,12804396
1790517947,10400064,12804396
1790517949,10533912,12804396
1790517951,9321508,12804396
1790517953,10055600,12804396
1790517955,9070096,12804396
1790517957,9982264,12804396
1790517959,10132420,12804396
1790517961,9287676,12804396
1790517963,10292216,12804396
1790517965,10457792,12804396
1790517967,10493656,12804396
1790517969,9278424,12804396
1790517971,9315592,12804396
1790517973,10505676,12804396
1790517975,10570796,12804396
1790517977,10586152,12804396
1790517979,9972904,12804396
1790517981,10429952,12804396
1790517983,10529560,12804396
1790517985,10626804,12804396
1790517987,10666868,12804396
1790517989,9350068,12804396
1790517991,10425048,12804396
1790517993,10469852,12804396
1790517995,7803684,12804396
1790517997,7452660,12804396
1790517999,7696016,12804396
1790518001,8298996,12804396
1790518003,8602524,12804396
1790518005,8288568,12804396
1790518007,8276556,12804396
1790518009,8290260,12804396
1790518011,8301776,12804396
1790518013,8244288,12804396
1790518015,8378652,12804396
1790518017,9624156,12804396
1790518019,3414444,12804396
1790518021,9915980,12804396
1790518023,8940172,12804396
1790518025,9002248,12804396
1790518027,9265700,12804396
1790518029,11110152,12804396
1790518031,11248100,12804396
1790518033,9405324,12804396
1790518035,9218076,12804396
1790518037,10407008,12804396
1790518039,10443008,12804396
1790518041,10553300,12804396
1790518043,9328596,12804396
1790518045,9434656,12804396
1790518047,10603268,12804396
1790518049,10547468,12804396
1790518051,10580588,12804396
1790518053,10379772,12804396
1790518055,10459768,12804396
1790518057,10472088,12804396
1790518059,10479196,12804396
1790518061,9390852,12804396
1790518063,9180212,12804396
1790518065,10423816,12804396
1790518067,10489580,12804396
1790518069,10579224,12804396
1790518071,8966384,12804396
1790518073,8767804,12804396
1790518075,9987792,12804396
1790518077,10098752,12804396
1790518079,9154544,12804396
1790518081,9088216,12804396
1790518083,10384524,12804396
1790518085,10437276,12804396
1790518087,10461800,12804396
1790518089,10317912,12804396
1790518091,10404048,12804396
1790518093,10448980,12804396
1790518095,10456764,12804396
1790518097,9353312,12804396
1790518099,9154732,12804396
1790518101,10336072,12804396
1790518103,10428060,12804396
1790518105,10550744,12804396
1790518107,9230072,12804396
1790518109,9197344,12804396
1790518111,10400064,12804396
1790518113,10432760,12804396
1790518115,9321628,12804396
1790518117,8826152,12804396
1790518119,8851348,12804396
1790518121,10039892,12804396
1790518123,10136364,12804396
1790518125,10216156,12804396
1790518127,10379916,12804396
1790518129,10431612,12804396
1790518131,10454064,12804396
1790518133,9393392,12804396
1790518135,9215572,12804396
1790518137,10400060,12804396
1790518139,10429924,12804396
1790518141,10653096,12804400
1790518143,9326248,12804400
1790518145,9439248,12804400
1790518147,10529672,12804400
1790518149,10590628,12804400
1790518151,10618984,12804400
1790518153,10566584,12804400
1790518156,10512216,12804400
1790518158,10512896,12804400
1790518160,10558372,12804400
1790518162,9006664,12804400
1790518164,10054160,12804400
1790518166,8894716,12804400
1790518168,10062964,12804400
1790518170,9289628,12804400
1790518172,8847012,12804400
1790518174,10236336,12804400
1790518176,10276028,12804400
1790518178,10404304,12804400
1790518180,9031972,12804400
1790518182,9209852,12804400
1790518184,10336928,12804400
1790518186,10404128,12804400
1790518188,10477496,12804400
1790518190,10239844,12804400
1790518192,10366076,12804400
1790518194,10393296,12804400
1790518196,10452588,12804400
1790518198,9281992,12804400
1790518200,9128508,12804400
1790518202,10396060,12804400
1790518204,10514904,12804400
1790518206,10527576,12804400
1790518208,8897748,12804400
1790518210,8912256,12804400
1790518212,10143408,12804400
1790518214,10133616,12804400
1790518216,9172928,12804400
1790518218,9178800,12804400
1790518220,10381540,12804400
1790518222,10487336,12804400
1790518224,10617272,12804400
1790518226,10402720,12804400
1790518228,10501376,12804400
1790518230,10474960,12804400
1790518232,10509744,12804400
1790518234,9397808,12804400
1790518236,9190380,12804400
1790518238,10418368,12804400
1790518240,10463708,12804400
1790518242,10585612,12804400
1790518244,9181212,12804400
1790518246,9355592,12804400
1790518248,10449620,12804400
1790518250,10505632,12804400
1790518252,9499820,12804400
1790518254,8907316,12804400
1790518256,8787800,12804400
1790518258,9965116,12804400
1790518260,10121296,12804400
1790518262,10208452,12804404
1790518264,10231400,12804404
1790518266,10344600,12804404
1790518268,10429600,12804404
1790518270,9368988,12804404
1790518272,9136960,12804404
1790518274,10406012,12804404
1790518276,10446924,12804404
1790518278,10518992,12804404
1790518280,9253684,12804404
1790518282,9286592,12804404
1790518284,10496932,12804404
1790518286,10486008,12804404
1790518288,10527904,12804404
1790518290,10307360,12804404
1790518292,10266268,12804404
1790518294,10343708,12804404
1790518296,10447712,12804404
1790518298,8777480,12804404
1790518300,9896340,12804404
1790518302,8739984,12804404
1790518304,10005508,12804404
1790518306,9262668,12804404
1790518308,9104508,12804404
1790518310,10293132,12804404
1790518312,10366580,12804404
1790518314,10438164,12804404
1790518316,9234372,12804404
1790518318,9380280,12804404
1790518320,10589116,12804404
1790518322,10597140,12804404
1790518324,10652932,12804404
1790518326,10443584,12804404
1790518328,10430228,12804404
1790518330,10538932,12804404
1790518332,10608760,12804404
1790518334,9491464,12804404
1790518336,9262460,12804404
1790518338,10466868,12804404
1790518340,10550988,12804416
1790518342,10547996,12804416
1790518344,8932768,12804416
1790518346,8827596,12804416
1790518348,10021452,12804424
1790518350,9935080,12804424
1790518352,9014776,12804424
1790518354,8898544,12804424
1790518356,10272680,12804424
1790518358,10285340,12804424
1790518360,10305644,12804424
1790518362,10062892,12804424
1790518364,10269300,12804424
1790518366,10362324,12804424
1790518368,10361332,12804424
1790518370,9280592,12804424
1790518372,9013388,12804424
1790518374,10308400,12804424
1790518376,10347292,12804424
1790518378,10443880,12804424
1790518380,9293896,12804424
1790518382,9294152,12804424
1790518384,10399256,12804424
1790518386,10396316,12804424
1790518388,9296500,12804424
1790518390,8899328,12804424
1790518392,8953720,12804424
1790518394,10058192,12804424
1790518396,10188348,12804424
1790518398,10167628,12804424
1790518400,10351408,12804424
1790518402,10481848,12804424
1790518404,10488868,12804424
1790518406,9446872,12804424
1790518408,9255352,12804424
1790518410,10413904,12804424
1790518412,10423512,12804424
1790518414,10546460,12804424
1790518416,9190872,12804424
1790518418,9348200,12804424
1790518420,10387888,12804424
1790518422,10497496,12804424
1790518424,10571052,12804424
1790518426,10457240,12804424
1790518428,10437512,12804424
1790518430,10441632,12804424
1790518432,10516812,12804424
1790518434,8924308,12804424
1790518436,9982600,12804424
1790518438,8761452,12804424
1790518440,10048932,12804424
1790518442,9342808,12804424
1790518444,8989172,12804424
1790518446,10300300,12804424
1790518448,10369672,12804424
1790518450,10451088,12804424
1790518452,9158392,12804424
1790518454,9299412,12804424
1790518456,10379072,12804424
1790518458,10431208,12804424
1790518460,10501160,12804424
1790518462,10290876,12804424
1790518464,10339768,12804424
1790518466,10404616,12804424
1790518468,10491844,12804424
1790518470,9260808,12804424
1790518472,9047024,12804424
1790518474,10286280,12804424
1790518476,10289000,12804424
1790518478,10388324,12804424
1790518480,8796268,12804424
1790518482,8934260,12804424
1790518484,9988820,12804424
1790518486,10031056,12804424
1790518488,9135400,12804424
1790518490,9167232,12804424
1790518492,10323712,12804424
1790518494,10413804,12804424
1790518496,10473464,12804424
1790518498,10137748,12804424
1790518500,10505228,12804424
1790518502,10495284,12804424
1790518504,10564704,12804424
1790518506,9470824,12804424
1790518508,9165312,12804424
1790518510,10494668,12804424
1790518512,10541692,12804424
1790518514,10579192,12804424
1790518516,9312884,12804424
1790518518,9422008,12804424
1790518520,10569140,12804424
1790518522,10632828,12804424
1790518524,9571952,12804424
1790518526,9012584,12804424
1790518528,8851720,12804424
1790518530,9981636,12804424
1790518532,10053904,12804424
1790518534,10133780,12804424
1790518536,10210760,12804424
1790518538,10284808,12804424
1790518540,10280052,12804424
1790518542,9254760,12804424
1790518544,9090504,12804424
1790518546,10305380,12804424
1790518548,10331632,12804424
1790518550,10337148,12804424
1790518552,9074552,12804424
1790518554,9202368,12804424
1790518556,10236380,12804424
1790518558,10310892,12804424
1790518560,10474788,12804424
1790518562,10501664,12804424
1790518564,10381352,12804424
1790518566,10398568,12804424
1790518568,10452960,12804424
1790518570,8885444,12804424
1790518572,9974756,12804424
1790518574,8878764,12804432
1790518576,10095688,12804432
1790518578,9415160,12804432
1790518580,8813920,12804432
1790518582,10418300,12804432
1790518584,10457524,12804432
1790518586,10549236,12804432
1790518588,9198952,12804432
1790518590,9280888,12804432
1790518592,10443684,12804432
1790518594,10461144,12804432
1790518596,10543676,12804432
1790518598,10523256,12804432
1790518600,10432404,12804432
1790518602,10435064,12804432
1790518604,10497492,12804432
1790518606,9416432,12804432
1790518608,9243128,12804432
1790518610,10446704,12804432
1790518612,10471268,12804432
1790518614,7691232,12804432
1790518616,7535828,12804432
1790518618,8370812,12804432
1790518620,8877888,12804432
1790518622,8508572,12804432
1790518624,8548068,12804432
1790518626,8520068,12804432
1790518628,8494912,12804432
1790518630,8540432,12804432
1790518632,8479412,12804432
1790518634,8589568,12804432
1790518636,9766592,12804432
1790518638,3045280,12804432
1790518640,9880592,12804432
1790518642,8873564,12804432
1790518644,9066676,12804432
1790518646,10114872,12804432
1790518648,10803948,12804432
1790518650,11136672,12804432
1790518652,8984152,12804432
1790518654,8676908,12804432
1790518656,10172816,12804432
1790518658,10402636,12804432
1790518660,10418700,12804432
1790518662,9753084,12804432
1790518664,9229956,12804432
1790518666,10341744,12804432
1790518668,10467856,12804432
1790518670,10486736,12804432
1790518672,9308968,12804432
1790518674,10363788,12804432
1790518676,10374964,12804432
1790518678,10473212,12804432
1790518680,9205164,12804432
1790518682,9309100,12804432
1790518684,10479424,12804432
1790518686,10554744,12804432
1790518688,10596496,12804432
1790518690,9424648,12804432
1790518692,9106760,12804432
1790518694,9991872,12804432
1790518696,10196140,12804432
1790518698,9158244,12804432
1790518700,9101592,12804432
1790518702,10447304,12804432
1790518704,10559816,12804432
1790518706,10586336,12804432
1790518708,9362824,12804432
1790518710,10391768,12804432
1790518712,10449808,12804432
1790518714,10453636,12804432
1790518716,9235956,12804432
1790518718,9197820,12804432
1790518720,10445828,12804432
1790518722,10441608,12804432
1790518724,10482472,12804432
1790518726,9834476,12804432
1790518728,9332212,12804432
1790518730,10419088,12804432
1790518732,10506892,12804432
1790518734,9419336,12804440
1790518736,9900148,12804440
1790518738,9057060,12804440
1790518740,10080372,12804440
1790518742,10320644,12804440
1790518744,10189840,12804440
1790518746,10308816,12804440
1790518748,10397368,12804440
1790518750,10425392,12804440
1790518752,8944308,12804440
1790518754,9303580,12804440
1790518756,10448272,12804440
1790518758,10485108,12804440
1790518760,10525148,12804440
1790518762,9796236,12804440
1790518764,9403260,12804440
1790518766,10471476,12804440
1790518768,10434672,12804440
1790518770,10434428,12804440
1790518772,9325860,12804440
1790518774,10402468,12804440
1790518776,10422632,12804440
1790518778,10422272,12804440
1790518780,8863728,12804440
1790518782,9252740,12804440
1790518784,8823840,12804440
1790518786,9971000,12804440
1790518788,9235384,12804440
1790518790,8796812,12804440
1790518792,10311260,12804448
1790518794,10352956,12804448
1790518796,10477128,12804448
1790518798,9107088,12804448
1790518800,9389016,12804448
1790518802,10470372,12804448
1790518804,10536656,12804448
1790518806,10667124,12804448
1790518808,9455416,12804448
1790518810,10543928,12804448
1790518812,10551200,12804448
1790518814,10551280,12804448
1790518816,9211324,12804448
1790518818,9246272,12804448
1790518820,10463104,12804448
1790518822,10460528,12804448
1790518824,10641328,12804448
1790518826,8953380,12804448
1790518828,8771928,12804448
1790518830,9965804,12804448
1790518832,10105860,12804448
1790518834,9008544,12804448
1790518836,9018164,12804448
1790518838,10312020,12804448
1790518840,10339292,12804448
1790518842,10374956,12804448
1790518844,10387108,12804448
1790518846,10362284,12804448
1790518848,10383592,12804448
1790518850,10413964,12804448
1790518852,9282456,12804448
1790518854,9069496,12804448
1790518856,10377032,12804448
1790518858,10386648,12804448
1790518860,10557544,12804448
1790518862,9232484,12804448
1790518864,9315872,12804448
1790518866,10423180,12804448
1790518868,10532792,12804448
1790518870,9342220,12804448
1790518872,8904400,12804448
1790518874,8857972,12804448
1790518876,10059336,12804448
1790518878,10217708,12804448
1790518880,10214740,12804448
1790518883,10374076,12804448
1790518885,10457872,12804448
1790518887,10464740,12804448
1790518889,9295128,12804448
1790518891,8985048,12804448
1790518893,10407752,12804460
1790518895,10462884,12804460
1790518897,10512520,12804460
1790518899,9273692,12804460
1790518901,9275264,12804460
1790518903,10451748,12804460
1790518905,10451848,12804460
1790518907,10515796,12804460
1790518909,10445116,12804460
1790518911,10362032,12804460
1790518913,10423104,12804460
1790518915,10580992,12804460
1790518917,8890748,12804460
1790518919,9931816,12804460
1790518921,8857304,12804460
1790518923,10040208,12804460
1790518925,9372780,12804460
1790518927,9027552,12804460
1790518929,10376840,12804460
1790518931,10472604,12804460
1790518933,10493452,12804460
1790518935,9259524,12804460
1790518937,9307104,12804460
1790518939,10463972,12804460
1790518941,10477624,12804460
1790518943,10519020,12804460
1790518945,10396100,12804460
1790518947,10452988,12804460
1790518949,10372756,12804460
1790518951,10443276,12804460
1790518953,9305976,12804460
1790518955,9053680,12804460
1790518957,10370864,12804460
1790518959,10406524,12804460
1790518961,10441920,12804460
1790518963,8847592,12804460
1790518965,8828388,12804460
1790518967,9984204,12804460
1790518969,9990884,12804460
1790518971,8861764,12804460
1790518973,8985372,12804460
1790518975,10259512,12804460
1790518977,10396384,12804460
1790518979,10444364,12804460
1790518981,10075084,12804460
1790518983,10488924,12804460
1790518985,10515500,12804460
1790518987,10518412,12804460
1790518989,9436788,12804460
1790518991,9143672,12804460
1790518993,10464148,12804460
1790518995,10515188,12804460
1790518997,10573128,12804460
1790518999,9241052,12804460
1790519001,9353812,12804460
1790519003,10530956,12804460
1790519005,10523544,12804460
1790519007,9209800,12804460
1790519009,8901604,12804460
1790519011,8789836,12804460
1790519013,9960236,12804460
1790519015,10020284,12804460
1790519017,9762044,12804460
1790519019,10336916,12804460
1790519021,10337736,12804460
1790519023,10345424,12804460
1790519025,9316764,12804460
1790519027,8887192,12804460
1790519029,10414496,12804460
1790519031,10415120,12804460
1790519033,10448952,12804460
1790519035,9165104,12804460
1790519037,9282600,12804460
1790519039,10403988,12804460
1790519041,10504060,12804464
1790519043,10514592,12804464
1790519045,10201100,12804464
1790519047,10481788,12804464
1790519049,10480832,12804464
1790519051,10535868,12804464
1790519053,8953088,12804464
1790519055,10070064,12804464
1790519057,8891800,12804464
1790519059,10119296,12804464
1790519061,10277620,12804464
1790519063,9392396,12804464
1790519065,10364868,12804464
1790519067,10425312,12804464
1790519069,10369792,12804464
1790519071,9189868,12804464
1790519073,9242864,12804464
1790519075,10435156,12804464
1790519077,10449200,12804464
1790519079,10539532,12804464
1790519081,10257076,12804464
1790519083,10411360,12804464
1790519085,10405908,12804464
1790519087,10482076,12804464
1790519089,9346836,12804464
1790519091,9218992,12804464
1790519093,10421188,12804464
1790519095,10475040,12804464
1790519097,10552136,12804464
1790519099,8914724,12804464
1790519101,8878576,12804472
1790519103,10100040,12804472
1790519105,10091304,12804472
1790519107,9024808,12804472
1790519109,9057308,12804472
1790519111,10404552,12804472
1790519113,10403008,12804472
1790519115,10467292,12804472
1790519117,10136504,12804472
1790519119,10394700,12804472
1790519121,10440856,12804472
1790519123,10478184,12804472
1790519125,9400568,12804472
1790519127,9203092,12804472
1790519129,10384872,12804472
1790519131,10379992,12804472
1790519133,10406212,12804472
1790519135,8964640,12804472
1790519137,9225540,12804472
1790519139,10309672,12804472
1790519141,10374828,12804472
1790519143,9268976,12804472
1790519145,8832928,12804472
1790519147,8746932,12804472
1790519149,9973748,12804472
1790519151,10093268,12804472
1790519153,9654036,12804472
1790519155,10246760,12804472
1790519157,10316608,12804472
1790519159,10361772,12804472
1790519161,10548544,12804480
1790519163,9444932,12804480
1790519165,10514596,12804480
1790519167,10514960,12804480
1790519169,10579772,12804480
1790519171,9318568,12804480
1790519173,9370848,12804480
1790519175,10537728,12804480
1790519177,10552220,12804480
1790519179,10615032,12804480
1790519181,9963240,12804480
1790519183,10506152,12804480
1790519185,10523856,12804480
1790519187,10545320,12804480
1790519189,8878092,12804480
1790519191,9974148,12804480
1790519193,8743748,12804480
1790519195,9935148,12804480
1790519197,10094320,12804480
1790519199,9277844,12804480
1790519201,10200432,12804480
1790519203,10310544,12804480
1790519205,10349004,12804480
1790519207,8961732,12804480
1790519209,9175412,12804480
1790519211,10319228,12804480
1790519213,10400744,12804480
1790519215,10439932,12804480
1790519217,9742760,12804480
1790519219,10371708,12804480
1790519221,10489452,12804480
1790519223,10483052,12804480
1790519225,10580904,12804480
1790519227,9419788,12804480
1790519229,10402084,12804480
1790519231,10441620,12804480
1790519233,10523928,12804480
1790519235,8922600,12804480
1790519237,8899320,12804480
1790519239,8859780,12804480
1790519241,10022980,12804480
1790519243,9040516,12804480
1790519245,8727836,12804480
1790519247,10372420,12804480
1790519249,10378420,12804480
1790519251,10433352,12804480
1790519253,9781016,12804480
1790519255,9344520,12804480
1790519257,10414676,12804480
1790519259,10447312,12804480
1790519261,10487184,12804480
1790519263,9378960,12804480
1790519265,10465956,12804480
1790519267,10483480,12804480
1790519269,10517736,12804480
1790519271,9229832,12804480
1790519273,9294432,12804480
1790519275,10446836,12804480
1790519277,10447820,12804480
1790519279,10460552,12804480
1790519281,8971016,12804484
1790519283,8850800,12804484
1790519285,10047468,12804484
1790519287,10051576,12804484
1790519289,9074488,12804484
1790519291,9149840,12804484
1790519293,10441716,12804484
1790519295,10443872,12804484
1790519297,10490264,12804484
1790519299,9421424,12804484
1790519301,10380796,12804484
1790519303,10451208,12804484
1790519305,10528712,12804484
1790519307,9272064,12804484
1790519309,9184208,12804484
1790519311,10380312,12804484
1790519313,10431600,12804484
1790519315,10507052,12804484
1790519317,9818832,12804484
1790519319,9279048,12804484
1790519321,10310556,12804484
1790519323,10369852,12804484
1790519325,9310480,12804484
1790519327,9272092,12804484
1790519329,8882540,12804484
1790519331,9969008,12804484
1790519333,10089688,12804484
1790519335,9676844,12804484
1790519337,10220724,12804484
1790519339,10221944,12804484
1790519341,10463580,12804488
1790519343,8977368,12804488
1790519345,9327348,12804488
1790519347,10557396,12804488
1790519349,10558460,12804488
1790519351,10565216,12804488
1790519353,9449540,12804488
1790519355,9402512,12804488
1790519357,10573984,12804488
1790519359,10592424,12804488
1790519361,10654216,12804488
1790519363,9451676,12804488
1790519365,10461980,12804488
1790519367,10559340,12804488
1790519369,10468592,12804488
1790519371,9067544,12804488
1790519373,8774260,12804488
1790519375,9076284,12804488
1790519377,9968584,12804488
1790519379,9295120,12804488
1790519381,8608908,12804488
1790519383,10214896,12804488
1790519385,10295432,12804488
1790519387,10415940,12804488
1790519389,9374960,12804488
1790519391,9168028,12804488
1790519393,10320864,12804488
1790519395,10373888,12804488
1790519397,10495352,12804488
1790519399,9323388,12804488
1790519401,10405868,12804492
1790519403,10554456,12804492
1790519405,10592192,12804520
1790519407,9270344,12804520
1790519409,9235580,12804520
1790519411,10464872,12804520
1790519413,10482024,12804520
1790519415,7625048,12804520
1790519417,7727736,12804520
1790519419,8370700,12804520
1790519421,8716296,12804520
1790519423,8300324,12804520
1790519425,8412808,12804520
1790519427,8410884,12804520
1790519429,8549800,12804520
1790519431,8313612,12804520
1790519433,8298636,12804520
1790519435,8723936,12804520
1790519437,9945444,12804520
1790519439,5699428,12804520
1790519441,9728292,12804520
1790519443,8831096,12804520
1790519445,8949148,12804520
1790519447,10196320,12804520
1790519449,11154204,12804520
1790519451,11218488,12804520
1790519453,9024288,12804520
1790519455,9101476,12804520
1790519457,10366248,12804520
1790519459,10472568,12804520
1790519461,10591260,12804520
1790519463,10103396,12804520
1790519465,10582544,12804520
1790519467,10586668,12804520
1790519469,10598668,12804520
1790519471,9485584,12804520
1790519473,9398164,12804520
1790519475,10511404,12804520
1790519477,10529800,12804520
1790519479,10628264,12804520
1790519481,9337528,12804520
1790519483,9414424,12804520
1790519485,10577292,12804520
1790519487,10616060,12804520
1790519489,9479512,12804520
1790519491,8942560,12804520
1790519493,8890556,12804520
1790519495,9931148,12804520
1790519497,9986696,12804520
1790519499,9749500,12804520
1790519501,10172844,12804520
1790519503,10353656,12804520
1790519505,10353212,12804520
1790519507,9274604,12804520
1790519509,9200360,12804520
1790519511,10360404,12804520
1790519513,10390268,12804520
1790519515,10446764,12804520
1790519517,9128368,12804520
1790519519,9169084,12804520
1790519521,10370220,12804520
1790519523,10411936,12804520
1790519525,10533832,12804520
1790519527,10312780,12804520
1790519529,10432124,12804520
1790519531,10438128,12804520
1790519533,10472016,12804520
1790519535,8887244,12804520
1790519537,9955472,12804520
1790519539,8945848,12804520
1790519541,10059020,12804520
1790519543,9339860,12804520
1790519545,9042324,12804520
1790519547,10376836,12804520
1790519549,10345600,12804520
1790519551,10452352,12804520
1790519553,9123176,12804520
1790519555,9368468,12804520
1790519557,10496160,12804520
1790519559,10491192,12804520
1790519561,10502492,12804520
1790519563,10252032,12804520
1790519565,10475796,12804520
1790519567,10470604,12804520
1790519569,10469932,12804520
1790519571,9398036,12804520
1790519573,9190708,12804520
1790519575,10404940,12804520
1790519577,10434864,12804520
1790519579,10505864,12804520
1790519581,9009844,12804520
1790519583,8832824,12804520
1790519585,10064516,12804520
1790519587,10103480,12804520
1790519589,9096064,12804520
1790519591,9097984,12804520
1790519593,10356112,12804520
1790519595,10372628,12804520
1790519597,10429428,12804520
1790519599,10199164,12804520
1790519602,10387312,12804520
1790519604,10392884,12804520
1790519606,10491872,12804520
1790519608,9361420,12804520
1790519610,9025204,12804520
1790519612,10312828,12804520
1790519614,10308900,12804520
1790519616,10404384,12804520
1790519618,8985768,12804520
1790519620,9217848,12804520
1790519622,10324580,12804520
1790519624,10317488,12804520
1790519626,9269784,12804520
1790519628,8797900,12804520
1790519630,8875284,12804520
1790519632,9997412,12804520
1790519634,10020256,12804520
1790519636,10144460,12804520
1790519638,10352752,12804596
1790519640,10417216,12804596
1790519642,10461352,12804596
1790519644,9433868,12804596
1790519646,9214920,12804600
1790519648,10561896,12804600
1790519650,10597600,12804600
1790519652,10679732,12804600
1790519654,9370408,12804600
1790519656,9384112,12804600
1790519658,10533600,12804600
1790519660,10573696,12804600
1790519662,10683776,12804600
1790519664,10377252,12804600
1790519666,10430928,12804600
1790519668,10526384,12804600
1790519670,10530872,12804600
1790519672,8926764,12804600
1790519674,10012872,12804600
1790519676,8755248,12804600
1790519678,9968576,12804600
1790519680,9263720,12804600
1790519682,9034212,12804600
1790519684,10267264,12804600
1790519686,10284840,12804600
1790519688,10328688,12804600
1790519690,9129652,12804600
1790519692,9235412,12804600
1790519694,10356040,12804600
1790519696,10362580,12804600
1790519698,10384212,12804600
1790519700,10347308,12804600
1790519702,10352604,12804612
1790519704,10357984,12804612
1790519706,10472732,12804612
1790519708,9361524,12804612
1790519710,9249332,12804612
1790519712,10364228,12804612
1790519714,10407932,12804612
1790519716,10513812,12804612
1790519718,8911248,12804612
1790519720,8884284,12804612
1790519722,10137556,12804612
1790519724,10178260,12804612
1790519726,9337800,12804612
1790519728,9264344,12804612
1790519730,10412264,12804612
1790519732,10416960,12804612
1790519734,10488196,12804612
1790519736,10026420,12804612
1790519738,10449600,12804612
1790519740,10441008,12804612
1790519742,10457172,12804612
1790519744,9354760,12804612
1790519746,9279048,12804612
1790519748,10354684,12804612
1790519750,10407272,12804612
1790519752,10574716,12804612
1790519754,9209236,12804612
1790519756,9346636,12804612
1790519758,10456472,12804612
1790519760,10547900,12804612
1790519762,9394500,12804612
1790519764,9004984,12804612
1790519766,8832224,12804612
1790519768,10009364,12804612
1790519770,10077808,12804612
1790519772,9843292,12804612
1790519774,10256120,12804612
1790519776,10333332,12804612
1790519778,10363000,12804612
1790519780,9351048,12804612
1790519782,9273660,12804612
1790519784,10405308,12804612
1790519786,10431436,12804612
1790519788,10436808,12804612
1790519790,9002704,12804612
1790519792,9197920,12804612
1790519794,10323520,12804612
1790519796,10332428,12804612
1790519798,10388004,12804612
1790519800,10169384,12804612
1790519802,10353132,12804612
1790519804,10400976,12804612
1790519806,10422856,12804612
1790519808,8804964,12804612
1790519810,9940900,12804612
1790519812,8870712,12804612
1790519814,10010800,12804612
1790519816,10034636,12804612
1790519818,9254716,12804612
1790519820,10364484,12804612
1790519822,10391104,12804612
1790519824,10498344,12804612
1790519826,9217984,12804612
1790519828,9402024,12804612
1790519830,10504364,12804612
1790519832,10544632,12804612
1790519834,10613428,12804612
1790519836,10138796,12804612
1790519838,10490420,12804612
1790519840,10514252,12804612
1790519842,10555508,12804612
1790519844,9469600,12804612
1790519846,9378316,12804612
1790519848,10554092,12804612
1790519850,10472964,12804612
1790519852,10529800,12804612
1790519854,8935388,12804612
1790519856,8758972,12804612
1790519858,9953424,12804612
1790519860,9987408,12804612
1790519862,9047264,12804612
1790519864,9075840,12804612
1790519866,10285152,12804612
1790519868,10295044,12804612
1790519870,10321216,12804612
1790519872,9887352,12804612
1790519874,10325416,12804612
1790519876,10330996,12804612
1790519878,10357372,12804612
1790519880,9332288,12804612
1790519882,9235708,12804612
1790519884,10341480,12804612
1790519886,10416796,12804612
1790519888,10491308,12804612
1790519890,9091688,12804612
1790519892,9272464,12804612
1790519894,10341360,12804612
1790519896,10459476,12804612
1790519898,9341400,12804612
1790519900,8869304,12804612
1790519902,8934296,12804612
1790519904,10058832,12804612
1790519906,10089820,12804612
1790519908,9811112,12804612
1790519910,10290644,12804612
1790519912,10316660,12804612
1790519914,10358508,12804612
1790519916,9387776,12804612
1790519918,9400972,12804612
1790519920,10460880,12804612
1790519922,10461576,12804612
1790519924,10474856,12804612
1790519926,9222000,12804612
1790519928,9260524,12804612
1790519930,10386496,12804612
1790519932,10459348,12804612
1790519934,10484404,12804612
1790519936,10069708,12804612
1790519938,10450784,12804612
1790519940,10504212,12804612
1790519942,10531012,12804612
1790519944,7427020,12804612
1790519946,7746444,12804612
1790519948,8498456,12804612
1790519950,8472132,12804612
1790519952,8444080,12804612
1790519954,8389256,12804612
1790519956,8451040,12804612
1790519958,8416900,12804612
1790519960,8447752,12804612
1790519962,8479180,12804612
1790519964,9913468,12804612
1790519966,13403224,12804612
1790519968,8741088,12804612
1790519970,8882148,12804612
1790519972,8830448,12804612
1790519974,8792984,12804612
1790519976,9557308,12804612
1790519978,10867272,12804612
1790519980,10720676,12804612
1790519982,9493004,12804612
1790519984,8999552,12804612
1790519986,10278532,12804612
1790519988,10362540,12804612
1790519990,10400672,12804612
1790519992,9303232,12804612
1790519994,10357824,12804612
1790519996,10383244,12804612
1790519998,10306744,12804612
1790520000,9175616,12804612
1790520002,9258168,12804612
1790520004,10537684,12804612
1790520006,10567552,12804612
1790520008,10574520,12804612
1790520010,9881968,12804612
1790520012,9381864,12804612
1790520014,10489012,12804612
1790520016,10505024,12804612
1790520018,8955096,12804612
1790520020,10038988,12804612
1790520022,8922008,12804612
1790520024,10064208,12804612
1790520026,10173144,12804612
1790520028,9276520,12804612
1790520030,10210960,12804612
1790520032,10307416,12804612
1790520034,10450348,12804612
1790520036,9010908,12804612
1790520038,9156864,12804612
1790520040,10421504,12804612
1790520042,10404164,12804612
1790520044,10472244,12804612
1790520046,9755448,12804612
1790520048,9296028,12804612
1790520050,10418280,12804612
1790520052,10442328,12804612
1790520054,10506496,12804612
1790520056,9336972,12804612
1790520058,10390844,12804612
1790520060,10477888,12804612
1790520062,10531580,12804612
1790520064,8953244,12804612
1790520066,8898416,12804612
1790520068,8833512,12804612
1790520070,10025332,12804612
1790520072,9328192,12804612
1790520074,8679144,12804612
1790520076,10429876,12804612
1790520078,10457520,12804612
1790520080,10445464,12804612
1790520082,9285780,12804612
1790520084,9374092,12804612
1790520086,10445416,12804612
1790520088,10388700,12804612
1790520090,10511560,12804612
1790520092,9290404,12804612
1790520094,10394544,12804612
1790520096,10400548,12804612
1790520098,10424752,12804612
1790520100,9253572,12804612
1790520102,9106272,12804612
1790520104,10343560,12804612
1790520106,10433712,12804612
1790520108,10502676,12804612
1790520110,9137672,12804612
1790520112,8829148,12804612
1790520114,9976712,12804612
1790520116,10176156,12804612
1790520118,8916740,12804612
1790520120,9098376,12804612
1790520122,10411980,12804616
1790520124,10450052,12804616
1790520126,10475892,12804616
1790520128,10425000,12804616
1790520130,10512260,12804616
1790520132,10508568,12804616
1790520134,10512624,12804616
1790520136,9409500,12804616
1790520138,9251680,12804616
1790520140,10463420,12804616
1790520142,10564896,12804616
1790520144,10579600,12804616
1790520146,9282508,12804616
1790520148,9270016,12804616
1790520150,10401520,12804616
1790520152,10435764,12804616
1790520154,9462964,12804616
1790520156,9378824,12804616
1790520158,8964264,12804616
1790520160,9953560,12804616
1790520162,10228224,12804616
1790520164,9999244,12804616
1790520166,10309188,12804616
1790520168,10364152,12804616
1790520170,10406884,12804616
1790520172,9298272,12804616
1790520174,9143116,12804616
1790520176,10405696,12804616
1790520178,10458464,12804616
1790520180,10545984,12804616
1790520182,9261232,12804624
1790520184,9352420,12804624
1790520186,10452484,12804624
1790520188,10493888,12804624
1790520190,10520224,12804624
1790520192,10486484,12804624
1790520194,10458116,12804624
1790520196,10447288,12804624
1790520198,10510792,12804624
1790520200,9388764,12804624
1790520202,9931544,12804624
1790520204,9047200,12804624
1790520206,10044840,12804624
1790520208,9249708,12804624
1790520210,8951944,12804624
1790520212,10343088,12804624
1790520214,10383100,12804624
1790520216,10403628,12804624
1790520218,9232660,12804624
1790520220,9249300,12804624
1790520222,10439520,12804624
1790520224,10501240,12804624
1790520226,10515788,12804624
1790520228,10304920,12804624
1790520230,10439924,12804624
1790520232,10429516,12804624
1790520234,10523412,12804624
1790520236,9334060,12804624
1790520238,9141964,12804624
1790520240,10520616,12804632
1790520242,10525864,12804632
1790520244,10581096,12804632
1790520246,8941648,12804632
1790520248,8849656,12804632
1790520250,10092284,12804632
1790520252,10155736,12804632
1790520254,9091616,12804632
1790520256,9040688,12804632
1790520258,10385056,12804632
1790520260,10413400,12804632
1790520262,10473768,12804632
1790520264,9859716,12804632
1790520266,10474792,12804632
1790520268,10380532,12804632
1790520270,10398712,12804632
1790520272,9300108,12804632
1790520274,9101796,12804632
1790520276,10423344,12804632
1790520278,10417960,12804632
1790520280,10444548,12804632
1790520282,9150828,12804632
1790520284,9256516,12804632
1790520286,10405412,12804632
1790520288,10434688,12804632
1790520290,9493200,12804632
1790520292,8833704,12804632
1790520294,8861340,12804632
1790520296,9918840,12804632
1790520298,10081776,12804632
1790520300,9739004,12804632
1790520302,10301328,12804632
1790520304,10335984,12804632
1790520306,10460456,12804632
1790520308,9417940,12804632
1790520310,9154956,12804632
1790520312,10487076,12804632
1790520314,10511220,12804632
1790520316,10543024,12804632
1790520318,9322836,12804632
1790520320,9384056,12804632
1790520322,10493068,12804632
1790520324,10527972,12804632
1790520326,10640252,12804632
1790520328,10112632,12804632
1790520331,10366712,12804632
1790520333,10485160,12804632
1790520335,10478552,12804632
1790520337,8874360,12804632
1790520339,9955116,12804632
1790520341,8798732,12804632
1790520343,9938772,12804632
1790520345,9251916,12804632
1790520347,8824224,12804632
1790520349,10219048,12804632
1790520351,10311416,12804632
1790520353,10415220,12804632
1790520355,9136212,12804656
1790520357,9243164,12804656
1790520359,10426068,12804656
1790520361,10517448,12804656
1790520363,10528408,12804656
1790520365,10157432,12804656
1790520367,10413260,12804656
1790520369,10411164,12804656
1790520371,10455328,12804656
1790520373,9365008,12804656
1790520375,9161308,12804656
1790520377,10450012,12804656
1790520379,10489948,12804656
1790520381,10489352,12804656
1790520383,8913196,12804656
1790520385,8928120,12804656
1790520387,10067032,12804656
1790520389,9995792,12804656
1790520391,8903172,12804656
1790520393,9120760,12804656
1790520395,10282284,12804656
1790520397,10332204,12804656
1790520399,10384312,12804656
1790520401,10343128,12804656
1790520403,10296316,12804656
1790520405,10399956,12804656
1790520407,10514804,12804656
1790520409,9325632,12804664
1790520411,9087276,12804664
1790520413,10403048,12804664
1790520415,10419760,12804664
1790520417,10512776,12804664
1790520419,9139540,12804664
1790520421,9373484,12804664
1790520423,10516508,12804664
1790520425,10540516,12804664
1790520427,9387460,12804664
1790520429,8932596,12804664
1790520431,8824120,12804664
1790520433,10015452,12804664
1790520435,10246528,12804664
1790520437,10118848,12804664
1790520439,10297076,12804664
1790520441,10378440,12804664
1790520443,10488228,12804664
1790520445,9376204,12804664
1790520447,9221248,12804664
1790520449,10303184,12804664
1790520451,10352616,12804664
1790520453,10409620,12804664
1790520455,9241864,12804664
1790520457,9210048,12804664
1790520459,10423920,12804664
1790520461,10446016,12804664
1790520463,10502304,12804664
1790520465,9304316,12804664
1790520467,10346144,12804664
1790520469,10431560,12804664
1790520471,10481256,12804664
1790520473,8824636,12804664
1790520475,10028232,12804664
1790520477,8867540,12804664
1790520479,9938816,12804664
1790520481,9299264,12804668
1790520483,8823020,12804668
1790520485,10323136,12804668
1790520487,10408852,12804668
1790520489,10529744,12804668
1790520491,9293068,12804668
1790520493,9343460,12804668
1790520495,10495984,12804668
1790520497,10588476,12804668
1790520499,10635504,12804668
1790520501,10592948,12804668
1790520503,10452516,12804668
1790520505,10473216,12804668
1790520507,10534068,12804668
1790520509,9330064,12804668
1790520511,9158524,12804668
1790520513,10409164,12804668
1790520515,10411312,12804668
1790520517,10504020,12804668
1790520519,8884880,12804668
1790520521,8762628,12804668
1790520523,9932596,12804668
1790520525,9941772,12804668
1790520527,9009392,12804668
1790520529,9134476,12804668
1790520531,10340180,12804668
1790520533,10351740,12804668
1790520535,10389884,12804668
1790520537,10238460,12804668
1790520539,10355048,12804668
1790520541,10468048,12804668
1790520543,10477824,12804668
1790520545,9356860,12804668
1790520547,9204788,12804668
1790520549,10430540,12804668
1790520551,10414884,12804668
1790520553,10484428,12804668
1790520555,9132224,12804668
1790520557,9332612,12804668
1790520559,10471688,12804668
1790520561,10468120,12804668
1790520563,7486452,12804668
1790520565,7626340,12804668
1790520567,8399244,12804668
1790520569,8349360,12804668
1790520571,8280612,12804668
1790520573,8345648,12804668
1790520575,8208468,12804668
1790520577,8352012,12804668
1790520579,8411412,12804668
1790520581,8285728,12804668
1790520583,8749872,12804668
1790520585,10560856,12804668
1790520587,5587188,12804668
1790520589,9812584,12804668
1790520591,8706948,12804668
1790520593,8831256,12804668
1790520595,10096316,12804668
1790520597,10975340,12804668
1790520599,11101420,12804668
1790520601,9123060,12804668
1790520603,9157476,12804668
1790520605,10353508,12804668
1790520607,10462692,12804668
1790520609,10571884,12804668
1790520611,10103708,12804668
1790520613,10491360,12804668
1790520615,10527196,12804668
1790520617,10530100,12804668
1790520619,9467996,12804668
1790520621,9334104,12804668
1790520623,10489096,12804668
1790520625,10503440,12804668
1790520627,10568060,12804668
1790520629,9200260,12804668
1790520631,9320936,12804668
1790520633,10414092,12804668
1790520635,10514900,12804668
1790520637,9419720,12804668
1790520639,8892540,12804668
1790520641,8684148,12804668
1790520643,9906728,12804668
1790520645,9999160,12804668
1790520647,9779852,12804668
1790520649,10076064,12804668
1790520651,10264332,12804668
1790520653,10279628,12804668
1790520655,9250328,12804676
1790520657,8964972,12804676
1790520659,10341932,12804676
1790520661,10403348,12804676
1790520663,10406092,12804676
1790520665,9178508,12804676
1790520667,9219368,12804676
1790520669,10339048,12804676
1790520671,10407376,12804676
1790520673,10479688,12804676
1790520675,10124732,12804676
1790520677,10341576,12804676
1790520679,10354028,12804676
1790520681,10438304,12804676
1790520683,8854112,12804676
1790520685,9949936,12804676
1790520687,8838480,12804676
1790520689,9943404,12804676
1790520691,10120496,12804676
1790520693,9304816,12804676
1790520695,10268208,12804676
1790520697,10350800,12804676
1790520699,10378716,12804676
1790520701,9108004,12804676
1790520703,9241796,12804676
1790520705,10385344,12804676
1790520707,10427152,12804676
1790520709,10560820,12804676
1790520711,10211184,12804676
1790520713,10405588,12804676
1790520715,10421088,12804676
1790520717,10471140,12804676
1790520719,9375164,12804676
1790520721,9384936,12804676
1790520723,10476980,12804676
1790520725,10510524,12804676
1790520727,10579052,12804676
1790520729,8971600,12804676
1790520731,8807016,12804676
1790520733,10020332,12804676
1790520735,10023792,12804676
1790520737,8963616,12804676
1790520739,9026268,12804676
1790520741,10314184,12804676
1790520743,10407692,12804676
1790520745,10450804,12804676
1790520747,9975884,12804676
1790520749,10312532,12804676
1790520751,10350804,12804676
1790520753,10353804,12804676
1790520755,9239612,12804676
1790520757,8964188,12804676
1790520759,10301104,12804676
1790520761,10322780,12804676
1790520763,10416628,12804676
1790520765,9086992,12804676
1790520767,9198960,12804676
1790520769,10278900,12804676
1790520771,10354476,12804676
1790520773,9229364,12804676
1790520775,8775152,12804676
1790520777,8809120,12804676
1790520779,10036172,12804676
1790520781,10139400,12804676
1790520783,9881220,12804676
1790520785,10402632,12804676
1790520787,10451680,12804676
1790520789,10472044,12804676
1790520791,9444932,12804676
1790520793,9176800,12804676
1790520795,10477228,12804676
1790520797,10465172,12804676
1790520799,10545828,12804676
1790520801,9159048,12804676
1790520803,9370872,12804676
1790520805,10451724,12804676
1790520807,10517480,12804676
1790520809,10489332,12804676
1790520811,10129788,12804676
1790520813,10316156,12804676
1790520815,10374528,12804676
1790520817,10522284,12804676
1790520819,9076604,12804676
1790520821,10009272,12804676
1790520823,8901620,12804676
1790520825,9956496,12804676
1790520827,10082056,12804676
1790520829,9219296,12804676
1790520831,10127896,12804676
1790520833,10267400,12804676
1790520835,10293556,12804676
1790520837,8982416,12804676
1790520839,9013396,12804676
1790520841,10422252,12804676
1790520843,10450476,12804676
1790520845,10536876,12804676
1790520847,10034116,12804676
1790520849,10379172,12804676
1790520851,10392992,12804676
1790520853,10387608,12804676
1790520855,9322072,12804676
1790520857,9194760,12804676
1790520859,10337192,12804676
1790520861,10387896,12804676
1790520863,10474228,12804676
1790520865,8948432,12804676
1790520867,9153948,12804676
1790520869,9958236,12804676
1790520871,10020860,12804676
1790520873,9014108,12804676
1790520875,8973444,12804676
1790520877,10286936,12804676
1790520879,10389612,12804676
1790520881,10509984,12804676
1790520883,10081000,12804676
1790520885,10509188,12804676
1790520887,10498452,12804676
1790520889,10496944,12804676
1790520891,9368372,12804676
1790520893,9245832,12804676
1790520895,10410488,12804676
1790520897,10536880,12804676
1790520899,10567068,12804676
1790520901,9334864,12804676
1790520903,9315156,12804676
1790520905,10484844,12804676
1790520907,10593912,12804676
1790520909,9497992,12804676
1790520911,8990672,12804676
1790520913,8807704,12804680
1790520915,10008280,12804680
1790520917,10143060,12804680
1790520919,9899268,12804680
1790520921,10249336,12804680
1790520923,10378344,12804680
1790520925,10393868,12804680
1790520927,9321216,12804680
1790520929,9159092,12804680
1790520931,10264264,12804680
1790520933,10337304,12804680
1790520935,10368952,12804680
1790520937,8996364,12804680
1790520939,9188696,12804684
1790520941,10297608,12804684
1790520943,10332508,12804684
1790520945,10416432,12804684
1790520947,10051580,12804684
1790520949,10318896,12804684
1790520951,10396476,12804684
1790520953,10389360,12804684
1790520955,8760432,12804684
1790520957,9814736,12804684
1790520959,8922988,12804684
1790520961,10040152,12804684
1790520963,9306252,12804684
1790520965,9244640,12804684
1790520967,10339612,12804684
1790520969,10431964,12804684
1790520971,10476384,12804684
1790520973,9148024,12804684
1790520975,9395448,12804684
1790520977,10502844,12804684
1790520979,10544924,12804684
1790520981,10575712,12804684
1790520983,10279960,12804684
1790520985,10533428,12804684
1790520987,10521744,12804684
1790520989,10476024,12804684
1790520991,9353660,12804684
1790520993,9095376,12804684
1790520995,10376484,12804684
1790520997,10395920,12804684
1790520999,10491960,12804684
1790521001,8877680,12804684
1790521003,8724952,12804684
1790521005,9968124,12804684
1790521007,9966084,12804684
1790521009,9050152,12804684
1790521011,8838500,12804684
1790521013,10220568,12804684
1790521015,10232156,12804684
1790521017,10405064,12804684
1790521019,9850148,12804684
1790521021,10389208,12804684
1790521023,10406564,12804684
1790521025,10532304,12804684
1790521027,9328612,12804684
1790521029,9221096,12804684
1790521031,10340848,12804684
1790521033,10407192,12804684
1790521035,10483684,12804684
1790521037,9288668,12804684
1790521039,9291652,12804684
1790521041,10388056,12804684
1790521043,10449012,12804684
1790521045,9167168,12804684
1790521047,8850248,12804684
1790521050,8842152,12804684
1790521052,9987296,12804684
1790521054,10066320,12804684
1790521056,9997432,12804684
1790521058,10321136,12804684
1790521060,10307792,12804684
1790521062,10393748,12804684
1790521064,9253856,12804684
1790521066,9153768,12804684
1790521068,10381480,12804684
1790521070,10397528,12804684
1790521072,10502216,12804684
1790521074,9215940,12804684
1790521076,9345808,12804684
1790521078,10441280,12804684
1790521080,10595232,12804684
1790521082,10600852,12804688
1790521084,10595280,12804688
1790521086,10520148,12804688
1790521088,10544632,12804688
1790521090,10568160,12804688
1790521092,8995960,12804688
1790521094,10049664,12804688
1790521096,8855856,12804688
1790521098,10027280,12804688
1790521100,9327328,12804688
1790521102,8922464,12804688
1790521104,10302568,12804688
1790521106,10373504,12804688
1790521108,10412176,12804688
1790521110,9066036,12804688
1790521112,9109096,12804688
1790521114,10252044,12804688
1790521116,10340108,12804688
1790521118,10393960,12804688
1790521120,10274392,12804688
1790521122,10247500,12804688
1790521124,10318744,12804688
1790521126,10368292,12804688
1790521128,9240840,12804688
1790521130,9017720,12804688
1790521132,10351672,12804688
1790521134,10430096,12804688
1790521136,7847472,12804688
1790521138,7591252,12804688
1790521140,9059888,12804688
1790521142,8569284,12804688
1790521144,8393676,12804688
1790521146,8393088,12804688
1790521148,8416756,12804688
1790521150,8397356,12804688
1790521152,8446912,12804688
1790521154,8374860,12804688
1790521156,8681036,12804688
1790521158,9804428,12804688
1790521160,3745048,12804688
1790521162,9669016,12804688
1790521164,8768756,12804688
1790521166,8999052,12804688
1790521168,8924304,12804688
1790521170,9608772,12804688
1790521172,11074020,12804688
1790521174,9200928,12804688
1790521176,9159464,12804688
1790521178,10310860,12804688
1790521180,10374676,12804688
1790521182,10426776,12804688
1790521184,9180208,12804688
1790521186,9380132,12804688
1790521188,10522624,12804688
1790521190,10507740,12804688
1790521192,10509128,12804688
1790521194,10034864,12804688
1790521196,10426704,12804692
1790521198,10422084,12804692
1790521200,10613648,12804692
1790521202,9456388,12804704
1790521204,9395228,12804704
1790521206,10566220,12804704
1790521208,10579864,12804704
1790521210,10639716,12804704
1790521212,9007488,12804704
1790521214,8819760,12804704
1790521216,9423420,12804704
1790521218,9994632,12804704
1790521220,8941080,12804704
1790521222,8703020,12804704
1790521224,10287628,12804704
1790521226,10331808,12804704
1790521228,10438256,12804704
1790521230,9600816,12804704
1790521232,10293252,12804704
1790521234,10298824,12804704
1790521236,10358916,12804704
1790521238,9323136,12804704
1790521240,9249776,12804704
1790521242,10245140,12804704
1790521244,10256268,12804704
1790521246,10313488,12804704
1790521248,9069152,12804704
1790521250,9132580,12804704
1790521252,10312132,12804704
1790521254,10344992,12804704
1790521256,9300540,12804704
1790521258,8756376,12804704
1790521260,8881596,12804704
1790521262,10015800,12804704
1790521264,10119024,12804704
1790521266,9757500,12804704
1790521268,10401760,12804704
1790521270,10438600,12804704
1790521272,10527788,12804704
1790521274,10542048,12804704
1790521276,9471300,12804704
1790521278,10564644,12804704
1790521280,10607624,12804704
1790521282,10609884,12804704
1790521284,9322460,12804704
1790521286,9396840,12804704
1790521288,10550128,12804704
1790521290,10489196,12804704
1790521292,10544040,12804704
1790521294,9905040,12804704
1790521296,10385744,12804704
1790521298,10427564,12804704
1790521300,10413900,12804704
1790521302,8898920,12804704
1790521304,10006468,12804704
1790521306,8753932,12804704
1790521308,9919204,12804704
1790521310,10128804,12804704
1790521312,9242404,12804704
1790521314,10219068,12804704
1790521316,10279328,12804704
1790521318,10306172,12804704
1790521320,9300168,12804704
1790521322,9135916,12804704
1790521324,10399500,12804704
1790521326,10391408,12804704
1790521328,10460684,12804704
1790521330,9759300,12804704
1790521332,9267844,12804704
1790521334,10402956,12804704
1790521336,10405820,12804704
1790521338,10462912,12804704
1790521340,9329160,12804704
1790521342,10374548,12804704
1790521344,10402872,12804704
1790521346,10459492,12804704
1790521348,8858520,12804704
1790521350,8852132,12804704
1790521352,8820940,12804704
1790521354,10008168,12804704
1790521356,9265036,12804704
1790521358,8850648,12804704
1790521360,10273380,12804704
1790521362,10352340,12804704
1790521364,10417900,12804704
1790521366,9400560,12804704
1790521368,9340112,12804704
1790521370,10479660,12804724
1790521372,10510972,12804724
1790521374,10538372,12804724
1790521376,9388648,12804724
1790521378,10437256,12804724
1790521380,10490028,12804724
1790521382,10666096,12804724
1790521384,9397816,12804724
1790521386,9280744,12804724
1790521388,10549696,12804724
1790521390,10561444,12804724
1790521392,10657636,12804724
1790521394,9007848,12804724
1790521396,8821572,12804724
1790521398,10016288,12804724
1790521400,10019640,12804724
1790521402,8924756,12804724
1790521404,9154544,12804724
1790521406,10362324,12804724
1790521408,10345248,12804724
1790521410,10301356,12804724
1790521412,10203560,12804724
1790521414,10279052,12804724
1790521416,10304788,12804724
1790521418,10361176,12804724
1790521420,8877492,12804724
1790521422,9085600,12804724
1790521424,10339984,12804724
1790521426,10338056,12804724
1790521428,10396500,12804724
1790521430,9164620,12804728
1790521432,9203452,12804728
1790521434,10282444,12804728
1790521436,10312420,12804728
1790521438,9088884,12804728
1790521440,8860896,12804728
1790521442,8881604,12804728
1790521444,10028920,12804728
1790521446,10118372,12804728
1790521448,10270912,12804728
1790521450,10410096,12804728
1790521452,10473752,12804728
1790521454,10508064,12804728
1790521456,9396536,12804728
1790521458,9339956,12804728
1790521460,10514964,12804728
1790521462,10538560,12804728
1790521464,10568792,12804728
1790521466,9257648,12804728
1790521468,9327620,12804728
1790521470,10346788,12804728
1790521472,10455480,12804728
1790521474,10563884,12804728
1790521476,10505184,12804728
1790521478,10478740,12804728
1790521480,10535792,12804728
1790521482,10532020,12804728
1790521484,8923468,12804728
1790521486,9955172,12804728
1790521488,8742440,12804728
1790521490,9940900,12804728
1790521492,9230596,12804728
1790521494,8519084,12804728
1790521496,10222476,12804728
1790521498,10314204,12804728
1790521500,10405952,12804728
1790521502,9201032,12804728
1790521504,9232724,12804728
1790521506,10391512,12804728
1790521508,10391540,12804728
1790521510,10437588,12804728
1790521512,10412460,12804728
1790521514,10386156,12804728
1790521516,10415208,12804728
1790521518,10428608,12804728
1790521520,9316408,12804728
1790521522,9193756,12804728
1790521524,10412296,12804728
1790521526,10411812,12804728
1790521528,10381928,12804728
1790521530,8801812,12804728
1790521532,8975964,12804728
1790521534,9932920,12804728
1790521536,9942132,12804728
1790521538,8769696,12804728
1790521540,8936300,12804728
1790521542,10296668,12804728
1790521544,10389116,12804728
1790521546,10473080,12804728
1790521548,10329268,12804728
1790521550,10444092,12804728
1790521552,10435816,12804728
1790521554,10480376,12804728
1790521556,9374280,12804728
1790521558,9117732,12804728
1790521560,10502032,12804728
1790521562,10582376,12804728
1790521564,10600968,12804728
1790521566,9274204,12804728
1790521568,9388816,12804728
1790521570,10508796,12804728
1790521572,10565316,12804728
1790521574,9557172,12804728
1790521576,9443320,12804728
1790521578,9062824,12804728
1790521580,10020968,12804728
1790521582,10191904,12804728
1790521584,9897852,12804728
1790521586,10287160,12804728
1790521588,10388012,12804728
1790521590,10385144,12804728
1790521592,9256900,12804728
1790521594,8966480,12804728
1790521596,10234044,12804728
1790521598,10424340,12804728
1790521600,10476808,12804728
1790521602,9064560,12804728
1790521604,9182352,12804728
1790521606,10289592,12804828
1790521608,10372272,12804828
1790521610,10422344,12804828
1790521612,9991720,12804828
1790521614,10315580,12804828
1790521616,10351652,12804828
1790521618,10394620,12804828
1790521620,9157564,12804828
1790521622,9979460,12804828
1790521624,9060900,12804828
1790521626,10080032,12804828
1790521628,10350668,12804828
1790521630,9356704,12804828
1790521632,10462980,12804828
1790521634,10499772,12804832
1790521636,10576980,12804832
1790521638,9343968,12804832
1790521640,9365324,12804832
1790521642,10557524,12804832
1790521644,10568664,12804832
1790521646,10595872,12804832
1790521648,10018452,12804832
1790521650,10384580,12804832
1790521652,10410884,12804832
1790521654,10491908,12804832
1790521656,9616904,12804832
1790521658,9376340,12804832
1790521660,10435956,12804832
1790521662,10433872,12804832
1790521664,10542060,12804832
1790521666,8917236,12804832
1790521668,8738040,12804832
1790521670,9012768,12804832
1790521672,9967096,12804832
1790521674,8894548,12804832
1790521676,8931732,12804832
1790521678,10296164,12804832
1790521680,10443232,12804832
1790521682,10430764,12804832
1790521684,9867928,12804832
1790521686,10422876,12804832
1790521688,10434456,12804832
1790521690,10462776,12804832
1790521692,9334352,12804832
1790521694,9338252,12804832
1790521696,10393540,12804832
1790521698,10487868,12804832
1790521700,10482996,12804832
1790521702,9173688,12804832
1790521704,9285700,12804832
1790521706,10415072,12804832
1790521708,10407028,12804832
1790521710,9388692,12804832
1790521712,8796912,12804832
1790521714,8800864,12804832
1790521716,9948560,12804832
1790521718,10064092,12804832
1790521720,9653644,12804832
1790521722,10228368,12804832
1790521724,10277720,12804832
1790521726,10370120,12804832
1790521728,10314688,12804832
1790521730,9393612,12804832
1790521732,10447284,12804832
1790521734,10478452,12804832
1790521736,10493492,12804832
1790521738,9267564,12804832
1790521740,9418888,12804832
1790521742,10547620,12804832
1790521744,10540392,12804832
1790521746,10586396,12804832
1790521748,10185804,12804832
1790521750,10483432,12804832
1790521752,10491512,12804832
1790521754,10582640,12804832
1790521756,9073160,12804832
1790521758,10174652,12804832
1790521760,8860880,12804832
1790521762,10055716,12804832
1790521764,10253580,12804832
1790521766,9327304,12804832
1790521769,10228764,12804832
1790521771,10323804,12804832
1790521773,10391392,12804832
1790521775,9108484,12804832
1790521777,9116840,12804832
1790521779,10365624,12804832
1790521781,10366964,12804832
1790521783,10412036,12804832
1790521785,9886996,12804832
1790521787,10270680,12804832
1790521789,10313548,12804832
1790521791,10434568,12804832
1790521793,9250440,12804832
1790521795,9133044,12804832
1790521797,10322912,12804832
1790521799,10345884,12804832
1790521801,10477796,12804832
1790521803,8874932,12804832
1790521805,8922728,12804832
1790521807,9214308,12804832
1790521809,10108348,12804832
1790521811,9073296,12804832
1790521813,9194848,12804832
1790521815,10474600,12804832
1790521817,10535836,12804832
1790521819,10630148,12804832
1790521821,9962720,12804832
1790521823,10492004,12804832
1790521825,10498472,12804832
1790521827,10592928,12804832
1790521829,9994180,12804832
1790521831,9370964,12804832
1790521833,10433976,12804832
1790521835,10463796,12804832
1790521837,10483896,12804832
1790521839,9205216,12804832
1790521841,9279632,12804832
1790521843,10431776,12804832
1790521845,10464152,12805412
1790521847,9159380,12805436
1790521849,8891108,12805436
1790521851,8730400,12805452
1790521853,9896568,12805452
1790521855,9992212,12805468
1790521857,9739780,12805468
1790521859,10222728,12805468
1790521861,10316640,12805468
1790521863,10387192,12805468
1790521865,10436112,12805468
1790521867,9318112,12805468
1790521869,10412336,12805468
1790521871,10407716,12805468
1790521873,10449708,12805468
1790521875,9146372,12805468
1790521877,9210956,12805468
1790521879,10354912,12805468
1790521881,10430084,12805468
1790521883,10536172,12805468
1790521885,9815172,12805468
1790521887,10401896,12805468
1790521889,10343648,12805468
1790521891,10360044,12805468
1790521893,8842448,12805468
1790521895,9958448,12805468
1790521897,8884568,12805468
1790521899,9982360,12805468
1790521901,10050652,12805468
1790521903,9267404,12805468
1790521905,10288972,12805468
1790521907,10330684,12805480
1790521909,10413696,12805480
1790521911,9168952,12805480
1790521913,9178888,12805480
1790521915,10398016,12805480
1790521917,10453660,12805480
1790521919,10458468,12805480
1790521921,9890692,12805480
1790521923,9331272,12805480
1790521925,10482460,12805480
1790521927,10555100,12805480
1790521929,10618436,12805480
1790521931,9460228,12805480
1790521933,10481476,12805480
1790521935,10516720,12805480
1790521937,8018424,12805480
1790521939,7416608,12805480
1790521941,7732252,12805480
1790521943,8494456,12805480
1790521945,8451572,12805480
1790521947,8572988,12805480
1790521949,8370484,12805480
1790521951,8345884,12805480
1790521953,8531728,12805480
1790521955,8361144,12805480
1790521957,8407736,12805480
1790521959,9483308,12805480
1790521961,5786944,12805480
1790521963,9860076,12805480
1790521965,8788628,12805480
1790521967,9937476,12805480
1790521969,8794900,12805480
1790521971,9584152,12805480
1790521973,11075576,12805480
1790521975,10611872,12805480
1790521977,10224300,12805480
1790521979,10262216,12805480
1790521981,10349456,12805480
1790521983,10399264,12805480
1790521985,9372868,12805480
1790521987,9254884,12805480
1790521989,10484424,12805480
1790521991,10486640,12805480
1790521993,10492364,12805480
1790521995,9079344,12805480
1790521997,9305156,12805480
1790521999,10439704,12805480
1790522001,10498388,12805480
1790522003,10592436,12805480
1790522005,10510028,12805480
1790522007,10416972,12805480
1790522009,10329376,12805480
1790522011,10491684,12805480
1790522013,8846796,12805480
1790522015,9973184,12805480
1790522017,8883240,12805480
1790522019,9985344,12805480
1790522021,9254212,12805480
1790522023,8924944,12805480
1790522025,10293308,12805480
1790522027,10357848,12805480
1790522029,10370932,12805480
1790522031,9182952,12805480
1790522033,9304644,12805480
1790522035,10370644,12805480
1790522037,10429600,12805480
1790522039,10457308,12805480
1790522041,10394260,12805480
1790522043,10435380,12805480
1790522045,10436580,12805480
1790522047,10555844,12805480
1790522049,9428848,12805480
1790522051,9258476,12805480
1790522053,10439020,12805480
1790522055,10445308,12805480
1790522057,10599828,12805480
1790522059,8958584,12805480
1790522061,8866600,12805480
1790522063,10043836,12805480
1790522065,10035936,12805480
1790522067,9095412,12805480
1790522069,9022620,12805480
1790522071,10210560,12805480
1790522073,10234992,12805480
1790522075,10358804,12805480
1790522077,10273580,12805480
1790522079,10310624,12805480
1790522081,10312368,12805480
1790522083,10366608,12805480
1790522085,9277456,12805480
1790522087,9118204,12805480
1790522089,10329156,12805480
1790522091,10332756,12805480
1790522093,10383548,12805480
1790522095,9165096,12805480
1790522097,9232412,12805480
1790522099,10293548,12805480
1790522101,10535808,12805480
1790522103,9438268,12805480
1790522105,8907872,12805480
1790522107,8867148,12805480
1790522109,10047432,12805480
1790522111,10088384,12805512
1790522113,9932776,12805520
1790522115,10318584,12805520
1790522117,10367472,12805520
1790522119,10467128,12805520
1790522121,9416964,12805520
1790522123,9252220,12805520
1790522125,10514872,12805520
1790522127,10506596,12805520
1790522129,10495400,12805520
1790522131,9154664,12805520
1790522133,9288572,12805520
1790522135,10335788,12805520
1790522137,10428540,12805520
1790522139,10490584,12805520
1790522141,10296536,12805520
1790522143,10309192,12805520
1790522145,10363240,12805520
1790522147,10471844,12805520
1790522149,8867964,12805520
1790522151,9914356,12805520
1790522153,8723476,12805520
1790522155,9925080,12805520
1790522157,9232356,12805520
1790522159,8927168,12805520
1790522161,10342540,12805520
1790522163,10342356,12805520
1790522165,10374676,12805520
1790522167,9155560,12805520
1790522169,9336724,12805520
1790522171,10388648,12805520
1790522173,10448788,12805520
1790522175,10508092,12805520
1790522177,10361912,12805520
1790522179,10346948,12805520
1790522181,10423124,12805520
1790522183,10514192,12805520
1790522185,9371640,12805520
1790522187,9170376,12805520
1790522189,10370652,12805520
1790522191,10402736,12805520
1790522193,10405988,12805520
1790522195,8805904,12805520
1790522197,8721204,12805520
1790522199,9971720,12805520
1790522201,10012376,12805520
1790522203,9077604,12805520
1790522205,8910892,12805520
1790522207,10294388,12805520
1790522209,10313504,12805520
1790522211,10341732,12805520
1790522213,10145264,12805520
1790522215,10424236,12805520
1790522217,10455040,12805520
1790522219,10443728,12805520
1790522221,9401936,12805520
1790522223,9329288,12805520
1790522225,10462608,12805520
1790522227,10516916,12805520
1790522229,10638424,12805520
1790522231,9228364,12805520
1790522233,9256532,12805520
1790522235,10484548,12805520
1790522237,10552664,12805520
1790522239,9481600,12805520
1790522241,8916848,12805520
1790522243,8832140,12805520
1790522245,10054832,12805520
1790522247,10052464,12805520
1790522249,9707880,12805520
1790522251,10177796,12805520
1790522253,10303824,12805520
1790522255,10343340,12805520
1790522257,9298428,12805520
1790522259,9297012,12805520
1790522261,10343556,12805520
1790522263,10370276,12805520
1790522265,10481632,12805520
1790522267,9103592,12805520
1790522269,9228212,12805520
1790522271,10335180,12805520
1790522273,10395400,12805520
1790522275,10470660,12805520
1790522277,10042436,12805520
1790522279,10369364,12805520
1790522281,10492004,12805520
1790522283,10525780,12805520
1790522285,9420676,12805520
1790522287,10022996,12805520
1790522289,8985288,12805520
1790522291,10006408,12805520
1790522293,10191004,12805524
1790522295,9317432,12805524
1790522297,10338984,12805524
1790522299,10433172,12805524
1790522301,10581808,12805524
1790522303,9254400,12805524
1790522305,9248852,12805524
1790522307,10500904,12805524
1790522309,10488596,12805524
1790522311,10557260,12805524
1790522313,9951200,12805524
1790522315,10399896,12805524
1790522317,10454240,12805524
1790522319,10463596,12805524
1790522321,9318496,12805524
1790522323,9322704,12805524
1790522325,10367936,12805524
1790522327,10441800,12805524
1790522329,10459756,12805524
1790522331,9286808,12805524
1790522333,8860032,12805524
1790522335,9005760,12805524
1790522337,9938068,12805524
1790522339,9024668,12805524
1790522341,8903708,12805524
1790522343,10328924,12805524
1790522345,10378236,12805556
1790522347,10403292,12805580
1790522349,9831660,12805580
1790522351,10389964,12805620
1790522353,10423104,12805620
1790522355,10498192,12805620
1790522357,9357948,12805624
1790522359,9363992,12805624
1790522361,10436772,12805624
1790522363,10466656,12805624
1790522365,10494372,12805624
1790522367,9186020,12805624
1790522369,9034864,12805624
1790522371,10283772,12805624
1790522373,10403216,12805624
1790522375,9877536,12805624
1790522377,8811144,12805624
1790522379,8880860,12805624
1790522381,9937756,12805624
1790522383,9990436,12805624
1790522385,9695356,12805624
1790522387,10252156,12805624
1790522389,10269552,12805624
1790522391,10346324,12805624
1790522393,10403400,12805624
1790522395,9309444,12805624
1790522397,10360568,12805624
1790522399,10351060,12805624
1790522401,10544192,12805624
1790522403,9069116,12805624
1790522405,9288100,12805624
1790522407,10460540,12805624
1790522409,10524568,12805624
1790522411,10604568,12805624
1790522413,9913496,12805628
1790522415,9364428,12805628
1790522417,10457532,12805628
1790522419,10636244,12805628
1790522421,9413844,12805628
1790522423,9874628,12805628
1790522425,8880952,12805628
1790522427,10079684,12805628
1790522429,10056232,12805628
1790522431,9236596,12805628
1790522433,10265160,12805628
1790522435,10325424,12805628
1790522437,10348628,12805628
1790522439,9148720,12805628
1790522441,8927812,12805628
1790522443,10267356,12805628
1790522445,10383824,12805628
1790522447,10517060,12805628
1790522449,9451836,12805628
1790522451,9238112,12805628
1790522453,10342948,12805628
1790522455,10383272,12805628
1790522457,10437604,12805628
1790522459,9289852,12805628
1790522461,10373708,12805628
1790522463,10476452,12805628
1790522465,10516484,12805628
1790522467,8898080,12805628
1790522469,10093668,12805628
1790522471,8871220,12805628
1790522473,10018152,12805628
1790522475,9291852,12805628
1790522477,9013492,12805628
1790522479,10266664,12805628
1790522481,10327724,12805628
1790522483,10440016,12805628
1790522485,9187652,12805628
1790522487,9300340,12805628
1790522490,10416720,12805628
1790522492,10447768,12805628
1790522494,10458216,12805628
1790522496,10492032,12805628
1790522498,10370536,12805628
1790522500,10369120,12805628
1790522502,10417320,12805628
1790522504,9340884,12805628
1790522506,9155904,12805628
1790522508,10366540,12805628
1790522510,10362132,12805636
1790522512,10494356,12805636
1790522514,8883168,12805636
1790522516,8794916,12805636
1790522518,10040868,12805636
1790522520,10128824,12805636
1790522522,8955604,12805636
1790522524,9194264,12805636
1790522526,10387480,12805636
1790522528,10450084,12805636
1790522530,10479608,12805636
1790522532,10174096,12805636
1790522534,10397952,12805640
1790522536,10464380,12805640
1790522538,10555228,12805640
1790522540,9383248,12805640
1790522542,9183396,12805640
1790522544,10409776,12805640
1790522546,10478752,12805640
1790522548,10532836,12805640
1790522550,9183492,12805640
1790522552,9180348,12805640
1790522554,10306696,12805640
1790522556,10337176,12805640
1790522558,9128204,12805640
1790522560,8800760,12805640
1790522562,8860624,12805640
1790522564,9955480,12805640
1790522566,10043160,12805640
1790522568,9963900,12805640
1790522570,10188528,12805640
1790522572,10216980,12805640
1790522574,10316084,12805640
1790522576,9348628,12805640
1790522578,9231504,12805640
1790522580,10461524,12805640
1790522582,10496076,12805640
1790522584,10500172,12805640
1790522586,9249512,12805640
1790522588,9366388,12805640
1790522590,10475392,12805640
1790522592,10479388,12805640
1790522594,10525976,12805640
1790522596,10240940,12805640
1790522598,10412404,12805640
1790522600,10462676,12805640
1790522602,10622640,12805640
1790522604,8939356,12805640
1790522606,10017624,12805640
1790522608,8816712,12805640
1790522610,10005164,12805640
1790522612,10000024,12805640
1790522614,9261544,12805640
1790522616,10235984,12805640
1790522618,10362812,12805640
1790522620,10373736,12805640
1790522622,9087440,12805640
1790522624,9237728,12805640
1790522626,10289476,12805640
1790522628,10335324,12805640
1790522630,10485384,12805640
1790522632,10090556,12805640
1790522634,10318144,12805640
1790522636,10351636,12805640
1790522638,10397764,12805640
1790522640,9370332,12805640
1790522642,9360756,12805640
1790522644,10407788,12805640
1790522646,10447364,12805640
1790522648,10545688,12805640
1790522650,8905796,12805640
1790522652,8890860,12805640
1790522654,9244536,12805640
1790522656,10017112,12805640
1790522658,9036680,12805640
1790522660,9015408,12805640
1790522662,10383556,12805640
1790522664,10445376,12805640
1790522666,10472588,12805640
1790522668,9918372,12805640
1790522670,10345904,12805640
1790522672,10403012,12805640
1790522674,10417292,12805640
1790522676,10532512,12805640
1790522678,9344052,12805640
1790522680,10408756,12805640
1790522682,10414620,12805640
1790522684,10483652,12805640
1790522686,9196872,12805640
1790522688,9164312,12805640
1790522690,10369004,12805640
1790522692,10429300,12805640
1790522694,7718620,12805640
1790522696,7505456,12805640
1790522698,8389880,12805640
1790522700,8485820,12805640
1790522702,8440276,12805644
1790522704,8408712,12805644
1790522706,8450960,12805644
1790522708,8428788,12805644
1790522710,8285888,12805644
1790522712,8485644,12805644
1790522714,8776804,12805648
1790522716,9529312,12805648
1790522718,2483244,12805648
1790522720,9921160,12805648
1790522722,8865212,12805648
1790522724,8799956,12805648
1790522726,10055140,12805648
1790522728,10964776,12805648
1790522730,11110292,12805648
1790522732,9232876,12805648
1790522734,8667168,12805648
1790522736,10300676,12805648
1790522738,10368696,12805648
1790522740,10401088,12805648
1790522742,9150268,12805648
1790522744,9276732,12805648
1790522746,10398300,12805648
1790522748,10402924,12805648
1790522750,10425704,12805648
1790522752,10373264,12805648
1790522754,10366336,12805648
1790522756,10366828,12805648
1790522758,10451004,12805648
1790522760,9367816,12805648
1790522762,9222456,12805648
1790522764,10480568,12805648
1790522766,10486404,12805648
1790522768,10506192,12805648
1790522770,8906552,12805648
1790522772,8861428,12805648
1790522774,10017612,12805648
1790522776,10022728,12805648
1790522778,8938492,12805648
1790522780,8911224,12805648
1790522782,10335480,12805648
1790522784,10414896,12805648
1790522786,10529392,12805648
1790522788,10098448,12805648
1790522790,10348576,12805648
1790522792,10369852,12805648
1790522794,10397864,12805648
1790522796,9341820,12805648
1790522798,9131436,12805648
1790522800,10386700,12805648
1790522802,10382512,12805648
1790522804,10502304,12805648
1790522806,9163500,12805648
1790522808,9305636,12805648
1790522810,10357196,12805648
1790522812,10423708,12805648
1790522814,9304516,12805648
1790522816,8861796,12805648
1790522818,8755480,12805648
1790522820,10065872,12805648
1790522822,10175192,12805648
1790522824,9758328,12805648
1790522826,10285488,12805648
1790522828,10421248,12805648
1790522830,10459152,12805648
1790522832,9366900,12805648
1790522834,9370744,12805648
1790522836,10405620,12805648
1790522838,10509680,12805648
1790522840,10546624,12805648
1790522842,9292060,12805648
1790522844,9230656,12805648
1790522846,10445196,12805648
1790522848,10442952,12805648
1790522850,10447328,12805648
1790522852,9944644,12805648
1790522854,10376252,12805648
1790522856,10426792,12805648
1790522858,10415244,12805648
1790522860,8817488,12805648
1790522862,9936344,12805648
1790522864,8804924,12805648
1790522866,9959172,12805648
1790522868,10011792,12805648
1790522870,9260808,12805648
1790522872,10256428,12805648
1790522874,10331008,12805648
1790522876,10379108,12805648
1790522878,9114276,12805648
1790522880,9157244,12805648
1790522882,10415092,12805648
1790522884,10462200,12805648
1790522886,10564764,12805648
1790522888,9887972,12805648
1790522890,10454028,12805648
1790522892,10476496,12805648
1790522894,10485980,12805648
1790522896,10433928,12805648
1790522898,9411176,12805648
1790522900,10436456,12805648
1790522902,10508016,12805648
1790522904,10567864,12805648
1790522906,8951948,12805648
1790522908,8703596,12805648
1790522910,8786360,12805648
1790522912,9928420,12805648
1790522914,8878168,12805648
1790522916,8734336,12805648
1790522918,10274044,12805648
1790522920,10358100,12805648
1790522922,10398820,12805648
1790522924,9736412,12805648
1790522926,9301864,12805648
1790522928,10387268,12805648
1790522930,10373388,12805648
1790522932,10435096,12805648
1790522934,9304156,12805648
1790522936,10479396,12805648
1790522938,10468012,12805648
1790522940,10573460,12805648
1790522942,9156076,12805648
1790522944,9306744,12805648
1790522946,10380864,12805648
1790522948,10492788,12805648
1790522950,10543620,12805648
1790522952,8905336,12805648
1790522954,8951152,12805648
1790522956,10036672,12805648
1790522958,10070208,12805648
1790522960,8981280,12805648
1790522962,9028668,12805648
1790522964,10379316,12805648
1790522966,10416744,12805648
1790522968,10381212,12805648
1790522970,9312724,12805648
1790522972,10348104,12805648
1790522974,10436948,12805648
1790522976,10474092,12805648
1790522978,9241580,12805648
1790522980,9170468,12805648
1790522982,10414636,12805648
1790522984,10433508,12805648
1790522986,10519840,12805648
1790522988,9566796,12805648
1790522990,9284104,12805648
1790522992,10382748,12805648
1790522994,10453480,12805648
1790522996,9407176,12805648
1790522998,9165548,12805648
1790523000,9105580,12805648
1790523002,10005600,12805648
1790523004,10217348,12805648
1790523006,10147684,12805648
1790523008,10272888,12805648
1790523010,10404216,12805648
1790523012,10484224,12805648
1790523014,9354600,12805648
1790523016,9104712,12805648
1790523018,10457944,12805648
1790523020,10503852,12805648
1790523022,10516948,12805648
1790523024,9203292,12805648
1790523026,9373440,12805648
1790523028,10383604,12805648
1790523030,10432368,12805648
1790523032,10461780,12805648
1790523034,10485448,12805648
1790523036,10384088,12805648
1790523038,10402588,12805652
1790523040,10429004,12805652
1790523042,8924048,12805652
1790523044,9808220,12805652
1790523046,8992624,12805652
1790523048,9898300,12805652
1790523050,9210444,12805652
1790523052,9031028,12805652
1790523054,10333252,12805652
1790523056,10349036,12805652
1790523058,10377016,12805652
1790523060,9169708,12805652
1790523062,9284980,12805652
1790523064,10457140,12805652
1790523066,10494828,12805652
1790523068,10534492,12805652
1790523070,10330720,12805652
1790523072,10484752,12805652
1790523074,10519068,12805652
1790523076,10601372,12805652
1790523078,9392236,12805652
1790523080,9211856,12805652
1790523082,10448476,12805652
1790523084,10522908,12805652
1790523086,10573520,12805652
1790523088,9012220,12805652
1790523090,8710360,12805652
1790523092,9945440,12805652
1790523094,10036324,12805652
1790523096,8875688,12805652
1790523098,8958952,12805652
1790523100,10263080,12805652
1790523102,10325112,12805652
1790523104,10375208,12805652
1790523106,9887308,12805652
1790523108,10328084,12805652
1790523110,10362716,12805652
1790523112,10362120,12805652
1790523114,9276748,12805652
1790523116,9191200,12805652
1790523118,10374612,12805652
1790523120,10456976,12805652
1790523122,10467776,12805652
1790523124,9265820,12805652
1790523126,9355576,12805652
1790523128,10467296,12805652
1790523130,10464296,12805652
1790523132,9079956,12805652
1790523134,8902152,12805652
1790523136,8909428,12805652
1790523138,10038764,12805652
1790523140,10206964,12805652
1790523142,9744888,12805652
1790523144,10305464,12805652
1790523146,10367608,12805652
1790523148,10362924,12805652
1790523150,9366888,12805652
1790523152,9319108,12805652
1790523154,10394024,12805652
1790523156,10390580,12805652
1790523158,10453220,12805652
1790523160,9207396,12805652
1790523162,9127688,12805652
1790523164,10381316,12805740
1790523166,10379096,12805740
1790523168,10465520,12805740
1790523170,9998388,12805740
1790523172,10333632,12805740
1790523174,10363320,12805740
1790523176,10420580,12805740
1790523178,8858356,12805740
1790523180,10111180,12805740
1790523182,8849804,12805740
1790523184,10094608,12805740
1790523186,10186364,12805740
1790523188,9302052,12805740
1790523190,10302752,12805740
1790523192,10453852,12805740
1790523194,10467288,12805740
1790523196,9107300,12805740
1790523198,9290728,12805740
1790523200,10407576,12805740
1790523202,10457020,12805740
1790523204,10512476,12805740
1790523206,9809364,12805740
1790523209,9291212,12805740
1790523211,10340904,12805740
1790523213,10374368,12805740
1790523215,10441532,12805740
1790523217,9281816,12805740
1790523219,10340228,12805740
1790523221,10326432,12805740
1790523223,10395832,12805740
1790523225,8820712,12805740
1790523227,9022552,12805740
1790523229,8819752,12805740
1790523231,9927760,12805740
1790523233,8974552,12805740
1790523235,8862720,12805740
1790523237,10171044,12805740
1790523239,10350688,12805740
1790523241,10505660,12805740
1790523243,9783232,12805740
1790523245,9317424,12805740
1790523247,10495748,12805740
1790523249,10532024,12805740
1790523251,10577504,12805740
1790523253,9403400,12805740
1790523255,10477908,12805740
1790523257,10519348,12805740
1790523259,10560936,12805740
1790523261,9226096,12805740
1790523263,9185324,12805740
1790523265,10404284,12805740
1790523267,10492572,12805740
1790523269,10480264,12805740
1790523271,8833092,12805740
1790523273,8746416,12805740
1790523275,9981780,12805740
1790523277,10026200,12805740
1790523279,8986524,12805740
1790523281,9078104,12805740
1790523283,10297076,12805740
1790523285,10324516,12805740
1790523287,10395808,12805740
1790523289,10276164,12805740
1790523291,10346636,12805740
1790523293,10353728,12805740
1790523295,10389760,12805740
1790523297,8950244,12805740
1790523299,9052440,12805740
1790523301,10439484,12805740
1790523303,10473028,12805740
1790523305,10534024,12805740
1790523307,9434164,12805740
1790523309,9335408,12805740
1790523311,10446492,12805740
1790523313,10497076,12805740
1790523315,9312936,12805740
1790523317,8888624,12805740
1790523319,8823044,12805740
1790523321,10002160,12805740
1790523323,10163340,12805740
1790523325,10196088,12805740
1790523327,10341404,12805740
1790523329,10356008,12805740
1790523331,10419288,12805740
1790523333,9307596,12805740
1790523335,9192588,12805740
1790523337,10342416,12805740
1790523339,10420828,12805740
1790523341,10463916,12805740
1790523343,9246284,12805740
1790523345,9195504,12805740
1790523347,10352980,12805740
1790523349,10425020,12805740
1790523351,10482896,12805740
1790523353,10507364,12805744
1790523355,10438756,12805744
1790523357,10420416,12805744
1790523359,10330388,12805744
1790523361,8824960,12805752
1790523363,9977756,12805752
1790523365,8729708,12805752
1790523367,9978960,12805752
1790523369,9251468,12805752
1790523371,9239140,12805752
1790523373,10293164,12805752
1790523375,10367516,12805752
1790523377,10425300,12805752
1790523379,9166240,12805752
1790523381,9237336,12805752
1790523383,10373144,12805752
1790523385,10472340,12805752
1790523387,10497136,12805752
1790523389,10134208,12805752
1790523391,10332028,12805752
1790523393,10365720,12805752
1790523395,10426424,12805752
1790523397,9253068,12805752
1790523399,9213184,12805752
1790523401,10355952,12805752
1790523403,10362848,12805752
1790523405,10406856,12805752
1790523407,8797508,12805752
1790523409,8723780,12805752
1790523411,9950224,12805752
1790523413,9954748,12805752
1790523415,8983248,12805752
1790523417,8900676,12805752
1790523419,10248976,12805752
1790523421,10419400,12805752
1790523423,10473764,12805752
1790523425,9841300,12805752
1790523427,10391928,12805752
1790523429,10468104,12805752
1790523431,10531692,12805752
1790523433,9413256,12805752
1790523435,9380864,12805752
1790523437,10462896,12805752
1790523439,10470884,12805752
1790523441,10507472,12805752
1790523443,9259440,12805752
1790523445,9376920,12805752
1790523447,10439992,12805752
1790523449,10448452,12805752
1790523451,7495856,12805752
1790523453,7725184,12805752
1790523455,8389388,12805752
1790523457,8367348,12805752
1790523459,8377020,12805752
1790523461,8386032,12805752
1790523463,8366408,12805752
1790523465,8384880,12805752
1790523467,8520880,12805752
1790523469,8419664,12805752
1790523471,8652500,12805752
1790523473,9720660,12805752
1790523475,3936128,12805752
1790523477,9800352,12805752
1790523479,8780092,12805752
1790523481,8830644,12805752
1790523483,10023836,12805752
1790523485,11106664,12805752
1790523487,11237732,12805752
1790523489,9154108,12805752
1790523491,9050048,12805752
1790523493,10344160,12805752
1790523495,10379116,12805752
1790523497,10410860,12805752
1790523499,9880760,12805752
1790523501,9323552,12805752
1790523503,10443816,12805752
1790523505,10440548,12805752
1790523507,10505872,12805752
1790523509,9301268,12805752
1790523511,10304944,12805752
1790523513,10339716,12805752
1790523515,10464740,12805752
1790523517,9083852,12805752
1790523519,9144088,12805752
1790523521,10328992,12805752
1790523523,10389124,12805752
1790523525,10403980,12805752
1790523527,8823460,12805752
1790523529,8856004,12805752
1790523531,9959444,12805752
1790523533,9951800,12805752
1790523535,8944828,12805752
1790523537,9013264,12805752
1790523539,10236288,12805752
1790523541,10414072,12805752
1790523543,10511616,12805752
1790523545,9399992,12805752
1790523547,10404680,12805752
1790523549,10463704,12805752
1790523551,10468228,12805752
1790523553,9253108,12805752
1790523555,9128736,12805752
1790523557,10371048,12805752
1790523559,10434260,12805752
1790523561,10572832,12805752
1790523563,9858952,12805752
1790523565,9267132,12805752
1790523567,10473104,12805752
1790523569,10406828,12805752
1790523571,9212820,12805752
1790523573,9426012,12805752
1790523575,8778132,12805752
1790523577,9925332,12805752
1790523579,9992356,12805752
1790523581,9497240,12805752
1790523583,10101824,12805752
1790523585,10202188,12805752
1790523587,10329144,12805756
1790523589,9155464,12805756
1790523591,8959664,12805756
1790523593,10331784,12805756
1790523595,10343180,12805756
1790523597,10419764,12805756
1790523599,9613468,12805756
1790523601,9257480,12805756
1790523603,10384800,12805756
1790523605,10448464,12805756
1790523607,10541084,12805756
1790523609,9358196,12805756
1790523611,10412940,12805756
1790523613,10417824,12805756
1790523615,10476856,12805756
1790523617,8884984,12805756
1790523619,9343232,12805756
1790523621,8816348,12805756
1790523623,10091016,12805756
1790523625,9332564,12805756
1790523627,8807076,12805756
1790523629,10302780,12805756
1790523631,10306228,12805756
1790523633,10335952,12805756
1790523635,9147840,12805756
1790523637,9296188,12805756
1790523639,10320904,12805756
1790523641,10359384,12805756
1790523643,10446936,12805756
1790523645,10466532,12805756
1790523647,10335860,12805756
1790523649,10331668,12805756
1790523651,10372132,12805756
1790523653,9136900,12805756
1790523655,9140524,12805756
1790523657,10348928,12805756
1790523659,10367448,12805756
1790523661,10520604,12805760
1790523663,8911828,12805760
1790523665,8771056,12805760
1790523667,9984216,12805760
1790523669,9980120,12805760
1790523671,8897388,12805760
1790523673,8773096,12805760
1790523675,10221964,12805760
1790523677,10418580,12805760
1790523679,10435788,12805760
1790523681,10487820,12805760
1790523683,10412200,12805760
1790523685,10417128,12805760
1790523687,10436716,12805760
1790523689,9260908,12805760
1790523691,9086496,12805760
1790523693,10297264,12805760
1790523695,10343108,12805760
1790523697,10383764,12805760
1790523699,9107832,12805760
1790523701,9207908,12805796
1790523703,10250704,12805796
1790523705,10372212,12805796
1790523707,9142632,12805796
1790523709,8802804,12805796
1790523711,9026516,12805796
1790523713,9986144,12805796
1790523715,10015868,12805796
1790523717,9897592,12805796
1790523719,10288908,12805796
1790523721,10368120,12805796
1790523723,10420364,12805796
1790523725,9379580,12805796
1790523727,9126620,12805796
1790523729,10427964,12805796
1790523731,10457892,12805796
1790523733,10589588,12805796
1790523735,9297488,12805796
1790523737,9387816,12805796
1790523739,10459748,12805796
1790523741,10540924,12805796
1790523743,10588908,12805796
1790523745,10553744,12805796
1790523747,10468004,12805796
1790523749,10417540,12805796
1790523751,10477468,12805796
1790523753,9216396,12805796
1790523755,9875440,12805796
1790523757,9076188,12805796
1790523759,9933552,12805796
1790523761,9226480,12805796
1790523763,8950232,12805796
1790523765,10210324,12805796
1790523767,10280716,12805796
1790523769,10352552,12805796
1790523771,9071084,12805796
1790523773,9188676,12805796
1790523775,10271092,12805796
1790523777,10303220,12805796
1790523779,10481712,12805796
1790523781,10231560,12805796
1790523783,10429844,12805796
1790523785,10459812,12805796
1790523787,10512508,12805796
1790523789,9359248,12805796
1790523791,9184296,12805796
1790523793,10426452,12805796
1790523795,10476124,12805796
1790523797,10545624,12805796
1790523799,9021128,12805796
1790523801,9006508,12805796
1790523803,10009304,12805796
1790523805,10148664,12805796
1790523807,9089600,12805796
1790523809,8993608,12805796
1790523811,10240104,12805796
1790523813,10343868,12805796
1790523815,10390140,12805796
1790523817,10073120,12805796
1790523819,10386660,12805796
1790523821,10383884,12805796
1790523823,10424128,12805796
1790523825,9298708,12805796
1790523827,9126372,12805796
1790523829,10338056,12805796
1790523831,10432544,12805796
1790523833,10543024,12805796
1790523835,9321492,12805796
1790523837,9307608,12805796
1790523839,10381768,12805796
1790523841,10509112,12805796
1790523843,9332196,12805796
1790523845,8941364,12805796
1790523847,8817136,12805796
1790523849,10005312,12805796
1790523851,10074644,12805796
1790523853,9932336,12805796
1790523855,10440856,12805796
1790523857,10424176,12805796
1790523859,10421128,12805796
1790523861,9349036,12805796
1790523863,9341172,12805796
1790523865,10386028,12805796
1790523867,10410604,12805796
1790523869,10410936,12805796
1790523871,9112244,12805796
1790523873,9161680,12805796
1790523875,10311416,12805796
1790523877,10314604,12805796
1790523879,10430208,12805796
1790523881,9867392,12805796
1790523883,10247472,12805796
1790523885,10300660,12805796
1790523887,10429648,12805796
1790523889,8829512,12805796
1790523891,10017600,12805796
1790523893,8830460,12805796
1790523895,10023796,12805796
1790523897,10182428,12805796
1790523899,9278440,12805800
1790523901,10365132,12805800
1790523903,10449084,12805800
1790523905,10466968,12805800
1790523907,9312428,12805800
1790523909,9311892,12805800
1790523911,10469792,12805800
1790523913,10474840,12805800
1790523915,10537452,12805800
1790523917,10163764,12805800
1790523919,10382232,12805800
1790523921,10473672,12805800
1790523923,10577412,12805800
1790523925,9403624,12805800
1790523927,9385436,12805800
1790523930,10355084,12805800
1790523932,10401448,12805800
1790523934,10490784,12805800
1790523936,8854628,12805800
1790523938,8779472,12805800
1790523940,8909424,12805800
1790523942,9924332,12805800
1790523944,9093268,12805800
1790523946,8984024,12805800
1790523948,10224996,12805800
1790523950,10277676,12805800
1790523952,10359964,12805800
1790523954,9714712,12805800
1790523956,10325424,12805800
1790523958,10323896,12805800
1790523960,10453804,12805800
1790523962,10504736,12805800
1790523964,9337632,12805800
1790523966,10370292,12805800
1790523968,10399196,12805800
1790523970,10483088,12805800
1790523972,9198800,12805800
1790523974,9223536,12805800
1790523976,10351800,12805800
1790523978,10441836,12805800
1790523980,10556024,12805800
1790523982,8882652,12805800
1790523984,8896092,12805800
1790523986,10006184,12805800
1790523988,10052692,12805800
1790523990,9730764,12805800
1790523992,10240544,12805800
1790523994,10250080,12805800
1790523996,10293108,12805800
1790523998,10368472,12805800
1790524000,9324928,12805800
1790524002,10347788,12805800
1790524004,10385768,12805800
1790524006,10417988,12805800
1790524008,9060664,12805800
1790524010,9156624,12805800
1790524012,10341312,12805800
1790524014,10440440,12805800
1790524016,10479912,12805800
1790524018,9780736,12805800
1790524020,10408756,12805800
1790524022,10410100,12805800
1790524024,10478652,12805800
1790524026,9209368,12805800
1790524028,10095904,12805800
1790524030,8776344,12805800
1790524032,9969960,12805800
1790524034,10047128,12805800
1790524036,9295340,12805800
1790524038,10289476,12805800
1790524040,10367172,12805800
1790524042,10390516,12805800
1790524044,9201380,12805800
1790524046,9249436,12805800
1790524048,10460608,12805800
1790524050,10378840,12805800
1790524052,10474180,12805800
1790524054,9788836,12805800
1790524056,10273816,12805800
1790524058,10327560,12805800
1790524060,10415236,12805800
1790524062,10518992,12805800
1790524064,9286804,12805800
1790524066,10356632,12805800
1790524068,10370084,12805800
1790524070,10353832,12805800
1790524072,8784352,12805800
1790524074,8762144,12805800
1790524076,8848644,12805800
1790524078,9937112,12805800
1790524080,8948336,12805800
1790524082,8887652,12805800
1790524084,10212468,12805800
1790524086,10310636,12805800
1790524088,10469636,12805800
1790524090,9770660,12805800
1790524092,9343388,12805800
1790524094,10486232,12805800
1790524096,10503452,12805800
1790524098,10558232,12805800
1790524100,9413068,12805800
1790524102,10440976,12805800
1790524104,10482460,12805800
1790524106,10514204,12805800
1790524108,9291292,12805800
1790524110,9152268,12805800
1790524112,10341260,12805800
1790524114,10409792,12805800
1790524116,10507104,12805800
1790524118,8843856,12805800
1790524120,8753604,12805800
1790524122,9938652,12805800
1790524124,9978052,12805800
1790524126,9210928,12805800
1790524128,8948348,12805800
1790524130,10254832,12805800
1790524132,10319440,12805800
1790524134,10430596,12805800
1790524136,9296476,12805800
1790524138,10291932,12805800
1790524140,10421584,12805800
1790524142,10494012,12805800
1790524144,9258016,12805800
1790524146,8979472,12805800
1790524148,10336636,12805800
1790524150,10413484,12805800
1790524152,10519488,12805800
1790524154,9878808,12805800
1790524156,9278036,12805800
1790524158,10421856,12805800
1790524160,10455584,12805800
1790524162,9374516,12805800
1790524164,9336624,12805800
1790524166,8896116,12805800
1790524168,10053236,12805800
1790524170,9993220,12805800
1790524172,10242132,12805800
1790524174,10161884,12805800
1790524176,10213956,12805800
1790524178,10312668,12805800
1790524180,9319260,12805800
1790524182,9187556,12805800
1790524184,10407052,12805800
1790524186,10405740,12805800
1790524188,10416908,12805800
1790524190,9208852,12805800
1790524192,9277508,12805800
1790524194,10375884,12805800
1790524196,10383844,12805800
1790524198,10502740,12805800
1790524200,10592100,12805800
1790524202,10392504,12805800
1790524204,10476924,12805800
1790524206,10504528,12805800
1790524208,8938136,12805800
1790524210,9989028,12805800
1790524212,8829204,12805800
1790524214,10134624,12805800
1790524216,9362412,12805800
1790524218,8931832,12805800
1790524220,10350904,12805800
1790524222,10394416,12805800
1790524224,10430644,12805800
1790524226,9147008,12805800
1790524228,9332008,12805800
1790524230,10275992,12805800
1790524232,10354252,12805800
1790524234,10447668,12805800
1790524236,10289224,12805800
1790524238,10308744,12805800
1790524240,10287604,12805800
1790524242,10312708,12805800
1790524244,9260816,12805800
1790524246,8943828,12805800
1790524248,10311724,12805800
1790524250,10344148,12805800
1790524252,7699340,12805800
1790524254,7608608,12805800
1790524256,7542084,12805800
1790524258,8291156,12805800
1790524260,8478316,12805800
1790524262,8348984,12805800
1790524264,8352908,12805800
1790524266,8358600,12805800
1790524268,8312344,12805800
1790524270,8409336,12805800
1790524272,8522152,12805800
1790524274,9921244,12805800
1790524276,4234248,12805800
1790524278,9853732,12805800
1790524280,8763052,12805800
1790524282,9276952,12805800
1790524284,8986268,12805800
1790524286,9813936,12805800
1790524288,11277128,12805800
1790524290,10623628,12805800
1790524292,9308416,12805800
1790524294,10323304,12805800
1790524296,10361676,12805800
1790524298,10376472,12805800
1790524300,9154956,12805800
1790524302,9276256,12805800
1790524304,10468760,12805800
1790524306,10468868,12805800
1790524308,10464388,12805800
1790524310,9793536,12805800
1790524312,10451540,12805800
1790524314,10465160,12805800
1790524316,10495396,12805800
1790524318,10533900,12805804
1790524320,9476380,12805804
1790524322,10521368,12805804
1790524324,10529052,12805804
1790524326,10574236,12805804
1790524328,8998292,12805804
1790524330,8810480,12805804
1790524332,8815692,12805804
1790524334,10052356,12805804
1790524336,9289640,12805804
1790524338,8722632,12805804
1790524340,10359856,12805804
1790524342,10395972,12805804
1790524344,10449064,12805804
1790524346,9761528,12805804
1790524348,9267516,12805804
1790524350,10328964,12805804
1790524352,10351892,12805804
1790524354,10354372,12805804
1790524356,9272940,12805804
1790524358,10327804,12805804
1790524360,10372708,12805804
1790524362,10399752,12805804
1790524364,9157248,12805804
1790524366,9203944,12805804
1790524368,10360716,12805804
1790524370,10355944,12805804
1790524372,10414756,12805804
1790524374,8783564,12805804
1790524376,8798164,12805804
1790524378,9970824,12805804
1790524380,10122960,12805804
1790524382,9021916,12805804
1790524384,8934748,12805804
1790524386,10342372,12805804
1790524388,10460088,12805804
1790524390,10537948,12805804
1790524392,10563828,12805804
1790524394,10492716,12805804
1790524396,10558092,12805804
1790524398,10548892,12805804
1790524400,9461132,12805804
1790524402,9307252,12805804
1790524404,10490460,12805804
1790524406,10522996,12805804
1790524408,10502120,12805804
1790524410,9135104,12805804
1790524412,9366972,12805804
1790524414,10455072,12805804
1790524416,10454272,12805804
1790524418,9338544,12805804
1790524420,9253920,12805804
1790524422,8878120,12805804
1790524424,9879072,12805804
1790524426,10079560,12805804
1790524428,10051596,12805804
1790524430,10223420,12805804
1790524432,10270084,12805804
1790524434,10305464,12805804
1790524436,9227372,12805804
1790524438,9149536,12805804
1790524440,10426064,12805804
1790524442,10473420,12805804
1790524444,10535304,12805804
1790524446,9245852,12805804
1790524448,9273892,12805804
1790524450,10375040,12805804
1790524452,10511516,12805804
1790524454,10564968,12805804
1790524456,10082888,12805804
1790524458,10411892,12805804
1790524460,10455504,12805804
1790524462,10475040,12805804
1790524464,9416652,12805804
1790524466,9957980,12805804
1790524468,8971232,12805804
1790524470,9933364,12805804
1790524472,10196628,12805804
1790524474,9220720,12805804
1790524476,10225524,12805804
1790524478,10310112,12805804
1790524480,10464372,12805804
1790524482,9113404,12805804
1790524484,9249116,12805804
1790524486,10445952,12805804
1790524488,10449352,12805804
1790524490,10508016,12805804
1790524492,9921912,12805804
1790524494,10469780,12805804
1790524496,10470228,12805804
1790524498,10528148,12805804
1790524500,9448076,12805804
1790524502,9463776,12805804
1790524504,10573296,12805804
1790524506,10567552,12805804
1790524508,10585908,12805804
1790524510,9059040,12805804
1790524512,8966220,12805804
1790524514,9182164,12805804
1790524516,10054032,12805804
1790524518,9057528,12805804
1790524520,9043768,12805804
1790524522,10402856,12805804
1790524524,10418652,12805804
1790524526,10397292,12805804
1790524528,9688524,12805804
1790524530,10258184,12805804
1790524532,10271720,12805804
1790524534,10335612,12805804
1790524536,10431128,12805804
1790524538,9269764,12805804
1790524540,10313312,12805804
1790524542,10346872,12805804
1790524544,10378020,12805804
1790524546,9111828,12805804
1790524548,9063364,12805804
1790524550,10277964,12805804
1790524552,10324908,12805804
1790524554,10399364,12805804
1790524556,8783412,12805804
1790524558,8837428,12805804
1790524560,10007868,12805804
1790524562,10108360,12805804
1790524564,9092964,12805804
1790524566,8962196,12805804
1790524568,10402780,12805804
1790524570,10479904,12805804
1790524572,10560200,12805804
1790524574,9458456,12805804
1790524576,10505644,12805804
1790524578,10537640,12805804
1790524580,10543276,12805804
1790524582,9367576,12805804
1790524584,9279320,12805804
1790524586,10543628,12805804
1790524588,10533840,12805804
1790524590,10618000,12805804
1790524592,9341784,12805804
1790524594,9358240,12805804
1790524596,10495940,12805804
1790524598,10493492,12805804
1790524600,9512204,12805804
1790524602,8917728,12805804
1790524604,8776480,12805804
1790524606,9942048,12805804
1790524608,10181512,12805804
1790524610,10059840,12805804
1790524612,10198232,12805804
1790524614,10298848,12805804
1790524616,10317528,12805804
1790524618,9235276,12805804
1790524620,9134444,12805804
1790524622,10335128,12805804
1790524624,10361636,12805804
1790524626,10469584,12805804
1790524628,9032192,12805804
1790524630,9183628,12805804
1790524632,10390016,12805804
1790524634,10380412,12805804
1790524636,10500940,12805804
1790524638,10518928,12805804
1790524640,10448084,12805804
1790524642,10454488,12805804
1790524644,10489884,12805804
1790524646,8889192,12805804
1790524649,9834240,12805804
1790524651,8851556,12805804
1790524653,10073188,12805804
1790524655,9301860,12805804
1790524657,8981796,12805804
1790524659,10323024,12805804
1790524661,10332092,12805804
1790524663,10460776,12805804
1790524665,9127168,12805804
1790524667,9290984,12805804
1790524669,10428060,12805804
1790524671,10480376,12805804
1790524673,10551684,12805804
1790524675,10275920,12805804
1790524677,10439068,12805804
1790524679,10457180,12805804
1790524681,10570284,12805804
1790524683,9450248,12805804
1790524685,9298916,12805804
1790524687,10504872,12805804
1790524689,10601108,12805804
1790524691,10618376,12805804
1790524693,9010896,12805804
1790524695,8846480,12805808
1790524697,10033084,12805808
1790524699,10032264,12805808
1790524701,9047152,12805808
1790524703,9109952,12805808
1790524705,10351192,12805808
1790524707,10426780,12805808
1790524709,10351480,12805808
1790524711,9911536,12805808
1790524713,10233652,12805808
1790524715,10361732,12805808
1790524717,10427220,12805808
1790524719,9259368,12805808
1790524721,9158288,12805808
1790524723,10290884,12805808
1790524725,10323588,12805808
1790524727,10388468,12805808
1790524729,9117392,12805808
1790524731,9216948,12805808
1790524733,10317384,12805808
1790524735,10318400,12805808
1790524737,9318360,12805808
1790524739,8770476,12805808
1790524741,8986400,12805808
1790524743,10059148,12805808
1790524745,10090724,12805808
1790524747,9781320,12805808
1790524749,10313476,12805808
1790524751,10312396,12805808
1790524753,10488896,12805808
1790524755,9407380,12805808
1790524757,9443976,12805808
1790524759,10536748,12805808
1790524761,10541280,12805808
1790524763,10585896,12805808
1790524765,9246612,12805808
1790524767,9369692,12805808
1790524769,10445472,12805808
1790524771,10474552,12805808
1790524773,10608048,12805808
1790524775,10002956,12805808
1790524777,10430892,12805808
1790524779,10472828,12805808
1790524781,10502716,12805808
1790524783,8905152,12805808
1790524785,10007936,12805808
1790524787,8755240,12805808
1790524789,9965008,12805808
1790524791,10116300,12805808
1790524793,9242980,12805808
1790524795,10244004,12805808
1790524797,10319932,12805808
1790524799,10378188,12805808
1790524801,9126084,12805808
1790524803,9214276,12805808
1790524805,10367740,12805808
1790524807,10435604,12805808
1790524809,10473392,12805808
1790524811,9854656,12805808
1790524813,9230832,12805808
1790524815,10332456,12805812
1790524817,10445652,12805812
1790524819,10557232,12805812
1790524821,9324968,12805812
1790524823,10392280,12805812
1790524825,10390932,12805812
1790524827,10445568,12805812
1790524829,8776340,12805812
1790524831,8867140,12805812
1790524833,8801676,12805812
1790524835,9939968,12805812
1790524837,9092596,12805812
1790524839,8915992,12805812
1790524841,10293436,12805812
1790524843,10350336,12805812
1790524845,10400588,12805812
1790524847,9284088,12805812
1790524849,9282516,12805812
1790524851,10441068,12805812
1790524853,10472836,12805812
1790524855,10512888,12805812
1790524857,9374200,12805812
1790524859,10368088,12805812
1790524861,10517364,12805812
1790524863,10554600,12805812
1790524865,9385616,12805812
1790524867,9241008,12805812
1790524869,10498372,12805812
1790524871,10578736,12805812
1790524873,10609260,12805812
1790524875,8941716,12805812
1790524877,8782212,12805812
1790524879,9953916,12805812
1790524881,9944208,12805812
1790524883,8925928,12805812
1790524885,9021972,12805812
1790524887,10299816,12805812
1790524889,10234208,12805812
1790524891,10311596,12805812
1790524893,10198900,12805812
1790524895,10217124,12805812
1790524897,10263160,12805812
1790524899,10329800,12805812
1790524901,9225680,12805812
1790524903,9070576,12805812
1790524905,10280024,12805812
1790524907,10377608,12805812
1790524909,10373260,12805812
1790524911,9104284,12805812
1790524913,9208468,12805812
1790524915,10327776,12805812
1790524917,10340192,12805812
1790524919,9070252,12805812
1790524921,8870104,12805812
1790524923,8925788,12805812
1790524925,9997236,12805812
1790524927,10141588,12805812
1790524929,9928336,12805812
1790524931,10296220,12805812
1790524933,10331532,12805812
1790524935,10366984,12805812
1790524937,9407356,12805812
1790524939,9382336,12805812
1790524941,10553888,12805812
1790524943,10563844,12805812
1790524945,10596004,12805812
1790524947,9127992,12805812
1790524949,9255336,12805812
1790524951,10409132,12805812
1790524953,10486304,12805812
1790524955,10574328,12805812
1790524957,10231560,12805812
1790524959,10395192,12805812
1790524961,10402844,12805812
1790524963,10483768,12805812
1790524965,8922132,12805812
1790524967,10007416,12805812
1790524969,8744276,12805812
1790524971,9927404,12805812
1790524973,10073208,12805812
1790524975,9225124,12805812
1790524977,10117480,12805812
1790524979,10244852,12805812
1790524981,10409480,12805812
1790524983,9119800,12805812
1790524985,9155964,12805812
1790524987,10347216,12805812
1790524989,10405568,12805812
1790524991,10464904,12805812
1790524993,9988988,12805812
1790524995,10361492,12805812
1790524997,10392104,12805812
1790524999,10443604,12805812
1790525001,9309736,12805812
1790525003,9103988,12805812
1790525005,10457964,12805812
1790525007,10464400,12805812
1790525009,10377916,12805812
1790525011,8769616,12805812
1790525013,8799492,12805812
1790525015,9277996,12805812
1790525017,9950612,12805812
1790525019,8755532,12805812
1790525021,8985200,12805812
1790525023,10220208,12805812
1790525025,10387792,12805812
1790525027,10437072,12805812
1790525029,9793896,12805812
1790525031,10431380,12805812
1790525033,10427796,12805812
1790525035,10445352,12805812
1790525037,10502924,12805812
1790525039,9359788,12805812
1790525041,10414576,12805812
1790525043,10506296,12805812
1790525045,10571392,12805812
1790525047,9216568,12805812
1790525049,9389648,12805812
1790525051,10574764,12805812
1790525053,10579076,12805812
1790525055,7590888,12805812
1790525057,7621284,12805812
1790525059,8475332,12805812
1790525061,8476804,12805812
1790525063,8432688,12805812
1790525065,8435240,12805812
1790525067,8428836,12805812
1790525069,8347484,12805812
1790525071,8346520,12805812
1790525073,8317852,12805812
1790525075,8844496,12805812
1790525077,9413648,12805812
1790525079,2367480,12805812
1790525081,10171624,12805740
1790525083,8782924,12805740
1790525085,8697812,12805740
1790525087,9876040,12805740
1790525089,10778864,12805740
1790525091,10998952,12805740
1790525093,9249408,12805740
1790525095,8697300,12805740
1790525097,10208804,12805740
1790525099,10342884,12805740
1790525101,10491980,12805740
1790525103,9284428,12805740
1790525105,9354596,12805740
1790525107,10424344,12805740
1790525109,10498844,12805740
1790525111,10560700,12805740
1790525113,10449456,12805740
1790525115,10450664,12805740
1790525117,10508952,12805740
1790525119,10526696,12805740
1790525121,9383512,12805740
1790525123,9229244,12805740
1790525125,10442032,12805740
1790525127,10430620,12805740
1790525129,10454208,12805740
1790525131,8991020,12805740
1790525133,8815900,12805740
1790525135,9938100,12805740
1790525137,10008352,12805740
1790525139,8891500,12805740
1790525141,8968824,12805740
1790525143,10228896,12805740
1790525145,10286152,12805740
1790525147,10382416,12805740
1790525149,10083380,12805740
1790525151,10392200,12805740
1790525153,10391064,12805740
1790525155,10436540,12805740
1790525157,9338088,12805740
1790525159,9249656,12805740
1790525161,10475656,12805740
1790525163,10555144,12805740
1790525165,10651732,12805740
1790525167,9338816,12805740
1790525169,9364832,12805740
1790525171,10474764,12805740
1790525173,10500432,12805740
1790525175,9207992,12805740
1790525177,9454212,12805740
1790525179,9085156,12805740
1790525181,10043024,12805740
1790525183,10079008,12805740
1790525185,9958836,12805740
1790525187,10308444,12805740
1790525189,10329216,12805740
1790525191,10321012,12805740
1790525193,10381516,12805740
1790525195,9282800,12805740
1790525197,10327432,12805740
1790525199,10367624,12805740
1790525201,10380096,12805740
1790525203,9195412,12805740
1790525205,9210072,12805740
1790525207,10346200,12805740
1790525209,10343328,12805740
1790525211,10443124,12805768
1790525213,9463928,12822360
1790525215,9039372,12822604
1790525217,10140868,12827836
1790525219,10389488,12942612
1790525221,9263984,12942612
1790525223,9212048,12942612
1790525225,9010588,12942612
1790525227,9998280,12942616
1790525229,10109636,12942616
1790525231,9823564,12942972
1790525233,10301336,12943092
1790525235,10310504,12943104
1790525237,10312268,12943104
1790525239,10417096,12943108
1790525241,9255228,12943112
1790525243,10298448,12943112
1790525245,10358600,12943112
1790525247,10400272,12955468
1790525249,10549968,12955480
1790525251,9315300,12955480
1790525253,10340704,12955500
1790525255,10363064,12955528
1790525257,10379116,12955532
1790525259,9280372,12955532
1790525261,9112548,12955584
1790525263,10378064,12955584
1790525265,10411836,12955584
1790525267,10450900,12955592
1790525269,9092184,12955592
1790525271,9869092,12955592
1790525273,8767572,12955592
1790525275,9941228,12955592
1790525277,10128904,12955592
1790525279,10241480,12955592
1790525281,10261576,12955592
1790525283,10287656,12955592
1790525285,10253412,12955600
1790525287,10336736,12955600
1790525289,9258584,12955608
1790525291,10312396,12955608
1790525293,10372388,12955612
1790525295,10428220,12955612
1790525297,9305192,12955616
1790525299,9032148,12955616
1790525301,10383256,12955616
1790525303,10502200,12955616
1790525305,10554472,12955616
1790525307,9230064,12955616
1790525309,9284836,12955616
1790525311,10383452,12955616
1790525313,10450204,12955616
1790525315,9308220,12955616
1790525317,8877508,12955616
1790525319,8874512,12955616
1790525321,10024584,12955616
1790525323,10090916,12955616
1790525325,9822804,12955616
1790525327,10273080,12955620
1790525329,10281772,12955624
1790525331,10425128,12955624
1790525333,10469824,12955624
1790525335,9355032,12955624
1790525337,10403444,12955632
1790525339,10399400,12955660
1790525341,10443124,12955672
1790525343,9257924,12955672
1790525345,9099952,12956644
1790525347,10410296,12956868
1790525349,10416604,12960652
1790525351,10622932,12960652
1790525353,8864944,12973292
1790525355,8825812,12984356
1790525357,9973876,12984372
1790525359,9781360,12984940
1790525361,9839356,12985012
1790525363,8284444,12985012
1790525366,8251140,12985048
1790525368,9482704,12985048
1790525370,9513828,12986228
1790525372,8425068,12987388
1790525374,8501188,12987652
1790525376,9769172,12988376
1790525378,9740044,12993152
1790525380,9796016,12993176
1790525382,8510580,13001464
1790525384,8631220,13001464
1790525386,9816412,13001820
1790525388,9857292,13001856
1790525390,9990380,13001856
1790525392,9683688,13001864
1790525394,9772068,13001864
1790525396,9911060,13003224
1790525398,10017876,13003224
1790525400,8868192,13003292
1790525402,8859928,13004388
1790525404,9906216,13004388
1790525406,9977100,13004388
1790525408,9988524,13004388
1790525410,8364360,13004388
1790525412,8531244,13004424
1790525414,8379612,13004428
1790525416,9053696,13004468
1790525418,8561948,13004496
1790525420,8289656,13004496
1790525422,9548508,13004496
1790525424,9629952,13004504
1790525426,9673536,13004504
1790525428,8413256,13004504
1790525430,8643348,13004504
1790525432,9757652,13004504
1790525434,9768168,13004504
1790525436,9836392,13004968
1790525438,9201884,13004968
1790525440,8647084,13004968
1790525442,9737480,13004968
1790525444,9857948,13004968
1790525446,9973652,13004968
1790525448,9762284,13004968
1790525450,9748540,13004968
1790525452,9784556,13005576
1790525454,9994236,13005756
1790525456,8424144,13005756
1790525458,9454456,13005756
1790525460,8207208,13005764
1790525462,9415880,13005764
1790525464,9445308,13005784
1790525466,8743104,13005784
1790525468,9656608,13005784
1790525470,9818408,13005784
1790525472,9821420,13005784
1790525474,8747144,13006316
1790525476,8524764,13006316
1790525478,9833916,13006316
1790525480,9876076,13006316
1790525482,9908416,13006316
1790525484,8663884,13006444
1790525486,8676144,13006444
1790525488,9815772,13006468
1790525490,9866368,13006476
1790525492,9944668,13006476
1790525494,9340580,13006476
1790525496,9810968,13006476
1790525498,9939040,13006520
1790525500,9968516,13006544
1790525502,8818280,13006572
1790525504,8325252,13006572
1790525506,8300244,13006572
1790525508,9475908,13006572
1790525510,9519492,13006572
1790525512,9631884,13006572
1790525514,9744268,13006572
1790525516,9796848,13006728
1790525518,9876048,13006728
1790525520,8819004,13006728
1790525522,8772352,13006728
1790525524,9900520,13006728
1790525526,9924792,13006728
1790525528,9971788,13006732
1790525530,8728752,13006732
1790525532,8685620,13006736
1790525534,9764564,13006736
1790525536,9700188,13006736
1790525538,9836864,13006736
1790525540,8386868,13006868
1790525542,8288688,13006868
1790525544,9655460,13006868
1790525546,9692932,13006868
1790525548,9843180,13006872
1790525550,8259976,13006872
1790525552,8174492,13006872
1790525554,9360064,13006872
1790525556,9374040,13006872
1790525558,8549624,13006872
1790525560,8579604,13006872
1790525562,9718504,13006872
1790525564,9726840,13006992
1790525566,9835792,13006992
1790525568,9244652,13006992
1790525570,9826368,13007608
1790525572,9869520,13007644
1790525574,9926620,13007756
1790525576,10016140,13007808
1790525578,8851300,13007824
1790525580,9885556,13007880
1790525582,9937624,13007880
1790525584,10015432,13007880
1790525586,8712472,13007880
1790525588,8588856,13007880
1790525590,9974640,13007880
1790525592,9974676,13007880
1790525594,10014664,13007880
1790525596,8324336,13007884
1790525598,8384360,13007884
1790525600,9500288,13007884
1790525602,9538332,13007884
1790525604,8527704,13007884
1790525606,8604552,13007884
1790525608,9802200,13007884
1790525610,9836896,13007884
1790525612,9951932,13007884
1790525614,9982996,13007884
1790525616,9880204,13007884
1790525618,9912664,13007884
1790525620,9941564,13007884
1790525622,8850948,13007900
1790525624,8672236,13007900
1790525626,9956916,13007960
1790525628,9954040,13007960
1790525630,10003252,13007960
1790525632,8744256,13007960
1790525634,8779776,13007960
1790525636,9864352,13007964
1790525638,9868168,13007964
1790525640,9019364,13007964
1790525642,8305564,13007964
1790525644,8188400,13007972
1790525646,9365108,13007972
1790525648,9390848,13007972
1790525650,8377652,13007972
1790525652,8283116,13007976
1790525654,9718500,13009048
1790525656,9858920,13009128
1790525658,9866756,13009168
1790525660,9311284,13009748
1790525662,8742292,13009776
1790525664,9865728,13009776
1790525666,9910236,13009776
1790525668,9987216,13009776
1790525670,8861808,13009780
1790525672,9774040,13009780
1790525674,9828768,13009784
1790525676,9913700,13009784
1790525678,8795980,13009788
1790525680,8577252,13009788
1790525682,9818356,13009788
1790525684,9873896,13009788
1790525686,9949204,13009788
1790525688,8307436,13009788
1790525690,8314424,13009788
1790525692,8734580,13009788
1790525694,9343612,13009804
1790525696,8191084,13009804
1790525698,8344220,13009804
1790525700,9601036,13009804
1790525702,9744428,13009804
1790525704,9812636,13009804
1790525706,8576924,13009804
1790525708,8706236,13009804
1790525710,9762672,13009808
1790525712,9855388,13009808
1790525714,9999448,13009808
1790525716,9466676,13009808
1790525718,9791604,13009812
1790525720,9821100,13009812
1790525722,9865928,13009816
1790525724,8783836,13009816
1790525726,8775760,13009816
1790525728,9813052,13009816
1790525730,9878640,13009816
1790525732,9976048,13009816
1790525734,8326444,13009816
1790525736,8206764,13009816
1790525738,8235400,13009816
1790525740,9337648,13009816
1790525742,9361436,13009816
1790525744,8637100,13009816
1790525746,9688148,13009816
1790525748,9705376,13009816
1790525750,9824132,13009820
1790525752,8729908,13009820
1790525754,8613788,13009820
1790525756,9814608,13009820
1790525758,9819424,13009820
1790525760,9924028,13009820
1790525762,8654204,13009820
1790525764,8732936,13009820
1790525766,9778092,13009820
1790525768,9831008,13009820
1790525770,9903804,13009820
1790525772,9255708,13009820
1790525774,8657856,13009820
1790525776,9810516,13009820
1790525778,9808080,13009820
1790525780,8436560,13009820
1790525782,8260436,13009820
1790525784,8167880,13009820
1790525786,9370920,13009820
1790525788,9433340,13009820
1790525790,8577596,13009820
1790525792,8429008,13009820
1790525794,9711288,13009820
1790525796,9789840,13009820
1790525798,9882252,13009820
1790525800,9853432,13009820
1790525802,9879240,13009820
1790525804,9880612,13009820
1790525806,9883996,13009820
1790525808,8827984,13009820
1790525810,8632332,13009840
1790525812,9873052,13009840
1790525814,9889744,13009840
1790525816,9866848,13009840
1790525818,8679852,13009840
1790525820,8769236,13009840
1790525822,9821636,13009840
1790525824,9903952,13009840
1790525826,7239980,13009840
1790525828,7085856,13009840
1790525830,7883864,13009840
1790525832,7875364,13009840
1790525834,7829960,13009840
1790525836,7851556,13009840
1790525838,7837856,13009840
1790525840,7850768,13009840
1790525842,7837744,13009840
1790525844,7855688,13009840
1790525846,8215940,13009840
1790525848,9365288,13009840
1790525850,4919876,11983160
1790525852,10942096,11983160
1790525854,9616412,11983160
1790525856,9259292,11983160
1790525858,10534228,11983160
1790525860,11581524,11983160
1790525862,11745096,11983160
1790525864,9804876,11983160
1790525866,9148300,11983160
1790525868,10866528,11983160
1790525870,10891292,11983160
1790525872,10910804,11983160
1790525874,9769360,11983160
1790525876,9817616,11983160
1790525878,10946180,11983160
1790525880,10961228,11983160
1790525882,11067584,11983160
1790525884,10960844,11983160
1790525886,10934448,11983160
1790525888,10931532,11983160
1790525890,10978376,11983160
1790525892,9825944,11983160
1790525894,9678060,11983160
1790525896,10818728,11983160
1790525898,10926756,11983160
1790525900,11059384,11983160
1790525902,9729660,11983160
1790525904,9570356,11983160
1790525906,10477268,11983160
1790525908,10553040,11983260
1790525910,9501992,11983260
1790525912,9506012,11983260
1790525914,10871560,11983260
1790525916,10891156,11983260
1790525918,10972940,11983264
1790525920,10430296,11983264
1790525922,10960148,11983264
1790525924,10941984,11983268
1790525926,10954792,11983272
1790525928,10967380,11983280
1790525930,9838472,11983284
1790525932,10867248,11983284
1790525934,10895220,11983284
1790525936,10990252,11983284
1790525938,9759528,11983284
1790525940,9761400,11983284
1790525942,10896280,11983284
1790525944,10667972,11983304
1790525946,10524844,11983568
1790525948,8989224,11983692
1790525950,8500764,11983776
1790525952,8880592,11983776
1790525954,9747840,11983820
1790525956,10087792,11983968
1790525958,9130092,11984008
1790525960,10206968,11984472
1790525962,10392948,11984508
1790525964,10427980,11984512
1790525966,9379880,11984512
1790525968,9204592,11984524
1790525970,10425380,11984524
1790525972,10462176,11984524
1790525974,10561516,11984524
1790525976,9313100,11984524
1790525978,9383528,11984524
1790525980,10546948,11984544
1790525982,10554052,11984544
1790525984,10604128,11984544
1790525986,10005292,11984544
1790525988,10467748,11984544
1790525990,10589684,11984552
1790525992,10691452,11984552
1790525994,9115160,11984552
1790525996,10195352,11984552
1790525998,9041040,11984552
1790526000,10227752,11984552
1790526002,10477900,11984552
1790526004,9585324,11984576
1790526006,10551728,11984576
1790526008,10631488,11984576
1790526010,10701384,11984576
1790526012,9399872,11984576
1790526014,9575776,11984576
1790526016,10694748,11984592
1790526018,10691320,11984592
1790526020,10777576,11984592
1790526022,10120656,11984592
1790526024,9634900,11984592
1790526026,10733984,11984596
1790526028,10731864,11984596
1790526030,10793724,11984596
1790526032,9612744,11984596
1790526034,10681156,11984596
1790526036,10724132,11984596
1790526038,10736860,11984596
1790526040,9125680,11984596
1790526042,10225368,11984596
1790526044,9058768,11984596
1790526046,10185236,11984596
1790526048,9483060,11984596
1790526050,9012048,11985324
1790526052,10538272,11985336
1790526054,10579596,11985412
1790526056,10647720,11985440
1790526058,9374700,11985440
1790526060,9512932,11985448
1790526062,10661344,11985448
1790526064,10738452,11985468
1790526066,10747488,11985468
1790526068,10309920,11985468
1790526070,10626776,11985468
1790526072,10687328,11985468
1790526074,10777728,11985468
1790526076,9588288,11985468
1790526078,9431312,11985468
1790526080,10681044,11985472
1790526082,10707360,11985472
1790526084,10795052,11985472
1790526086,9130048,11985472
1790526088,9074792,11985472
1790526090,10274364,11985472
1790526092,10282956,11985492
1790526094,9242268,11985492
1790526097,9191428,11985492
1790526099,10654156,11985492
1790526101,10645676,11985492
1790526103,10682172,11985492
1790526105,10146860,11985492
1790526107,9577104,11985492
1790526109,10676240,11985492
1790526111,10713408,11985492
1790526113,10802800,11985492
1790526115,9585088,11985492
1790526117,10625460,11985492
1790526119,10636492,11985492
1790526121,10749100,11985492
1790526123,9474848,11985492
1790526125,9354544,11985492
1790526127,10642084,11985492
1790526129,10749608,11985492
1790526131,10778256,11985492
1790526133,9121800,11985492
1790526135,9123848,11985492
1790526137,10228144,11985492
1790526139,10352192,11985492
1790526141,9179740,11985496
1790526143,9318120,11985496
1790526145,10595240,11985496
1790526147,10696296,11985496
1790526149,10709664,11985496
1790526151,10725036,11985496
1790526153,10622152,11985496
1790526155,10719640,11985496
1790526157,10753892,11985496
1790526159,9603084,11985496
1790526161,9400004,11985496
1790526163,10763284,11985496
1790526165,10753472,11985496
1790526167,10799680,11985496
1790526169,9401924,11985496
1790526171,9586676,11985496
1790526173,10694540,11985496
1790526175,10706968,11985496
1790526177,9614376,11985496
1790526179,9153276,11985496
1790526181,9086268,11985496
1790526183,10276192,11985496
1790526185,10465896,11985496
1790526187,10237244,11985496
1790526189,10548136,11985496
1790526191,10624848,11985496
1790526193,10668932,11985496
1790526195,9583600,11985496
1790526197,9647624,11985496
1790526199,10660316,11985496
1790526201,10630648,11985612
1790526203,11011584,11994572
1790526205,9770412,11994600
1790526207,9913528,12004396
1790526209,11168980,12004468
1790526211,11237516,12004480
1790526213,11270596,12004488
1790526215,10585800,12004488
1790526217,10071468,12004488
1790526219,11241724,12004488
1790526221,11233104,12004488
1790526223,9957160,12004488
1790526225,10197504,12004488
1790526227,9535056,12004488
1790526229,10703540,12004496
1790526231,10812064,12004496
1790526233,11062224,12004496
1790526235,11056276,12004496
1790526237,11115124,12004496
1790526239,11147012,12004496
1790526241,10107076,12004496
1790526243,9966188,12004496
1790526245,11127772,12004496
1790526247,11203396,12004496
1790526249,11240636,12004520
1790526251,9995436,12004520
1790526253,10027176,12004520
1790526255,11213052,12004520
1790526257,11236032,12004520
1790526259,11254956,12004520
1790526261,11250120,12004556
1790526263,11141976,12004556
1790526265,11205432,12004556
1790526267,11253412,12004556
1790526269,9679604,12004556
1790526271,10794244,12004556
1790526273,9651108,12004560
1790526275,10794220,12004560
1790526277,10066652,12004560
1790526279,9528868,12004560
1790526281,11108676,12004560
1790526283,11209668,12004560
1790526285,11287560,12004560
1790526287,10014484,12004560
1790526289,10146320,12004568
1790526291,11226964,12004568
1790526293,11275252,12004568
1790526295,11316576,12004568
1790526297,11138472,12004568
1790526299,11140852,12004568
1790526301,11170108,12004608
1790526303,11228324,12004608
1790526305,10144096,12004608
1790526307,10097412,12004608
1790526309,11263572,12004608
1790526311,11296484,12004608
1790526313,11286012,12004608
1790526315,9705760,12004608
1790526317,9663000,12004608
1790526319,10170300,12004608
1790526321,10824160,12004608
1790526323,9609052,12004608
1790526325,9646088,12004608
1790526327,11144964,12004608
1790526329,11160984,12004608
1790526331,11250536,12004608
1790526333,10614628,12004608
1790526335,11156604,12004608
1790526337,11235104,12004608
1790526339,11261848,12004608
1790526341,11334636,12004608
1790526343,10156600,12004608
1790526345,11239220,12004608
1790526347,11248240,12004608
1790526349,11291848,12004608
1790526351,9963348,12004608
1790526353,10062424,12004608
1790526355,11248468,12004608
1790526357,11260680,12004608
1790526359,11352472,12004608
1790526361,9705556,12004608
1790526363,9623512,12004608
1790526365,10859036,12004608
1790526367,10866460,12004608
1790526369,9892464,12004608
1790526371,10059340,12004608
1790526373,11215000,12004608
1790526375,11209476,12004608
1790526377,11275696,12004608
1790526379,11301052,12004608
1790526381,11252844,12004608
1790526383,11250272,12004608
1790526385,11295936,12004608
1790526387,10165484,12004608
1790526389,10011196,12004608
1790526391,11258388,12004608
1790526393,11264120,12004608
1790526395,11303796,12004608
1790526397,10030768,12004608
1790526399,10115720,12004608
1790526401,11180048,12004608
1790526403,11238176,12004608
1790526405,10280868,12004608
1790526407,9690928,12004608
1790526409,9692948,12004608
1790526411,10844236,12004608
1790526413,11002412,12004608
1790526415,10811428,12004608
1790526417,11190756,12004608
1790526419,11189760,12004608
1790526421,11248044,12004608
1790526423,10162412,12004608
1790526425,10129392,12004608
1790526427,11278812,12004608
1790526429,11286140,12004608
1790526431,11279084,12004608
1790526433,10041488,12004608
1790526435,10135664,12004608
1790526437,11255388,12004608
1790526439,11262412,12004608
1790526441,11319528,12004608
1790526443,10719056,12004608
1790526445,11232604,12004608
1790526447,11270508,12004608
1790526449,11293772,12004608
1790526451,9737788,12004608
1790526453,10854252,12004608
1790526455,9643664,12004608
1790526457,10832348,12004608
1790526459,11049804,12004608
1790526461,10147184,12004608
1790526463,11128772,12004608
1790526465,11212696,12004608
1790526467,11261540,12004608
1790526469,9893024,12004608
1790526471,10032280,12004608
1790526473,11208364,12004608
1790526475,11239364,12004608
1790526477,11289332,12004608
1790526479,10582532,12004608
1790526481,10115092,12004608
1790526483,11212636,12004608
1790526485,11272072,12004608
1790526487,11347208,12004608
1790526489,10164520,12004608
1790526491,11208128,12004608
1790526493,11213820,12004620
1790526495,11249340,12004636
1790526497,9679144,12004636
1790526499,9632480,12004636
1790526501,9652612,12004644
1790526503,10855912,12004644
1790526505,10162376,12004764
1790526507,9520420,12004764
1790526509,11137272,12004764
1790526511,11263392,12004764
1790526513,11259372,12004764
1790526515,10226184,12004764
1790526517,10159296,12004764
1790526519,11215468,12004764
1790526521,11247728,12004764
1790526523,11303576,12004764
1790526525,10185732,12004764
1790526527,11182628,12004764
1790526529,11302100,12004764
1790526531,11349952,12004764
1790526533,9856768,12004764
1790526535,10038184,12004764
1790526537,11219264,12004764
1790526539,11234556,12004764
1790526541,11288200,12004764
1790526543,9715452,12004764
1790526545,9635040,12004764
1790526547,10834120,12004764
1790526549,10831100,12004764
1790526551,9792628,12004764
1790526553,9764048,12004764
1790526555,11064088,12004764
1790526557,11196452,12004764
1790526559,11266320,12004764
1790526561,11186928,12004764
1790526563,11166728,12004864
1790526565,11198772,12004864
1790526567,11205584,12004864
1790526569,10143908,12004864
1790526571,9920192,12004864
1790526573,11239904,12004864
1790526575,11232984,12004864
1790526577,11245808,12004864
1790526579,10080204,12004864
1790526581,10079936,12004864
1790526583,11214960,12004864
1790526585,11274820,12004864
1790526587,10005724,12004864
1790526589,9673212,12004864
1790526591,9997272,12004864
1790526593,10856220,12004864
1790526595,10880808,12004864
1790526597,10563748,12004864
1790526599,11118156,12004864
1790526601,11173208,12004864
1790526603,11279444,12004864
1790526605,10904760,12004864
1790526607,10184924,12004864
1790526609,11122824,12004864
1790526611,11366700,12004864
1790526613,11367932,12004864
1790526615,10010020,12004864
1790526617,10066200,12004864
1790526619,11232892,12004864
1790526621,11334460,12004864
1790526623,11386636,12004864
1790526625,10589844,12004864
1790526627,11238892,12004864
1790526629,11323420,12004864
1790526631,11342500,12004864
1790526633,10054752,12004864
1790526635,10831368,12004864
1790526637,9982628,12004864
1790526639,10802212,12004864
1790526641,11109592,12004864
1790526643,10135000,12004864
1790526645,11056692,12004864
1790526647,11247676,12004864
1790526649,11253876,12004864
1790526651,9811152,12004864
1790526653,10033072,12004864
1790526655,11235848,12004864
1790526657,11242876,12004864
1790526659,11269144,12004864
1790526661,10099280,12004864
1790526663,10144776,12004864
1790526665,11234476,12004864
1790526667,11293972,12004864
1790526669,11353920,12004864
1790526671,10856660,12004864
1790526673,11240524,12004864
1790526675,11253812,12004864
1790526677,8712780,12004864
1790526679,8166032,12004864
1790526681,8491776,12004864
1790526683,9267604,12004864
1790526685,9223148,12004864
1790526687,9607748,12004864
1790526689,9204932,12004864
1790526691,9254872,12004864
1790526693,9038724,12004864
1790526695,9212212,12004864
1790526697,9220712,12004864
1790526699,10675816,12004864
1790526701,8581584,12004864
1790526703,12151236,11728000
1790526705,10426840,11728000
1790526707,10165024,11728000
1790526709,10000392,11728000
1790526711,10657836,11728000
1790526713,12242620,11728000
1790526715,11738632,11728000
1790526717,10872644,11728000
1790526719,10255304,11728000
1790526721,11478028,11728000
1790526723,11482260,11728000
1790526725,11602780,11728000
1790526727,10517372,11728000
1790526729,11591976,11728000
1790526731,11592516,11728000
1790526733,11598452,11728000
1790526735,10459300,11728000
1790526737,10309248,11728000
1790526739,11444068,11728000
1790526741,11605480,11728000
1790526743,11701984,11728000
1790526745,10403876,11728000
1790526747,10477808,11728000
1790526749,11577972,11728000
1790526751,11625644,11728000
1790526753,10429444,11728000
1790526755,10038352,11728000
1790526757,9924208,11728000
1790526759,11107516,11728000
1790526761,11185888,11728000
1790526763,11199452,11728000
1790526765,11396952,11728000
1790526767,11461840,11728000
1790526769,11482932,11728000
1790526771,10440704,11728000
1790526773,10195424,11728000
1790526775,11472908,11728000
1790526777,11526944,11728000
1790526779,11551288,11728000
1790526781,10356520,11728000
1790526783,10344788,11728000
1790526785,11517380,11728000
1790526787,11546560,11728000
1790526789,11621096,11728000
1790526791,11355596,11728000
1790526793,11472216,11728000
1790526795,11510884,11728000
1790526797,11634596,11728000
1790526799,9980888,11728000
1790526801,11147096,11728000
1790526803,9975856,11728000
1790526805,11112428,11728000
1790526807,11293736,11728000
1790526810,10423740,11728000
1790526812,11416672,11728000
1790526814,11522292,11728000
1790526816,11556900,11728000
1790526818,10378852,11728000
1790526820,10285104,11728000
1790526822,11574756,11728000
1790526824,11571508,11728000
1790526826,11626840,11728000
1790526828,11089108,11728000
1790526830,11503568,11728000
1790526832,11499656,11728000
1790526834,11575252,11728000
1790526836,11696424,11728000
1790526838,10483736,11728000
1790526840,11522644,11728000
1790526842,11542304,11728000
1790526844,11647580,11728000
1790526846,10004724,11728000
1790526848,9896644,11728000
1790526850,9915560,11728040
1790526852,11118344,11728040
1790526854,10178604,11728040
1790526856,10129368,11728040
1790526858,11328316,11728040
1790526860,11456384,11728040
1790526862,11491600,11728040
1790526864,10583744,11728040
1790526866,10369204,11728040
1790526868,11471824,11728040
1790526870,11473140,11728040
1790526872,11535928,11728040
1790526874,11471644,11728040
1790526876,11503764,11728040
1790526878,11506916,11728040
1790526880,11539696,11728040
1790526882,10413860,11728040
1790526884,10196316,11728040
1790526886,11470180,11728040
1790526888,11495300,11728040
1790526890,11603316,11728040
1790526892,9958260,11728040
1790526894,9908932,11728040
1790526896,11166216,11728040
1790526898,11169660,11728040
1790526900,10324956,11728040
1790526902,10221380,11728040
1790526904,11463836,11728040
1790526906,11463656,11728044
1790526908,11525124,11728044
1790526910,11387812,11728044
1790526912,11571624,11728044
1790526914,11573260,11728044
1790526916,11610052,11728044
1790526918,10474992,11728044
1790526920,10304460,11728044
1790526922,11517764,11728044
1790526924,11570956,11728044
1790526926,11621616,11728044
1790526928,10304356,11728044
1790526930,10359964,11728044
1790526932,11514460,11728044
1790526934,11547520,11728044
1790526936,10521492,11728044
1790526938,10015180,11728044
1790526940,9937248,11728044
1790526942,11104372,11728044
1790526944,11183864,11728044
1790526946,10831748,11728044
1790526948,11305820,11728044
1790526950,11356724,11728044
1790526952,11449244,11728044
1790526954,11490076,11728044
1790526956,10401328,11728044
1790526958,11451036,11728044
1790526960,11482612,11728044
1790526962,11512456,11728044
1790526964,10305276,11728044
1790526966,10177480,11728044
1790526968,11460200,11728044
1790526970,11542512,11728044
1790526972,11606520,11728044
1790526974,10891556,11728044
1790526976,10307464,11728048
1790526978,11471500,11728048
1790526980,11533228,11728048
1790526982,10416908,11728048
1790526984,10534920,11728048
1790526986,9920872,11728048
1790526988,11126928,11728048
1790526990,11152652,11728048
1790526992,10494528,11728048
1790526994,11412756,11728048
1790526996,11471700,11728048
1790526998,11574596,11728048
1790527000,10483700,11728048
1790527002,10261508,11728048
1790527004,11444204,11728060
1790527006,11496884,11728060
1790527008,11587376,11728060
1790527010,10267696,11728060
1790527012,10403496,11728060
1790527014,11531148,11728060
1790527016,11532868,11728060
1790527018,11593668,11728060
1790527020,11450496,11728060
1790527022,11502536,11728060
1790527024,11490280,11728060
1790527026,11588096,11728060
1790527028,10006892,11728060
1790527030,11116652,11728060
1790527032,9945352,11728060
1790527034,11231928,11728060
1790527036,10441624,11728060
1790527038,10324460,11728060
1790527040,11457408,11728060
1790527042,11451964,11728060
1790527044,11497372,11728060
1790527046,10157456,11728060
1790527048,10413272,11728060
1790527050,11471540,11728060
1790527052,11488536,11728060
1790527054,11601108,11728060
1790527056,11216680,11728064
1790527058,11481528,11728064
1790527060,11467972,11728064
1790527062,11529792,11728064
1790527064,10420308,11728064
1790527066,10355760,11728064
1790527068,11473528,11728064
1790527070,11494260,11728064
1790527072,11552696,11728064
1790527074,9992756,11728064
1790527076,9984532,11728064
1790527078,10412220,11728064
1790527080,11160816,11728064
1790527082,10030068,11728064
1790527084,9982804,11728064
1790527086,11526952,11728064
1790527088,11527420,11728064
1790527090,11536248,11728064
1790527092,10916440,11728064
1790527094,11532928,11728064
1790527096,11524080,11728064
1790527098,11548696,11728064
1790527100,11301152,11728064
1790527102,10476544,11728064
1790527104,11428936,11728064
1790527106,10796956,11728492
1790527108,10804452,11728492
1790527110,9517212,11728492
1790527112,9513760,11728492
1790527114,10795028,11728492
1790527116,10806660,11728492
1790527118,10938264,11728492
1790527120,9281604,11728492
1790527122,9204296,11728492
1790527124,10389204,11728492
1790527126,10384932,11728492
1790527128,9499092,11728492
1790527130,9526460,11728492
1790527132,10699104,11728492
1790527134,10742140,11728492
1790527136,10795208,11728492
1790527138,11117052,11728492
1790527140,11069632,11728492
1790527142,11094676,11728492
1790527144,11101312,11728492
1790527146,10048884,11728492
1790527148,9900104,11728496
1790527150,11051988,11728496
1790527152,11092668,11728500
1790527154,11148852,11728728
1790527156,9845112,11728728
1790527158,10035764,11728728
1790527160,11066540,11728728
1790527162,11110684,11728728
1790527164,10040540,11728728
1790527166,9566716,11728728
1790527168,9516944,11728728
1790527170,10732552,11728740
1790527172,10773900,11728740
1790527174,10552380,11728740
1790527176,10899644,11728740
1790527178,10971308,11728740
1790527180,11065424,11728740
1790527182,10021104,11728740
1790527184,9965612,11728740
1790527186,11044060,11728740
1790527188,11083932,11728740
1790527190,11168304,11728740
1790527192,9940672,11728740
1790527194,9899376,11728740
1790527196,11043936,11728740
1790527198,11082972,11728740
1790527200,11279120,11728740
1790527202,10794048,11728740
1790527204,11118320,11728740
1790527206,11167304,11728740
1790527208,11218004,11728740
1790527210,9635160,11728740
1790527212,10775756,11728740
1790527214,9540212,11728740
1790527216,10708716,11728740
1790527218,10747880,11728740
1790527220,10016380,11728740
1790527222,10986944,11728740
1790527224,11082276,11728740
1790527226,11161408,11728740
1790527228,9736896,11728740
1790527230,9793580,11728740
1790527232,11037756,11728740
1790527234,11034316,11728740
1790527236,11101960,11728740
1790527238,10440128,11728740
1790527240,11038160,11728740
1790527242,11028552,11728740
1790527244,11053268,11728740
1790527246,9970620,11728740
1790527248,9982008,11728740
1790527250,10971968,11728740
1790527252,11001924,11728740
1790527254,11113752,11728740
1790527256,9503072,11728744
1790527258,9519276,11728744
1790527260,9541040,11728744
1790527262,10807212,11728744
1790527264,9594896,11728744
1790527266,9503736,11728744
1790527268,11037212,11728744
1790527270,11121080,11728744
1790527272,11204020,11728744
1790527274,10506412,11728744
1790527276,10088284,11728744
1790527278,11130320,11728744
1790527280,11164512,11728744
1790527282,11308412,11728744
1790527284,10121156,11728744
1790527286,11149368,11728744
1790527288,11040992,11728744
1790527290,11130408,11728744
1790527292,9937892,11728744
1790527294,9844684,11728744
1790527296,11075112,11728744
1790527298,11101708,11728744
1790527300,11168184,11728744
1790527302,9910432,11728744
1790527304,9464248,11728744
1790527306,10675028,11728744
1790527308,10739064,11728744
1790527310,9643804,11728744
1790527312,9597280,11728744
1790527314,10972256,11728744
1790527316,11030172,11728772
1790527318,11060696,11728772
1790527320,10956752,11728772
1790527322,11149184,11728772
1790527324,11155544,11728772
1790527326,11149272,11728772
1790527328,10063520,11728772
1790527330,9714404,11728772
1790527332,11114312,11728772
1790527334,11192684,11728772
1790527336,11295924,11728784
1790527338,9971428,11728784
1790527340,10024836,11728784
1790527342,11127084,11728784
1790527344,11180684,11728784
1790527346,8397208,11728784
1790527348,8241944,11728784
1790527350,9034668,11728784
1790527352,9017092,11728784
1790527354,9078960,11728784
1790527356,9138036,11728784
1790527358,8983164,11728952
1790527360,8997416,11728952
1790527362,9009644,11728952
1790527364,9054348,11728952
1790527366,9539588,11728952
1790527368,10645696,11728952
1790527370,6177772,11549728
1790527372,11319460,11549728
1790527374,9823032,11549728
1790527376,9948616,11549732
1790527378,10878452,11549732
1790527380,12058012,11549732
1790527382,12177560,11549732
1790527384,10085016,11549732
1790527386,9728176,11549732
1790527388,11346796,11549732
1790527390,11361624,11549732
1790527392,11384648,11549732
1790527394,10185920,11549732
1790527396,10199064,11549732
1790527398,11343772,11549732
1790527400,11507380,11549732
1790527402,11511880,11549732
1790527404,11417424,11549732
1790527406,11364016,11549732
1790527408,11280176,11549732
1790527410,11326420,11549732
1790527412,10184280,11549732
1790527414,10015440,11549732
1790527416,11286888,11549732
1790527418,11323876,11549732
1790527420,11393376,11549732
1790527422,9736816,11549732
1790527424,9656104,11549732
1790527426,10947140,11549732
1790527428,10980900,11549732
1790527430,9762888,11549732
1790527432,9802544,11549732
1790527434,11253228,11549732
1790527436,11247920,11549732
1790527438,11277972,11549732
1790527440,10790848,11549732
1790527442,11285196,11549732
1790527444,11298724,11549732
1790527446,11347676,11549732
1790527448,10231368,11549732
1790527450,10244212,11549732
1790527452,11302412,11549732
1790527454,11328572,11549732
1790527456,11382340,11549732
1790527458,10099624,11549732
1790527460,10026388,11549732
1790527462,11283476,11549732
1790527464,11381488,11549732
1790527466,11373588,11549732
1790527468,9686272,11549732
1790527470,9670084,11549732
1790527472,10806040,11549732
1790527474,10999616,11549732
1790527476,10090984,11549732
1790527478,9905852,11549732
1790527480,11208532,11549732
1790527482,11285944,11549732
1790527484,11382236,11549732
1790527486,10209308,11549732
1790527488,11296372,11549732
1790527490,11276412,11549732
1790527492,11336820,11549732
1790527494,10062276,11549732
1790527496,9932424,11549732
1790527498,11261296,11549732
1790527500,11394180,11549732
1790527502,11456316,11549732
1790527504,10307636,11549732
1790527506,10266880,11549732
1790527508,11401944,11549732
1790527510,11405620,11549732
1790527512,10349184,11549732
1790527514,9818520,11549732
1790527516,9724116,11549732
1790527519,10908784,11549732
1790527521,11103880,11549732
1790527523,10981272,11549732
1790527525,11277716,11549732
1790527527,11323880,11549732
1790527529,11252200,11549732
1790527531,10160752,11549732
1790527533,10091752,11549732
1790527535,11270396,11549732
1790527537,11267712,11549732
1790527539,11307488,11549732
1790527541,9904136,11549732
1790527543,10038740,11549732
1790527545,11234748,11549732
1790527547,11281624,11549732
1790527549,11315384,11549732
1790527551,10834756,11549732
1790527553,11184800,11549732
1790527555,11197164,11549732
1790527557,11315240,11549732
1790527559,9745912,11549732
1790527561,10952108,11549732
1790527563,9780600,11549732
1790527565,10963756,11549732
1790527567,11033888,11549732
1790527569,10222036,11549732
1790527571,11188788,11549732
1790527573,11283852,11549732
1790527575,11332456,11549732
1790527577,10030856,11549732
1790527579,10160036,11549732
1790527581,11377888,11549732
1790527583,11439040,11549732
1790527585,11493852,11549732
1790527587,10806460,11549732
1790527589,10143948,11549732
1790527591,11239140,11549732
1790527593,11338792,11549732
1790527595,11346824,11549732
1790527597,10212156,11549732
1790527599,11276260,11549732
1790527601,11280380,11549732
1790527603,11339056,11549732
1790527605,9751788,11549732
1790527607,10845072,11549732
1790527609,9681352,11549744
1790527611,10863456,11549744
1790527613,10149352,11549744
1790527615,9718328,11549744
1790527617,11205348,11549744
1790527619,11230576,11549744
1790527621,11312356,11549744
1790527623,10046068,11549744
1790527625,10208312,11551792
1790527627,11349376,11551792
1790527629,11360076,11551792
1790527631,11393296,11551792
1790527633,11253508,11551792
1790527635,11281132,11551792
1790527637,11275164,11551792
1790527639,11340856,11551792
1790527641,10248472,11551792
1790527643,10176392,11551792
1790527645,11288988,11551792
1790527647,11290976,11551792
1790527649,11329068,11551792
1790527651,9706056,11551792
1790527653,9718592,11551792
1790527655,10138892,11551792
1790527657,10855272,11551792
1790527659,9829268,11551792
1790527661,9888684,11551792
1790527663,11091980,11551792
1790527665,11167784,11551792
1790527667,11336344,11551816
1790527669,10640320,11551816
1790527671,10107984,11551816
1790527673,11211560,11551816
1790527675,11308604,11551816
1790527677,11372152,11551816
1790527679,10193552,11551816
1790527681,11309604,11551816
1790527683,11374188,11551816
1790527685,11413944,11551816
1790527687,10165112,11551816
1790527689,10206640,11551816
1790527691,11327308,11551816
1790527693,11330476,11551816
1790527695,11408476,11551816
1790527697,9817636,11551816
1790527699,9721232,11551816
1790527701,10997592,11551816
1790527703,11002620,11551816
1790527705,10050088,11551816
1790527707,10136368,11551816
1790527709,11184984,11551816
1790527711,11230304,11551816
1790527713,11232012,11551816
1790527715,11253836,11551816
1790527717,11153168,11551816
1790527719,11152416,11551820
1790527721,11273200,11551820
1790527723,10155240,11551820
1790527725,9978404,11551820
1790527727,11250364,11551824
1790527729,11297372,11551824
1790527731,11290812,11551824
1790527733,10128208,11551824
1790527735,10089704,11551824
1790527737,11204124,11551824
1790527739,11272672,11551824
1790527741,10168248,11551824
1790527743,9777792,11551824
1790527745,9785672,11551824
1790527747,10903676,11551892
1790527749,11003384,11551892
1790527751,10800232,11551892
1790527753,11197296,11551892
1790527755,11239024,11551892
1790527757,11279812,11551892
1790527759,10255704,11551892
1790527761,10216864,11551892
1790527763,11343324,11551892
1790527765,11341372,11551892
1790527767,11358048,11551892
1790527769,10050700,11551892
1790527771,10130008,11551892
1790527773,11190908,11551892
1790527775,11222612,11551892
1790527777,11357264,11551892
1790527779,10900572,11551892
1790527781,11234336,11551892
1790527783,11241652,11551892
1790527785,11301400,11551892
1790527787,9743712,11551892
1790527789,10873888,11551892
1790527791,9660396,11551892
1790527793,10825264,11551892
1790527795,11046488,11551892
1790527797,10139420,11551892
1790527799,11088608,11551892
1790527801,11249320,11551892
1790527803,11347796,11551892
1790527805,9992956,11551892
1790527807,9974528,11551896
1790527809,11305656,11551896
1790527811,11345104,11551896
1790527813,11406216,11551896
1790527815,10628640,11551896
1790527817,10218276,11551896
1790527819,11286364,11551896
1790527821,11296036,11551896
1790527823,11373100,11551896
1790527825,10218728,11551956
1790527827,11318204,11551956
1790527829,11225116,11551956
1790527831,11293228,11551956
1790527833,9701120,11551956
1790527835,10871988,11551956
1790527837,9718824,11551956
1790527839,10917344,11551956
1790527841,10091804,11551956
1790527843,9568532,11551956
1790527845,11160028,11551956
1790527847,11231268,11551956
1790527849,11251976,11551956
1790527851,10026696,11551956
1790527853,10119584,11551956
1790527855,11266304,11551956
1790527857,11337876,11551956
1790527859,11337960,11551988
1790527861,11141084,11551988
1790527863,11304324,11551988
1790527865,11323812,11551988
1790527867,11406112,11551988
1790527869,10262744,11551988
1790527871,10180584,11551988
1790527873,11331240,11551988
1790527875,11326308,11551988
1790527877,11452828,11551988
1790527879,9815964,11551988
1790527881,9720264,11551988
1790527883,10058308,11551988
1790527885,10935000,11551988
1790527887,9782264,11551988
1790527889,9818360,11551988
1790527891,11175896,11551988
1790527893,11241064,11551988
1790527895,11286028,11551988
1790527897,10673248,11551988
1790527899,10130768,11551988
1790527901,11255720,11551988
1790527903,11255972,11551988
1790527905,11380016,11551988
1790527907,10161208,11551988
1790527909,11178376,11552084
1790527911,11189800,11552084
1790527913,11470996,11552100
1790527915,10065360,11552100
1790527917,10117968,11552100
1790527919,11262808,11552100
1790527921,11340868,11552100
1790527923,11381872,11552108
1790527925,9779784,11552108
1790527927,9756952,11552108
1790527929,10926732,11552108
1790527931,10926660,11552108
1790527933,9908324,11552108
1790527935,9896892,11552108
1790527937,11276508,11552108
1790527939,11379000,11552108
1790527941,11431120,11552108
1790527943,11126580,11552108
1790527945,11251716,11552108
1790527947,11278164,11552108
1790527949,11274784,11552108
1790527951,10015196,11552108
1790527953,10083436,11552108
1790527955,11246640,11552108
1790527957,11258396,11552108
1790527959,11270424,11552108
1790527961,10098500,11552108
1790527963,10122672,11552108
1790527965,11196288,11552108
1790527967,11301156,11552108
1790527969,10252216,11552108
1790527971,9719524,11552108
1790527973,9635812,11552108
1790527975,10841360,11552108
1790527977,10952752,11552108
1790527979,10855540,11552108
1790527981,11264536,11552108
1790527983,11316808,11552108
1790527985,11344040,11552108
1790527987,10241216,11552108
1790527989,10189744,11552108
1790527991,11289920,11552108
1790527993,11293468,11552108
1790527995,11328812,11552108
1790527997,10101584,11552108
1790527999,10174624,11552108
1790528001,11282392,11552108
1790528003,11302236,11552108
1790528005,11382968,11552108
1790528007,10778496,11552108
1790528009,11162560,11552108
1790528011,11292984,11552108
1790528013,11328372,11552108
1790528015,10148668,11552108
1790528017,10836556,11552108
1790528019,9816068,11552108
1790528021,10846820,11552108
1790528023,11127664,11552108
1790528025,10165596,11552108
1790528027,11199080,11552108
1790528029,11261156,11552108
1790528031,11278344,11552108
1790528033,10008468,11552108
1790528035,10074740,11552108
1790528037,11251152,11552108
1790528039,11277016,11552108
1790528041,11431256,11552108
1790528043,10763516,11552108
1790528045,10196296,11552108
1790528047,11369296,11552108
1790528049,11376944,11552108
1790528051,11460692,11552108
1790528053,10279844,11552108
1790528055,11301332,11552108
1790528057,11386692,11552108
1790528059,11450676,11552108
1790528061,10239176,11552108
1790528063,9873880,11552108
1790528065,9825508,11552108
1790528067,10845952,11552108
1790528069,10137780,11552108
1790528071,9602052,11552108
1790528073,11206644,11552108
1790528075,11230876,11552108
1790528077,11233688,11552108
1790528079,10048716,11552108
1790528081,10085840,11552108
1790528083,11218140,11552108
1790528085,11243408,11552108
1790528087,11315452,11552108
1790528089,11337960,11552108
1790528091,11247732,11552108
1790528093,11254952,11552108
1790528095,11304672,11552108
1790528097,10156752,11552108
1790528099,9857324,11552108
1790528101,11277116,11552108
1790528103,11358788,11552108
1790528105,11369388,11552108
1790528107,9820460,11552108
1790528109,9715428,11552108
1790528111,10972056,11552108
1790528113,11113892,11552108
1790528115,9727836,11552108
1790528117,9917524,11552108
1790528119,11331204,11552108
1790528121,11391696,11552108
1790528123,11450992,11552108
1790528125,11069072,11552108
1790528127,11146344,11552108
1790528129,11192772,11552108
1790528131,11382620,11552108
1790528133,10179200,11552108
1790528135,10166684,11552108
1790528137,11282684,11552108
1790528139,11309260,11552132
1790528141,11341940,11552132
1790528143,10092280,11552132
1790528145,10149396,11552132
1790528147,11271204,11552132
1790528149,11279356,11552132
1790528151,8536012,11552132
1790528153,8594940,11552132
1790528155,9210576,11552148
1790528157,9208116,11552148
1790528159,9227920,11552148
1790528161,9321588,11552148
1790528163,9362068,11552148
1790528165,9397764,11552148
1790528167,9240208,11552148
1790528169,9462700,11552148
1790528171,9740560,11552148
1790528173,10616548,11552148
1790528175,5224640,11520860
1790528177,11335008,11520860
1790528179,9739964,11520860
1790528181,9778320,11520860
1790528183,11083572,11520860
1790528185,12104572,11520860
1790528187,12067628,11520860
1790528189,10181732,11520860
1790528191,9967044,11520860
1790528193,11218896,11520872
1790528195,11251972,11520872
1790528197,11306916,11520872
1790528199,10115120,11520872
1790528201,10210136,11520884
1790528203,11308684,11520884
1790528205,11313416,11520884
1790528207,11402688,11520884
1790528209,11083856,11520884
1790528211,11256708,11520884
1790528213,11345732,11520884
1790528215,11424312,11520884
1790528217,10266668,11520884
1790528219,9808972,11520884
1790528221,11427196,11520884
1790528224,11441188,11520884
1790528226,11498288,11520884
1790528228,9865292,11520884
1790528230,9750852,11520884
1790528232,10089712,11520884
1790528234,10957380,11520884
1790528236,10114024,11520884
1790528238,10021788,11520884
1790528240,11235712,11520884
1790528242,11308536,11520884
1790528244,11399356,11520884
1790528246,10713328,11520884
1790528248,10141304,11520884
1790528250,11230048,11520884
1790528252,11261292,11520884
1790528254,11364980,11520884
1790528256,10176804,11520884
1790528258,11245292,11520884
1790528260,11335804,11520884
1790528262,11369324,11520884
1790528264,9930244,11520884
1790528266,10004264,11520884
1790528268,11207208,11520884
1790528270,11344308,11520884
1790528272,11418604,11520884
1790528274,9719308,11520884
1790528276,9745388,11520884
1790528278,10941640,11520884
1790528280,11065004,11520884
1790528282,10164076,11520884
1790528284,10007568,11520884
1790528286,11299136,11520884
1790528288,11382604,11520900
1790528290,11447596,11520900
1790528292,11311388,11520900
1790528294,11342864,11520900
1790528296,11407356,11520900
1790528298,11485532,11520900
1790528300,10310728,11520900
1790528302,10132096,11520908
1790528304,11344560,11520908
1790528306,11405472,11520908
1790528308,11396784,11520908
1790528310,10076824,11520908
1790528312,10176668,11520908
1790528314,11271928,11520908
1790528316,11295928,11520908
1790528318,10209964,11520908
1790528320,9773940,11520908
1790528322,9686620,11520908
1790528324,10859192,11520908
1790528326,10916736,11520908
1790528328,10701036,11520908
1790528330,11140264,11520908
1790528332,11159676,11520908
1790528334,11188572,11520908
1790528336,10187916,11520908
1790528338,10124792,11520908
1790528340,11274928,11520908
1790528342,11344540,11520908
1790528344,11412856,11520908
1790528346,10160232,11520908
1790528348,10128728,11520908
1790528350,11256404,11520936
1790528352,11370976,11520936
1790528354,11450060,11520936
1790528356,10784532,11520936
1790528358,11247712,11520936
1790528360,11399404,11520936
1790528362,11403868,11520936
1790528364,9996844,11520936
1790528366,10964940,11520936
1790528368,9679760,11520940
1790528370,10859276,11520940
1790528372,10910904,11520940
1790528374,10170280,11520940
1790528376,11158948,11520940
1790528378,11275624,11520948
1790528380,11279704,11520948
1790528382,10081584,11520948
1790528384,10041276,11520948
1790528386,11278104,11520948
1790528388,11276308,11520948
1790528390,11347880,11520948
1790528392,10453928,11520948
1790528394,10121040,11520948
1790528396,11306364,11520948
1790528398,11360912,11520948
1790528400,11523072,11520948
1790528402,11440772,11520948
1790528404,11307924,11520948
1790528406,11325556,11520948
1790528408,11444848,11520948
1790528410,9848080,11520948
1790528412,11008128,11520948
1790528414,9768720,11520948
1790528416,10987464,11520948
1790528418,10257752,11520948
1790528420,9574464,11520948
1790528422,11280660,11520948
1790528424,11309180,11520948
1790528426,11376276,11520948
1790528428,10019628,11520948
1790528430,10116392,11520948
1790528432,11172648,11520948
1790528434,11280360,11520948
1790528436,11348792,11520948
1790528438,11118104,11520948
1790528440,11205824,11520948
1790528442,11204724,11520948
1790528444,11292512,11520948
1790528446,10170636,11520948
1790528448,10094776,11520948
1790528450,11192316,11520948
1790528452,11245108,11520948
1790528454,11275512,11520948
1790528456,9710016,11520948
1790528458,9724896,11520948
1790528460,10273556,11520948
1790528462,10936084,11520948
1790528464,9806780,11520948
1790528466,9699300,11520948
1790528468,11224888,11520948
1790528470,11282124,11520948
1790528472,11393152,11520948
1790528474,10733536,11520948
1790528476,11379780,11520948
1790528478,11379140,11520948
1790528480,11388668,11520948
1790528482,11498504,11520948
1790528484,10310232,11520948
1790528486,11361836,11520948
1790528488,11274896,11520948
1790528490,11275064,11520948
1790528492,10099156,11520948
1790528494,10077500,11520948
1790528496,11249576,11520948
1790528498,11283204,11520948
1790528500,11399984,11520948
1790528502,9759752,11520948
1790528504,9672848,11520948
1790528506,10872848,11520948
1790528508,10870328,11520948
1790528510,10024740,11520948
1790528512,9969044,11520948
1790528514,11159984,11520948
1790528516,11188220,11520948
1790528518,11197984,11520948
1790528520,10246056,11520948
1790528522,11277752,11520948
1790528524,11299664,11520948
1790528526,11375848,11520948
1790528528,10171996,11520948
1790528530,10102996,11520948
1790528532,11270880,11520948
1790528534,11351656,11520948
1790528536,11405296,11520948
1790528538,10106760,11520948
1790528540,10222276,11520948
1790528542,11283704,11520948
1790528544,11392592,11520948
1790528546,10197148,11520948
1790528548,9705256,11520948
1790528550,9683500,11520948
1790528552,10891344,11520948
1790528554,10893212,11520948
1790528556,10978252,11520948
1790528558,11180624,11520948
1790528560,11239412,11520948
1790528562,11258440,11520948
1790528564,10203364,11520948
1790528566,10140608,11520948
1790528568,11283756,11520948
1790528570,11315808,11520948
1790528572,11385364,11520948
1790528574,10006740,11520948
1790528576,10173576,11520948
1790528578,11257112,11520948
1790528580,11407724,11520948
1790528582,11466316,11520948
1790528584,10993496,11520948
1790528586,11341484,11520948
1790528588,11356104,11520948
1790528590,11349904,11520948
1790528592,9826856,11520948
1790528594,10965368,11520948
1790528596,9743024,11520948
1790528598,10917784,11520948
1790528600,10962636,11520948
1790528602,10207976,11520948
1790528604,11216144,11520948
1790528606,11253580,11520948
1790528608,11199468,11520948
1790528610,9949508,11520948
1790528612,9997332,11520948
1790528614,11211464,11520948
1790528616,11273564,11520948
1790528618,11310212,11520948
1790528620,10679668,11520948
1790528622,10108964,11520948
1790528624,11243832,11520948
1790528626,11246100,11520948
1790528628,11269396,11520948
1790528630,10182452,11520948
1790528632,11191232,11520948
1790528634,11214936,11520948
1790528636,11230504,11520948
1790528638,9668452,11520948
1790528640,10907664,11520948
1790528642,9770756,11520948
1790528644,11012520,11520948
1790528646,10333440,11520948
1790528648,9639620,11520948
1790528650,11250264,11520948
1790528652,11396488,11520948
1790528654,11419756,11520948
1790528656,10133684,11520948
1790528658,10307928,11520948
1790528660,11383644,11520948
1790528662,11422120,11520948
1790528664,11483708,11520948
1790528666,11419984,11520948
1790528668,11239108,11520948
1790528670,11245644,11520948
1790528672,11282800,11520948
1790528674,10216168,11520948
1790528676,10133800,11520948
1790528678,11239624,11520948
1790528680,11254548,11520948
1790528682,11437340,11520948
1790528684,9740560,11520948
1790528686,9643476,11520948
1790528688,10166156,11520948
1790528690,10839040,11520948
1790528692,9663184,11520948
1790528694,9602820,11520948
1790528696,11039912,11520948
1790528698,11270572,11520948
1790528700,11418912,11520948
1790528702,10657668,11520948
1790528704,11341076,11520948
1790528706,11344492,11520948
1790528708,11357548,11520948
1790528710,11486080,11520948
1790528712,10282924,11520948
1790528714,11245232,11520948
1790528716,11320636,11520948
1790528718,11396100,11520948
1790528720,10042036,11520948
1790528722,10122772,11520948
1790528724,11316296,11520948
1790528726,11339504,11520948
1790528728,11306960,11520948
1790528730,10221580,11520948
1790528732,10023360,11520952
1790528734,10882232,11520952
1790528736,10908156,11520952
1790528738,9864228,11520952
1790528740,9913028,11520952
1790528742,11117680,11520952
1790528744,11303720,11520952
1790528746,11328804,11520952
1790528748,10219468,11520952
1790528750,11286524,11520952
1790528752,11282676,11520952
1790528754,11322764,11520952
1790528756,10010824,11520952
1790528758,10056564,11520952
1790528760,11367524,11520952
1790528762,11400796,11520952
1790528764,11439596,11520952
1790528766,10373036,11520952
1790528768,10232564,11520952
1790528770,11367240,11520952
1790528772,11415360,11520952
1790528774,10339012,11520952
1790528776,10172224,11520952
1790528778,9924936,11520952
1790528780,10973188,11520952
1790528782,11089168,11520952
1790528784,11102496,11520952
1790528786,11254476,11520952
1790528788,11230516,11520952
1790528790,11241228,11520952
1790528792,10171048,11520952
1790528794,10081716,11520952
1790528796,11264576,11520952
1790528798,11263064,11520952
1790528800,11392920,11520952
1790528802,10032352,11520952
1790528804,10063636,11520952
1790528806,11281016,11520952
1790528808,11289600,11520952
1790528810,11396880,11520952
1790528812,10822124,11520952
1790528814,11124340,11520952
1790528816,11195372,11520952
1790528818,11327752,11520952
1790528820,10134888,11520952
1790528822,10929796,11520952
1790528824,9943196,11520952
1790528826,10940420,11520952
1790528828,11095736,11520952
1790528830,10272016,11520952
1790528832,11312620,11520952
1790528834,11302848,11520952
1790528836,11384440,11520952
1790528838,10215472,11520952
1790528840,10170656,11520952
1790528842,11331736,11520952
1790528844,11445816,11520952
1790528846,11480032,11520952
1790528848,10274356,11520952
1790528850,10174016,11520952
1790528852,11309580,11520952
1790528854,11370800,11520952
1790528856,11432240,11520952
1790528858,11387960,11520952
1790528860,11250588,11520952
1790528862,11290288,11520992
1790528864,11352272,11520992
1790528866,9753676,11520992
1790528868,10854548,11520992
1790528870,9694308,11520992
1790528872,10902596,11520992
1790528874,10188608,11520992
1790528876,9809768,11520992
1790528878,11094232,11520992
1790528880,11256728,11520992
1790528882,11282680,11520992
1790528884,10007908,11520992
1790528886,10029272,11520996
1790528888,11269664,11520996
1790528890,11313096,11520996
1790528892,11376452,11520996
1790528894,10971516,11520996
1790528896,11276272,11520996
1790528898,11286544,11520996
1790528900,11386028,11520996
1790528902,10269880,11521020
1790528904,9970664,11521020
1790528906,11338200,11521020
1790528908,11285924,11521020
1790528910,8679924,11521020
1790528912,8315544,11521020
1790528914,8475260,11521020
1790528916,9590172,11521020
1790528918,9319768,11521020
1790528920,9323760,11521020
1790528922,9321956,11521020
1790528924,9351624,11521020
1790528926,9569276,11521020
1790528928,9279720,11521020
1790528930,9542600,11521020
1790528932,10613900,11521020
1790528935,5995688,11521020
1790528937,11354472,11483672
1790528939,9721332,11483672
1790528941,11036960,11483672
1790528943,9876208,11483672
1790528945,10690268,11483672
1790528947,12196848,11483672
1790528949,11686516,11483672
1790528951,11041952,11483672
1790528953,11315092,11483672
1790528955,11359360,11483672
1790528957,11464788,11483672
1790528959,10338768,11483672
1790528961,10186652,11483672
1790528963,11373904,11483672
1790528965,11436360,11483712
1790528967,11455596,11483712
1790528969,9996540,11483716
1790528971,10134332,11483716
1790528973,11324176,11483716
1790528975,11337516,11483716
1790528977,11356976,11483716
1790528979,11195652,11483716
1790528981,11282240,11483716
1790528983,11323280,11483716
1790528985,11413900,11483716
1790528987,9769912,11483720
1790528989,10992468,11483720
1790528991,9723788,11483720
1790528993,10899416,11483720
1790528995,11143516,11483720
1790528997,10157384,11483720
1790528999,11152356,11483720
1790529001,11331832,11483724
1790529003,11336364,11483724
1790529005,10035288,11483724
1790529007,10134652,11483724
1790529009,11262948,11483724
1790529011,11349212,11483724
1790529013,11474524,11483724
1790529015,10718648,11483724
1790529017,10212156,11483724
1790529019,11396060,11483724
1790529021,11403892,11483724
1790529023,11432268,11483732
1790529025,10271684,11483732
1790529027,11301360,11483740
1790529029,11214212,11483740
1790529031,11281952,11483740
1790529033,9723720,11483740
1790529035,10923012,11483740
1790529037,9729700,11483740
1790529039,10884448,11483744
1790529041,10192276,11483744
1790529043,9645628,11483744
1790529045,11182304,11483744
1790529047,11234216,11483744
1790529049,11287760,11483744
1790529051,9990348,11483744
1790529053,10235512,11483744
1790529055,11372864,11483744
1790529057,11387464,11483744
1790529059,11375092,11483744
1790529061,11150888,11483744
1790529063,11336724,11483744
1790529065,11355100,11483744
1790529067,11409832,11483744
1790529069,10305520,11483744
1790529071,10267536,11483748
1790529073,11409704,11483748
1790529075,11408332,11483748
1790529077,11451612,11483748
1790529079,9858924,11483748
1790529081,9775000,11483748
1790529083,10087652,11483748
1790529085,10962208,11483748
1790529087,9979744,11483748
1790529089,9735168,11483748
1790529091,11088644,11483748
1790529093,11296372,11483748
1790529095,11341528,11483748
1790529097,10639640,11483748
1790529099,10121088,11483748
1790529101,11274544,11483748
1790529103,11275616,11483748
1790529105,11353920,11483748
1790529107,10225952,11483748
1790529109,11282260,11483748
1790529111,11274036,11483748
1790529113,11277824,11483748
1790529115,10057948,11483748
1790529117,10124012,11483748
1790529119,11242992,11483748
1790529121,11360024,11483748
1790529123,11426260,11483748
1790529125,9813304,11483748
1790529127,9775632,11483752
1790529129,11020960,11483752
1790529131,11018956,11483752
1790529133,10142368,11483752
1790529135,10052428,11483752
1790529137,11275588,11483752
1790529139,11348660,11483752
1790529141,11409428,11483752
1790529143,11452280,11483752
1790529145,11352744,11483752
1790529147,11418696,11483752
1790529149,11360004,11483752
1790529151,10249692,11483752
1790529153,10052816,11483752
1790529155,11254420,11483752
1790529157,11327568,11483752
1790529159,11381208,11483752
1790529161,10104004,11483752
1790529163,10242772,11483752
1790529165,11310492,11483752
1790529167,11320552,11483752
1790529169,10210904,11483752
1790529171,9790664,11483752
1790529173,9702380,11483752
1790529175,10863688,11483752
1790529177,10944156,11483752
1790529179,10814508,11483752
1790529181,11368420,11483752
1790529183,11365640,11483752
1790529185,11379816,11483752
1790529187,10274976,11483752
1790529189,10309128,11483752
1790529191,11394192,11483752
1790529193,11453272,11483752
1790529195,11453992,11483752
1790529197,10205796,11483752
1790529199,10232292,11483752
1790529201,11382916,11483752
1790529203,11408728,11483752
1790529205,11470316,11483752
1790529207,10756232,11483752
1790529209,11325308,11483752
1790529211,11336044,11483752
1790529213,11360912,11483752
1790529215,9798604,11483752
1790529217,10761268,11483752
1790529219,9723048,11483752
1790529221,10887880,11483752
1790529223,10952560,11483752
1790529225,10240336,11483752
1790529227,11154892,11483752
1790529229,11219892,11483752
1790529231,11224356,11483752
1790529233,9861132,11483752
1790529235,10157200,11483752
1790529237,11325344,11483752
1790529239,11322148,11483752
1790529241,11423872,11483752
1790529243,10161632,11483752
1790529245,10346344,11483752
1790529247,11419564,11483752
1790529249,11512512,11483752
1790529251,11601204,11483752
1790529253,11333380,11483752
1790529255,11465124,11483752
1790529257,11464468,11483752
1790529259,11476916,11483752
1790529261,9919992,11483752
1790529263,11023620,11483752
1790529265,9858000,11483752
1790529267,11028568,11483752
1790529269,10319912,11483752
1790529271,10206336,11483752
1790529273,11321456,11483752
1790529275,11396156,11483752
1790529277,11431896,11483756
1790529279,10234832,11483756
1790529281,10140188,11483756
1790529283,11365688,11483764
1790529285,11399576,11483764
1790529287,11517832,11483764
1790529289,10817268,11483764
1790529291,11422192,11483764
1790529293,11420484,11483764
1790529295,11467656,11483764
1790529297,11519116,11483764
1790529299,10227748,11483764
1790529301,11345992,11483764
1790529303,11355324,11483764
1790529305,11468956,11483764
1790529307,9837424,11483764
1790529309,9838240,11483764
1790529311,9878276,11483764
1790529313,11061884,11483764
1790529315,10008328,11483764
1790529317,9747216,11483764
1790529319,11198252,11483764
1790529321,11312004,11483764
1790529323,11371100,11483764
1790529325,10454788,11483764
1790529327,10210288,11483764
1790529329,11297428,11483764
1790529331,11303832,11483764
1790529333,11381372,11483764
1790529335,11386216,11483764
1790529337,11348680,11483764
1790529339,11379440,11483764
1790529341,11408380,11483764
1790529343,10224428,11483764
1790529345,10056788,11483764
1790529347,11292488,11483764
1790529349,11298652,11483764
1790529351,11378524,11483764
1790529353,9775656,11483764
1790529355,9700452,11483764
1790529357,10865056,11483764
1790529359,10892664,11483764
1790529361,9823796,11483764
1790529363,9837588,11483764
1790529365,11214712,11483764
1790529367,11264804,11483764
1790529369,11393836,11483764
1790529371,10894456,11483764
1790529373,11272232,11483764
1790529375,11284928,11483764
1790529377,11323184,11483764
1790529379,10292504,11483764
1790529381,10277124,11483764
1790529383,11320128,11483764
1790529385,11350112,11483764
1790529387,11341664,11483764
1790529389,9969480,11483764
1790529391,10020676,11483764
1790529393,11265856,11483764
1790529395,11283228,11483764
1790529397,11321044,11483764
1790529399,9750588,11483764
1790529401,9711120,11483764
1790529403,10921412,11483764
1790529405,10962624,11483764
1790529407,10551256,11483764
1790529409,9993124,11483764
1790529411,11270624,11483764
1790529413,11335844,11483764
1790529415,11338496,11483764
1790529417,10250424,11483764
1790529419,11236312,11483764
1790529421,11363988,11483764
1790529423,11467480,11483764
1790529425,10099168,11483764
1790529427,10169416,11483764
1790529429,11359688,11483764
1790529431,11397964,11483764
1790529433,11477592,11483764
1790529435,10734028,11483764
1790529437,10252068,11483764
1790529439,11451880,11483764
1790529441,11539604,11483764
1790529443,10435504,11483764
1790529445,10196164,11483764
1790529447,10070352,11483764
1790529449,10936184,11483764
1790529451,11178612,11483764
1790529453,11102192,11483764
1790529455,11109224,11483764
1790529457,11295568,11483764
1790529459,11287032,11483764
1790529461,10188368,11483764
1790529463,10047320,11483764
1790529465,11248812,11483764
1790529467,11305064,11483764
1790529469,11358084,11483764
1790529471,10028808,11483776
1790529473,10203616,11483780
1790529475,11267716,11483780
1790529477,11347480,11483780
1790529479,11361820,11483780
1790529481,11269768,11483780
1790529483,11380796,11483780
1790529485,11425844,11483780
1790529487,11451144,11483780
1790529489,9997308,11483780
1790529491,10973128,11483804
1790529493,9907124,11483804
1790529495,11012048,11483804
1790529497,11251252,11483804
1790529499,10330464,11483804
1790529501,11345016,11483804
1790529503,11381068,11483804
1790529505,11401064,11483808
1790529507,10076704,11483808
1790529509,10184724,11483808
1790529511,11336796,11483808
1790529513,11369848,11483808
1790529515,11416476,11483808
1790529517,10825860,11483808
1790529519,11293204,11483808
1790529521,11336980,11483808
1790529523,11405160,11483808
1790529525,11483916,11483808
1790529527,10242824,11483808
1790529529,11343684,11483808
1790529531,11381680,11483808
1790529533,11455016,11483808
1790529535,9880544,11483808
1790529537,10009124,11483808
1790529539,9709468,11483808
1790529541,10947580,11483808
1790529543,10262436,11483808
1790529545,9739216,11483812
1790529547,11225372,11483812
1790529549,11305612,11483812
1790529551,11392260,11483812
1790529553,10078712,11483812
1790529555,10199948,11483812
1790529557,11321220,11483812
1790529559,11381104,11483812
1790529561,11422840,11483812
1790529563,11278668,11483812
1790529565,11392592,11483812
1790529567,11313172,11483812
1790529569,11314624,11483812
1790529571,10195724,11483812
1790529573,10044960,11483812
1790529575,11289564,11483812
1790529577,11330152,11483812
1790529579,8663028,11483812
1790529581,8389644,11483812
1790529583,8599080,11483812
1790529585,9270656,11483812
1790529587,9263584,11483812
1790529589,9295216,11483812
1790529591,9466032,11483812
1790529593,9308792,11483812
1790529595,9400436,11483812
1790529597,9380056,11483812
1790529599,9547224,11483812
