epoch,MemAvailable_kB,SwapFree_kB
1790571984,25999756,13715676
1790571986,26032596,13715720
1790571988,23605488,13715720
1790571990,23597408,13715720
1790571992,16400840,13715720
1790571994,14466840,13715720
1790571996,12128072,13715720
1790571998,11924668,13715720
1790572000,12990240,13715720
1790572002,12939648,13715720
1790572004,12935992,13715720
1790572006,12909716,13715720
1790572008,13045216,13715720
1790572010,13050556,13715720
1790572012,13046276,13715720
1790572014,13056452,13715736
1790572016,13047508,13715736
1790572018,13027180,13715736
1790572020,13054680,13715736
1790572022,12894228,13715736
1790572024,12852772,13715736
1790572026,12800348,13715736
1790572028,12732624,13715736
1790572030,12699664,13715736
1790572032,12669284,13715736
1790572034,12609932,13715736
1790572036,12563044,13715736
1790572038,11725044,13715736
1790572040,11679660,13715740
1790572042,9156144,13715740
1790572044,10035628,13715740
1790572046,10648928,13715740
1790572048,10644516,13715740
1790572050,9407484,13715740
1790572052,10026652,13715740
1790572054,10597464,13715740
1790572056,10638504,13715740
1790572058,9465548,13715740
1790572060,10036476,13715740
1790572062,10618228,13715740
1790572064,10651668,13715740
1790572066,9594424,13715740
1790572068,10021924,13715744
1790572070,10594368,13715744
1790572072,10635296,13715744
1790572074,9106120,13715744
1790572076,8986784,13715744
1790572078,10191688,13715744
1790572080,10282768,13715744
1790572082,9406116,13715744
1790572084,10491976,13715744
1790572086,10549088,13715744
1790572088,10548500,13715744
1790572090,9422828,13715744
1790572092,10480864,13715744
1790572094,10479672,13715744
1790572096,10532988,13715744
1790572098,9435016,13715744
1790572100,10497152,13715744
1790572102,10504816,13715744
1790572104,10609064,13715744
1790572106,9433620,13715744
1790572108,10498076,13715744
1790572110,10493152,13715744
1790572112,9612724,13715744
1790572114,10179540,13715744
1790572116,9037084,13715744
1790572118,10134320,13715744
1790572120,8947436,13715744
1790572122,9497248,13715744
1790572124,10553888,13715744
1790572126,10679392,13715744
1790572128,9571924,13715744
1790572130,10649624,13715744
1790572132,10650668,13715744
1790572134,10651396,13715744
1790572136,10167240,13715744
1790572138,10513672,13715744
1790572140,10592428,13715744
1790572142,10606764,13715744
1790572144,10240872,13715744
1790572146,10513632,13715744
1790572148,10507400,13715744
1790572150,10590804,13715744
1790572152,8995484,13715744
1790572154,8896692,13715744
1790572156,10115364,13715744
1790572158,9408020,13715744
1790572160,8837916,13715744
1790572162,10522784,13715744
1790572164,10547052,13715744
1790572166,9401396,13715744
1790572168,9223852,13715744
1790572170,10487084,13715744
1790572172,10544156,13715744
1790572174,9465108,13715744
1790572176,9653992,13715744
1790572178,10504140,13715744
1790572180,10510808,13715744
1790572182,9361452,13715744
1790572184,9659456,13715744
1790572186,10572864,13715744
1790572188,10556664,13715744
1790572190,9192504,13715744
1790572192,9040404,13715744
1790572194,10156752,13715744
1790572196,10305576,13715744
1790572198,9486308,13715744
1790572200,10621144,13715744
1790572202,10546340,13715744
1790572204,10627548,13715744
1790572206,9486432,13715744
1790572208,10497428,13715744
1790572210,10527576,13715744
1790572212,10642596,13715744
1790572214,9471832,13715744
1790572216,10517876,13715744
1790572218,10637256,13715744
1790572220,10657252,13715744
1790572222,9532404,13715744
1790572224,10538916,13715744
1790572226,10574340,13715744
1790572228,9291692,13715744
1790572230,10172444,13715744
1790572232,9464884,13715744
1790572234,10196228,13715744
1790572236,8974256,13715744
1790572238,9478068,13715744
1790572240,10586856,13715744
1790572242,10575116,13715744
1790572244,9214556,13715744
1790572246,10007916,13715744
1790572248,10550320,13715744
1790572250,10618736,13715744
1790572252,9350620,13715744
1790572254,9944180,13715744
1790572256,10591516,13715744
1790572258,10634224,13715744
1790572260,9525408,13715744
1790572262,10446924,13715744
1790572264,10442888,13715744
1790572266,10494840,13715744
1790572268,9261616,13715744
1790572270,9245584,13715744
1790572272,10091032,13715744
1790572274,10176228,13715744
1790572276,8970248,13715744
1790572278,10499584,13715744
1790572280,10538224,13715744
1790572282,10071700,13715744
1790572284,9266332,13715744
1790572286,10603712,13715744
1790572288,10643680,13715744
1790572290,9484224,13715744
1790572292,9392668,13715744
1790572294,10551508,13715744
1790572296,10633308,13715744
1790572298,9557216,13715744
1790572300,9442184,13715744
1790572302,10613252,13715744
1790572304,10652740,13715744
1790572306,9076288,13715744
1790572308,8972548,13715744
1790572310,10196864,13715744
1790572312,10369176,13715744
1790572314,10257200,13715744
1790572316,10605836,13715744
1790572318,10606384,13715744
1790572320,10696860,13715744
1790572322,10463756,13715744
1790572324,10457920,13715744
1790572326,10494720,13715744
1790572328,10677364,13715744
1790572330,10731140,13715744
1790572332,10534600,13715744
1790572334,10560320,13715744
1790572336,10639896,13715744
1790572338,9470232,13715744
1790572340,10471684,13715744
1790572342,10563704,13715744
1790572344,9569968,13715744
1790572346,9267536,13715744
1790572348,9030072,13715744
1790572350,10152788,13715744
1790572352,9225584,13715744
1790572354,9579060,13715744
1790572356,10643732,13715744
1790572358,10673344,13715744
1790572360,9255044,13715744
1790572362,9934668,13715744
1790572364,10623072,13715744
1790572366,10721108,13715748
1790572368,9297424,13715748
1790572370,10074036,13715748
1790572372,10600632,13715748
1790572374,10678792,13715748
1790572376,9584840,13715748
1790572378,10603936,13715748
1790572380,10668220,13715748
1790572382,10613612,13715748
1790572384,9017772,13715748
1790572386,8918104,13715748
1790572388,10130396,13715748
1790572390,10162460,13715748
1790572392,9041676,13715748
1790572394,10365228,13715748
1790572396,10497492,13715748
1790572398,9836064,13715748
1790572400,9223700,13715748
1790572402,10469980,13715748
1790572404,10513584,13715748
1790572406,9440684,13715748
1790572408,9256284,13715748
1790572410,10503200,13715748
1790572412,10537176,13715748
1790572414,9457116,13715748
1790572416,9388352,13715748
1790572418,10526860,13715748
1790572420,10576556,13715748
1790572422,9001160,13715748
1790572424,9062628,13715748
1790572426,10201168,13715748
1790572428,10238536,13715748
1790572430,10394496,13715748
1790572432,10602036,13715748
1790572435,10596756,13715748
1790572437,10633708,13715748
1790572439,10556688,13715748
1790572441,10718228,13715748
1790572443,10599812,13715748
1790572445,10606492,13715748
1790572447,10676664,13715748
1790572449,10492840,13715748
1790572451,10562028,13715748
1790572453,10693456,13715748
1790572455,9538556,13715748
1790572457,10534216,13715748
1790572459,10576888,13715748
1790572461,9624220,13715748
1790572463,9640228,13715748
1790572465,8950332,13715748
1790572467,10152696,13715748
1790572469,9253444,13715748
1790572471,9754416,13715748
1790572473,10629780,13715748
1790572475,10601388,13715748
1790572477,9245180,13715748
1790572479,9927460,13715748
1790572481,10502856,13715748
1790572483,10561968,13715748
1790572485,9253768,13715748
1790572487,9950480,13715748
1790572489,10498024,13715748
1790572491,10567672,13715748
1790572493,9598568,13715748
1790572495,10479220,13715748
1790572497,10484932,13715748
1790572499,10661440,13715748
1790572501,9062044,13715748
1790572503,8946940,13715748
1790572505,10154196,13715748
1790572507,10258384,13715748
1790572509,9497856,13715748
1790572511,10550552,13715748
1790572513,10629044,13715748
1790572515,10687008,13715748
1790572517,9347712,13715748
1790572519,10548328,13715748
1790572521,10572328,13715748
1790572523,10162584,13715748
1790572525,9177192,13715748
1790572527,10508212,13715748
1790572529,10618232,13715748
1790572531,9484388,13715748
1790572533,9407180,13715748
1790572535,10609068,13715748
1790572537,10622008,13715748
1790572539,9088760,13715760
1790572541,10138800,13715760
1790572543,9090064,13715760
1790572545,10179648,13715760
1790572547,9999936,13715760
1790572549,10481356,13715760
1790572551,10564500,13715760
1790572553,10605928,13715760
1790572555,10210244,13715760
1790572557,10535500,13715760
1790572559,10540772,13715760
1790572561,10670940,13715760
1790572563,10315032,13715760
1790572565,10472700,13715760
1790572567,10545688,13715760
1790572569,10624300,13715760
1790572571,10483660,13715760
1790572573,10467632,13715760
1790572575,10515944,13715760
1790572577,10564688,13715760
1790572579,8972984,13715760
1790572581,9011664,13715760
1790572583,10209532,13715760
1790572585,9492608,13715760
1790572587,9206328,13715760
1790572589,10580488,13715760
1790572591,10600036,13715760
1790572593,9292964,13715760
1790572595,9735188,13715760
1790572597,10676764,13715760
1790572599,10708376,13715760
1790572601,9463612,13715760
1790572603,9781872,13715760
1790572605,10617500,13715760
1790572607,10615692,13715760
1790572609,9428424,13715760
1790572611,9855888,13715760
1790572613,10587972,13715760
1790572615,10702540,13715760
1790572617,9081704,13715760
1790572619,8978252,13715760
1790572621,10275668,13715760
1790572623,10206360,13715760
1790572625,9840296,13715760
1790572627,10477484,13715760
1790572629,10539132,13715760
1790572631,10538844,13715760
1790572633,9430568,13715760
1790572635,10517024,13715760
1790572637,10518632,13716332
1790572639,10530096,13716332
1790572641,9421632,13716332
1790572643,10394964,13716332
1790572645,10461064,13716332
1790572647,10655712,13716332
1790572649,9433756,13716332
1790572651,10424888,13716332
1790572653,10568332,13716332
1790572655,9563396,13716332
1790572657,10180420,13716332
1790572659,9123372,13716332
1790572661,10170796,13716332
1790572663,9242824,13716332
1790572665,9784560,13716332
1790572667,10715640,13716332
1790572669,10739592,13716332
1790572671,9662220,13716332
1790572673,10576436,13716332
1790572675,10587764,13716332
1790572677,10660700,13716332
1790572679,9699460,13716332
1790572681,10694456,13716332
1790572683,10578804,13716332
1790572685,10627148,13716332
1790572687,10210544,13716332
1790572689,10539028,13716332
1790572691,10580056,13716332
1790572693,10612864,13716332
1790572695,9015540,13716332
1790572697,8934400,13716332
1790572699,10135916,13716332
1790572701,9404960,13716332
1790572703,9082100,13716332
1790572705,10484428,13716332
1790572707,10546184,13716332
1790572709,9442372,13716332
1790572711,9295620,13716332
1790572713,10578936,13716332
1790572715,10564784,13716332
1790572717,9485952,13716332
1790572719,9328012,13716332
1790572721,10514264,13716332
1790572723,10595860,13716332
1790572725,9502704,13716332
1790572727,9669336,13716340
1790572729,10544040,13716340
1790572731,10541712,13716340
1790572733,9023872,13716340
1790572735,9017032,13716340
1790572737,10213696,13716340
1790572739,10227852,13716340
1790572741,10424484,13716340
1790572743,10465252,13716340
1790572745,10598212,13716340
1790572747,10611056,13716340
1790572749,10356236,13716340
1790572751,10587468,13716340
1790572753,10601976,13716340
1790572755,10612460,13716340
1790572757,10724060,13716340
1790572759,10501844,13716340
1790572761,10524688,13716340
1790572763,10614116,13716340
1790572765,10605252,13716340
1790572767,10487080,13716340
1790572769,10559296,13716340
1790572771,9560632,13716340
1790572773,9062344,13716340
1790572775,8996960,13716340
1790572777,10192444,13716340
1790572779,9051300,13716340
1790572781,9350372,13716340
1790572783,10482300,13716340
1790572785,10572028,13716340
1790572787,9221808,13716340
1790572789,9846384,13716340
1790572791,10547044,13716340
1790572793,10585056,13716340
1790572795,9075352,13716340
1790572797,9905812,13716340
1790572799,10560108,13716340
1790572801,10616764,13716340
1790572803,9256196,13716340
1790572805,9826008,13716340
1790572807,10483480,13716340
1790572809,10547632,13716340
1790572811,8947448,13716340
1790572813,9004676,13716340
1790572815,10133304,13716340
1790572817,10167556,13716340
1790572819,9458976,13716340
1790572821,10518664,13716340
1790572823,10560780,13716340
1790572825,10602084,13716340
1790572827,9502108,13716340
1790572829,10556636,13716340
1790572831,10663864,13716340
1790572833,10660580,13716340
1790572835,9579048,13716340
1790572837,10559748,13716340
1790572839,10640016,13716340
1790572841,10758720,13716340
1790572843,9556648,13716340
1790572845,10654416,13716340
1790572847,10659448,13716340
1790572849,9659020,13716340
1790572851,10233404,13716340
1790572853,8982004,13716340
1790572855,10208940,13716340
1790572857,9344356,13716340
1790572859,10422060,13716340
1790572861,10495584,13716340
1790572863,10538960,13716340
1790572865,9432392,13716340
1790572867,10501688,13716340
1790572869,10510176,13716340
1790572871,10519396,13716340
1790572873,9999928,13716340
1790572875,10491640,13716340
1790572877,10484084,13716340
1790572879,10508128,13716340
1790572881,10155856,13716340
1790572883,10461852,13716340
1790572885,10482332,13716340
1790572887,10508592,13716340
1790572889,8977504,13716340
1790572891,9136096,13716340
1790572893,10246328,13716340
1790572895,10202104,13716340
1790572897,8918136,13716340
1790572899,10559712,13716340
1790572901,10596104,13716340
1790572903,9561088,13716340
1790572905,9405540,13716340
1790572907,10601736,13716340
1790572909,10590460,13716340
1790572911,9577160,13716340
1790572913,9390236,13716340
1790572915,10535756,13716340
1790572917,10629964,13716340
1790572919,9543056,13716340
1790572921,9650740,13716340
1790572923,10523416,13716340
1790572925,10560604,13716340
1790572927,9066664,13716340
1790572929,9182052,13716340
1790572931,10099276,13716340
1790572933,10091816,13716340
1790572935,10302788,13716340
1790572937,10549984,13716340
1790572939,10549508,13716340
1790572941,10578108,13716340
1790572943,10657280,13716340
1790572945,10450672,13716340
1790572947,10451488,13716340
1790572949,10583688,13716340
1790572951,9595420,13716340
1790572953,10503900,13716340
1790572955,10551052,13716340
1790572957,10609764,13716340
1790572959,9489736,13716340
1790572961,10506880,13716340
1790572963,10568436,13716340
1790572965,9509048,13716340
1790572967,9612428,13716340
1790572969,9209980,13716340
1790572971,10205728,13716340
1790572973,9083960,13716340
1790572975,9724612,13716340
1790572977,10699124,13716340
1790572979,10709192,13716340
1790572981,9205084,13716340
1790572983,9968468,13716340
1790572985,10582348,13716340
1790572987,10675092,13716340
1790572989,9363748,13716340
1790572991,10024872,13716340
1790572993,10568796,13716340
1790572995,10625900,13716340
1790572997,9361716,13716340
1790572999,10015168,13716340
1790573001,10546620,13716340
1790573003,10580992,13716340
1790573005,9216944,13716340
1790573007,9011428,13716340
1790573009,10125028,13716340
1790573011,10234724,13716340
1790573013,9454548,13716340
1790573015,10531696,13716340
1790573017,10555492,13716340
1790573019,10619728,13716340
1790573021,9468076,13716340
1790573023,10551204,13716340
1790573025,10607068,13716340
1790573027,10657516,13716340
1790573029,9368528,13716340
1790573031,10537532,13716340
1790573033,10542016,13716340
1790573035,9835768,13716340
1790573037,9174420,13716340
1790573039,10584732,13716340
1790573041,10527680,13716340
1790573043,9229644,13716340
1790573045,10061416,13716340
1790573047,9232324,13716340
1790573049,10154104,13716340
1790573051,9866612,13716340
1790573053,10460828,13716340
1790573055,10573564,13716340
1790573057,10629796,13716340
1790573059,10171464,13716340
1790573061,10591868,13716352
1790573063,10584000,13716352
1790573065,10602828,13716352
1790573067,10233424,13716352
1790573069,10488672,13716352
1790573071,10663992,13716352
1790573073,10750356,13716352
1790573075,10539912,13716352
1790573077,10607592,13716352
1790573079,10630604,13716352
1790573081,10650884,13716352
1790573083,9074616,13716352
1790573085,8976976,13716352
1790573087,10245080,13716352
1790573089,9477464,13716352
1790573091,9007788,13716352
1790573093,10612776,13716352
1790573095,10610396,13716352
1790573097,9467696,13716352
1790573099,9488740,13716352
1790573101,10472960,13716352
1790573103,10521392,13716352
1790573105,9406016,13716352
1790573107,9549944,13716352
1790573109,10435048,13716352
1790573111,10508668,13716352
1790573113,9416384,13716352
1790573115,9564596,13716352
1790573117,10476480,13716352
1790573119,10515980,13716352
1790573121,8917972,13716352
1790573123,8913848,13716352
1790573125,10146936,13716352
1790573127,10269536,13716352
1790573129,10471120,13716352
1790573131,10618688,13716352
1790573133,10621420,13716352
1790573135,10626732,13716352
1790573137,10500004,13716352
1790573139,10614844,13716352
1790573141,10610964,13716352
1790573143,10656036,13716352
1790573145,10601912,13716352
1790573147,10571472,13716352
1790573149,10615848,13716352
1790573151,10662856,13716352
1790573154,10770364,13716352
1790573156,10574748,13716352
1790573158,10625116,13716352
1790573160,9787532,13716352
1790573162,9054896,13716352
1790573164,8967256,13716352
1790573166,10229852,13716352
1790573168,9434604,13716352
1790573170,9186820,13716352
1790573172,10493120,13716352
1790573174,10530540,13716352
1790573176,9312392,13716352
1790573178,9639452,13716352
1790573180,10455000,13716352
1790573182,10583848,13716352
1790573184,9370708,13716352
1790573186,9637608,13716352
1790573188,10458716,13716364
1790573190,10595168,13716364
1790573192,9228896,13716364
1790573194,9877500,13716364
1790573196,10513696,13716364
1790573198,10553536,13716364
1790573200,8997704,13716364
1790573202,9036412,13716364
1790573204,10251024,13716364
1790573206,10307024,13716364
1790573208,9484344,13716364
1790573210,10626864,13716364
1790573212,10639832,13716364
1790573214,10690752,13716364
1790573216,9562388,13716364
1790573218,10578112,13716364
1790573220,10686980,13716364
1790573222,10593488,13716364
1790573224,9501848,13716364
1790573226,10502144,13716364
1790573228,10579180,13716364
1790573230,10672936,13716364
1790573232,9490220,13716364
1790573234,10474336,13716364
1790573236,10539772,13716364
1790573238,9624224,13716364
1790573240,10221912,13716364
1790573242,8926464,13716364
1790573244,10142912,13716364
1790573246,9302132,13716364
1790573248,9673364,13716364
1790573250,10518128,13716380
1790573252,10595744,13716380
1790573254,9526004,13716380
1790573256,10518596,13716380
1790573258,10530808,13716380
1790573260,10560292,13716380
1790573262,9719144,13716380
1790573264,10487708,13716380
1790573266,10473480,13716380
1790573268,10616228,13716380
1790573270,9625648,13716380
1790573272,10487528,13716380
1790573274,10489580,13716380
1790573276,10592580,13716380
1790573278,8971844,13716380
1790573280,9101780,13716380
1790573282,10153136,13716380
1790573284,10212904,13716380
1790573286,9487788,13716380
1790573288,10551628,13716380
1790573290,10581024,13716380
1790573292,10638004,13716380
1790573294,9267252,13716380
1790573296,10562956,13716380
1790573298,10556072,13716380
1790573300,10617552,13716380
1790573302,9383968,13716380
1790573304,10537300,13716380
1790573306,10597640,13716380
1790573308,9524832,13716380
1790573310,9416640,13716380
1790573312,10611352,13716380
1790573314,10625900,13716380
1790573316,9148680,13716380
1790573318,10292668,13716380
1790573320,9066912,13716380
1790573322,10179456,13716380
1790573324,9797700,13716380
1790573326,10441076,13716380
1790573328,10450532,13716380
1790573330,10601080,13716380
1790573332,10123300,13716380
1790573334,10526516,13716380
1790573336,10521116,13716380
1790573338,10587864,13716380
1790573340,10277228,13716380
1790573342,10488832,13716380
1790573344,10486940,13716380
1790573346,10555412,13716380
1790573348,10300108,13716380
1790573350,10509464,13716380
1790573352,10506420,13716380
1790573354,10513556,13716380
1790573356,8964400,13716380
1790573358,8985380,13716380
1790573360,10202644,13716380
1790573362,9470136,13716380
1790573364,9005496,13716380
1790573366,10485024,13716380
1790573368,10596308,13716380
1790573370,9515236,13716380
1790573372,9716580,13716380
1790573374,10585900,13716380
1790573376,10629924,13716380
1790573378,9242684,13716380
1790573380,9647492,13716380
1790573382,10615648,13716380
1790573384,10717332,13716380
1790573386,9416472,13716380
1790573388,9876360,13716380
1790573390,10595476,13716380
1790573392,10644128,13716380
1790573394,9084600,13716380
1790573396,8980228,13716380
1790573398,10199052,13716380
1790573400,10275068,13716380
1790573402,10177960,13716380
1790573404,10500132,13716380
1790573406,10498932,13716380
1790573408,10576952,13716380
1790573410,9470568,13716380
1790573412,10523732,13716380
1790573414,10518352,13716380
1790573416,10555248,13716380
1790573418,9442932,13716380
1790573420,10527668,13716380
1790573422,10548752,13716380
1790573424,10544420,13716380
1790573426,9445756,13716380
1790573428,10476376,13716380
1790573430,10484864,13716380
1790573432,9173028,13716380
1790573434,10168716,13716380
1790573436,9055432,13716380
1790573438,10259020,13716380
1790573440,9073100,13716380
1790573442,9511996,13716380
1790573444,10570128,13716380
1790573446,10590012,13716380
1790573448,9300612,13716380
1790573450,9992212,13716380
1790573452,10566284,13716380
1790573454,10643536,13716380
1790573456,9649788,13716380
1790573458,10521512,13716380
1790573460,10577460,13716380
1790573462,10597596,13716380
1790573464,9620188,13716380
1790573466,10478724,13716380
1790573468,10514148,13716380
1790573470,10612812,13716380
1790573472,8982260,13716380
1790573474,8884804,13716380
1790573476,10109840,13716380
1790573478,9983508,13716380
1790573480,8876256,13716380
1790573482,10495172,13716380
1790573484,10505864,13716380
1790573486,9370688,13716380
1790573488,9243312,13716380
1790573490,10417848,13716380
1790573492,10486004,13716380
1790573494,9461164,13716380
1790573496,9315776,13716380
1790573498,10487428,13716380
1790573500,10541576,13716380
1790573502,9477468,13716380
1790573504,9653740,13716380
1790573506,10515896,13716380
1790573508,10535664,13716380
1790573510,8996256,13716380
1790573512,9031896,13716380
1790573514,10186532,13716380
1790573516,10207540,13716380
1790573518,10504760,13716380
1790573520,10692108,13716380
1790573522,10623876,13716380
1790573524,10624180,13716380
1790573526,10565224,13716380
1790573528,10564912,13716380
1790573530,10564312,13716380
1790573532,10617992,13716380
1790573534,10685944,13716380
1790573536,10545420,13716380
1790573538,10573740,13716380
1790573540,10621656,13716380
1790573542,10648756,13716380
1790573544,10585248,13716380
1790573546,10591644,13716380
1790573548,9280732,13716380
1790573550,9039672,13716380
1790573552,8962260,13716380
1790573554,10162584,13716380
1790573556,9104820,13716380
1790573558,9417584,13716380
1790573560,10553364,13716380
1790573562,10553984,13716380
1790573564,9142776,13716380
1790573566,9877532,13716380
1790573568,10544888,13716380
1790573570,10577680,13716380
1790573572,9229308,13716380
1790573574,9950224,13716380
1790573576,10479168,13716380
1790573578,10563652,13716380
1790573580,9557168,13716380
1790573582,9877056,13716380
1790573584,10467324,13716380
1790573586,10524820,13716380
1790573588,8915908,13716380
1790573590,8962932,13716380
1790573592,10132268,13716380
1790573594,10155256,13716380
1790573596,9466164,13716380
1790573598,10503416,13716380
1790573600,10493600,13716380
1790573602,10617312,13716380
1790573604,9484580,13716380
1790573606,10591872,13716380
1790573608,10617028,13716380
1790573610,10608432,13716380
1790573612,9318052,13716380
1790573614,10627372,13716380
1790573616,10623744,13716380
1790573618,9530504,13716380
1790573620,9384672,13716380
1790573622,10556272,13716380
1790573624,10607512,13716380
1790573626,9067596,13716380
1790573628,10196836,13716380
1790573630,9355460,13716380
1790573632,10191512,13716380
1790573634,9928188,13716380
1790573636,10585988,13716380
1790573638,10581340,13716380
1790573640,10645608,13716380
1790573642,10064240,13716380
1790573644,10416084,13716380
1790573646,10494752,13716380
1790573648,10583808,13716380
1790573650,10105428,13716380
1790573652,10505456,13716380
1790573654,10502432,13716380
1790573656,10594256,13716380
1790573658,10242028,13716380
1790573660,10450448,13716380
1790573662,10460120,13716380
1790573664,10634040,13716380
1790573666,9444784,13716380
1790573668,9394616,13716380
1790573670,10135064,13716380
1790573672,9539272,13716380
1790573674,9105680,13716380
1790573676,10657792,13716380
1790573678,10649736,13716380
1790573680,9417424,13716380
1790573682,9694924,13716380
1790573684,10582916,13716380
1790573686,10576896,13716380
1790573688,9201148,13716380
1790573690,9708668,13716380
1790573692,10595512,13716380
1790573694,10608664,13716380
1790573696,9389324,13716380
1790573698,9749316,13716380
1790573700,10630960,13716380
1790573702,10531936,13716380
1790573704,9423032,13716380
1790573706,8988528,13716380
1790573708,10118828,13716380
1790573710,10192232,13716380
1790573712,9387368,13716380
1790573714,10435860,13716380
1790573716,10539360,13716380
1790573718,10532800,13716380
1790573720,9418684,13716380
1790573722,10449588,13716380
1790573724,10459096,13716380
1790573726,10510736,13716380
1790573728,9429200,13716380
1790573730,10411248,13716380
1790573732,10509384,13716380
1790573734,10660136,13716380
1790573736,9481560,13716380
1790573738,10534012,13716380
1790573740,10513548,13716380
1790573742,9559148,13716380
1790573744,9684964,13716380
1790573746,9003620,13716380
1790573748,10177620,13716380
1790573750,9076348,13716380
1790573752,9602756,13716404
1790573754,10604052,13716404
1790573756,10717552,13716404
1790573758,9320888,13716404
1790573760,10037720,13716408
1790573762,10501440,13716416
1790573764,10642108,13716416
1790573766,9296956,13716416
1790573768,9980872,13716416
1790573770,10592796,13716416
1790573772,10668528,13716416
1790573774,9527552,13716416
1790573776,10000648,13716416
1790573778,10543380,13716416
1790573780,10610264,13716416
1790573782,9005276,13716416
1790573784,8924676,13716416
1790573786,10111844,13716416
1790573788,10157652,13716416
1790573790,9102320,13716416
1790573792,10512272,13716416
1790573794,10608128,13716416
1790573796,10611404,13716416
1790573798,9382628,13716416
1790573800,10532004,13716416
1790573802,10536508,13716416
1790573804,10613284,13716416
1790573806,9363148,13716416
1790573808,10467352,13716416
1790573810,10610168,13716416
1790573812,10082308,13716416
1790573814,9192400,13716416
1790573816,10502088,13716416
1790573818,10542856,13716416
1790573820,9304952,13716416
1790573822,10088564,13716416
1790573824,9000340,13716416
1790573826,10191792,13716416
1790573828,9545652,13716416
1790573830,10434984,13716416
1790573832,10491860,13716416
1790573834,10583556,13716416
1790573836,9901560,13716416
1790573838,10531212,13716416
1790573840,10578036,13716416
1790573842,10617784,13716416
1790573844,10028388,13716416
1790573846,10524444,13716416
1790573848,10565668,13716416
1790573850,10658312,13716416
1790573852,10332188,13716416
1790573854,10610636,13716416
1790573856,10637696,13716416
1790573858,10721696,13716416
1790573860,9045828,13716416
1790573863,8977656,13716416
1790573865,10195464,13716416
1790573867,9466648,13716416
1790573869,8949752,13716416
1790573871,10474312,13716416
1790573873,10494628,13716416
1790573875,9454964,13716416
1790573877,9262544,13716416
1790573879,10532348,13716416
1790573881,10621008,13716416
1790573883,9381956,13716416
1790573885,9541692,13716416
1790573887,10456380,13716416
1790573889,10520560,13716416
1790573891,9270916,13716416
1790573893,9510700,13716416
1790573895,10410928,13716416
1790573897,10577244,13716416
1790573899,8918188,13716416
1790573901,8980800,13716416
1790573903,10103188,13716424
1790573905,10162392,13716424
1790573907,10353160,13716424
1790573909,10492556,13716424
1790573911,10569908,13716424
1790573913,10651872,13716424
1790573915,10476728,13716424
1790573917,10635468,13716424
1790573919,10636104,13716424
1790573921,10661520,13716424
1790573923,9980408,13716424
1790573925,10557852,13716424
1790573927,10636364,13716424
1790573929,10773012,13716424
1790573931,9549432,13716424
1790573933,10562620,13716424
1790573935,10655208,13716424
1790573937,9623628,13716424
1790573939,9210512,13716424
1790573941,9064660,13716424
1790573943,10227524,13716424
1790573945,9184616,13716424
1790573947,9587144,13716464
1790573949,10540548,13716464
1790573951,10536248,13716464
1790573953,9184632,13716464
1790573955,9831408,13716464
1790573957,10492128,13716464
1790573959,10487840,13716464
1790573961,9277572,13716464
1790573963,9885700,13716464
1790573965,10467012,13716464
1790573967,10495404,13716464
1790573969,9372720,13716464
1790573971,9912580,13716464
1790573973,10526116,13716464
1790573975,10531952,13716464
1790573977,9000120,13716464
1790573979,9123372,13716464
1790573981,10170000,13716464
1790573983,10220628,13716464
1790573985,9511664,13716464
1790573987,10593300,13716464
1790573989,10627416,13716464
1790573991,10649940,13716464
1790573993,9556328,13716464
1790573995,10553260,13716464
1790573997,10643904,13716464
1790573999,10712104,13716464
1790574001,9637392,13716464
1790574003,10525384,13716464
1790574005,10570000,13716464
1790574007,10655128,13716464
1790574009,9065976,13716464
1790574011,10520900,13716464
1790574013,10532668,13716464
1790574015,9177092,13716464
1790574017,10129276,13716464
1790574019,8934416,13716464
1790574021,10125224,13716464
1790574023,9437188,13716464
1790574025,10451132,13716464
1790574027,10487908,13716464
1790574029,10547824,13716464
1790574031,9645492,13716464
1790574033,10507052,13716464
1790574035,10507812,13716464
1790574037,10557532,13716464
1790574039,10074804,13716464
1790574041,10479920,13716464
1790574043,10464756,13716464
1790574045,10598128,13716464
1790574047,10183148,13716464
1790574049,10529176,13716464
1790574051,10523608,13716464
1790574053,10543044,13716464
1790574055,8999536,13716464
1790574057,9000764,13716464
1790574059,10223712,13716464
1790574061,9567076,13716464
1790574063,9060228,13716464
1790574065,10532000,13716464
1790574067,10608484,13716464
1790574069,9498860,13716464
1790574071,9357844,13716464
1790574073,10574804,13716464
1790574075,10579504,13716464
1790574077,9482728,13716464
1790574079,9339772,13716464
1790574081,10504320,13716464
1790574083,10585064,13716464
1790574085,9498316,13716464
1790574087,9535892,13716464
1790574089,10478944,13716464
1790574091,10498316,13716464
1790574093,9061200,13716464
1790574095,8968688,13716464
1790574097,10196128,13716464
1790574099,10202376,13716464
1790574101,10230628,13716464
1790574103,10522600,13716464
1790574105,10556888,13716464
1790574107,10592824,13716464
1790574109,10376984,13716464
1790574111,10563688,13716464
1790574113,10576672,13716464
1790574115,10650228,13716464
1790574117,10578804,13716464
1790574119,10468460,13716464
1790574121,10553396,13716464
1790574123,10604328,13716464
1790574125,10526556,13716464
1790574127,10408968,13716464
1790574129,10509644,13716464
1790574131,9217472,13716464
1790574133,8940504,13716464
1790574135,8965968,13716464
1790574137,10204856,13716464
1790574139,9122624,13716464
1790574141,9513336,13716464
1790574143,10607676,13716464
1790574145,10607004,13716464
1790574147,9326872,13716464
1790574149,9755164,13716464
1790574151,10534048,13716464
1790574153,10611088,13716464
1790574155,9329672,13716464
1790574157,9870948,13716464
1790574159,10627336,13716464
1790574161,10663092,13716464
1790574163,9265640,13716464
1790574165,10065500,13716464
1790574167,10656100,13716464
1790574169,10655624,13716464
1790574171,9080080,13716464
1790574173,8973744,13716464
1790574175,10175896,13716464
1790574177,10228160,13716464
1790574179,9462984,13716464
1790574181,10570656,13716464
1790574183,10509324,13716464
1790574185,10489544,13716464
1790574187,9384792,13716464
1790574189,10489192,13716464
1790574191,10482372,13716464
1790574193,10499176,13716464
1790574195,9420860,13716464
1790574197,10455184,13716464
1790574199,10471412,13716464
1790574201,10581312,13716464
1790574203,9106264,13716464
1790574205,10447332,13716464
1790574207,10464908,13716464
1790574209,9120380,13716464
1790574211,10096320,13716464
1790574213,9044772,13716464
1790574215,10238444,13716464
1790574217,9339816,13716464
1790574219,10576080,13716464
1790574221,10575308,13716464
1790574223,10621336,13716464
1790574225,9826116,13716464
1790574227,10628560,13716464
1790574229,10629364,13716464
1790574231,10631032,13716464
1790574233,10268372,13716464
1790574235,10544476,13716464
1790574237,10538088,13716464
1790574239,10624344,13716464
1790574241,10233032,13716464
1790574243,10582424,13716464
1790574245,10575880,13716464
1790574247,10581916,13716464
1790574249,9044316,13716464
1790574251,8974300,13716464
1790574253,10158912,13716464
1790574255,9443764,13716464
1790574257,8830224,13716464
1790574259,10496720,13716464
1790574261,10489256,13716464
1790574263,9431876,13716464
1790574265,9301832,13716464
1790574267,10438068,13716464
1790574269,10505372,13716464
1790574271,9485864,13716464
1790574273,9640536,13716464
1790574275,10491324,13716464
1790574277,10534700,13716464
1790574279,9285220,13716464
1790574281,9654680,13716464
1790574283,10503052,13716464
1790574285,10522760,13716464
1790574287,9002300,13716464
1790574289,9050004,13716464
1790574291,10256636,13716464
1790574293,10252396,13716464
1790574295,10588852,13716464
1790574297,10533004,13716464
1790574299,10599944,13716464
1790574301,10662512,13716468
1790574303,10501088,13716484
1790574305,10604372,13716484
1790574307,10611220,13716484
1790574309,10648956,13716484
1790574311,9546780,13716484
1790574313,10590476,13716484
1790574315,10591392,13716484
1790574317,10642820,13716484
1790574319,9532852,13716484
1790574321,10570488,13716484
1790574323,10585040,13716484
1790574325,9348376,13716484
1790574327,10084928,13716484
1790574329,8971156,13716484
1790574331,10200796,13716484
1790574333,8864376,13716484
1790574335,9412244,13716484
1790574337,10495580,13716484
1790574339,10548232,13716484
1790574341,9190140,13716484
1790574343,9978612,13716484
1790574345,10530040,13716484
1790574347,10531700,13716484
1790574349,9234276,13716484
1790574351,9969564,13716484
1790574353,10517368,13716484
1790574355,10562572,13716484
1790574357,9446604,13716484
1790574359,10011104,13716484
1790574361,10464400,13716484
1790574363,10492216,13716484
1790574365,9133400,13716484
1790574367,9297500,13716484
1790574369,10139692,13716484
1790574371,10168448,13716484
1790574373,9421468,13716484
1790574375,10551780,13716484
1790574377,10616212,13716484
1790574379,10663776,13716484
1790574381,9429628,13716484
1790574383,10577808,13716484
1790574385,10580764,13716484
1790574387,10652212,13716484
1790574389,9446416,13716484
1790574391,10574636,13716484
1790574393,10686584,13716484
1790574395,10739680,13716484
1790574397,9315632,13716484
1790574399,10607740,13716484
1790574401,10668460,13716484
1790574403,9665048,13716484
1790574405,10230536,13716484
1790574407,9111216,13716484
1790574409,10209696,13716484
1790574411,9455500,13716484
1790574413,10401648,13716484
1790574415,10504800,13716484
1790574417,10595076,13716484
1790574419,9524052,13716484
1790574421,10523340,13716484
1790574423,10503180,13716484
1790574425,10530472,13716484
1790574427,9491516,13716484
1790574429,10455968,13716484
1790574431,10483288,13716484
1790574433,10569640,13716484
1790574435,9738612,13716484
1790574437,10501740,13716484
1790574439,10500460,13716484
1790574441,10505932,13716484
1790574443,9212448,13716484
1790574445,9086688,13716484
1790574447,10093760,13716484
1790574449,9970656,13716484
1790574451,9006724,13716484
1790574453,10526580,13716484
1790574455,10604440,13716484
1790574457,9533596,13716484
1790574459,9411068,13716484
1790574461,10603208,13716484
1790574463,10626300,13716484
1790574465,9533496,13716484
1790574467,9425688,13716484
1790574469,10560216,13716484
1790574471,10632536,13716484
1790574473,9544932,13716484
1790574475,9426260,13716484
1790574477,10581376,13716484
1790574479,10593888,13716484
1790574481,9004832,13716484
1790574483,9273392,13716484
1790574485,9628356,13716484
1790574487,10262484,13716484
1790574489,10062832,13716484
1790574491,10496536,13716484
1790574493,10482976,13716484
1790574495,10512056,13716484
1790574497,10196192,13716484
1790574499,10454300,13716484
1790574501,10444204,13716484
1790574503,10528108,13716484
1790574505,10459600,13716484
1790574507,10409444,13716484
1790574509,10419332,13716484
1790574511,10579068,13716484
1790574513,10687528,13716484
1790574515,10531548,13716484
1790574517,10545020,13716484
1790574519,9532780,13716484
1790574521,8997216,13716484
1790574523,9109864,13716484
1790574525,10180692,13716484
1790574527,9183532,13716484
1790574529,9598936,13716484
1790574531,10654964,13716484
1790574533,10668928,13716484
1790574535,9244036,13716484
1790574537,9918944,13716484
1790574539,10628144,13716484
1790574541,10634264,13716484
1790574543,9227844,13716484
1790574545,9944700,13716484
1790574547,10505944,13716484
1790574549,10560656,13716484
1790574551,9396268,13716484
1790574553,9893588,13716500
1790574555,10566992,13716500
1790574557,10638704,13716500
1790574559,9020620,13716500
1790574561,8939484,13716500
1790574563,10146196,13716500
1790574565,10290984,13716500
1790574567,9401884,13716500
1790574569,10433220,13716500
1790574571,10629400,13716500
1790574573,10673196,13716500
1790574575,9409372,13716500
1790574577,10563756,13716500
1790574579,10594408,13716500
1790574581,9458856,13716500
1790574584,9279420,13716500
1790574586,10517016,13716500
1790574588,10571180,13716500
1790574590,9464416,13716500
1790574592,9302016,13716500
1790574594,10581696,13716500
1790574596,10565216,13716500
1790574598,8993672,13716500
1790574600,9155672,13716500
1790574602,9514492,13716500
1790574604,10165156,13716500
1790574606,9983244,13716500
1790574608,10415600,13716500
1790574610,10501336,13716500
1790574612,10619088,13716500
1790574614,10330272,13716500
1790574616,10564628,13716500
1790574618,10562564,13716500
1790574620,10648164,13716500
1790574622,10524548,13716500
1790574624,10618736,13716500
1790574626,10618632,13716500
1790574628,10644048,13716500
1790574630,10642692,13716500
1790574632,10575504,13716500
1790574634,10609332,13716500
1790574636,10530484,13716500
1790574638,9071956,13716500
1790574640,8949688,13716500
1790574642,10163096,13716500
1790574644,9441616,13716500
1790574646,9151504,13716500
1790574648,10485708,13716500
1790574650,10485660,13716500
1790574652,9265320,13716500
1790574654,9667344,13716504
1790574656,10566128,13716504
1790574658,10569668,13716504
1790574660,9276260,13716504
1790574662,9788200,13716504
1790574664,10447584,13716504
1790574666,10516244,13716504
1790574668,9280908,13716504
1790574670,9875424,13716504
1790574672,10449016,13716504
1790574674,10508132,13716504
1790574676,8920992,13716504
1790574678,9019032,13716504
1790574680,10082908,13716504
1790574682,10177148,13716504
1790574684,9467308,13716504
1790574686,10573380,13716504
1790574688,10575436,13716504
1790574690,10569720,13716504
1790574692,9545576,13716504
1790574694,10519156,13716504
1790574696,10545448,13716504
1790574698,10715968,13716504
1790574700,9547000,13716504
1790574702,10560088,13716504
1790574704,10575160,13716504
1790574706,10688520,13716504
1790574708,9338220,13716504
1790574710,10604924,13716504
1790574712,10620096,13716504
1790574714,9079556,13716504
1790574716,10187620,13716504
1790574718,9144380,13716504
1790574720,10258320,13716504
1790574722,9878528,13716504
1790574724,10404636,13716504
1790574726,10476344,13716504
1790574728,10604460,13716504
1790574730,10080012,13716504
1790574732,10491496,13716504
1790574734,10515840,13716504
1790574736,10558152,13716504
1790574738,10260136,13716504
1790574740,10466396,13716504
1790574742,10481328,13716504
1790574744,10548244,13716504
1790574746,10507164,13716504
1790574748,10464492,13716504
1790574750,10513232,13716504
1790574752,10633672,13716504
1790574754,8977076,13716504
1790574756,9057196,13716504
1790574758,10188320,13716504
1790574760,9513944,13716504
1790574762,9208152,13716504
1790574764,10583028,13716504
1790574766,10601676,13716504
1790574768,9460424,13716504
1790574770,9722600,13716504
1790574772,10597080,13716504
1790574774,10677968,13716504
1790574776,9360808,13716504
1790574778,9844060,13716504
1790574780,10639136,13716504
1790574782,10543812,13716504
1790574784,9103652,13716504
1790574786,9936412,13716504
1790574788,10556256,13716504
1790574790,10571808,13716504
1790574792,9008208,13716504
1790574794,8914296,13716504
1790574796,10196988,13716504
1790574798,10192204,13716504
1790574800,9384432,13716504
1790574802,10486196,13716504
1790574804,10479724,13716504
1790574806,10506084,13716516
1790574808,9436888,13716516
1790574810,10479824,13716516
1790574812,10562412,13716516
1790574814,10584528,13716516
1790574816,9496344,13716516
1790574818,10451116,13716516
1790574820,10514452,13716516
1790574822,10676288,13716516
1790574824,9494136,13716516
1790574826,10485612,13716516
1790574828,10533192,13716516
1790574830,9493996,13716516
1790574832,10151724,13716516
1790574834,9038740,13716516
1790574836,10175148,13716516
1790574838,9529248,13716516
1790574840,10713660,13716516
1790574842,10579048,13716516
1790574844,10579000,13716516
1790574846,9669624,13716516
1790574848,10493840,13716516
1790574850,10515480,13716516
1790574852,10582164,13716516
1790574854,10048272,13716516
1790574856,10569268,13716516
1790574858,10578260,13716516
1790574860,10630652,13716516
1790574862,10187804,13716516
1790574864,10569868,13716516
1790574866,10562960,13716516
1790574868,10647328,13716516
1790574870,9055268,13716516
1790574872,8986524,13716516
1790574874,10200988,13716516
1790574876,10329936,13716516
1790574878,8839488,13716516
1790574880,10568172,13716516
1790574882,10568696,13716516
1790574884,9456240,13716516
1790574886,9309968,13716516
1790574888,10502132,13716516
1790574890,10508192,13716516
1790574892,9465900,13716516
1790574894,9330388,13716516
1790574896,10499916,13716516
1790574898,10493484,13716516
1790574900,9546832,13716516
1790574902,9147724,13716516
1790574904,10510660,13716516
1790574906,10609628,13716516
1790574908,8970004,13716516
1790574910,9022048,13716516
1790574912,10131044,13716516
1790574914,10150224,13716516
1790574916,10364124,13716516
1790574918,10542568,13716516
1790574920,10571440,13716516
1790574922,10647236,13716516
1790574924,10553300,13716516
1790574926,10583196,13716516
1790574928,10607164,13716516
1790574930,10602096,13716516
1790574932,10718484,13716516
1790574934,10553112,13716516
1790574936,10613848,13716516
1790574938,10694644,13716516
1790574940,10305540,13716516
1790574942,10584248,13716516
1790574944,10597096,13716516
1790574946,9618684,13716516
1790574948,9201704,13716516
1790574950,8974296,13716516
1790574952,10174000,13716516
1790574954,8822192,13716516
1790574956,9351720,13716516
1790574958,10395136,13716516
1790574960,10596912,13716516
1790574962,9103088,13716516
1790574964,9858364,13716516
1790574966,10516952,13716516
1790574968,10514948,13716516
1790574970,9141736,13716516
1790574972,9927056,13716516
1790574974,10456932,13716516
1790574976,10525396,13716516
1790574978,9079024,13716516
1790574980,9938992,13716516
1790574982,10466412,13716516
1790574984,10517756,13716516
1790574986,8933852,13716516
1790574988,8968644,13716516
1790574990,10053416,13716516
1790574992,10133108,13716516
1790574994,9447156,13716516
1790574996,10480984,13716516
1790574998,10552132,13716516
1790575000,10612524,13716516
1790575002,9538544,13716516
1790575004,10610820,13716516
1790575006,10625136,13716516
1790575008,10654572,13716516
1790575010,9300700,13716516
1790575012,10621712,13716516
1790575014,10616748,13716516
1790575016,10686512,13716516
1790575018,9448252,13716516
1790575020,10657920,13716516
1790575022,10541256,13716516
1790575024,9052828,13716516
1790575026,10160004,13716516
1790575028,8921384,13716516
1790575030,10150024,13716516
1790575032,9117532,13716516
1790575034,10462588,13716516
1790575036,10468972,13716516
1790575038,10467932,13716516
1790575040,9888204,13716516
1790575042,10438436,13716516
1790575044,10435756,13716516
1790575046,10446688,13716516
1790575048,10130352,13716516
1790575050,10378436,13716516
1790575052,10465724,13716516
1790575054,10594736,13716516
1790575056,10102856,13716516
1790575058,10482444,13716516
1790575060,10468968,13716516
1790575062,10669576,13716516
1790575064,8988292,13716516
1790575066,9041660,13716516
1790575068,10170480,13716516
1790575070,9492932,13716516
1790575072,8800992,13716516
1790575074,10681276,13716516
1790575076,10672488,13716528
1790575078,9531404,13716528
1790575080,9772056,13716528
1790575082,10539424,13716528
1790575084,10539092,13716528
1790575086,9158072,13716528
1790575088,9782588,13716528
1790575090,10566216,13716528
1790575092,10579068,13716528
1790575094,9280440,13716528
1790575096,9900756,13716528
1790575098,10569788,13716528
1790575100,10621816,13716528
1790575102,9270068,13716528
1790575104,9282956,13716528
1790575106,10160832,13716528
1790575108,10189368,13716528
1790575110,9431784,13716528
1790575112,10558136,13716528
1790575114,10557320,13716528
1790575116,10548508,13716528
1790575118,9480616,13716528
1790575120,10485940,13716528
1790575122,10550628,13716528
1790575124,10615028,13716528
1790575126,9483792,13716528
1790575128,10467160,13716528
1790575130,10620076,13716528
1790575132,10645540,13716528
1790575134,9490364,13716528
1790575136,10449680,13716528
1790575138,10559116,13716528
1790575140,9621236,13716528
1790575142,9339612,13716528
1790575144,9155732,13716528
1790575146,10210760,13716528
1790575148,9127920,13716528
1790575150,9523648,13716528
1790575152,10516244,13716528
1790575154,10535092,13716528
1790575156,9253532,13716528
1790575158,9994452,13716528
1790575160,10558204,13716528
1790575162,10644756,13716528
1790575164,9308824,13716528
1790575166,10028552,13716528
1790575168,10551044,13716528
1790575170,10612592,13716528
1790575172,9635716,13716528
1790575174,10627048,13716528
1790575176,10633788,13716528
1790575178,10721892,13716528
1790575180,9186400,13716528
1790575182,8991420,13716528
1790575184,10167948,13716528
1790575186,10348320,13716528
1790575188,9027480,13716528
1790575190,10534328,13716528
1790575192,10559988,13716528
1790575194,9446064,13716528
1790575196,9233136,13716528
1790575198,10541408,13716528
1790575200,10583612,13716528
1790575202,9362148,13716528
1790575204,9266820,13716528
1790575206,10408196,13716528
1790575208,10481752,13716528
1790575210,9373228,13716528
1790575212,9257828,13716528
1790575214,10441224,13716528
1790575216,10541224,13716528
1790575218,8929212,13716528
1790575220,8953192,13716528
1790575222,10123784,13716528
1790575224,10155556,13716528
1790575226,10272108,13716528
1790575228,10523128,13716528
1790575230,10583924,13716528
1790575232,10652700,13716528
1790575234,10643140,13716528
1790575236,10571556,13716528
1790575238,10606352,13716528
1790575240,10640168,13716528
1790575242,10732068,13716528
1790575244,10536428,13716528
1790575246,10544796,13716528
1790575248,10654684,13716528
1790575250,9532984,13716528
1790575252,10585444,13716528
1790575254,10606736,13716528
1790575256,9568512,13716528
1790575258,9068016,13716528
1790575260,9066204,13716528
1790575262,10148140,13716528
1790575264,9345816,13716528
1790575266,9452644,13716528
1790575268,10536884,13716528
1790575270,10554820,13716528
1790575272,9197148,13716528
1790575274,9806116,13716528
1790575276,10462968,13716528
1790575278,10466568,13716528
1790575280,9265144,13716528
1790575282,9886716,13716528
1790575284,10452608,13716528
1790575286,10464108,13716528
1790575288,9240844,13716528
1790575290,9876324,13716528
1790575292,10465024,13716528
1790575294,10519488,13716528
1790575296,8976964,13716528
1790575298,9106280,13716528
1790575300,10138860,13716528
1790575303,10200336,13716528
1790575305,9499832,13716528
1790575307,10539344,13716528
1790575309,10620224,13716528
1790575311,10656964,13716528
1790575313,9540320,13716528
1790575315,10567132,13716528
1790575317,10618940,13716528
1790575319,10714056,13716532
1790575321,9332472,13716536
1790575323,10513028,13716536
1790575325,10523512,13716536
1790575327,10645756,13716536
1790575329,9113580,13716536
1790575331,10513392,13716536
1790575333,10560412,13716536
1790575335,9245352,13716536
1790575337,10175796,13716536
1790575339,8895132,13716536
1790575341,10154324,13716536
1790575343,9574260,13716536
1790575345,10403700,13716536
1790575347,10441904,13716536
1790575349,10533244,13716536
1790575351,9618740,13716536
1790575353,10465684,13716536
1790575355,10535184,13716536
1790575357,10645484,13716536
1790575359,10060180,13716536
1790575361,10497460,13716536
1790575363,10549572,13716536
1790575365,10604920,13716536
1790575367,10356428,13716536
1790575369,10462536,13716536
1790575371,10519368,13716536
1790575373,10630532,13716536
1790575375,8970236,13716536
1790575377,9047664,13716536
1790575379,10184372,13716536
1790575381,9568464,13716536
1790575383,8803576,13716536
1790575385,10440452,13716536
1790575387,10530264,13716536
1790575389,9468896,13716536
1790575391,9513396,13716536
1790575393,10731540,13716536
1790575395,10756328,13716536
1790575397,9704616,13716536
1790575399,9830656,13716536
1790575401,10752136,13716536
1790575403,10799952,13716536
1790575405,9588788,13716536
1790575407,9895928,13716536
1790575409,10778388,13716536
1790575411,10790088,13716536
1790575413,9040388,13716536
1790575415,8969688,13716536
1790575417,10262076,13716536
1790575419,10257584,13716536
1790575421,10544716,13716536
1790575423,10540988,13716536
1790575425,10573732,13716536
1790575427,10584144,13716536
1790575429,9475292,13716536
1790575431,10472064,13716536
1790575433,10462176,13716536
1790575435,10552680,13716536
1790575437,9465248,13716536
1790575439,10457384,13716536
1790575441,10605808,13716536
1790575443,10579304,13716536
1790575445,9423356,13716536
1790575447,10469348,13716536
1790575449,10524228,13716536
1790575451,9330128,13716536
1790575453,9324824,13716536
1790575455,9100504,13716536
1790575457,10266124,13716536
1790575459,8910112,13716536
1790575461,9584408,13716536
1790575463,10505004,13716536
1790575465,10558348,13716536
1790575467,9190856,13716536
1790575469,9973732,13716536
1790575471,10587552,13716536
1790575473,10637248,13716536
1790575475,9407736,13716536
1790575477,9947324,13716536
1790575479,10581628,13716536
1790575481,10739908,13716536
1790575483,9640260,13716536
1790575485,9943684,13716536
1790575487,10513992,13716596
1790575489,10578372,13716596
1790575491,9025220,13716596
1790575493,8958572,13716596
1790575495,10153696,13716596
1790575497,10248240,13716596
1790575499,9445828,13716596
1790575501,10631508,13716596
1790575503,10504296,13716596
1790575505,10540672,13716596
1790575507,9156292,13716596
1790575509,10381904,13716596
1790575511,10466860,13716596
1790575513,10544388,13716596
1790575515,9151640,13716596
1790575517,10435124,13716836
1790575519,10459176,13716844
1790575521,9417932,13716844
1790575523,9258968,13716852
1790575525,10415696,13716852
1790575527,10449280,13716852
1790575529,8914532,13716852
1790575531,10176524,13716852
1790575533,9172412,13716852
1790575535,10171792,13716852
1790575537,9973652,13716852
1790575539,10568092,13716852
1790575541,10572748,13716852
1790575543,10568452,13716852
1790575545,10215216,13716852
1790575547,10588436,13716852
1790575549,10585532,13716852
1790575551,10598444,13716852
1790575553,10588512,13716852
1790575555,10581300,13716852
1790575557,10585196,13716852
1790575559,10646956,13716852
1790575561,10732188,13716852
1790575563,10484692,13716852
1790575565,10490940,13716852
1790575567,9543644,13716852
1790575569,8991780,13716852
1790575571,8900476,13716852
1790575573,10108004,13716852
1790575575,9028664,13716852
1790575577,9303432,13716852
1790575579,10445380,13716852
1790575581,10468028,13716852
1790575583,9062172,13716852
1790575585,9771576,13716852
1790575587,10476760,13716852
1790575589,10485208,13716852
1790575591,9206112,13716852
1790575593,9934132,13716852
1790575595,10531924,13716852
1790575597,10573928,13716852
1790575599,9227812,13716852
1790575601,9932156,13716852
1790575603,10525208,13716852
1790575605,10548276,13716852
1790575607,8988780,13716852
1790575609,9114220,13716852
1790575611,10216868,13716852
1790575613,10360548,13716852
1790575615,9449548,13716852
1790575617,10515096,13716852
1790575619,10544800,13716852
1790575621,10665188,13716852
1790575623,9472784,13716852
1790575625,10547592,13716852
1790575627,10567240,13716852
1790575629,10610396,13716852
1790575631,9496304,13716852
1790575633,10478636,13716852
1790575635,10519696,13716852
1790575637,10664440,13716852
1790575639,9434928,13716852
1790575641,10482196,13716852
1790575643,10532964,13716852
1790575645,9279960,13716852
1790575647,10166948,13716852
1790575649,8933112,13716852
1790575651,10162192,13716852
1790575653,9401060,13716852
1790575655,10588888,13716852
1790575657,10586624,13716852
1790575659,10567868,13716852
1790575661,9688772,13716852
1790575663,10438412,13716852
1790575665,10451484,13716852
1790575667,10499056,13716852
1790575669,10064468,13716852
1790575671,10527244,13716852
1790575673,10511344,13716852
1790575675,10532740,13716852
1790575677,10289916,13716852
1790575679,10473504,13716852
1790575681,10442800,13716852
1790575683,10501692,13716852
1790575685,8954492,13716852
1790575687,9026204,13716852
1790575689,10152136,13716852
1790575691,9417312,13716852
1790575693,9015572,13716852
1790575695,10560844,13716852
1790575697,10576944,13716852
1790575699,9493640,13716852
1790575701,9404036,13716852
1790575703,10527752,13716852
1790575705,10657308,13716852
1790575707,9512500,13716852
1790575709,9367252,13716852
1790575711,10590120,13716852
1790575713,10637000,13716852
1790575715,9560316,13716852
1790575717,9407264,13716852
1790575719,10600700,13716852
1790575721,10612356,13716852
1790575723,9073160,13716852
1790575725,8958768,13716852
1790575727,10184380,13716852
1790575729,10161528,13716852
1790575731,10018412,13716852
1790575733,10582764,13716852
1790575735,10568888,13716852
1790575737,10569488,13716852
1790575739,10226132,13716852
1790575741,10385340,13716852
1790575743,10385412,13716852
1790575745,10471264,13716852
1790575747,10275460,13716852
1790575749,10431148,13716852
1790575751,10439604,13716852
1790575753,10527192,13716852
1790575755,10586408,13716852
1790575757,10431848,13716852
1790575759,10455036,13716852
1790575761,9676232,13716852
1790575763,8928248,13716852
1790575765,8960936,13716852
1790575767,10164652,13716852
1790575769,9167016,13716852
1790575771,9397204,13716852
1790575773,10561920,13716852
1790575775,10576064,13716852
1790575777,9258700,13716852
1790575779,9989200,13716852
1790575781,10615900,13716852
1790575783,10631312,13716852
1790575785,9343504,13716852
1790575787,10022720,13716852
1790575789,10521072,13716852
1790575791,10658108,13716852
1790575793,9259236,13716852
1790575795,10023064,13716852
1790575797,10551432,13716852
1790575799,10615744,13716852
1790575801,9320896,13716852
1790575803,8940144,13716852
1790575805,10165308,13716852
1790575807,10174708,13716852
1790575809,9418172,13716852
1790575811,10378880,13716852
1790575813,10555996,13716852
1790575815,10582908,13716852
1790575817,9433176,13716852
1790575819,10498492,13716852
1790575821,10556468,13716852
1790575823,10561084,13716852
1790575825,9432832,13716852
1790575827,10444368,13716852
1790575829,10492104,13716852
1790575831,10671360,13716852
1790575833,9333680,13716852
1790575835,10510644,13716852
1790575837,10513308,13716852
1790575839,9416488,13716852
1790575841,10121952,13716852
1790575843,9342328,13716852
1790575845,10182048,13716852
1790575847,9428968,13716852
1790575849,10481440,13716852
1790575851,10638592,13716852
1790575853,10649016,13716852
1790575855,9567384,13716852
1790575857,10595592,13716852
1790575859,10601084,13716852
1790575861,10570252,13716852
1790575863,9567420,13716852
1790575865,10470516,13716852
1790575867,10502360,13716852
1790575869,10710868,13716852
1790575871,9888512,13716852
1790575873,10552292,13716852
1790575875,10552892,13716852
1790575877,10637720,13716852
1790575879,9058444,13716852
1790575881,8906092,13716852
1790575883,10115912,13716852
1790575885,10124040,13716852
1790575887,8913712,13716852
1790575889,10503840,13716852
1790575891,10571712,13716852
1790575893,9442776,13716852
1790575895,9324864,13716852
1790575897,10546164,13716852
1790575899,10572376,13716852
1790575901,9473464,13716852
1790575903,9342924,13716852
1790575905,10544732,13716852
1790575907,10580904,13716852
1790575909,9470544,13716852
1790575911,9303992,13716852
1790575913,10556636,13716852
1790575915,10581280,13716852
1790575917,9072820,13716852
1790575919,9585052,13716852
1790575921,9231492,13716852
1790575923,10200880,13716852
1790575925,10031952,13716852
1790575927,10552820,13716852
1790575929,10602376,13716852
1790575931,10594648,13716852
1790575933,10199676,13716852
1790575935,10591792,13716852
1790575937,10593232,13716852
1790575939,10744444,13716852
1790575941,10256208,13716852
1790575943,10600116,13716852
1790575945,10711892,13716852
1790575947,10689360,13716896
1790575949,10418960,13716896
1790575951,10576192,13716896
1790575953,10585928,13716896
1790575955,10635188,13716896
1790575957,9050576,13716896
1790575959,8959372,13716896
1790575961,10197844,13716896
1790575963,9467600,13716896
1790575965,8926280,13716896
1790575967,10532392,13716896
1790575969,10524092,13716896
1790575971,9454000,13716920
1790575973,9295928,13716920
1790575975,10545188,13716920
1790575977,10564364,13716920
1790575979,9435696,13716920
1790575981,9361556,13716920
1790575983,10454568,13716920
1790575985,10477156,13716920
1790575987,9412320,13716920
1790575989,9341604,13716920
1790575991,10473744,13716920
1790575993,10492600,13716920
1790575995,8922328,13716920
1790575997,8973812,13716920
1790575999,10186600,13716920
1790576001,10222780,13716920
1790576003,10181616,13716920
1790576005,10468960,13716920
1790576007,10652952,13716920
1790576009,10662584,13716920
1790576011,10635496,13716920
1790576013,10572320,13716920
1790576015,10584276,13716920
1790576017,10604348,13716920
1790576020,9828224,13716920
1790576022,10547088,13716920
1790576024,10620172,13716920
1790576026,10759548,13716920
1790576028,9559332,13716920
1790576030,10573288,13716920
1790576032,10570072,13716920
1790576034,7752484,13716920
1790576036,8574304,13716920
1790576038,8471784,13716920
1790576040,8447568,13716920
1790576042,8302208,13716920
1790576044,8450192,13716920
1790576046,8447960,13716920
1790576048,8440708,13716920
1790576050,8475736,13716920
1790576052,9887396,13716920
1790576054,13718460,13716920
1790576056,9489272,13716920
1790576058,8632520,13716920
1790576060,9845384,13716920
1790576062,8804416,13716920
1790576064,10772088,13716920
1790576066,10883252,13716920
1790576068,8991208,13716920
1790576070,9351568,13716920
1790576072,10197208,13716920
1790576074,10290360,13716920
1790576076,9162368,13716920
1790576078,10169388,13716920
1790576080,10174512,13716920
1790576082,10200320,13716920
1790576084,9220968,13716920
1790576086,10172016,13716920
1790576088,10159268,13716920
1790576090,10214528,13716920
1790576092,9518588,13716920
1790576094,10148116,13716920
1790576096,10150424,13716920
1790576098,10226148,13716920
1790576100,8743352,13716920
1790576102,8631160,13716920
1790576104,9796616,13716920
1790576106,9915356,13716920
1790576108,9080956,13716920
1790576110,10170552,13716920
1790576112,10180084,13716920
1790576114,10205620,13716920
1790576116,9033804,13716920
1790576118,10164272,13716920
1790576120,10167888,13716920
1790576122,9658060,13716920
1790576124,8924428,13716920
1790576126,10106796,13716920
1790576128,10196276,13716920
1790576130,9115296,13716920
1790576132,8980376,13716920
1790576134,10209384,13716920
1790576136,10188472,13716920
1790576138,8652376,13716920
1790576140,8618844,13716920
1790576142,9782308,13716920
1790576144,9795984,13716920
1790576146,9544080,13716920
1790576148,10067596,13716920
1790576150,10147640,13716920
1790576152,10220344,13716920
1790576154,9757732,13716920
1790576156,9720764,13758296
1790576158,9813436,13766624
1790576160,9944972,13766624
1790576162,9711396,13766624
1790576164,9794464,13766624
1790576166,9915996,13766624
1790576168,10031412,13766624
1790576170,9872188,13766624
1790576172,9863764,13766624
1790576174,9901280,13766624
1790576176,9746144,13766624
1790576178,8436356,13766624
1790576180,8450704,13766624
1790576182,9648244,13766624
1790576184,8971600,13766624
1790576186,8974720,13766624
1790576188,10067940,13766624
1790576190,10057088,13766624
1790576192,8759192,13766624
1790576194,9161028,13766624
1790576196,10034716,13766624
1790576198,10123764,13766624
1790576200,8983680,13766624
1790576202,9280248,13766624
1790576204,10143196,13766624
1790576206,10149592,13766624
1790576208,8780864,13766624
1790576210,9446216,13766624
1790576212,10114128,13766784
1790576214,10123892,13766784
1790576216,8540980,13766784
1790576218,8528732,13766784
1790576220,9790860,13766784
1790576222,9823608,13766784
1790576224,8955496,13766784
1790576226,9972408,13766784
1790576228,10030648,13766784
1790576230,10062240,13766784
1790576232,8971108,13766784
1790576234,10020580,13766788
1790576236,10057472,13766788
1790576238,10113060,13766788
1790576240,8981040,13766788
1790576242,10009884,13766788
1790576244,10010224,13766788
1790576246,10088516,13766788
1790576248,8971496,13766788
1790576250,9929804,13766788
1790576252,10173968,13766788
1790576254,9157272,13766788
1790576256,9719556,13766788
1790576258,8541940,13766788
1790576260,9792620,13766788
1790576262,8744980,13766788
1790576264,9000276,13766788
1790576266,10058280,13766788
1790576268,10079348,13766788
1790576270,8892692,13766788
1790576272,9496300,13766788
1790576274,10100912,13766788
1790576276,10152700,13766788
1790576278,8802848,13766788
1790576280,9553624,13766788
1790576282,10066076,13766788
1790576284,10112700,13766788
1790576286,8962748,13766788
1790576288,9405008,13766788
1790576290,10049120,13766788
1790576292,10154064,13766788
1790576294,8518836,13766788
1790576296,8500644,13766788
1790576298,9749852,13766788
1790576300,9914496,13766788
1790576302,8989832,13766788
1790576304,10080156,13766788
1790576306,10063432,13766788
1790576308,10166868,13766788
1790576310,9033364,13766788
1790576312,10125236,13766788
1790576314,10104360,13766788
1790576316,10158692,13766788
1790576318,9061856,13766788
1790576320,10037956,13766788
1790576322,10101968,13766788
1790576324,10206428,13766788
1790576326,8969920,13766788
1790576328,10044064,13766788
1790576330,10072620,13766788
1790576332,8565044,13766788
1790576334,9719036,13766788
1790576336,8540992,13766788
1790576338,9748560,13766788
1790576340,9134340,13766788
1790576342,10053292,13766788
1790576344,10036444,13766788
1790576346,10042176,13766788
1790576348,9413800,13766788
1790576350,9986312,13766788
1790576352,10075648,13766788
1790576354,10086764,13766788
1790576356,9222032,13766788
1790576358,9951996,13766788
1790576360,9999484,13766788
1790576362,10035264,13766788
1790576364,9620648,13766788
1790576366,10026560,13766788
1790576368,10029908,13766788
1790576370,10041844,13766788
1790576372,8560336,13766788
1790576374,8557044,13766788
1790576376,9728016,13766788
1790576378,9818708,13766788
1790576380,8346296,13766788
1790576382,10133920,13766788
1790576384,10134124,13766788
1790576386,9007532,13766788
1790576388,8886612,13766788
1790576390,10057464,13766788
1790576392,10053116,13766788
1790576394,9020764,13766788
1790576396,8896904,13766788
1790576398,10069456,13766788
1790576400,10139552,13766788
1790576402,8988136,13766788
1790576404,8830196,13766788
1790576406,10091084,13766788
1790576408,10154184,13766788
1790576410,8513332,13766788
1790576412,8484728,13766788
1790576414,9680040,13766788
1790576416,9693960,13766788
1790576418,9592228,13766788
1790576420,10000312,13766788
1790576422,10065052,13766788
1790576424,10082540,13766788
1790576426,9644772,13766788
1790576428,10019980,13766788
1790576430,10032584,13766788
1790576432,10112120,13766788
1790576434,9960248,13766788
1790576436,10038556,13766788
1790576438,10048232,13766788
1790576440,10049192,13766788
1790576442,9908008,13766788
1790576444,10024588,13766788
1790576446,10036256,13766788
1790576448,10051964,13766788
1790576450,8534432,13766788
1790576452,8529176,13766788
1790576454,9734284,13766796
1790576456,9023804,13766796
1790576458,8347252,13766796
1790576460,10086988,13766796
1790576462,10108120,13766796
1790576464,8931488,13766800
1790576466,9113468,13766800
1790576468,10034324,13766800
1790576470,10104624,13766800
1790576472,8866384,13766800
1790576474,9242100,13766800
1790576476,10046044,13766800
1790576478,10058288,13766800
1790576480,8832836,13766800
1790576482,9268848,13766800
1790576484,9977500,13766800
1790576486,10082560,13766800
1790576488,8494152,13766800
1790576490,8478924,13766800
1790576492,9697752,13766800
1790576494,9797296,13766800
1790576496,8981152,13766800
1790576498,9993140,13766800
1790576500,10037636,13766800
1790576502,10196660,13766800
1790576504,9043100,13766800
1790576506,10109640,13766800
1790576508,10120732,13766800
1790576510,10151736,13766800
1790576512,9058060,13766800
1790576514,10149944,13766800
1790576516,10158716,13766800
1790576518,10208224,13766800
1790576520,9090884,13766800
1790576522,10006196,13766800
1790576524,9998516,13766800
1790576526,8915412,13766800
1790576528,9422344,13766800
1790576530,8847956,13766800
1790576532,9660724,13766800
1790576534,8474044,13766800
1790576536,9105384,13766800
1790576538,9984612,13766800
1790576540,10041092,13766800
1790576542,8711644,13766800
1790576544,9475016,13766800
1790576546,10019032,13766800
1790576548,10130472,13766800
1790576550,8901788,13766800
1790576552,9514740,13766800
1790576554,10121024,13766800
1790576556,10150156,13766800
1790576558,8966132,13766808
1790576560,9544780,13766808
1790576562,10120556,13766808
1790576564,10176816,13766808
1790576566,8721596,13766808
1790576568,8854516,13766808
1790576570,9718016,13766808
1790576572,9878660,13766808
1790576574,9012228,13766808
1790576576,10080512,13766808
1790576578,10139992,13766808
1790576580,10275172,13766808
1790576582,8998164,13766808
1790576584,10070656,13766808
1790576586,10113688,13766808
1790576588,10131640,13766808
1790576590,8774952,13766808
1790576592,10006144,13766808
1790576594,10122644,13766808
1790576596,10188192,13766808
1790576598,8757400,13766808
1790576600,10109360,13766808
1790576602,10100872,13766808
1790576604,9048528,13766808
1790576606,9724368,13766808
1790576608,8706892,13766808
1790576610,9754668,13766808
1790576612,8966004,13766808
1790576614,10041440,13766808
1790576616,10191852,13766808
1790576618,10185992,13766808
1790576620,9542980,13766808
1790576622,10070484,13766808
1790576624,10114160,13766808
1790576626,10226728,13766808
1790576628,9735744,13766808
1790576630,10146860,13766808
1790576632,10133400,13766808
1790576634,10187000,13766808
1790576636,9822884,13766808
1790576638,10123964,13766808
1790576640,10222384,13766808
1790576642,10146516,13766808
1790576644,8522012,13766808
1790576646,8529112,13766808
1790576648,9752860,13766808
1790576650,8994656,13766808
1790576652,8535280,13766808
1790576654,10091588,13766808
1790576656,10082568,13766824
1790576658,8993900,13766824
1790576660,8843812,13766824
1790576662,10027256,13766824
1790576664,10089764,13766824
1790576666,9031196,13766824
1790576668,8869236,13766824
1790576670,10093080,13766824
1790576672,10170572,13766824
1790576674,9029532,13766824
1790576676,8788660,13766824
1790576678,10055368,13766824
1790576680,10103956,13766824
1790576682,8541304,13766824
1790576684,8551064,13766824
1790576686,9797524,13766824
1790576688,9935160,13766824
1790576690,9910156,13766824
1790576692,10094408,13766824
1790576694,10082928,13766824
1790576696,10181184,13766824
1790576698,10106028,13766824
1790576700,10127940,13766824
1790576702,10012956,13766824
1790576704,10044496,13766824
1790576706,9972420,13766824
1790576708,10023412,13766824
1790576710,10019252,13766824
1790576712,10098328,13766824
1790576714,10208664,13766824
1790576716,9989860,13766824
1790576718,10009100,13766824
1790576720,10078144,13766824
1790576722,8488172,13766824
1790576724,8485284,13766824
1790576726,9647952,13766824
1790576728,8981664,13766824
1790576730,8677372,13766824
1790576732,10082576,13766824
1790576734,10136532,13766824
1790576736,8873324,13766824
1790576738,9188712,13766824
1790576740,10074060,13766824
1790576743,10055520,13766824
1790576745,8966412,13766824
1790576747,9214652,13766824
1790576749,10024548,13766824
1790576751,10118480,13766824
1790576753,8800420,13766824
1790576755,9248036,13766824
1790576757,10093552,13766824
1790576759,10126084,13766824
1790576761,8617884,13766824
1790576763,8472888,13766824
1790576765,9700360,13766824
1790576767,9891000,13766824
1790576769,10011032,13766824
1790576771,10058956,13766824
1790576773,10072620,13766824
1790576775,10089184,13766824
1790576777,9749136,13766824
1790576779,10034684,13766824
1790576781,10101704,13766824
1790576783,10116856,13766824
1790576785,8984432,13766824
1790576787,10019140,13766824
1790576789,10057968,13766824
1790576791,10081812,13766824
1790576793,9033740,13766824
1790576795,10075784,13766824
1790576797,10073008,13766824
1790576799,9116940,13766824
1790576801,8871332,13766824
1790576803,8540664,13766824
1790576805,9742156,13766824
1790576807,8651088,13766824
1790576809,9395416,13766824
1790576811,10159928,13766824
1790576813,10164900,13766824
1790576815,8844348,13766824
1790576817,9521716,13766824
1790576819,10088528,13766824
1790576821,10165852,13766824
1790576823,8848116,13766824
1790576825,9472292,13766824
1790576827,10045380,13766824
1790576829,10043244,13766824
1790576831,8904640,13766824
1790576833,9414232,13766824
1790576835,9966388,13766824
1790576837,10008368,13766824
1790576839,8460824,13766824
1790576841,8451584,13766824
1790576843,9659536,13766824
1790576845,9710424,13766824
1790576847,8949600,13766824
1790576849,10024212,13766824
1790576851,10024184,13766824
1790576853,10108232,13766824
1790576855,9040908,13766824
1790576857,10057384,13766824
1790576859,10061968,13766824
1790576861,10127532,13766824
1790576863,9040512,13766824
1790576865,10040224,13766824
1790576867,10072228,13766824
1790576869,10150948,13766824
1790576871,9003184,13766824
1790576873,10048672,13766824
1790576875,10042824,13766824
1790576877,9121032,13766824
1790576879,9750268,13766824
1790576881,8600644,13766824
1790576883,9682828,13766824
1790576885,8650024,13766824
1790576887,8942444,13766824
1790576889,10027456,13766824
1790576891,10031732,13766824
1790576893,9040120,13766824
1790576895,9993136,13766824
1790576897,9995108,13766824
1790576899,9996928,13766824
1790576901,9063948,13766824
1790576903,10007796,13766824
1790576905,10015048,13766824
1790576907,10062032,13766824
1790576909,9639856,13766824
1790576911,10005900,13766824
1790576913,10097580,13766824
1790576915,10192176,13766824
1790576917,8543300,13766824
1790576919,8530820,13766824
1790576921,9723056,13766824
1790576923,9030168,13766824
1790576925,8420564,13766824
1790576927,10068528,13766824
1790576929,10128504,13766824
1790576931,9021412,13766824
1790576933,8875748,13766824
1790576935,10095900,13766824
1790576937,10101432,13766824
1790576939,9028048,13766824
1790576941,8860144,13766824
1790576943,10056616,13766824
1790576945,10080636,13766824
1790576947,8985192,13766824
1790576949,9177152,13766824
1790576951,10076532,13766824
1790576953,10078164,13766824
1790576955,8521928,13766824
1790576957,8504000,13766824
1790576959,9717836,13766824
1790576961,9795680,13766824
1790576963,9900220,13766824
1790576965,10052412,13766824
1790576967,10049160,13766824
1790576969,10099908,13766824
1790576971,10142328,13766824
1790576973,10077188,13766824
1790576975,10087488,13766824
1790576977,10173680,13766824
1790576979,9058988,13766824
1790576981,10048676,13766824
1790576983,10063452,13766824
1790576985,10122848,13766824
1790576987,9050700,13766824
1790576989,10155400,13766824
1790576991,10158772,13766824
1790576993,8773780,13766824
1790576995,8810020,13766824
1790576997,8558692,13766824
1790576999,9766528,13766824
1790577001,8711756,13766824
1790577003,8991328,13766824
1790577005,10063896,13766824
1790577007,10052344,13766824
1790577009,8613356,13766824
1790577011,9503720,13766824
1790577013,10090684,13766824
1790577015,10084608,13766824
1790577017,8949712,13766824
1790577019,9443796,13766824
1790577021,9996636,13766824
1790577023,10065924,13766824
1790577025,8911876,13766824
1790577027,9485208,13766824
1790577029,10043544,13766824
1790577031,10069716,13766824
1790577033,8544236,13766824
1790577035,8543700,13766824
1790577037,9746140,13766824
1790577039,9791256,13766824
1790577041,9022680,13766824
1790577043,10033536,13766824
1790577045,10090984,13766824
1790577047,10151792,13766824
1790577049,9016708,13766824
1790577051,10076712,13766824
1790577053,10075708,13766824
1790577055,10121584,13766824
1790577057,8839348,13766824
1790577059,10086788,13766824
1790577061,10151432,13766824
1790577063,10082548,13766824
1790577065,8764784,13766824
1790577067,9991908,13766824
1790577069,10075444,13766824
1790577071,8718608,13766824
1790577073,9671460,13766824
1790577075,8491744,13766824
1790577077,9709676,13766824
1790577079,8816888,13766824
1790577081,10024728,13766824
1790577083,10087472,13766824
1790577085,10094084,13766824
1790577087,9216996,13766824
1790577089,10007728,13766824
1790577091,10009232,13766824
1790577093,10076168,13766824
1790577095,9735512,13766824
1790577097,10035012,13766824
1790577099,10073444,13766824
1790577101,10076780,13766824
1790577103,9689364,13766824
1790577105,10078844,13766824
1790577107,10081524,13766824
1790577109,10079912,13766824
1790577111,8555516,13766824
1790577113,8529000,13766824
1790577115,9740676,13766824
1790577117,9020712,13766824
1790577119,8372304,13766824
1790577121,10075744,13766824
1790577123,10068824,13766824
1790577125,8938296,13766824
1790577127,8801424,13766824
1790577129,9961424,13766824
1790577131,9978688,13766824
1790577133,8936752,13766824
1790577135,8817980,13766824
1790577137,10057888,13766824
1790577139,10057308,13766824
1790577141,8970764,13766824
1790577143,8827520,13766824
1790577145,9963400,13766824
1790577147,10065796,13766824
1790577149,8488076,13766824
1790577151,9420984,13766824
1790577153,8773436,13766824
1790577155,9739880,13766828
1790577157,9400916,13766828
1790577159,10117024,13766828
1790577161,10135216,13766828
1790577163,10132404,13766828
1790577165,9660700,13766828
1790577167,10046748,13766828
1790577169,10054012,13766828
1790577171,10058540,13766828
1790577173,9839788,13766828
1790577175,10115492,13766828
1790577177,10115032,13766828
1790577179,10111252,13766828
1790577181,9700528,13766828
1790577183,9994728,13766828
1790577185,9989296,13766828
1790577187,9997232,13766828
1790577189,8469368,13766828
1790577191,8446380,13766828
1790577193,9639096,13766828
1790577195,8948736,13766828
1790577197,8365904,13766828
1790577199,9981692,13766828
1790577201,10025832,13766828
1790577203,8948356,13766828
1790577205,8823268,13766828
1790577207,10004224,13766828
1790577209,9996428,13766828
1790577211,9011108,13766828
1790577213,8908272,13766828
1790577215,10067612,13766828
1790577217,10067836,13766828
1790577219,9044260,13766828
1790577221,8959608,13766828
1790577223,10105168,13766828
1790577225,10107280,13766828
1790577227,8708376,13766828
1790577229,8553404,13766828
1790577231,9709640,13766828
1790577233,9786012,13766828
1790577235,9633244,13766828
1790577237,10140332,13766828
1790577239,10126320,13766828
1790577241,10099364,13766828
1790577243,9865892,13766828
1790577245,10030936,13766828
1790577247,10033080,13766828
1790577249,10070864,13766828
1790577251,10134804,13766828
1790577253,9986760,13766828
1790577255,10067612,13766828
1790577257,10165536,13766828
1790577259,10100912,13766828
1790577261,9994896,13766828
1790577263,10102388,13766828
1790577265,8802128,13766828
1790577267,8985160,13766828
1790577269,8990444,13766828
1790577271,9776252,13766828
1790577273,9051448,13766828
1790577275,8913568,13766828
1790577277,10066812,13766828
1790577279,10105120,13766828
1790577281,8817624,13766828
1790577283,9134512,13766828
1790577285,10086184,13766828
1790577287,10125464,13766828
1790577289,8627332,13766828
1790577291,9216680,13766828
1790577293,10097684,13766828
1790577295,10091172,13766828
1790577297,8669532,13766828
1790577299,9210776,13766828
1790577301,10048872,13766828
1790577303,10114044,13766828
1790577305,8706136,13766828
1790577307,8732016,13766828
1790577309,9680224,13766828
1790577311,9842876,13766828
1790577313,9870908,13766828
1790577315,10066308,13766828
1790577317,10060268,13766828
1790577319,10092648,13766828
1790577321,10190804,13766828
1790577323,10032912,13766828
1790577325,10037008,13766828
1790577327,10167640,13766828
1790577329,8997396,13766828
1790577331,10087844,13766828
1790577333,10082580,13766828
1790577335,10144832,13766828
1790577337,9049764,13766828
1790577339,10095704,13766828
1790577341,10099080,13766828
1790577343,9015384,13766828
1790577345,8862364,13766828
1790577347,8543300,13766828
1790577349,9742036,13766828
1790577351,8822808,13766828
1790577353,9238176,13766828
1790577355,10068544,13766828
1790577357,10204952,13766828
1790577359,8750844,13766828
1790577361,9463480,13766828
1790577363,10031036,13766828
1790577365,10032632,13766828
1790577367,8846840,13766828
1790577369,9429408,13766828
1790577371,10091436,13766828
1790577373,10101528,13766828
1790577375,8905648,13766828
1790577377,9445820,13766828
1790577379,10045928,13766828
1790577381,10096808,13766828
1790577383,8521056,13766828
1790577385,8512400,13766828
1790577387,9682444,13766828
1790577389,9819840,13766828
1790577391,9032464,13766828
1790577393,10117028,13766828
1790577395,10114516,13766828
1790577397,10148100,13766828
1790577399,9050156,13766828
1790577401,10027504,13766828
1790577403,10038704,13766828
1790577405,10186300,13766828
1790577407,9036848,13766828
1790577409,10125548,13766828
1790577411,10119232,13766828
1790577413,10183164,13766828
1790577415,9062420,13766828
1790577417,10109940,13766828
1790577419,10136016,13766828
1790577421,8858392,13766828
1790577423,9724304,13766828
1790577425,8511568,13766828
1790577427,9727728,13766828
1790577429,8606496,13766828
1790577431,9175328,13766828
1790577433,10010056,13766828
1790577435,10090988,13766828
1790577437,8916928,13766828
1790577439,9494212,13766828
1790577441,10050868,13766828
1790577443,10096180,13766828
1790577445,9037360,13766828
1790577447,9977880,13766828
1790577449,10025036,13766828
1790577451,10129496,13766828
1790577453,9066628,13766828
1790577456,10064344,13766828
1790577458,10087100,13766828
1790577460,10142780,13766828
1790577462,8568636,13766828
1790577464,8554308,13766828
1790577466,9768400,13766828
1790577468,9844680,13766828
1790577470,9016812,13766828
1790577472,10117104,13766828
1790577474,10148192,13766828
1790577476,10148276,13766828
1790577478,8978660,13766828
1790577480,10147352,13766828
1790577482,10038004,13766828
1790577484,10135128,13766828
1790577486,8701720,13766828
1790577488,10027344,13766828
1790577490,10044316,13766828
1790577492,8978724,13766828
1790577494,8703388,13766828
1790577496,10029912,13766828
1790577498,10026728,13766828
1790577500,8725304,13766828
1790577502,9696736,13766828
1790577504,8622500,13766828
1790577506,9695308,13766828
1790577508,9085716,13766828
1790577510,9999608,13766828
1790577512,10133160,13766828
1790577514,10172484,13766828
1790577516,9495788,13766828
1790577518,10091252,13766828
1790577520,10111304,13766828
1790577522,10191292,13766828
1790577524,9771652,13766828
1790577526,10096868,13766828
1790577528,10091820,13766828
1790577530,10177728,13766828
1790577532,9910772,13766828
1790577534,10110376,13766828
1790577536,10116192,13766828
1790577538,10146352,13766828
1790577540,8649320,13766828
1790577542,8522028,13766828
1790577544,9704108,13766828
1790577546,9017536,13766828
1790577548,8556528,13766828
1790577550,10024360,13766828
1790577552,10078740,13766828
1790577554,9027984,13766828
1790577556,8902284,13766828
1790577558,10032392,13766828
1790577560,10069548,13766828
1790577562,8989216,13766828
1790577564,9151268,13766828
1790577566,10104764,13766828
1790577568,10118684,13766828
1790577570,8754528,13766828
1790577572,9144364,13766828
1790577574,10118656,13766828
1790577576,10148684,13766828
1790577578,8578584,13766828
1790577580,8548784,13766828
1790577582,9789472,13766828
1790577584,9829112,13766828
1790577586,9993584,13766828
1790577588,9959788,13766828
1790577590,10112344,13766828
1790577592,10152008,13766828
1790577594,10166204,13766828
1790577596,10165616,13766828
1790577598,10148064,13766828
1790577600,10249028,13766828
1790577602,9339440,13766828
1790577604,10066212,13766828
1790577606,10061688,13766828
1790577608,10099756,13766828
1790577610,9008100,13766828
1790577612,10040828,13766828
1790577614,10038216,13766828
1790577616,8913876,13766828
1790577618,8734108,13766828
1790577620,8535944,13766828
1790577622,9842320,13766828
1790577624,8554588,13766828
1790577626,9000612,13766828
1790577628,10129248,13766828
1790577630,10121188,13766828
1790577632,8869160,13766828
1790577634,9521640,13766828
1790577636,10100792,13766828
1790577638,10106956,13766828
1790577640,8942464,13766828
1790577642,9525892,13766828
1790577644,10070780,13766828
1790577646,10155532,13766828
1790577648,8854920,13766828
1790577650,9486596,13766828
1790577652,10073856,13766828
1790577654,10136612,13766828
1790577656,8558232,13766828
1790577658,8553416,13766828
1790577660,9938292,13766828
1790577662,9988972,13766828
1790577664,8954740,13766828
1790577666,10081512,13766828
1790577668,10099232,13766828
1790577670,10109412,13766828
1790577672,9032104,13766828
1790577674,10043476,13766828
1790577676,10043632,13766828
1790577678,10121804,13766828
1790577680,9008800,13766828
1790577682,10050288,13766828
1790577684,10044880,13766828
1790577686,10098968,13766828
1790577688,9015232,13766828
1790577690,10037864,13766828
1790577692,10073980,13766828
1790577694,8859516,13766828
1790577696,9752824,13766828
1790577698,8548028,13766828
1790577700,9819088,13766828
1790577702,8980344,13766828
1790577704,9242048,13766828
1790577706,10141916,13766828
1790577708,10139848,13766828
1790577710,9086056,13766828
1790577712,9504364,13766828
1790577714,10081504,13766828
1790577716,10099684,13766828
1790577718,8945792,13766828
1790577720,9597816,13766828
1790577722,10043136,13766828
1790577724,10071088,13766828
1790577726,9017980,13766828
1790577728,9477728,13766828
1790577730,10060716,13766828
1790577732,7630936,13766828
1790577734,7036980,13766828
1790577736,8476368,13766828
1790577738,8414112,13766828
1790577740,8266468,13766828
1790577742,8243108,13766828
1790577744,8221808,13766828
1790577746,8221228,13766828
1790577748,8290864,13766828
1790577750,8366976,13766828
1790577752,9477920,13766828
1790577754,4657868,13766828
1790577756,10323144,13731220
1790577758,8615448,13731220
1790577760,8588052,13731220
1790577762,9207668,13731220
1790577764,10924032,13731220
1790577766,10375420,13731220
1790577768,9043280,13731220
1790577770,10140564,13731220
1790577772,10145336,13731220
1790577774,10205768,13731220
1790577776,9101932,13731220
1790577778,10128864,13731220
1790577780,10209396,13731220
1790577782,10197236,13731220
1790577784,9058960,13731220
1790577786,10087252,13731220
1790577788,10090836,13731220
1790577790,10163216,13731220
1790577792,9039780,13731220
1790577794,10072312,13731220
1790577796,10078288,13731220
1790577798,8817416,13731220
1790577800,9685172,13731220
1790577802,8539064,13731220
1790577804,9739728,13731220
1790577806,8338508,13731220
1790577808,9063792,13731220
1790577810,10106048,13731220
1790577812,10164428,13731220
1790577814,9094168,13731220
1790577816,9535732,13731220
1790577818,10106552,13731220
1790577820,10146924,13731220
1790577822,9285520,13731220
1790577824,9580992,13731220
1790577826,10169956,13731220
1790577828,10171800,13731220
1790577830,9246684,13731220
1790577832,9573460,13731220
1790577834,10170848,13731220
1790577836,10216040,13731220
1790577838,8622728,13731220
1790577840,8643436,13731220
1790577842,9703184,13731220
1790577844,9739544,13731220
1790577846,8991172,13731220
1790577848,9964452,13731220
1790577850,10075932,13731220
1790577852,10172040,13731220
1790577854,9021740,13731220
1790577856,10070856,13731220
1790577858,10068720,13731220
1790577860,10117276,13731220
1790577862,9033352,13731220
1790577864,10088228,13731220
1790577866,10078128,13731220
1790577868,10124208,13731220
1790577870,9044072,13731220
1790577872,10160856,13731220
1790577874,10156792,13731220
1790577876,8901676,13731220
1790577878,9780624,13731220
1790577880,8595348,13731220
1790577882,9870544,13731220
1790577884,8792124,13731220
1790577886,10080444,13731220
1790577888,10126812,13731220
1790577890,10142220,13731220
1790577892,9081748,13731220
1790577894,10182380,13731220
1790577896,10184592,13731220
1790577898,10209364,13731220
1790577900,9270732,13731220
1790577902,10047616,13731220
1790577904,10065012,13731220
1790577906,10127132,13731220
1790577908,9406540,13731220
1790577910,10031216,13731220
1790577912,10141460,13731220
1790577914,10159028,13731220
1790577916,8516888,13731220
1790577918,8493536,13731220
1790577920,9720000,13731220
1790577922,9797416,13731220
1790577924,8458592,13731220
1790577926,10119172,13731220
1790577928,10119224,13731220
1790577930,8997680,13731220
1790577932,8843012,13731220
1790577934,10109636,13731220
1790577936,10133248,13731220
1790577938,9075872,13731220
1790577940,8929172,13731220
1790577942,10050872,13731220
1790577944,10103860,13731220
1790577946,9052876,13731220
1790577948,8928472,13731220
1790577950,10083944,13731220
1790577952,10084280,13731220
1790577954,8949028,13731220
1790577956,8933324,13731220
1790577958,9852332,13731220
1790577960,10028172,13731220
1790577962,9682140,13731220
1790577964,10109328,13731220
1790577966,10113868,13731220
1790577968,10162532,13731220
1790577970,9756156,13731220
1790577972,10059076,13731220
1790577974,10126140,13731220
1790577976,10199836,13731220
1790577978,9770824,13731220
1790577980,10092328,13731220
1790577982,10135312,13731220
1790577984,10201160,13731220
1790577986,9793860,13731220
1790577988,10146716,13731220
1790577990,10160196,13731220
1790577992,10244100,13731220
1790577994,9099912,13731220
1790577996,8908940,13731220
1790577998,9780816,13731220
1790578000,9787176,13731220
1790578002,8459004,13731220
1790578004,10131060,13731220
1790578006,10144516,13731220
1790578008,9061784,13731220
1790578010,8960140,13731220
1790578012,10155496,13731220
1790578014,10209308,13731220
1790578016,9054532,13731220
1790578018,8932416,13731220
1790578020,10192456,13731220
1790578022,10120268,13731220
1790578024,9056708,13731220
1790578026,8932840,13731220
1790578028,10091912,13731220
1790578030,10133380,13731220
1790578032,8757496,13731220
1790578034,9009160,13731220
1790578036,8973976,13731220
1790578038,9850228,13731220
1790578040,9776740,13731220
1790578042,10117968,13731220
1790578044,10113196,13731220
1790578046,10131568,13731220
1790578048,9832028,13731220
1790578050,10105376,13731220
1790578052,10131232,13731220
1790578054,10225276,13731220
1790578056,9788220,13731220
1790578058,10136632,13731220
1790578060,10178308,13731220
1790578062,10207448,13731220
1790578064,9894096,13731220
1790578066,10119308,13731220
1790578068,10117560,13731220
1790578070,10203688,13731220
1790578072,8682688,13731220
1790578074,8619520,13731220
1790578076,9800388,13731220
1790578078,9830268,13731220
1790578080,8641636,13731220
1790578082,10096660,13731220
1790578084,10183284,13731220
1790578086,9051916,13731220
1790578088,8905560,13731220
1790578090,10083132,13731220
1790578092,10121736,13731220
1790578094,9052036,13731220
1790578096,8925956,13731220
1790578098,10130948,13731220
1790578100,10149156,13731220
1790578102,9040304,13731220
1790578104,8914080,13731220
1790578106,10102300,13731220
1790578108,10228084,13731220
1790578110,8583172,13731220
1790578112,8598988,13731220
1790578114,9905096,13731220
1790578116,9901160,13731220
1790578118,9822988,13731220
1790578120,10202188,13731220
1790578122,10206740,13731220
1790578124,10225176,13731220
1790578126,9943736,13731220
1790578128,10114924,13731220
1790578130,10123048,13731220
1790578132,10279176,13731220
1790578134,10150808,13731220
1790578136,10125936,13731220
1790578138,10202904,13731220
1790578140,10313956,13731220
1790578142,10001432,13731220
1790578144,10034816,13731220
1790578146,10147796,13731220
1790578148,10206292,13731220
1790578150,8526820,13731220
1790578152,8529100,13731220
1790578154,9870852,13731220
1790578156,9041068,13731220
1790578158,8848448,13731220
1790578160,10139704,13731220
1790578162,10150052,13731220
1790578164,8883868,13731220
1790578166,9245780,13731220
1790578168,10077852,13731220
1790578170,10129208,13731220
1790578172,8856724,13731220
1790578175,9442860,13731220
1790578177,10127728,13731220
1790578179,10158204,13731220
1790578181,8902164,13731220
1790578183,9438472,13731220
1790578185,10123636,13731220
1790578187,10193764,13731220
1790578189,8602084,13731220
1790578191,8609280,13731220
1790578193,9783476,13731220
1790578195,9985864,13731220
1790578197,9051276,13731220
1790578199,10151076,13731220
1790578201,10263292,13731220
1790578203,10188076,13731220
1790578205,9057360,13731220
1790578207,10049412,13731220
1790578209,10103876,13731220
1790578211,10176180,13731220
1790578213,9053000,13731220
1790578215,10064148,13731220
1790578217,10112680,13731220
1790578219,10222140,13731220
1790578221,9039864,13731220
1790578223,10110676,13731220
1790578225,10128560,13731220
1790578227,9160220,13731220
1790578229,8841844,13731220
1790578231,8585936,13731220
1790578233,9826116,13731220
1790578235,8984368,13731220
1790578237,9147668,13731220
1790578239,10170704,13731220
1790578241,10177576,13731220
1790578243,8844952,13731220
1790578245,9519564,13731220
1790578247,10102864,13731220
1790578249,10182056,13731220
1790578251,8986396,13731220
1790578253,9483812,13731220
1790578255,10121780,13731220
1790578257,10190932,13731220
1790578259,9151572,13731220
1790578261,10134820,13731220
1790578263,10031344,13731220
1790578265,10115608,13731220
1790578267,8512288,13731220
1790578269,8514476,13731220
1790578271,9704708,13731220
1790578273,9863424,13731220
1790578275,8998288,13731220
1790578277,10030716,13731220
1790578279,10150348,13731220
1790578281,10165576,13731220
1790578283,8964296,13731220
1790578285,10029908,13731220
1790578287,10151176,13731220
1790578289,10182440,13731220
1790578291,8781132,13731220
1790578293,10098128,13731220
1790578295,10103148,13731220
1790578297,9083992,13731220
1790578299,8891024,13731220
1790578301,10123372,13731220
1790578303,10134612,13731220
1790578305,8661236,13731220
1790578307,9864232,13731220
1790578309,8603448,13731220
1790578311,9811792,13731220
1790578313,9201676,13731220
1790578315,9985344,13731220
1790578317,10087120,13731220
1790578319,10137760,13731220
1790578321,9638952,13731220
1790578323,10070392,13731220
1790578325,10134460,13731220
1790578327,10163008,13731220
1790578329,9686868,13731220
1790578331,10056176,13731220
1790578333,10098596,13731220
1790578335,10167108,13731220
1790578337,9822120,13731220
1790578339,10137456,13731220
1790578341,10136248,13731220
1790578343,10147204,13731220
1790578345,8564980,13731220
1790578347,8566228,13731220
1790578349,9792048,13731220
1790578351,9041320,13731220
1790578353,8675024,13731220
1790578355,10135544,13731220
1790578357,10212908,13731220
1790578359,9078980,13731220
1790578361,8885056,13731220
1790578363,10082692,13731220
1790578365,10135972,13731220
1790578367,9067696,13731220
1790578369,9231640,13731220
1790578371,10123560,13731220
1790578373,10154560,13731220
1790578375,8954860,13731220
1790578377,9215384,13731220
1790578379,10090316,13731220
1790578381,10204332,13731220
1790578383,8542072,13731220
1790578385,8524708,13731220
1790578387,9689188,13731220
1790578389,9727568,13731220
1790578391,9889856,13731220
1790578393,9984800,13731220
1790578395,10060896,13731220
1790578397,10120452,13731220
1790578399,9910716,13731220
1790578401,10010472,13731220
1790578403,10024188,13731220
1790578405,10127896,13731220
1790578407,10204632,13731220
1790578409,10082072,13731220
1790578411,10080580,13731220
1790578413,10169556,13731220
1790578415,10236456,13731220
1790578417,10163240,13731220
1790578419,10168536,13731220
1790578421,7444540,13731220
1790578423,7983476,13731220
1790578425,8493172,13731220
1790578427,8629168,13731220
1790578429,8313872,13731220
1790578431,8259356,13731220
1790578433,8372076,13731220
1790578435,8205444,13731220
1790578437,8331392,13731220
1790578439,8554336,13731220
1790578441,9620124,13731220
1790578443,5791080,13729964
1790578445,9091360,13729964
1790578447,8593820,13729964
1790578449,8569824,13729964
1790578451,9600596,13729964
1790578453,10861428,13729964
1790578455,9037160,13729964
1790578457,8692496,13729964
1790578459,10061304,13729964
1790578461,10127328,13729964
1790578463,9049656,13729964
1790578465,9028152,13729964
1790578467,10100028,13729964
1790578469,10104984,13729964
1790578471,9032440,13729964
1790578473,9207128,13729964
1790578475,10064076,13729964
1790578477,10134040,13729964
1790578479,8833324,13729964
1790578481,9310776,13729964
1790578483,10087856,13729964
1790578485,10184724,13729964
1790578487,8612040,13729964
1790578489,8588324,13729964
1790578491,9774004,13729964
1790578493,9824940,13729964
1790578495,9841508,13729964
1790578497,10159580,13729964
1790578499,10161160,13729964
1790578501,10292520,13729964
1790578503,9056272,13729964
1790578505,10087832,13729964
1790578507,10091284,13729964
1790578509,10169488,13729964
1790578511,9071356,13729964
1790578513,10054268,13729964
1790578515,10146024,13729964
1790578517,10173808,13729964
1790578519,9058492,13729964
1790578521,10082384,13729964
1790578523,10136220,13729964
1790578525,8808060,13729964
1790578527,8857336,13729964
1790578529,8573012,13729964
1790578531,9782744,13729964
1790578533,8471212,13729964
1790578535,9044448,13729964
1790578537,10122632,13729964
1790578539,10214280,13729964
1790578541,8659788,13729964
1790578543,9577224,13729964
1790578545,10109304,13729964
1790578547,10125840,13729964
1790578549,8782828,13729964
1790578551,9553364,13729964
1790578553,10162896,13729964
1790578555,10201232,13729964
1790578557,8939920,13729964
1790578559,9567244,13729964
1790578561,10116968,13729964
1790578563,10186032,13729964
1790578565,8572696,13729964
1790578567,8549548,13729964
1790578569,9758164,13729964
1790578571,9773340,13729964
1790578573,9004700,13729964
1790578575,10007980,13729964
1790578577,10063120,13729964
1790578579,10102536,13729964
1790578581,9048020,13729964
1790578583,10118512,13729964
1790578585,10092496,13729964
1790578587,10137552,13729964
1790578589,9032568,13729964
1790578591,9999316,13729964
1790578593,10144208,13729964
1790578595,10260968,13729964
1790578597,9085924,13729964
1790578599,10166740,13729964
1790578601,10178008,13729964
1790578603,8918696,13729964
1790578605,9774016,13729964
1790578607,8600532,13729964
1790578609,9856996,13729964
1790578611,8786928,13729964
1790578613,10028580,13729964
1790578615,10172388,13729964
1790578617,10159708,13729964
1790578619,9068960,13729964
1790578621,10123272,13729964
1790578623,10118732,13729964
1790578625,10203756,13729964
1790578627,9050216,13729964
1790578629,9528032,13729964
1790578631,10128316,13729964
1790578633,10128316,13729964
1790578635,9080184,13729964
1790578637,10071564,13729964
1790578639,10097312,13729964
1790578641,10115120,13729964
1790578643,8620132,13729964
1790578645,8561956,13729964
1790578647,9796796,13729964
1790578649,9873596,13729964
1790578651,8638932,13729964
1790578653,10190700,13729964
1790578655,10187584,13729964
1790578657,9047908,13729964
1790578659,8938560,13729964
1790578661,10105912,13729964
1790578663,10107116,13729964
1790578665,9072124,13729964
1790578667,8938696,13729964
1790578669,10087060,13729964
1790578671,10193284,13729964
1790578673,9066892,13729964
1790578675,8925132,13729964
1790578677,10156232,13729964
1790578679,10217760,13729964
1790578681,8863992,13729964
1790578683,9726512,13729964
1790578685,9156124,13729964
1790578687,9863952,13729964
1790578689,9517672,13729964
1790578691,10109336,13729964
1790578693,10109352,13729964
1790578695,10153136,13729964
1790578697,9730796,13729964
1790578699,10110664,13729964
1790578701,10160896,13729964
1790578703,10154296,13729964
1790578705,9967776,13729964
1790578707,10054380,13729964
1790578709,10106516,13729964
1790578711,10213912,13729964
1790578713,10063744,13729964
1790578715,10101268,13729964
1790578717,10145576,13729964
1790578719,10227432,13729964
1790578721,8908932,13729964
1790578723,8945616,13729964
1790578725,9782788,13729964
1790578727,9069408,13729964
1790578729,8557584,13729964
1790578731,10176704,13729964
1790578733,10175064,13729964
1790578735,9064352,13729964
1790578737,9189012,13729964
1790578739,10101020,13729964
1790578741,10117744,13729964
1790578743,9011396,13729964
1790578745,9161900,13729964
1790578747,10050296,13729964
1790578749,10092616,13729964
1790578751,8770844,13729964
1790578753,9148156,13729964
1790578755,10065728,13729984
1790578757,10116288,13729984
1790578759,8765280,13729984
1790578761,8667644,13729984
1790578763,9728776,13729984
1790578765,9898512,13729984
1790578767,9919924,13729984
1790578769,10108200,13729984
1790578771,10167232,13729984
1790578773,10166196,13729984
1790578775,10106616,13729984
1790578777,10101628,13729984
1790578779,10147876,13729984
1790578781,10281716,13729984
1790578783,10363972,13729984
1790578785,10150300,13729984
1790578787,10151532,13730628
1790578789,10194844,13730632
1790578791,10323480,13730636
1790578793,10119168,13730696
1790578795,10166644,13730696
1790578797,8896292,13730716
1790578799,8708928,13730716
1790578801,8543788,13730716
1790578803,9728688,13730716
1790578805,8970772,13730716
1790578807,9101204,13730716
1790578809,10116412,13730716
1790578811,10148780,13730716
1790578813,8824936,13730808
1790578815,9306980,13730808
1790578817,10056916,13730808
1790578819,10067988,13730808
1790578821,8775652,13730808
1790578823,9339708,13730808
1790578825,10085708,13730808
1790578827,10101820,13730808
1790578829,8875848,13730808
1790578831,9543920,13730808
1790578833,10197160,13730808
1790578835,10253300,13730808
1790578837,8707808,13730808
1790578839,8605572,13730808
1790578841,9769432,13730808
1790578843,9967076,13730808
1790578845,9049036,13730808
1790578847,10172148,13730808
1790578849,10161796,13730808
1790578851,10190376,13730808
1790578853,9097236,13730808
1790578855,10084932,13730808
1790578857,10099532,13730808
1790578859,10196248,13730808
1790578861,9029860,13730808
1790578863,10057380,13730808
1790578865,10087820,13730808
1790578867,10129144,13730808
1790578869,9029432,13730808
1790578871,10055560,13730808
1790578873,10101380,13730812
1790578875,9143244,13730812
1790578877,9741120,13730812
1790578879,8564480,13730812
1790578881,9787060,13730812
1790578883,8801452,13730812
1790578885,9263004,13730812
1790578887,10134656,13730812
1790578889,10148900,13730812
1790578891,8839808,13730812
1790578894,9521008,13730812
1790578896,10134600,13730812
1790578898,10196276,13730812
1790578900,9195236,13730812
1790578902,9603664,13730816
1790578904,10156936,13730816
1790578906,10213272,13730816
1790578908,9146744,13730816
1790578910,10099824,13730816
1790578912,10153136,13730816
1790578914,10207148,13730816
1790578916,8619708,13730816
1790578918,8610564,13730816
1790578920,9892196,13730816
1790578922,9810304,13730816
1790578924,9033460,13730816
1790578926,10118004,13730816
1790578928,10123004,13730816
1790578930,10148980,13730816
1790578932,9070740,13730816
1790578934,10093896,13730816
1790578936,10118480,13730816
1790578938,10167488,13730816
1790578940,8925096,13730816
1790578942,10067172,13730816
1790578944,10107020,13730816
1790578946,10282172,13730816
1790578948,9086736,13730816
1790578950,10154060,13730816
1790578952,10185904,13730816
1790578954,8926480,13730816
1790578956,9910260,13730816
1790578958,8612464,13730816
1790578960,9879676,13730816
1790578962,9125260,13730816
1790578964,10189104,13730816
1790578966,10194416,13730816
1790578968,10193808,13730816
1790578970,9164548,13730816
1790578972,10129280,13730816
1790578974,10154392,13730816
1790578976,10269256,13730820
1790578978,9271132,13730820
1790578980,10233464,13730820
1790578982,10165580,13730820
1790578984,10197288,13730820
1790578986,9669164,13730820
1790578988,10139944,13730820
1790578990,10128108,13730820
1790578992,10176212,13730820
1790578994,8582460,13730820
1790578996,8574548,13730820
1790578998,9764152,13730820
1790579000,9508456,13730820
1790579002,8613304,13730820
1790579004,10117344,13730820
1790579006,10119932,13730820
1790579008,9066408,13730820
1790579010,8903972,13730820
1790579012,10166104,13730820
1790579014,10223320,13730820
1790579016,9072528,13730820
1790579018,8897512,13730820
1790579020,10170504,13730820
1790579022,10205088,13730820
1790579024,9118728,13730820
1790579026,8926832,13730820
1790579028,10146944,13730820
1790579030,10263316,13730820
1790579032,8643212,13730820
1790579034,9840252,13730820
1790579036,8820280,13730820
1790579038,9849864,13730820
1790579040,9493272,13730820
1790579042,10065252,13730820
1790579044,10062780,13730820
1790579046,10169392,13730820
1790579048,9734968,13730820
1790579050,10067204,13730820
1790579052,10075040,13730820
1790579054,10175580,13730820
1790579056,9802476,13730820
1790579058,10049592,13730820
1790579060,10055872,13730820
1790579062,10242208,13730820
1790579064,10113312,13730820
1790579066,10093856,13730820
1790579068,10101652,13730820
1790579070,7505180,13730820
1790579072,8132236,13730820
1790579074,8562048,13730820
1790579076,8501996,13730820
1790579078,8478328,13730820
1790579080,8173708,13730820
1790579082,8454960,13730820
1790579084,8340156,13730820
1790579086,8376060,13730820
1790579088,8454696,13730820
1790579090,9478440,13730820
1790579092,4930520,13730128
1790579094,9057344,13730128
1790579096,8637844,13730128
1790579098,8618272,13730128
1790579100,9734692,13730128
1790579102,10895512,13730128
1790579104,9066528,13730128
1790579106,8637368,13730128
1790579108,10155004,13730128
1790579110,10244532,13730128
1790579112,9086184,13730128
1790579114,8936728,13730128
1790579116,10098280,13730128
1790579118,10175852,13730128
1790579120,9089588,13730128
1790579122,8934344,13730128
1790579124,10132408,13730128
1790579126,10134200,13730128
1790579128,9075652,13730128
1790579130,8894904,13730128
1790579132,10150212,13730128
1790579134,10153992,13730128
1790579136,8630068,13730128
1790579138,8625196,13730128
1790579140,9791300,13730128
1790579142,9793732,13730128
1790579144,9911944,13730128
1790579146,10052336,13730128
1790579148,10225852,13730128
1790579150,10234592,13730128
1790579152,9915328,13730128
1790579154,10173744,13730128
1790579156,10164032,13730128
1790579158,10228368,13730128
1790579160,10104388,13730128
1790579162,10066476,13730128
1790579164,10068160,13730128
1790579166,10153716,13730128
1790579168,10124816,13730128
1790579170,10074608,13730128
1790579172,10079200,13730128
1790579174,10147584,13730128
1790579176,8561092,13730128
1790579178,8556252,13730128
1790579180,9718392,13730128
1790579182,9034752,13730128
1790579184,8730724,13730128
1790579186,10074916,13730128
1790579188,10130652,13730128
1790579190,9039020,13730128
1790579192,9254500,13730128
1790579194,10155320,13730128
1790579196,10162560,13730128
1790579198,9109256,13730128
1790579200,9285940,13730128
1790579202,10162064,13730128
1790579204,10164816,13730128
1790579206,8931260,13730128
1790579208,9285480,13730128
1790579210,10161756,13730128
1790579212,10172636,13730128
1790579214,8622200,13730128
1790579216,8612236,13730128
1790579218,9813208,13730128
1790579220,9862604,13730128
1790579222,10087868,13730128
1790579224,9986948,13730128
1790579226,10099156,13730128
1790579228,10171212,13730128
1790579230,9972848,13730128
1790579232,10097068,13730128
1790579234,10113176,13730128
1790579236,10184952,13730128
1790579238,10209560,13730128
1790579240,10078048,13730128
1790579242,10094328,13730128
1790579244,10137760,13730128
1790579246,10204536,13730128
1790579248,10078820,13730128
1790579250,10107604,13730128
1790579252,9249672,13730128
1790579254,8628248,13730128
1790579256,8615608,13730128
1790579258,9787144,13730128
1790579260,8799752,13730128
1790579262,9116660,13730128
1790579264,10145044,13730128
1790579266,10147700,13730128
1790579268,8946568,13730128
1790579270,9350740,13730128
1790579272,10162168,13730128
1790579274,10198116,13730128
1790579276,8950504,13730128
1790579278,9439276,13730128
1790579280,10193576,13730128
1790579282,10105088,13730128
1790579284,8841008,13730128
1790579286,9243076,13730128
1790579288,10062772,13730128
1790579290,10156612,13730128
1790579292,8567112,13730128
1790579294,8554896,13730128
1790579296,9715380,13730128
1790579298,9782232,13730128
1790579300,10071528,13730128
1790579302,10121348,13730128
1790579304,10114964,13730128
1790579306,10116376,13730128
1790579308,10235964,13730128
1790579310,10085128,13730128
1790579312,10141972,13730128
1790579314,10187356,13730128
1790579316,9125636,13730128
1790579318,10151444,13730128
1790579320,10150904,13730132
1790579322,10189660,13730132
1790579324,9126380,13730132
1790579326,10146040,13730132
1790579328,10163948,13730132
1790579330,9036860,13730132
1790579332,8966816,13730132
1790579334,8639624,13730132
1790579336,9871284,13730132
1790579338,8462156,13730132
1790579340,9252048,13730132
1790579342,10084916,13730132
1790579344,10172436,13730132
1790579346,8763952,13730132
1790579348,9602724,13730132
1790579350,10132904,13730132
1790579352,10210132,13730132
1790579354,8935792,13730132
1790579356,9562132,13730132
1790579358,10089740,13730132
1790579360,10230196,13730132
1790579362,8767192,13730132
1790579364,9588272,13730132
1790579366,10117680,13730132
1790579368,10127508,13730132
1790579370,8599596,13730132
1790579372,8631804,13730132
1790579374,9822476,13730132
1790579376,9855404,13730132
1790579378,9109796,13730132
1790579380,10172592,13730132
1790579382,10226948,13730132
1790579384,10259440,13730132
1790579386,9103328,13730132
1790579388,10179172,13730132
1790579390,10183084,13730132
1790579392,10206512,13730132
1790579394,9121600,13730132
1790579396,10112996,13730132
1790579398,10156700,13730132
1790579400,10430940,13730132
1790579402,9084840,13730132
1790579404,10101648,13730132
1790579406,10141596,13730132
1790579408,9132404,13730132
1790579410,9762528,13730132
1790579412,9092212,13730132
1790579414,9768224,13730132
1790579416,8515172,13730132
1790579418,9085636,13730132
1790579420,10168348,13730132
1790579422,10226612,13730132
1790579424,9059860,13730132
1790579426,9627236,13730132
1790579428,10170304,13730132
1790579430,10195624,13730132
1790579432,8904376,13730132
1790579434,9599180,13730132
1790579436,10153188,13730132
1790579438,10231028,13730132
1790579440,9088052,13730132
1790579442,9573828,13730132
1790579444,10098744,13730132
1790579446,10156056,13730132
1790579448,8964624,13730132
1790579450,9010184,13730132
1790579452,9805744,13730132
1790579454,9837168,13730132
1790579456,9078168,13730132
1790579458,10198312,13730132
1790579460,10292840,13730132
1790579462,10179240,13730132
1790579464,9026772,13730132
1790579466,10045808,13730132
1790579468,10090876,13730132
1790579470,10154852,13730132
1790579472,9057216,13730136
1790579474,10108944,13730136
1790579476,10114280,13730136
1790579478,10194124,13730136
1790579480,8959180,13730136
1790579482,10087692,13730136
1790579484,10125156,13730136
1790579486,8896092,13730136
1790579488,9729928,13730136
1790579490,8565520,13730136
1790579492,9824484,13730136
1790579494,9021572,13730136
1790579496,10065320,13730136
1790579498,10210244,13730136
1790579500,10260344,13730136
1790579502,9142528,13730136
1790579504,10182532,13730136
1790579506,10236364,13730136
1790579508,10266952,13730136
1790579510,9259140,13730136
1790579512,10137852,13730136
1790579514,10146416,13730136
1790579516,10174952,13730136
1790579518,9079776,13730136
1790579520,10214908,13730136
1790579522,10113316,13730136
1790579524,10160344,13730136
1790579526,8566652,13730136
1790579528,8568204,13730136
1790579530,9772840,13730136
1790579532,9816108,13730136
1790579534,9046528,13730136
1790579536,10056308,13730136
1790579538,10166012,13730136
1790579540,10225200,13730152
1790579542,9042460,13730152
1790579544,10087940,13730152
1790579546,10119308,13730152
1790579548,10196728,13730152
1790579550,9063920,13730152
1790579552,10149040,13730152
1790579554,10159640,13730152
1790579556,10243744,13730152
1790579558,9089708,13730152
1790579560,10108380,13730152
1790579562,10199384,13730152
1790579564,9132860,13730152
1790579566,9778032,13730152
1790579568,8610212,13730152
1790579570,9803828,13730152
1790579572,9019160,13730152
1790579574,9234776,13730152
1790579576,10171684,13730152
1790579578,10200372,13730152
1790579580,9164496,13730152
1790579582,9593540,13730152
1790579584,10127576,13730152
1790579586,10186804,13730152
1790579588,9045388,13730152
1790579590,9552740,13730152
1790579592,10105276,13730152
1790579594,10204640,13730152
1790579596,9132636,13730152
1790579598,9564984,13730152
1790579600,10137752,13730152
1790579602,10202068,13730152
1790579604,8595240,13730152
1790579606,8581340,13730152
1790579609,9745500,13730152
1790579611,9839508,13730152
1790579613,9061252,13730152
1790579615,10109996,13730152
1790579617,10156500,13730152
1790579619,10211564,13730152
1790579621,9122696,13730152
1790579623,10082296,13730152
1790579625,10173112,13730152
1790579627,10246596,13730152
1790579629,9107624,13730152
1790579631,10162376,13730152
1790579633,10162756,13730152
1790579635,10242472,13730152
1790579637,9127732,13730152
1790579639,10122712,13730152
1790579641,10227220,13730152
1790579643,8958956,13730152
1790579645,9796904,13730152
1790579647,8543264,13730152
1790579649,9773408,13730152
1790579651,8852352,13730152
1790579653,9078328,13730152
1790579655,10048380,13730152
1790579657,10054236,13730152
1790579659,8927276,13730152
1790579661,9363496,13730152
1790579663,10084132,13730152
1790579665,10109472,13730152
1790579667,8788684,13730152
1790579669,9454764,13730152
1790579671,10030624,13730152
1790579673,10157648,13730152
1790579675,8995148,13730152
1790579677,9497908,13730152
1790579679,10221736,13730152
1790579681,7661380,13730152
1790579683,7218916,13730152
1790579685,8861004,13730152
1790579687,8680676,13730152
1790579689,8540812,13730152
1790579691,8536700,13730152
1790579693,8475344,13730152
1790579695,8299104,13730152
1790579697,8323192,13730152
1790579699,8567692,13730152
1790579701,9535864,13730152
1790579703,5578616,13730152
1790579705,10333976,13728992
1790579707,8605460,13728992
1790579709,8581028,13728992
1790579711,9868860,13728992
1790579713,10696136,13728992
1790579715,10394668,13728992
1790579717,10134928,13728992
1790579719,10108704,13728992
1790579721,10108292,13728992
1790579723,10136980,13728992
1790579725,10161548,13728992
1790579727,10140328,13728992
1790579729,10145824,13728992
1790579731,10182528,13728992
1790579733,10173140,13728992
1790579735,10159020,13728992
1790579737,10191432,13728992
1790579739,10210420,13728992
1790579741,10191860,13728992
1790579743,10080028,13728992
1790579745,10089064,13728992
1790579747,9979404,13728992
1790579749,8635460,13728992
1790579751,8618284,13728992
1790579753,9799640,13728992
1790579755,9103960,13728992
1790579757,8763076,13728992
1790579759,10115376,13728992
1790579761,10233460,13728992
1790579763,8696924,13728992
1790579765,9200296,13728992
1790579767,10089864,13728992
1790579769,10096064,13728992
1790579771,8897396,13728992
1790579773,9201908,13728992
1790579775,10149060,13728992
1790579777,10152656,13728992
1790579779,8872904,13728992
1790579781,9267880,13728992
1790579783,10166516,13728992
1790579785,10154308,13728992
1790579787,8574392,13728992
1790579789,8559640,13728992
1790579791,9728256,13728992
1790579793,9856608,13729008
1790579795,10175720,13729008
1790579797,10022424,13729008
1790579799,10092148,13729008
1790579801,10232300,13729008
1790579803,10227756,13729008
1790579805,10145780,13729008
1790579807,10176784,13729008
1790579809,10255740,13729008
1790579811,9664676,13729008
1790579813,10174156,13729008
1790579815,10185416,13729008
1790579817,10221552,13729008
1790579819,9130396,13729008
1790579821,10270432,13729008
1790579823,10153588,13729008
1790579825,8926844,13729008
1790579827,8604388,13729008
1790579829,8607004,13729008
1790579831,9771180,13729008
1790579833,8963804,13729008
1790579835,8866104,13729008
1790579837,10109596,13729008
1790579839,10162244,13729008
1790579841,8852672,13729008
1790579843,9173156,13729008
1790579845,10136780,13729008
1790579847,10151340,13729008
1790579849,8972624,13729008
1790579851,9353656,13729008
1790579853,10132024,13729008
1790579855,10180020,13729008
1790579857,8776852,13729008
1790579859,9348104,13729008
1790579861,10146680,13729008
1790579863,10162676,13729008
1790579865,8622556,13729008
1790579867,8615244,13729008
1790579869,9798760,13729008
1790579871,9823268,13729008
1790579873,9904052,13729008
1790579875,10022588,13729008
1790579877,10154448,13729008
1790579879,10248192,13729008
1790579881,10282800,13729008
1790579883,10111904,13729008
1790579885,10110820,13729008
1790579887,10157664,13729008
1790579889,10203640,13729008
1790579891,10021532,13729008
1790579893,10081540,13729008
1790579895,10201452,13729008
1790579897,10019808,13729008
1790579899,10083708,13729008
1790579901,10087156,13729008
1790579903,9070296,13729008
1790579905,8548736,13729008
1790579907,8540400,13729008
1790579909,9738964,13729008
1790579911,8550952,13729008
1790579913,9132408,13729008
1790579915,10142968,13729008
1790579917,10216212,13729008
1790579919,8852904,13729008
1790579921,9538032,13729008
1790579923,10173872,13729008
1790579925,10173908,13729008
1790579927,8734484,13729008
1790579929,9609856,13729008
1790579931,10140180,13729008
1790579933,10176888,13729008
1790579935,8885764,13729008
1790579937,9633592,13729008
1790579939,10178592,13729008
1790579941,10226748,13729008
1790579943,8558924,13729008
1790579945,8546736,13729008
1790579947,9693208,13729008
1790579949,9772660,13729008
1790579951,8991028,13729008
1790579953,10000940,13729008
1790579955,10087220,13729008
1790579957,10095756,13729008
1790579959,9007844,13729008
1790579961,10055544,13729008
1790579963,10065796,13729008
1790579965,10149504,13729008
1790579967,9025796,13729008
1790579969,10078412,13729008
1790579971,10001528,13729008
1790579973,10202432,13729008
1790579975,9086224,13729008
1790579977,10169100,13729008
1790579979,10169340,13729008
1790579981,9222212,13729008
1790579983,8885204,13729008
1790579985,8632668,13729008
1790579987,9856788,13729008
1790579989,8446308,13729008
1790579991,9141836,13729008
1790579993,10137648,13729008
1790579995,10206044,13729008
1790579997,8819944,13729008
1790579999,9536836,13729008
1790580001,10059516,13729008
1790580003,10097924,13729008
1790580005,8761572,13729008
1790580007,9545124,13729008
1790580009,10072488,13729008
1790580011,10358100,13729008
1790580013,8873068,13729008
1790580015,9765720,13729008
1790580017,10286764,13729008
1790580019,10310628,13729008
1790580021,8760752,13729008
1790580023,8747992,13729008
1790580025,9914924,13729008
1790580027,9982280,13729008
1790580029,9237032,13729008
1790580031,10099592,13729008
1790580033,10170616,13729008
1790580035,10218572,13729008
1790580037,9137500,13729008
1790580039,10164096,13729008
1790580041,10153040,13729008
1790580043,10168508,13729008
1790580045,9655860,13729008
1790580047,10135988,13729008
1790580049,10139480,13729008
1790580051,10186248,13729008
1790580053,9103708,13729008
1790580055,10113212,13729008
1790580057,10144492,13729008
1790580059,9151692,13729008
1790580061,8540344,13729008
1790580063,8540252,13729008
1790580065,9727188,13729008
1790580067,9046144,13729008
1790580069,8823856,13729008
1790580071,10130648,13729008
1790580073,10128224,13729008
1790580075,8880612,13729008
1790580077,9204552,13729008
1790580079,10103888,13729008
1790580081,10113432,13729008
1790580083,9034584,13729008
1790580085,9216208,13729008
1790580087,10135280,13729008
1790580089,10139756,13729008
1790580091,8912348,13729008
1790580093,9214580,13729008
1790580095,10152184,13729008
1790580097,10200672,13729008
1790580099,8775600,13729008
1790580101,8695900,13729008
1790580103,9845116,13729008
1790580105,9858696,13729008
1790580107,9985052,13729028
1790580109,10137844,13729028
1790580111,10151480,13729028
1790580113,10219680,13729028
1790580115,10023792,13729028
1790580117,10145788,13729028
1790580119,10143680,13729028
1790580121,10142068,13729028
1790580123,10147476,13729028
1790580125,10081056,13729028
1790580127,10084956,13729028
1790580129,10153136,13729028
1790580131,10185768,13729028
1790580133,10118072,13729028
1790580135,10153532,13729028
1790580137,10196244,13729028
1790580139,8852780,13729028
1790580141,8840616,13729028
1790580143,9790592,13729028
1790580145,9076580,13729028
1790580147,8542972,13729028
1790580149,10150772,13729028
1790580151,10213116,13729028
1790580153,9110712,13729028
1790580155,9210368,13729028
1790580157,10224160,13729028
1790580159,10224240,13729028
1790580161,9117088,13729028
1790580163,9274756,13729028
1790580165,10178560,13729028
1790580167,10165824,13729028
1790580169,9115708,13729028
1790580171,9270512,13729028
1790580173,10117668,13729028
1790580175,10230892,13729028
1790580177,8726636,13729028
1790580179,8672200,13729028
1790580181,9791988,13729028
1790580183,9933228,13729028
1790580185,9745840,13729028
1790580187,10180132,13729028
1790580189,10179224,13729028
1790580191,10230520,13729028
1790580193,10082024,13729028
1790580195,10153128,13729028
1790580197,10149988,13729028
1790580199,10204156,13729028
1790580201,10108392,13729028
1790580203,10140140,13729028
1790580205,10124392,13729028
1790580207,10202312,13729028
1790580209,10057584,13729028
1790580211,10157032,13729028
1790580213,10155772,13729028
1790580215,10248356,13729028
1790580217,8644272,13729028
1790580219,8621736,13729028
1790580221,9844500,13729028
1790580223,9104852,13729028
1790580225,8629352,13729028
1790580227,10117032,13729028
1790580229,10216648,13729028
1790580231,9132664,13729028
1790580233,8981580,13729028
1790580235,10224988,13729028
1790580237,10223024,13729028
1790580239,9121820,13729028
1790580241,8923900,13729028
1790580243,10192332,13729028
1790580245,10248792,13729028
1790580247,9098116,13729028
1790580249,8924364,13729028
1790580251,10205976,13729028
1790580253,10215952,13729028
1790580255,8630392,13729028
1790580257,9226820,13729028
1790580259,8990316,13729028
1790580261,9848116,13729028
1790580263,9563264,13729028
1790580265,10164208,13729028
1790580267,10164032,13729028
1790580269,10163960,13729028
1790580271,9924836,13729028
1790580273,10203600,13729028
1790580275,10201204,13729028
1790580277,10232712,13729028
1790580279,10106060,13729028
1790580281,10148132,13729028
1790580283,10163692,13729028
1790580285,10235132,13729028
1790580287,10099372,13729028
1790580289,10192088,13729028
1790580291,10203768,13729028
1790580293,7738876,13729028
1790580295,7578140,13729028
1790580297,8580848,13729028
1790580299,8830764,13729028
1790580301,8510260,13729028
1790580303,8177892,13729028
1790580305,8498360,13729028
1790580307,8441872,13729028
1790580309,8577820,13729028
1790580311,8521316,13729028
1790580313,9552816,13729028
1790580315,3277452,13729028
1790580318,10305476,13728392
1790580320,8589272,13728392
1790580322,8558100,13728392
1790580324,9447696,13728392
1790580326,10822068,13728392
1790580328,9056176,13728392
1790580330,8639404,13728392
1790580332,10196016,13728392
1790580334,10195724,13728392
1790580336,10271024,13728392
1790580338,9046120,13728392
1790580340,10191432,13728392
1790580342,10252832,13728392
1790580344,10262884,13728392
1790580346,8771788,13728392
1790580348,10154756,13728392
1790580350,10196268,13728392
1790580352,9145756,13728392
1790580354,8934996,13728392
1790580356,10147968,13728392
1790580358,10229840,13728392
1790580360,8864124,13728392
1790580362,9817520,13728392
1790580364,8578316,13728392
1790580366,9768932,13728392
1790580368,9071820,13728392
1790580370,10035880,13728392
1790580372,10116336,13728392
1790580374,10143988,13728392
1790580376,9072668,13728392
1790580378,10071732,13728392
1790580380,10097316,13728392
1790580382,10185680,13728392
1790580384,9094476,13728392
1790580386,10071492,13728392
1790580388,10080824,13728392
1790580390,10173648,13728392
1790580392,9289208,13728392
1790580394,10145128,13728392
1790580396,10202524,13728392
1790580398,10235496,13728392
1790580400,8644828,13728392
1790580402,8646988,13728392
1790580404,9827260,13728392
1790580406,9958388,13728392
1790580408,8772976,13728404
1790580410,10129740,13728404
1790580412,10162364,13728404
1790580414,10259036,13728404
1790580416,9006696,13728404
1790580418,10210400,13728404
1790580420,10254628,13728404
1790580422,10164352,13728404
1790580424,8958592,13728404
1790580426,10040188,13728404
1790580428,10044252,13728404
1790580430,10242672,13728404
1790580432,8665572,13728404
1790580434,10118268,13728404
1790580436,10120876,13728404
1790580438,8897004,13728404
1790580440,9732292,13728404
1790580442,8583564,13728404
1790580444,9806188,13728404
1790580446,8862176,13728404
1790580448,9336844,13728404
1790580450,10133660,13728404
1790580452,10255388,13728404
1790580454,9118744,13728404
1790580456,9506596,13728404
1790580458,10166300,13728404
1790580460,10213924,13728404
1790580462,9209484,13728404
1790580464,10126652,13728404
1790580466,10130780,13728404
1790580468,10219760,13728404
1790580470,9105512,13728404
1790580472,10166656,13728404
1790580474,10183460,13728404
1790580476,10212448,13728404
1790580478,8646488,13728404
1790580480,8681944,13728404
1790580482,9775708,13728404
1790580484,9823364,13728404
1790580486,9068160,13728404
1790580488,10181172,13728404
1790580490,10188924,13728504
1790580492,10209228,13728504
1790580494,9122036,13728504
1790580496,10098704,13728504
1790580498,10098784,13728504
1790580500,10154360,13728504
1790580502,8871152,13728504
1790580504,10079600,13728504
1790580506,10171716,13728504
1790580508,10249700,13728504
1790580510,8634220,13728504
1790580512,10191692,13728504
1790580514,10182532,13728504
1790580516,8940808,13728504
1790580518,9820264,13728504
1790580520,8647848,13728504
1790580522,9825340,13728504
1790580524,8864016,13728504
1790580526,9186736,13728504
1790580528,10190412,13728504
1790580530,10210760,13728504
1790580532,9187816,13728504
1790580534,9581548,13728504
1790580536,10163828,13728504
1790580538,10252008,13728504
1790580540,9272336,13728504
1790580542,10079060,13728504
1790580544,10081592,13728504
1790580546,10118536,13728504
1790580548,9062684,13728504
1790580550,10061568,13728504
1790580552,10059464,13728504
1790580554,10133868,13728504
1790580556,8606684,13728504
1790580558,8597828,13728504
1790580560,9771056,13728504
1790580562,9898680,13728504
1790580564,8931660,13728504
1790580566,10176312,13728504
1790580568,10176804,13728504
1790580570,10175544,13728504
1790580572,8825472,13728504
1790580574,10135504,13728504
1790580576,10147300,13728504
1790580578,10216908,13728504
1790580580,8978888,13728504
1790580582,10135876,13728504
1790580584,10171600,13728504
1790580586,10313664,13728504
1790580588,9017760,13728504
1790580590,10147988,13728504
1790580592,10169288,13728504
1790580594,8728348,13728504
1790580596,9814824,13728504
1790580598,8642348,13728504
1790580600,9952240,13728504
1790580602,9083680,13728504
1790580604,9233568,13728504
1790580606,10241852,13728504
1790580608,10245528,13728504
1790580610,9158116,13728504
1790580612,9539644,13728504
1790580614,10104092,13728504
1790580616,10126948,13728504
1790580618,9183980,13728504
1790580620,9546192,13728504
1790580622,10118644,13728504
1790580624,10137428,13728504
1790580626,9124008,13728504
1790580628,9577136,13728504
1790580630,10174056,13728504
1790580632,10203084,13728504
1790580634,8650024,13728504
1790580636,8625972,13728504
1790580638,9875640,13728504
1790580640,10060004,13728504
1790580642,9104624,13728504
1790580644,10220480,13728504
1790580646,10211824,13728504
1790580648,10224884,13728504
1790580650,9139640,13728504
1790580652,10182528,13728504
1790580654,10199388,13728504
1790580656,10245864,13728504
1790580658,9141764,13728504
1790580660,10246888,13728504
1790580662,10159512,13728504
1790580664,10248024,13728504
1790580666,8750744,13728504
1790580668,10096268,13728504
1790580670,10102168,13728504
1790580672,9031184,13728504
1790580674,9750016,13728504
1790580676,8585668,13728504
1790580678,9806744,13728504
1790580680,8645700,13728504
1790580682,9050588,13728504
1790580684,10114724,13728504
1790580686,10188148,13728504
1790580688,8732332,13728520
1790580690,9608856,13728520
1790580692,10248536,13728520
1790580694,10240808,13728520
1790580696,9013656,13728520
1790580698,9597612,13728520
1790580700,10186936,13728520
1790580702,10185876,13728520
1790580704,8995736,13728520
1790580706,9632692,13728528
1790580708,10214420,13728528
1790580710,10225828,13728528
1790580712,8645228,13728528
1790580714,8620972,13728528
1790580716,9873720,13728528
1790580718,9854908,13728528
1790580720,9160352,13728528
1790580722,9958176,13728528
1790580724,10118776,13728528
1790580726,10184312,13728528
1790580728,9035316,13728528
1790580730,10133980,13728544
1790580732,10135216,13728544
1790580734,10148768,13728544
1790580736,9080696,13728544
1790580738,10158572,13728544
1790580740,10161032,13728544
1790580742,10214460,13728544
1790580744,8758544,13728544
1790580746,10151296,13728544
1790580748,10148384,13728544
1790580750,8779320,13728544
1790580752,9789116,13728544
1790580754,8637060,13728544
1790580756,9834860,13728544
1790580758,8900212,13728544
1790580760,10157404,13728544
1790580762,10228156,13728544
1790580764,10228120,13728544
1790580766,9230068,13728544
1790580768,9622504,13728544
1790580770,10214704,13728544
1790580772,10266096,13728544
1790580774,9162332,13728544
1790580776,10198640,13728544
1790580778,10202360,13728544
1790580780,10292448,13728544
1790580782,9256916,13728544
1790580784,9596084,13728544
1790580786,10197148,13728544
1790580788,10200116,13728544
1790580790,8798068,13728544
1790580792,8609688,13728544
1790580794,9814992,13728544
1790580796,9833000,13728544
1790580798,9093068,13728544
1790580800,10045784,13728544
1790580802,10158324,13728544
1790580804,10267668,13728544
1790580806,9116556,13728544
1790580808,10139784,13728544
1790580810,10188996,13728544
1790580812,10297780,13728544
1790580814,9146560,13728544
1790580816,10172708,13728544
1790580818,10217032,13728544
1790580820,10266476,13728544
1790580822,9141816,13728544
1790580824,10169140,13728544
1790580826,10208664,13728544
1790580828,9233792,13728544
1790580830,9813460,13728544
1790580832,9074748,13728544
1790580834,9892320,13728544
1790580836,8563012,13728544
1790580838,9191944,13728544
1790580840,10359004,13728544
1790580842,10255944,13728544
1790580844,8892480,13728544
1790580846,9599572,13728544
1790580848,10164276,13728544
1790580850,10164280,13728544
1790580852,8980288,13728544
1790580854,9584416,13728544
1790580856,10145928,13728544
1790580858,10242420,13728544
1790580860,9164852,13728544
1790580862,9601460,13728544
1790580864,10134440,13728544
1790580866,7628612,13728544
1790580868,7198184,13728544
1790580870,9420920,13728544
1790580872,8588156,13728544
1790580874,8604632,13728544
1790580876,8353156,13728544
1790580878,8634356,13728544
1790580880,8271348,13728544
1790580882,8501264,13728544
1790580884,8471396,13728544
1790580886,9558228,13728544
1790580888,5665796,13728544
1790580890,10365468,13728232
1790580892,8688192,13728232
1790580894,8826356,13728232
1790580896,9812868,13728232
1790580898,11007340,13728232
1790580900,10542308,13728232
1790580902,9790452,13728232
1790580904,10131300,13728232
1790580906,10164504,13728232
1790580908,10207468,13728232
1790580910,9960500,13728232
1790580912,10141376,13728232
1790580914,10150904,13728232
1790580916,10193904,13728232
1790580918,9117984,13728232
1790580920,10139008,13728232
1790580922,10227364,13728232
1790580924,10276548,13728232
1790580926,9120044,13728232
1790580928,10175132,13728232
1790580930,10168748,13728232
1790580932,9055232,13728232
1790580934,9808704,13728232
1790580936,8662336,13728232
1790580938,9853016,13728232
1790580940,8921076,13728232
1790580942,9222244,13728232
1790580944,10146144,13728232
1790580946,10195400,13728232
1790580948,8867876,13728232
1790580950,9605720,13728232
1790580952,10236060,13728232
1790580954,10224752,13728232
1790580956,8982300,13728240
1790580958,9649864,13728244
1790580960,10177736,13728244
1790580962,10055992,13728244
1790580964,8851456,13728244
1790580966,9529092,13728244
1790580968,10089828,13728244
1790580970,10175316,13728244
1790580972,8576872,13728244
1790580974,8563244,13728244
1790580976,9788700,13728244
1790580978,9812144,13728244
1790580980,9058632,13728244
1790580982,10150184,13728244
1790580984,10147664,13728244
1790580986,10178012,13728244
1790580988,9098132,13728248
1790580990,10048676,13728248
1790580992,10202948,13728248
1790580994,10333444,13728248
1790580996,9154132,13728248
1790580998,10127512,13728248
1790581000,10154604,13728248
1790581002,10307524,13728248
1790581004,9145220,13728248
1790581006,10137576,13728248
1790581008,10224248,13728248
1790581010,9064116,13728248
1790581012,9838776,13728248
1790581014,8660272,13728248
1790581016,9944976,13728248
1790581018,9233896,13728248
1790581020,9390612,13728248
1790581023,10172280,13728248
1790581025,10225848,13728248
1790581027,9104208,13728248
1790581029,9557148,13728248
1790581031,10167428,13728248
1790581033,10201804,13728248
1790581035,9144340,13728248
1790581037,9634456,13728248
1790581039,10181176,13728248
1790581041,10181952,13728248
1790581043,9184148,13728248
1790581045,9625648,13728248
1790581047,10161912,13728248
1790581049,10217004,13728248
1790581051,8625744,13728248
1790581053,8644592,13728248
1790581055,9864284,13728248
1790581057,10029312,13728248
1790581059,9114352,13728248
1790581061,10198176,13728248
1790581063,10215500,13728248
1790581065,10340244,13728248
1790581067,9138668,13728248
1790581069,10158460,13728248
1790581071,10188984,13728248
1790581073,10270684,13728248
1790581075,9130408,13728248
1790581077,10220584,13728248
1790581079,10224268,13728248
1790581081,10330308,13728248
1790581083,9098476,13728248
1790581085,10100888,13728248
1790581087,10154936,13728264
1790581089,9221904,13728264
1790581091,9825572,13728264
1790581093,8605952,13728264
1790581095,9827340,13728264
1790581097,8952600,13728264
1790581099,9339256,13728264
1790581101,10152720,13728264
1790581103,10174856,13728264
1790581105,9068296,13728264
1790581107,9482228,13728264
1790581109,10127816,13728264
1790581111,10165400,13728264
1790581113,9213908,13728264
1790581115,9579452,13728264
1790581117,10207524,13728264
1790581119,10206088,13728264
1790581121,9261176,13728264
1790581123,9596204,13728264
1790581125,10196144,13728264
1790581127,10253500,13728264
1790581129,8641792,13728264
1790581131,8636664,13728264
1790581133,9806052,13728264
1790581135,9919864,13728264
1790581137,9120488,13728264
1790581139,10222352,13728264
1790581141,10270944,13728264
1790581143,10166016,13728264
1790581145,9092284,13728264
1790581147,10082944,13728264
1790581149,10111008,13728264
1790581151,10167144,13728264
1790581153,9087292,13728264
1790581155,10093864,13728264
1790581157,10187528,13728264
1790581159,10204652,13728264
1790581161,9072008,13728264
1790581163,10092528,13728264
1790581165,10133160,13728264
1790581167,9168124,13728264
1790581169,9750004,13728264
1790581171,8573640,13728264
1790581173,9911592,13728264
1790581175,8907872,13728264
1790581177,9159660,13728264
1790581179,10164772,13728264
1790581181,10217740,13728264
1790581183,8842724,13728264
1790581185,9465908,13728264
1790581187,10199236,13728264
1790581189,10214256,13728264
1790581191,9075096,13728264
1790581193,9607464,13728264
1790581195,10185980,13728264
1790581197,10195792,13728264
1790581199,9023836,13728264
1790581201,9694052,13728264
1790581203,10144844,13728264
1790581205,10193356,13728264
1790581207,8592960,13728692
1790581209,8608816,13728692
1790581211,9829864,13728692
1790581213,9952940,13728692
1790581215,9057232,13728692
1790581217,10197328,13728692
1790581219,10180768,13728692
1790581221,10226132,13728692
1790581223,9096640,13728692
1790581225,10154376,13728692
1790581227,10141236,13728692
1790581229,10158868,13728692
1790581231,9099584,13728692
1790581233,10188872,13728692
1790581235,10195336,13728692
1790581237,10241568,13728692
1790581239,9135060,13728692
1790581241,10218028,13728692
1790581243,10196420,13728692
1790581245,8763812,13728692
1790581247,9055928,13728692
1790581249,8638072,13728692
1790581251,9841328,13728692
1790581253,8685764,13728692
1790581255,9092896,13728692
1790581257,10186012,13728692
1790581259,10189740,13728692
1790581261,8850148,13728692
1790581263,9533432,13728692
1790581265,10232440,13728692
1790581267,10222152,13728692
1790581269,8965128,13728692
1790581271,9571076,13728692
1790581273,10142748,13728692
1790581275,10150856,13728692
1790581277,8924192,13728692
1790581279,9572028,13728692
1790581281,10140568,13728692
1790581283,10192616,13728692
1790581285,8653304,13728692
1790581287,8623796,13728692
1790581289,9887928,13728692
1790581291,9899144,13728692
1790581293,9133948,13728692
1790581295,10261088,13728692
1790581297,10287464,13728692
1790581299,10282672,13728692
1790581301,9145952,13728692
1790581303,10229836,13728692
1790581305,10230316,13728692
1790581307,10256088,13728692
1790581309,9160724,13728692
1790581311,10173808,13728692
1790581313,10189028,13728692
1790581315,10315556,13728692
1790581317,9143740,13728692
1790581319,10220712,13728692
1790581321,10295512,13728692
1790581323,9223512,13728692
1790581325,8942764,13728692
1790581327,8623172,13728692
1790581329,9762172,13728692
1790581331,8487816,13728692
1790581333,8993424,13728692
1790581335,10124984,13728692
1790581337,10195440,13728692
1790581339,8841656,13728692
1790581341,9644600,13728692
1790581343,10194464,13728692
1790581345,10188396,13728692
1790581347,8964720,13728692
1790581349,9597784,13728692
1790581351,10170960,13728692
1790581353,10203716,13728692
1790581355,8925392,13728692
1790581357,9615116,13728692
1790581359,10128368,13728692
1790581361,10221080,13728692
1790581363,8653992,13728692
1790581365,8645240,13728692
1790581367,9820924,13728692
1790581369,9828288,13728692
1790581371,9100740,13728692
1790581373,10047120,13728692
1790581375,10160076,13728692
1790581377,10209532,13728692
1790581379,9113164,13728692
1790581381,10267068,13728692
1790581383,10147748,13728692
1790581385,10186572,13728692
1790581387,10213388,13728692
1790581389,10081844,13728692
1790581391,10135788,13728692
1790581393,10239336,13728692
1790581395,9089780,13728692
1790581397,10124784,13728692
1790581399,10103192,13728692
1790581401,9082064,13728692
1790581403,8590880,13728692
1790581405,8583248,13728692
1790581407,9771292,13728692
1790581409,8714280,13728692
1790581411,8839620,13728692
1790581413,10103512,13728692
1790581415,10255180,13728692
1790581417,8812440,13728692
1790581419,9489844,13728692
1790581421,10222744,13728692
1790581423,10230756,13728692
1790581425,8824428,13728692
1790581427,9639028,13728692
1790581429,10205476,13728692
1790581431,10259144,13728692
1790581433,8857612,13728692
1790581435,9503212,13728692
1790581437,10194988,13728692
1790581439,10196524,13728692
1790581441,8627148,13728692
1790581443,8604568,13728692
1790581445,9818592,13728692
1790581447,9822960,13728692
1790581449,10183952,13728692
1790581451,10029660,13728692
1790581453,10189400,13728692
1790581455,10232232,13728692
1790581457,10273096,13728692
1790581459,10191108,13728692
1790581461,10193620,13728692
1790581463,10206556,13728692
1790581465,10296780,13728692
1790581467,10136968,13728692
1790581469,10152764,13728692
1790581471,10244384,13728692
1790581473,10324040,13728692
1790581475,10204668,13728692
1790581477,10200724,13728692
1790581479,9535736,13728692
1790581481,8640764,13728692
1790581483,8659860,13728692
1790581485,9857548,13728692
1790581487,9151956,13728692
1790581489,8688976,13728692
1790581491,10230256,13728692
1790581493,10247776,13728692
1790581495,9148588,13728692
1790581497,9321820,13728692
1790581499,10199872,13728692
1790581501,10120624,13728692
1790581503,9073244,13728692
1790581505,9204204,13728692
1790581507,10111376,13728692
1790581509,10169564,13728692
1790581511,8957124,13728692
1790581513,9235108,13728692
1790581515,10092808,13728692
1790581517,10148480,13728692
1790581519,7105636,13728692
1790581521,8839748,13728692
1790581523,8220588,13728692
1790581525,8371792,13728692
1790581527,8393724,13728692
1790581529,8363776,13728692
1790581531,8381616,13728692
1790581533,8450128,13728692
1790581535,8382736,13728692
1790581537,9576508,13728692
1790581539,7991820,13728692
1790581541,10070236,13728444
1790581543,9061632,13728444
1790581545,8791384,13728444
1790581547,9817836,13728444
1790581549,10741132,13728444
1790581551,11017648,13728444
1790581553,9732576,13728444
1790581555,10268244,13728444
1790581557,10270588,13728444
1790581559,10270268,13728444
1790581561,9778244,13728444
1790581563,10137252,13728444
1790581565,10159144,13728444
1790581567,10218104,13728444
1790581569,9951368,13728444
1790581571,10136692,13728444
1790581573,10149716,13728444
1790581575,10298324,13728444
1790581577,9943044,13728444
1790581579,10133760,13728444
1790581581,10145356,13728444
1790581583,10272428,13728444
1790581585,8906312,13728444
1790581587,8907964,13728444
1790581589,9924768,13728444
1790581591,9153052,13728444
1790581593,8469044,13728444
1790581595,10257036,13728444
1790581597,10257524,13728444
1790581599,9130304,13728444
1790581601,9016984,13728444
1790581603,10187636,13728444
1790581605,10233136,13728444
1790581607,9131596,13728444
1790581609,9038200,13728444
1790581611,10173808,13728444
1790581613,10225080,13728444
1790581615,9145512,13728444
1790581617,9290748,13728444
1790581619,10155068,13728444
1790581621,10205420,13728444
1790581623,8779172,13728444
1790581625,8584428,13728444
1790581627,9809260,13728444
1790581629,9912288,13728444
1790581631,9898424,13728444
1790581633,10191108,13728444
1790581635,10187856,13728444
1790581637,10187476,13728444
1790581639,9988064,13728444
1790581641,10105768,13728444
1790581643,10166428,13728444
1790581645,10252760,13728444
1790581647,9958016,13728444
1790581649,10114492,13728444
1790581651,10217924,13728444
1790581653,10306104,13728444
1790581655,10222504,13728444
1790581657,10195716,13728444
1790581659,10197236,13728444
1790581661,10198684,13728444
1790581663,8684704,13728444
1790581665,8687212,13728444
1790581667,9980644,13728444
1790581669,9164576,13728444
1790581671,8522092,13728444
1790581673,10220756,13728444
1790581675,10267940,13728444
1790581677,9129104,13728444
1790581679,8996944,13728444
1790581681,10121088,13728444
1790581683,10161864,13728444
1790581685,9064784,13728444
1790581687,8933912,13728444
1790581689,10137716,13728444
1790581691,10421128,13728448
1790581693,9274492,13728448
1790581695,9151144,13728448
1790581697,10354712,13728448
1790581699,10363932,13728448
1790581701,8782932,13728448
1790581703,8774924,13728448
1790581705,10013364,13728448
1790581707,10020656,13728448
1790581709,9998136,13728448
1790581711,10074836,13728448
1790581713,10177680,13728448
1790581715,10203152,13728448
1790581717,9895980,13728448
1790581719,10250204,13728448
1790581721,10233364,13728448
1790581723,10261928,13728448
1790581725,10140860,13728448
1790581727,10200424,13728448
1790581729,10209376,13728448
1790581731,10275924,13728448
1790581733,10251996,13728448
1790581735,10140364,13728448
1790581737,10151180,13728448
1790581739,10243016,13728448
1790581741,8580928,13728448
1790581743,8585424,13728448
1790581746,9775556,13728448
1790581748,9083204,13728448
1790581750,8403276,13728448
1790581752,10119368,13728448
1790581754,10153848,13728448
1790581756,9061612,13728448
1790581758,8924388,13728448
1790581760,10151136,13728448
1790581762,10157040,13728448
1790581764,9065684,13728448
1790581766,8937116,13728448
1790581768,10151644,13728448
1790581770,10165244,13728448
1790581772,9135508,13728448
1790581774,8960124,13728448
1790581776,10196600,13728448
1790581778,10176132,13728448
1790581780,8633876,13728448
1790581782,8614960,13728448
1790581784,9819604,13728448
1790581786,9865456,13728448
1790581788,9871852,13728448
1790581790,10076620,13728448
1790581792,10185800,13728452
1790581794,10229008,13728452
1790581796,9945152,13728452
1790581798,10159656,13728452
1790581800,10300824,13728452
1790581802,10179056,13728452
1790581804,9892808,13728452
1790581806,10095316,13728452
1790581808,10105672,13728452
1790581810,10254032,13728452
1790581812,10221288,13728452
1790581814,10137628,13728452
1790581816,10140184,13728452
1790581818,10195404,13728452
1790581820,8597876,13728452
1790581822,8602392,13728452
1790581824,9788408,13728452
1790581826,9080432,13728452
1790581828,8420312,13728452
1790581830,10172564,13728452
1790581832,10225996,13728452
1790581834,9107548,13728452
1790581836,9208448,13728452
1790581838,10180568,13728452
1790581840,10159820,13728452
1790581842,9123660,13728456
1790581844,8951332,13728456
1790581846,10162704,13728456
1790581848,10261232,13728456
1790581850,9132636,13728456
1790581852,9064656,13728456
1790581854,10184120,13728456
1790581856,10253432,13728456
1790581858,8674324,13728456
1790581860,8729676,13728456
1790581862,9756412,13728456
1790581864,9793776,13728456
1790581866,9830460,13728456
1790581868,9991248,13728456
1790581870,10146908,13728456
1790581872,10243444,13728456
1790581874,9887360,13728456
1790581876,10126640,13728456
1790581878,10133192,13728456
1790581880,10237180,13728456
1790581882,10130184,13728456
1790581884,10105892,13728456
1790581886,10150728,13728456
1790581888,10244632,13728456
1790581890,10193424,13728456
1790581892,10178360,13728456
1790581894,10182520,13728456
1790581896,10312304,13728456
1790581898,8681584,13728456
1790581900,8671036,13728456
1790581902,9910464,13728456
1790581904,9162468,13728456
1790581906,8550464,13728456
1790581908,10240124,13728456
1790581910,10232396,13728456
1790581912,9153036,13728456
1790581914,9318148,13728456
1790581916,10184472,13728456
1790581918,10232004,13728456
1790581920,9179624,13728456
1790581922,9227920,13728456
1790581924,10111096,13728456
1790581926,10103512,13728456
1790581928,9011760,13728456
1790581930,9237676,13728456
1790581932,10112456,13728456
1790581934,10120848,13728456
1790581936,8602532,13728456
1790581938,8580236,13728456
1790581940,9735508,13728456
1790581942,9775188,13728456
1790581944,9732752,13728456
1790581946,9882272,13728456
1790581948,10060504,13728456
1790581950,10219324,13728456
1790581952,10138020,13728456
1790581954,10190572,13728456
1790581956,10182200,13728456
1790581958,10206236,13728456
1790581960,10243928,13728456
1790581962,10201616,13728456
1790581964,10194824,13728456
1790581966,10212856,13728456
1790581968,10275532,13728456
1790581970,10204128,13728456
1790581972,10204192,13728456
1790581974,9029720,13728456
1790581976,8647924,13728456
1790581978,8647476,13728456
1790581980,9939632,13728456
1790581982,8825500,13728456
1790581984,8985720,13728456
1790581986,10073516,13728456
1790581988,10175580,13728456
1790581990,8948052,13728456
1790581992,9364560,13728456
1790581994,10124280,13728456
1790581996,10175084,13728456
1790581998,8969316,13728456
1790582000,9368676,13728456
1790582002,10101184,13728456
1790582004,10154956,13728456
1790582006,8967512,13728456
1790582008,9352820,13728456
1790582010,10153888,13728456
1790582012,10235884,13728456
1790582014,8643264,13728456
1790582016,8649580,13728456
1790582018,9831924,13728456
1790582020,9833436,13728456
1790582022,10131116,13728456
1790582024,10020028,13728456
1790582026,10116552,13728456
1790582028,10292380,13728456
1790582030,10118216,13728456
1790582032,10206924,13728456
1790582034,10188044,13728456
1790582036,10203156,13728456
1790582038,10320876,13728456
1790582040,10221688,13728456
1790582042,10107988,13728456
1790582044,10185508,13728456
1790582046,10286416,13728456
1790582048,10127844,13728456
1790582050,10138604,13728456
1790582052,9504308,13728456
1790582054,8596272,13728456
1790582056,8598964,13728456
1790582058,9788948,13728456
1790582060,9077768,13728456
1790582062,8442704,13728456
1790582064,10167908,13728456
1790582066,10220972,13728456
1790582068,9085440,13728456
1790582070,9257192,13728456
1790582072,10203064,13728456
1790582074,10215704,13728456
1790582076,9131164,13728456
1790582078,9240576,13728456
1790582080,10163384,13728460
1790582082,10311244,13728460
1790582084,9278300,13728460
1790582086,9425400,13728460
1790582088,10293088,13728460
1790582090,10305296,13728460
1790582092,8790944,13728460
1790582094,8792744,13728460
1790582096,10032980,13728460
1790582098,10037312,13728460
1790582100,10027312,13728460
1790582102,10092568,13728460
1790582104,10183292,13728460
1790582106,10226964,13728460
1790582108,10019096,13728460
1790582110,10143836,13728460
1790582112,10137940,13728460
1790582114,10151372,13728460
1790582116,10278044,13728460
1790582118,10120744,13728460
1790582120,10109240,13728460
1790582122,10166048,13728460
1790582124,10231136,13728460
1790582126,10124004,13728460
1790582128,10134512,13728460
1790582130,8810376,13728460
1790582132,8645288,13728460
1790582134,8644920,13728460
1790582136,9861512,13728460
1790582138,8769112,13728460
1790582140,8926504,13728460
1790582142,10195740,13728460
1790582144,10283380,13728460
1790582146,8999372,13728460
1790582148,9333316,13728460
1790582150,10232876,13728460
1790582152,10239672,13728460
1790582154,9038952,13728460
1790582156,9466908,13728460
1790582158,10184948,13728460
1790582160,10300264,13728460
1790582162,8951900,13728460
1790582164,9330800,13728460
1790582166,10102052,13728460
1790582168,10126048,13728460
1790582170,8636008,13728460
1790582172,8618596,13728460
1790582174,9810388,13728460
1790582176,9832036,13728460
1790582178,10186088,13728460
1790582180,10162280,13728460
1790582182,10195708,13728460
1790582184,10224160,13728460
1790582186,10102744,13728460
1790582188,10175968,13728460
1790582190,10181940,13728460
1790582192,10210480,13728460
1790582194,10306516,13728460
1790582196,10178092,13728460
1790582198,10193464,13728460
1790582200,10252608,13728460
1790582202,10312752,13728460
1790582204,10176268,13728460
1790582206,10183148,13728460
1790582208,7502284,13728460
1790582210,7992056,13728460
1790582212,8589308,13728460
1790582214,8535504,13728460
1790582216,8338288,13728460
1790582218,8359908,13728460
1790582220,8353500,13728460
1790582222,8356728,13728460
1790582224,8196904,13728460
1790582226,8374104,13728460
1790582228,9449236,13728460
1790582230,3863008,13727104
1790582232,8879052,13727104
1790582234,8655468,13727104
1790582236,8811496,13727104
1790582238,9510212,13727104
1790582240,10788248,13727104
1790582242,9103052,13727104
1790582244,8476360,13727104
1790582246,10215840,13727104
1790582248,10218364,13727104
1790582250,9100628,13727104
1790582252,9010880,13727104
1790582254,10183720,13727104
1790582256,10191992,13727104
1790582258,9137140,13727104
1790582260,9017584,13727104
1790582262,10210228,13727104
1790582264,10283412,13727104
1790582266,9165292,13727104
1790582268,9034764,13727104
1790582270,10199520,13727104
1790582272,10233380,13727104
1790582274,9021644,13727104
1790582276,9158220,13727104
1790582278,9217508,13727104
1790582280,10072404,13727104
1790582282,9704600,13727104
1790582284,10164492,13727104
1790582286,10224256,13727104
1790582288,10218332,13727104
1790582290,9759380,13727104
1790582292,10192324,13727104
1790582294,10199944,13727104
1790582296,10266472,13727104
1790582298,9888984,13727104
1790582300,10201252,13727104
1790582302,10190824,13727104
1790582304,10244488,13727104
1790582306,9861828,13727104
1790582308,10187660,13727104
1790582310,10199204,13727104
1790582312,10318248,13727104
1790582314,8859848,13727104
1790582316,8744020,13727104
1790582318,9872808,13727104
1790582320,9702904,13727104
1790582322,8516068,13727104
1790582324,10252704,13727104
1790582326,10243196,13727104
1790582328,9144556,13727104
1790582330,9030004,13727104
1790582332,10269696,13727104
1790582334,10267588,13727104
1790582336,9141956,13727104
1790582338,9021520,13727104
1790582340,10352984,13727104
1790582342,10232292,13727104
1790582344,9128828,13727104
1790582346,8986812,13727104
1790582348,10208560,13727104
1790582350,10207996,13727104
1790582352,8891840,13727104
1790582354,9838792,13727104
1790582356,8648188,13727104
1790582358,9863084,13727104
1790582360,9255700,13727104
1790582362,10138704,13727104
1790582364,10186596,13727104
1790582366,10273856,13727104
1790582368,9538956,13727104
1790582370,10200076,13727104
1790582372,10225648,13727104
1790582374,10296764,13727104
1790582376,9360892,13727104
1790582378,10161588,13727104
1790582380,10178664,13727104
1790582382,10307632,13727104
1790582384,9665148,13727104
1790582386,10182248,13727104
1790582388,10205352,13727104
1790582390,10255512,13727104
1790582392,8682184,13727104
1790582394,8663184,13727104
1790582396,9835756,13727104
1790582398,9942244,13727104
1790582400,9226676,13727104
1790582402,10177408,13727104
1790582404,10217228,13727104
1790582406,10229688,13727104
1790582408,9060500,13727104
1790582410,10187716,13727104
1790582412,10205844,13727104
1790582414,10305992,13727104
1790582416,8997568,13727104
1790582418,10175544,13727104
1790582420,10175252,13727104
1790582422,9128192,13727104
1790582424,8854140,13727104
1790582426,10186700,13727104
1790582428,10208452,13727104
1790582430,8796580,13727104
1790582432,9856292,13727104
1790582434,8677168,13727104
1790582436,9884936,13727104
1790582438,9127168,13727104
1790582440,10185260,13727104
1790582442,10168304,13727104
1790582444,10239936,13727104
1790582446,9509544,13727104
1790582448,10240212,13727104
1790582450,10237956,13727104
1790582452,10328192,13727104
1790582454,9177176,13727104
1790582456,10173720,13727104
1790582458,10193472,13727104
1790582461,10450572,13727104
1790582463,9281204,13727104
1790582465,9630244,13727104
1790582467,10144056,13727104
1790582469,10272020,13727104
1790582471,8631812,13727104
1790582473,8616460,13727104
1790582475,9796676,13727104
1790582477,9911564,13727104
1790582479,9090756,13727104
1790582481,10135060,13727104
1790582483,10241984,13727104
1790582485,10282160,13727104
1790582487,8711660,13727104
1790582489,10149012,13727104
1790582491,10170572,13727104
1790582493,10312044,13727104
1790582495,8923580,13727104
1790582497,10194272,13727104
1790582499,10227328,13727104
1790582501,9362500,13727104
1790582503,9028072,13727104
1790582505,10210960,13727104
1790582507,10209048,13727104
1790582509,8833928,13727104
1790582511,9828480,13727104
1790582513,8915892,13727104
1790582515,9893172,13727104
1790582517,9694708,13727104
1790582519,10206576,13727104
1790582521,10285748,13727104
1790582523,10228416,13727104
1790582525,9810220,13727104
1790582527,10189816,13727104
1790582529,10188068,13727104
1790582531,10236320,13727104
1790582533,9914316,13727104
1790582535,10113748,13727104
1790582537,10184336,13727104
1790582539,10283364,13727104
1790582541,9747660,13727104
1790582543,10172644,13727104
1790582545,10170912,13727104
1790582547,10193188,13727104
1790582549,8661396,13727104
1790582551,8653060,13727104
1790582553,9870364,13727104
1790582555,9188820,13727104
1790582557,8578904,13727104
1790582559,10249196,13727104
1790582561,10354252,13727104
1790582563,9176140,13727104
1790582565,9019168,13727104
1790582567,10248920,13727104
1790582569,10252844,13727104
1790582571,9145252,13727104
1790582573,8988124,13727104
1790582575,10191248,13727104
1790582577,10249884,13727104
1790582579,9156032,13727104
1790582581,9072596,13727104
1790582583,10152512,13727104
1790582585,10208164,13727104
1790582587,8651592,13727104
1790582589,8835176,13727104
1790582591,9809100,13727104
1790582593,9886544,13727104
1790582595,9721280,13727104
1790582597,10088220,13727104
1790582599,10182996,13727104
1790582601,10222784,13727104
1790582603,9815264,13727104
1790582605,10153372,13727104
1790582607,10190676,13727104
1790582609,10231584,13727104
1790582611,9912652,13727104
1790582613,10213124,13727104
1790582615,10206012,13727104
1790582617,10276980,13727104
1790582619,10026092,13727104
1790582621,10198784,13727104
1790582623,10250804,13727104
1790582625,10321028,13727104
1790582627,8692148,13727104
1790582629,8665300,13727104
1790582631,9848552,13727104
1790582633,9163672,13727104
1790582635,8558428,13727104
1790582637,10196000,13727104
1790582639,10255592,13727104
1790582641,9216812,13727104
1790582643,8923552,13727104
1790582645,10151344,13727104
1790582647,10158964,13727104
1790582649,9090944,13727104
1790582651,8934660,13727104
1790582653,10120020,13727104
1790582655,10181676,13727104
1790582657,9127620,13727104
1790582659,8952588,13727104
1790582661,10161484,13727104
1790582663,10157228,13727104
1790582665,8647764,13727104
1790582667,8609804,13727104
1790582669,9790924,13727104
1790582671,9852232,13727104
1790582673,9873160,13727104
1790582675,10066684,13727104
1790582677,10179896,13727104
1790582679,10299156,13727104
1790582681,9974556,13727104
1790582683,10186668,13727104
1790582685,10217220,13727104
1790582687,10261092,13727104
1790582689,9977384,13727104
1790582691,10158972,13727104
1790582693,10183472,13727104
1790582695,10325860,13727104
1790582697,10119432,13727104
1790582699,10227876,13727104
1790582701,10273168,13727104
1790582703,10236984,13727104
1790582705,8629408,13727104
1790582707,8626452,13727104
1790582709,9847464,13727104
1790582711,9120296,13727104
1790582713,8657692,13727104
1790582715,10144176,13727104
1790582717,10226504,13727104
1790582719,9098840,13727104
1790582721,8909868,13727104
1790582723,10121876,13727104
1790582725,10203256,13727104
1790582727,9096860,13727104
1790582729,8935612,13727104
1790582731,10132400,13727104
1790582733,10224884,13727104
1790582735,9163664,13727104
1790582737,9022660,13727104
1790582739,10186824,13727104
1790582741,10216900,13727104
1790582743,8652448,13727104
1790582745,8666744,13727104
1790582747,9855300,13727104
1790582749,9912780,13727104
1790582751,9947568,13727104
1790582753,10179624,13727104
1790582755,10220944,13727104
1790582757,10223708,13727104
1790582759,10018628,13727104
1790582761,10299012,13727104
1790582763,10178852,13727104
1790582765,10298008,13727104
1790582767,9900292,13727104
1790582769,10166660,13727104
1790582771,10162768,13727104
1790582773,10260476,13727104
1790582775,9974112,13727104
1790582777,10188940,13727104
1790582779,10189880,13727104
1790582781,10245824,13727104
1790582783,8619964,13727104
1790582785,8611724,13727104
1790582787,9821068,13727104
1790582789,9106620,13727104
1790582791,8496176,13727104
1790582793,10171932,13727104
1790582795,10271404,13727104
1790582797,9156716,13727104
1790582799,9033692,13727104
1790582801,10214008,13727104
1790582803,10225940,13727104
1790582805,9180140,13727104
1790582807,8998372,13727104
1790582809,10243956,13727104
1790582811,10241416,13727104
1790582813,9167256,13727104
1790582815,9170872,13727104
1790582817,10236444,13727104
1790582819,10234800,13727104
1790582821,8747400,13727104
1790582823,8609100,13727104
1790582825,9780616,13727104
1790582827,9794240,13727104
1790582829,9548500,13727104
1790582831,10144808,13727104
1790582833,10138624,13727104
1790582835,10158504,13727104
1790582837,9872392,13727104
1790582839,10101048,13727104
1790582841,10097724,13727104
1790582843,10200396,13727104
1790582845,9920996,13727104
1790582847,10107536,13727104
1790582849,10105452,13727104
1790582851,10117564,13727104
1790582853,10119512,13727104
1790582855,10165052,13727104
1790582857,10223124,13727104
1790582859,10227592,13727104
1790582861,8689928,13727104
1790582863,8692892,13727104
1790582865,9901576,13727104
1790582867,9179744,13727104
1790582869,8589956,13727104
1790582871,10233644,13727104
1790582873,10232620,13727104
1790582875,9155616,13727104
1790582877,9326140,13727104
1790582879,10159868,13727104
1790582881,10217736,13727104
1790582883,9043216,13727104
1790582885,9236000,13727104
1790582887,10112396,13727104
1790582889,10166968,13727104
1790582891,8944128,13727104
1790582893,9311264,13727104
1790582895,10100708,13727104
1790582897,8851140,13727104
1790582899,7130772,13727104
1790582901,8866432,13727104
1790582903,8562608,13727104
1790582905,8316000,13727104
1790582907,8312392,13727104
1790582909,8286648,13727104
1790582911,8376224,13727104
1790582913,8348432,13727104
1790582915,8445648,13727104
1790582917,9760808,13727104
1790582919,6619540,13727104
1790582921,10458340,13726108
1790582923,8740068,13726108
1790582925,8708464,13726108
1790582927,10001072,13726108
1790582929,10744220,13726108
1790582931,10498892,13726108
1790582933,9833376,13726108
1790582935,10247804,13726108
1790582937,10245392,13726108
1790582939,10293672,13726108
1790582941,9911956,13726108
1790582943,10180360,13726108
1790582945,10177232,13726108
1790582947,10214012,13726108
1790582949,10065448,13726108
1790582951,10190564,13726108
1790582953,10223064,13726108
1790582955,10272736,13726108
1790582957,10280068,13726108
1790582959,10185968,13726108
1790582961,10230948,13726108
1790582963,10192012,13726108
1790582965,8696320,13726108
1790582967,9116532,13726108
1790582969,9891672,13726108
1790582971,9205732,13726108
1790582973,8641744,13726108
1790582975,10320288,13726108
1790582977,10300364,13726108
1790582979,9169244,13726108
1790582981,9028792,13726108
1790582983,10174344,13726108
1790582985,10244252,13726108
1790582987,9168152,13726108
1790582989,9029656,13726108
1790582991,10183456,13726108
1790582993,10249140,13726108
1790582995,9184108,13726108
1790582997,9161804,13726108
1790582999,10220772,13726108
1790583001,10210716,13726108
1790583003,9066212,13726108
1790583005,9000364,13726108
1790583007,9875052,13726108
1790583009,9935072,13726108
1790583011,9923728,13726108
1790583013,10267140,13726108
1790583015,10256524,13726108
1790583017,10295944,13726108
1790583019,10002340,13726108
1790583021,10170808,13726108
1790583023,10179132,13726108
1790583025,10249992,13726108
1790583027,10108396,13726108
1790583029,10131616,13726108
1790583031,10167544,13726108
1790583033,10330804,13726108
1790583035,10164428,13726108
1790583037,10198552,13726108
1790583039,10211028,13726108
1790583041,10344592,13726108
1790583043,8911244,13726168
1790583045,9203784,13726168
1790583047,9949392,13726168
1790583049,9198408,13726188
1790583051,8685172,13726188
1790583053,10259664,13726188
1790583055,10277084,13726188
1790583057,9211296,13726188
1790583059,9048920,13726188
1790583061,10153808,13726188
1790583063,10211456,13726188
1790583065,9137864,13726188
1790583067,8936156,13726188
1790583069,10164216,13726188
1790583071,10207160,13726188
1790583073,9147164,13726188
1790583075,8969260,13726188
1790583077,10150540,13726188
1790583079,10198080,13726188
1790583081,8642812,13726188
1790583083,9542812,13726188
1790583085,8953792,13726188
1790583087,9867296,13726188
1790583089,9581228,13726188
1790583091,10167208,13726188
1790583093,10239896,13726188
1790583095,10255820,13726188
1790583097,9856300,13726188
1790583099,10316664,13726188
1790583101,10324152,13726188
1790583103,10337068,13726188
1790583105,9845908,13726188
1790583107,10293492,13726188
1790583109,10302392,13726188
1790583111,10362076,13726188
1790583113,9911620,13726188
1790583115,10240428,13726188
1790583117,10242340,13726188
1790583119,10298780,13726188
1790583121,8666448,13726188
1790583123,8675700,13726188
1790583125,9875708,13726188
1790583127,9168448,13726188
1790583129,8424204,13726188
1790583131,10189620,13726188
1790583133,10227420,13726188
1790583135,9168352,13726188
1790583137,8875784,13726188
1790583139,10344460,13726188
1790583141,10315116,13726188
1790583143,10370876,13726188
1790583145,9031272,13726188
1790583147,10232184,13726204
1790583149,10319872,13726204
1790583151,10338284,13726204
1790583153,9076924,13726204
1790583155,10201932,13726204
1790583157,10293404,13726204
1790583159,9144440,13726204
1790583161,9858592,13726204
1790583163,8715028,13726204
1790583165,9902896,13726204
1790583167,9070164,13726204
1790583169,10144856,13726204
1790583171,10270476,13726204
1790583173,10325636,13726204
1790583175,9206332,13726204
1790583177,10243552,13726204
1790583179,10237196,13726204
1790583181,10261816,13726204
1790583183,9262600,13726204
1790583185,10133536,13726204
1790583187,10193596,13726204
1790583189,10279084,13726204
1790583191,9511668,13726204
1790583194,10159612,13726204
1790583196,10167848,13726204
1790583198,10222600,13726204
1790583200,8652840,13726204
1790583202,8655164,13726204
1790583204,9842132,13726204
1790583206,9952108,13726204
1790583208,9112612,13726204
1790583210,10203556,13726204
1790583212,10323360,13726204
1790583214,10338832,13726204
1790583216,9201312,13726204
1790583218,10270972,13726204
1790583220,10272792,13726204
1790583222,10365660,13726204
1790583224,9013116,13726204
1790583226,10225300,13726204
1790583228,10239328,13726204
1790583230,10383492,13726204
1790583232,9168984,13726204
1790583234,10264336,13726204
1790583236,10260340,13726204
1790583238,9146936,13726204
1790583240,10022924,13726204
1790583242,8674556,13726204
1790583244,9862528,13726204
1790583246,9044952,13726204
1790583248,9316636,13726204
1790583250,10169892,13726204
1790583252,10255708,13726204
1790583254,9273584,13726204
1790583256,10241060,13726204
1790583258,10252004,13726204
1790583260,10263824,13726204
1790583262,9463012,13726204
1790583264,10163348,13726204
1790583266,10229852,13726204
1790583268,10285824,13726204
1790583270,9803876,13726204
1790583272,10259208,13726204
1790583274,10248428,13726204
1790583276,10296532,13726204
1790583278,8707732,13726204
1790583280,8698876,13726204
1790583282,9883944,13726204
1790583284,9214192,13726204
1790583286,8616868,13726204
1790583288,10259572,13726204
1790583290,10324928,13726204
1790583292,9199764,13726204
1790583294,9027212,13726204
1790583296,10218260,13726204
1790583298,10273548,13726204
1790583300,9268188,13726204
1790583302,9004712,13726204
1790583304,10195360,13726204
1790583306,10250508,13726204
1790583308,9182480,13726204
1790583310,8976828,13726204
1790583312,10256068,13726204
1790583314,10261184,13726204
1790583316,8683992,13726204
1790583318,9172364,13726204
1790583320,9006608,13726204
1790583322,9906536,13726204
1790583324,9609912,13726204
1790583326,10169836,13726204
1790583328,10351712,13726204
1790583330,10359980,13726204
1790583332,9922944,13726204
1790583334,10254576,13726204
1790583336,10256192,13726204
1790583338,10290912,13726204
1790583340,10049500,13726204
1790583342,10195076,13726204
1790583344,10183788,13726204
1790583346,10298396,13726204
1790583348,10258320,13726204
1790583350,10241140,13726204
1790583352,10258688,13726204
1790583354,10255932,13726204
1790583356,8712728,13726204
1790583358,8724084,13726204
1790583360,9975068,13726204
1790583362,9168796,13726204
1790583364,8648544,13726204
1790583366,10132100,13726204
1790583368,10307960,13726204
1790583370,9171216,13726204
1790583372,9027072,13726204
1790583374,10249136,13726204
1790583376,10240288,13726204
1790583378,9129772,13726204
1790583380,8966604,13726204
1790583382,10174536,13726204
1790583384,10206164,13726204
1790583386,9164972,13726204
1790583388,8944984,13726204
1790583390,10202044,13726204
1790583392,10238428,13726204
1790583394,8713700,13726204
1790583396,8708916,13726204
1790583398,9880228,13726204
1790583400,9952584,13726204
1790583402,9913236,13726204
1790583404,10181284,13726204
1790583406,10246384,13726204
1790583408,10384568,13726204
1790583410,10085856,13726204
1790583412,10251984,13726204
1790583414,10271504,13726204
1790583416,10337040,13726204
1790583418,10360472,13726204
1790583420,10308280,13726204
1790583422,10200816,13726204
1790583424,10298108,13726204
1790583426,10258368,13726204
1790583428,10216360,13726204
1790583430,10209348,13726204
1790583432,10280628,13726204
1790583434,8675684,13726204
1790583436,8671088,13726204
1790583438,9857304,13726204
1790583440,9168256,13726204
1790583442,8654976,13726204
1790583444,10169940,13726204
1790583446,10212432,13726204
1790583448,9166080,13726204
1790583450,9326612,13726204
1790583452,10246384,13726204
1790583454,10284056,13726204
1790583456,9202436,13726204
1790583458,9351836,13726204
1790583460,10210956,13726204
1790583462,10215696,13726204
1790583464,9209588,13726204
1790583466,9355752,13726204
1790583468,10220896,13726204
1790583470,10271152,13726204
1790583472,8717068,13726204
1790583474,8688392,13726204
1790583476,9863104,13726204
1790583478,9936588,13726204
1790583480,9918272,13726204
1790583482,10071408,13726204
1790583484,10190244,13726204
1790583486,10252216,13726204
1790583488,10108036,13726204
1790583490,10161140,13726204
1790583492,10174540,13726204
1790583494,10223692,13726204
1790583496,10294968,13726204
1790583498,10144032,13726204
1790583500,10160576,13726228
1790583502,10408660,13726228
1790583504,10393188,13726228
1790583506,10354952,13726228
1790583508,10361256,13726232
1790583510,10386656,13726232
1790583512,8718884,13726232
1790583514,8702404,13726232
1790583516,9949608,13726232
1790583518,9194312,13726232
1790583520,8529264,13726232
1790583522,10237212,13726232
1790583524,10280936,13726232
1790583526,9189152,13726232
1790583528,9075308,13726232
1790583530,10277888,13726232
1790583532,10276656,13726232
1790583534,9192416,13726232
1790583536,9193768,13726232
1790583538,10188600,13726232
1790583540,10349208,13726232
1790583542,9155008,13726232
1790583544,9143476,13726232
1790583546,10184156,13726232
1790583548,10228100,13726232
1790583550,8646136,13726232
1790583552,8821620,13726232
1790583554,10006144,13726232
1790583556,10042000,13726232
1790583558,9908276,13726232
1790583560,10315584,13726232
1790583562,10444660,13726232
1790583564,10480596,13726232
1790583566,10127520,13726232
1790583568,10389968,13726232
1790583570,10397892,13726232
1790583572,10260308,13726232
1790583574,10182152,13726232
1790583576,10248412,13726232
1790583578,10247136,13726232
1790583580,10265992,13726232
1790583582,10330560,13726232
1790583584,10217612,13726232
1790583586,10244988,13726232
1790583588,10342268,13726232
1790583590,8715740,13726232
1790583592,8711344,13726232
1790583594,9880848,13726232
1790583596,9190212,13726232
1790583598,8537264,13726232
1790583600,10319816,13726232
1790583602,10255832,13726232
1790583604,9176268,13726232
1790583606,9024636,13726232
1790583608,10258892,13726232
1790583610,10249712,13726232
1790583612,9162896,13726232
1790583614,9351900,13726232
1790583616,10218728,13726232
1790583618,10220024,13726232
1790583620,9159152,13726232
1790583622,9311884,13726232
1790583624,10192244,13726232
1790583626,10205628,13726232
1790583628,7353136,13726232
1790583630,8854932,13726232
1790583632,8592108,13726232
1790583634,8424920,13726232
1790583636,8369540,13726232
1790583638,8384280,13726232
1790583640,8382624,13726232
1790583642,8309732,13726232
1790583644,8361580,13726232
1790583646,9502336,13726232
1790583648,9321644,13726232
1790583650,10097204,13725028
1790583652,8731664,13725028
1790583654,8698532,13725028
1790583656,9872676,13725036
1790583658,10797608,13725036
1790583660,11138068,13725036
1790583662,9468924,13725036
1790583664,10211420,13725036
1790583666,10216964,13725036
1790583668,10198384,13725036
1790583670,9172956,13725036
1790583672,9670772,13725036
1790583674,10270300,13725036
1790583676,10270984,13725036
1790583678,9274004,13725036
1790583680,9649908,13725036
1790583682,10178072,13725036
1790583684,10340120,13725036
1790583686,9232436,13725036
1790583688,9674196,13725036
1790583690,10207472,13725036
1790583692,10307768,13725036
1790583694,9027404,13725036
1790583696,8701980,13725036
1790583698,9886388,13725036
1790583700,9950224,13725036
1790583702,9148496,13725036
1790583704,10087200,13725036
1790583706,10327004,13725044
1790583708,10307500,13725044
1790583710,9197764,13725044
1790583712,10248860,13725044
1790583714,10322596,13725044
1790583716,10360492,13725044
1790583718,9220920,13725044
1790583720,10352332,13725044
1790583722,10247140,13725044
1790583724,10389868,13725044
1790583726,9185176,13725044
1790583728,10255312,13725044
1790583730,10248760,13725044
1790583732,9228684,13725044
1790583734,9869896,13725044
1790583736,9074764,13725044
1790583738,9876072,13725044
1790583740,8631048,13725044
1790583742,9223260,13725044
1790583744,10199344,13725044
1790583746,10205204,13725044
1790583748,8901452,13725044
1790583750,9681164,13725044
1790583752,10261672,13725044
1790583754,10292840,13725044
1790583756,9079188,13725044
1790583758,9703668,13725044
1790583760,10284848,13725044
1790583762,10370368,13725044
1790583764,8955404,13725044
1790583766,9710480,13725044
1790583768,10262688,13725044
1790583770,10364920,13725044
1790583772,8839652,13725044
1790583774,8796892,13725044
1790583776,9911744,13725044
1790583778,10100260,13725044
1790583780,9252448,13725044
1790583782,10174256,13725044
1790583784,10230788,13725044
1790583786,10263648,13725044
1790583788,9122960,13725044
1790583790,10156356,13725044
1790583792,10213296,13725044
1790583794,10296320,13725044
1790583796,9151076,13725044
1790583798,10138300,13725044
1790583800,10241548,13725044
1790583802,10453012,13725044
1790583804,9145752,13725044
1790583806,10186136,13725044
1790583808,10213836,13725044
1790583810,9308276,13725044
1790583812,9949680,13725044
1790583814,8729588,13725044
1790583816,9915748,13725044
1790583818,8820176,13725044
1790583820,9454836,13725044
1790583822,10303232,13725044
1790583824,10340064,13725044
1790583826,9052360,13725044
1790583828,9691828,13725044
1790583830,10300528,13725044
1790583832,10320728,13725044
1790583834,8996932,13725044
1790583836,9677928,13725044
1790583838,10266440,13725044
1790583840,10438620,13725044
1790583842,9030992,13725044
1790583844,9615564,13725044
1790583846,10152252,13725044
1790583848,10269876,13725044
1790583850,8639624,13725044
1790583852,8642048,13725044
1790583854,9839768,13725044
1790583856,9969584,13725044
1790583858,9095756,13725044
1790583860,10227944,13725044
1790583862,10230804,13725044
1790583864,10303296,13725044
1790583866,9157604,13725044
1790583868,10193672,13725044
1790583870,10206144,13725044
1790583872,10366752,13725044
1790583874,9223712,13725044
1790583876,10269824,13725044
1790583878,10271968,13725044
1790583880,10402132,13725044
1790583882,8694996,13725044
1790583884,10275904,13725044
1790583886,10276756,13725044
1790583888,9241408,13725044
1790583890,9905384,13725044
1790583892,8729144,13725044
1790583894,9945152,13725044
1790583896,9087808,13725044
1790583898,10309752,13725044
1790583900,10388164,13725044
1790583902,10294576,13725044
1790583904,9178996,13725044
1790583906,10237276,13725044
1790583908,10258572,13725044
1790583910,10301124,13725044
1790583912,9357280,13725044
1790583914,10195396,13725044
1790583916,10200680,13725044
1790583919,10304636,13725044
1790583921,9247724,13725044
1790583923,10225612,13725044
1790583925,10233084,13725044
1790583927,10284076,13725044
1790583929,8704708,13725044
1790583931,8706256,13725044
1790583933,9932004,13725044
1790583935,10052036,13725044
1790583937,9183688,13725044
1790583939,10276616,13725044
1790583941,10296588,13725044
1790583943,10342768,13725044
1790583945,9099560,13725044
1790583947,10264412,13725044
1790583949,10238172,13725044
1790583951,10323528,13725044
1790583953,8933024,13725044
1790583955,10200552,13725044
1790583957,10290704,13725044
1790583959,9981912,13725044
1790583961,8994752,13725044
1790583963,10242636,13725044
1790583965,10235980,13725044
1790583967,8705176,13725044
1790583969,9875796,13725044
1790583971,8866752,13725044
1790583973,9936528,13725044
1790583975,9764176,13725044
1790583977,10144288,13725044
1790583979,10222756,13725044
1790583981,10302856,13725044
1790583983,9714568,13725044
1790583985,10241100,13725044
1790583987,10243316,13725044
1790583989,10262236,13725044
1790583991,9900124,13725044
1790583993,10260204,13725044
1790583995,10253220,13725044
1790583997,10289268,13725044
1790583999,10054880,13725044
1790584001,10250068,13725044
1790584003,10252856,13725044
1790584005,10290208,13725044
1790584007,8702780,13725044
1790584009,8689588,13725044
1790584011,9921704,13725044
1790584013,9214224,13725044
1790584015,8784736,13725044
1790584017,10243112,13725044
1790584019,10245824,13725044
1790584021,9300884,13725044
1790584023,9026788,13725044
1790584025,10235248,13725044
1790584027,10206504,13725044
1790584029,9148492,13725044
1790584031,8989952,13725044
1790584033,10196380,13725044
1790584035,10201988,13725044
1790584037,9159768,13725044
1790584039,9029784,13725044
1790584041,10217408,13725044
1790584043,10282900,13725044
1790584045,8699648,13725044
1790584047,8741832,13725044
1790584049,9877728,13725044
1790584051,9877332,13725044
1790584053,9781880,13725044
1790584055,10107620,13725044
1790584057,10253092,13725044
1790584059,10284244,13725044
1790584061,9848296,13725044
1790584063,10251272,13725044
1790584065,10252176,13725044
1790584067,10300924,13725044
1790584069,9955636,13725044
1790584071,10236808,13725044
1790584073,10236412,13725044
1790584075,10298496,13725044
1790584077,10020348,13725044
1790584079,10242452,13725044
1790584081,10297892,13725044
1790584083,10257632,13725044
1790584085,8648076,13725044
1790584087,8629852,13725044
1790584089,9836888,13725044
1790584091,9120284,13725044
1790584093,8399728,13725044
1790584095,10179828,13725044
1790584097,10165956,13725044
1790584099,9131896,13725044
1790584101,8981896,13725044
1790584103,10211460,13725044
1790584105,10253356,13725044
1790584107,9108952,13725044
1790584109,9287640,13725044
1790584111,10185636,13725044
1790584113,10300476,13725044
1790584115,9214216,13725044
1790584117,9379540,13725044
1790584119,10260360,13725044
1790584121,10260860,13725044
1790584123,8742828,13725044
1790584125,8728288,13725044
1790584127,9900264,13725044
1790584129,9968068,13725044
1790584131,10157760,13725044
1790584133,10182320,13725044
1790584135,10182008,13725044
1790584137,10358156,13725044
1790584139,10177324,13725044
1790584141,10268632,13725044
1790584143,10180300,13725044
1790584145,10299920,13725044
1790584147,10253512,13725044
1790584149,10231548,13725044
1790584151,10230912,13725044
1790584153,10319808,13725044
1790584155,10194636,13725044
1790584157,10140168,13725044
1790584159,10248432,13725044
1790584161,7633992,13725044
1790584163,8030732,13725044
1790584165,8770288,13725044
1790584167,8559672,13725044
1790584169,8426840,13725044
1790584171,8481316,13725044
1790584173,8522060,13725108
1790584175,8383652,13725108
1790584177,8452164,13725108
1790584179,8544652,13725108
1790584181,9589748,13725108
1790584183,4967388,13723684
1790584185,8879836,13723684
1790584187,8739440,13723684
1790584189,8738036,13723684
1790584191,9704732,13723684
1790584193,10859588,13723684
1790584195,9190788,13723684
1790584197,8524564,13723684
1790584199,10205876,13723684
1790584201,10310540,13723684
1790584203,9114976,13723684
1790584205,8983256,13723684
1790584207,10111076,13723684
1790584209,10155344,13723684
1790584211,9109020,13723684
1790584213,9001348,13723684
1790584215,10184656,13723684
1790584217,10197584,13723684
1790584219,9153096,13723684
1790584221,9009316,13723684
1790584223,10198024,13723684
1790584225,10201416,13723684
1790584227,8682512,13723684
1790584229,8656016,13723684
1790584231,9828244,13723684
1790584233,9978716,13723684
1790584235,9806040,13723684
1790584237,10237176,13723684
1790584239,10285752,13723688
1790584241,10360280,13723688
1790584243,9990840,13723688
1790584245,10219108,13723688
1790584247,10213404,13723688
1790584249,10279352,13723688
1790584251,10167276,13723688
1790584253,10233416,13723688
1790584255,10234656,13723688
1790584257,10305432,13723688
1790584259,10225696,13723688
1790584261,10275608,13723688
1790584263,10173568,13723688
1790584265,10328212,13723688
1790584267,8698004,13723688
1790584269,8675344,13723688
1790584271,9887052,13723692
1790584273,9167908,13723692
1790584275,8450152,13723692
1790584277,10279524,13723692
1790584279,10275548,13723692
1790584281,9156800,13723692
1790584283,9330952,13723692
1790584285,10220628,13723692
1790584287,10225180,13723692
1790584289,9154728,13723692
1790584291,9278052,13723692
1790584293,10248868,13723692
1790584295,10262132,13723692
1790584297,8994104,13723692
1790584299,9426684,13723692
1790584301,10226996,13723692
1790584303,10235268,13723692
1790584305,8698960,13723692
1790584307,8676804,13723692
1790584309,9847048,13723692
1790584311,9900948,13723692
1790584313,10250100,13723692
1790584315,10129828,13723692
1790584317,10338400,13723692
1790584319,10375296,13723692
1790584321,10004424,13723692
1790584323,10218572,13723692
1790584325,10221144,13723692
1790584327,10232836,13723692
1790584329,10295288,13723692
1790584331,10164320,13723692
1790584333,10158544,13723692
1790584335,10250616,13723692
1790584337,10283316,13723692
1790584339,10165680,13723692
1790584341,10165148,13723692
1790584343,9169696,13723692
1790584345,8646632,13723692
1790584347,8658340,13723692
1790584349,9809696,13723692
1790584351,8814448,13723692
1790584353,9204416,13723692
1790584355,10250452,13723692
1790584357,10329948,13723692
1790584359,9016744,13723692
1790584361,9485228,13723692
1790584363,10259476,13723692
1790584365,10272920,13723692
1790584367,8872848,13723692
1790584369,9621256,13723692
1790584371,10237936,13723692
1790584373,10310108,13723692
1790584375,9064236,13723692
1790584377,9671604,13723692
1790584379,10183732,13723692
1790584381,10231536,13723692
1790584383,8659256,13723692
1790584385,8657948,13723692
1790584387,9830864,13723692
1790584389,9856892,13723692
1790584391,9121860,13723692
1790584393,10194444,13723692
1790584395,10190800,13723692
1790584397,10240244,13723692
1790584399,9137552,13723692
1790584401,10200184,13723692
1790584403,10209792,13723692
1790584405,10243100,13723692
1790584407,9136676,13723692
1790584409,10139360,13723692
1790584411,10204100,13723692
1790584413,10349764,13723692
1790584415,9211284,13723692
1790584417,10261804,13723692
1790584419,10277364,13723692
1790584421,9336108,13723692
1790584423,9446496,13723692
1790584425,9126704,13723692
1790584427,9921352,13723692
1790584429,8694456,13723692
1790584431,9377424,13723692
1790584433,10165880,13723692
1790584435,10330596,13723692
1790584437,8980092,13723692
1790584439,9726932,13723700
1790584441,10199136,13723700
1790584443,10247668,13723700
1790584445,8975652,13723700
1790584447,9648468,13723700
1790584449,10175280,13723700
1790584451,10189348,13723700
1790584453,8957116,13723700
1790584455,9628216,13723700
1790584457,10159008,13723700
1790584459,10228356,13723700
1790584461,9030924,13723700
1790584463,8889172,13723700
1790584465,9824532,13723700
1790584467,9932532,13723700
1790584469,9131892,13723700
1790584471,10280180,13723700
1790584473,10283268,13723700
1790584475,10304640,13723700
1790584477,9202544,13723700
1790584479,10216852,13723712
1790584481,10235060,13723712
1790584483,10364656,13723712
1790584485,9210888,13723712
1790584487,10211344,13723712
1790584489,10217400,13723712
1790584491,10396884,13723712
1790584493,9212152,13723712
1790584495,10240236,13723712
1790584497,10241568,13723712
1790584499,8966364,13723712
1790584501,9125596,13723712
1790584503,8723416,13723712
1790584505,9869504,13723712
1790584507,8863772,13723712
1790584509,9267004,13723712
1790584511,10308344,13723712
1790584513,10308000,13723712
1790584515,8888136,13723712
1790584517,9547700,13723712
1790584519,10264880,13723712
1790584521,10347484,13723712
1790584523,8920920,13723712
1790584525,9702440,13723712
1790584527,10235388,13723712
1790584529,10305452,13723712
1790584531,8983956,13723712
1790584533,9721540,13723712
1790584535,10260260,13723712
1790584537,10262288,13723712
1790584539,8910172,13723712
1790584541,8719992,13723712
1790584543,9907472,13723712
1790584545,10054256,13723712
1790584547,9202836,13723712
1790584549,10184648,13723712
1790584551,10333128,13723712
1790584553,10380604,13723712
1790584555,9209580,13723712
1790584557,10263568,13723712
1790584559,10274144,13723712
1790584561,10329188,13723712
1790584563,9195640,13723712
1790584565,10254216,13723712
1790584567,10269472,13723712
1790584569,10395364,13723712
1790584571,9208136,13723712
1790584573,10304652,13723712
1790584575,10353288,13723712
1790584577,9345136,13723712
1790584579,9885288,13723712
1790584581,8710116,13723712
1790584583,9892828,13723712
1790584585,8814308,13723712
1790584587,9249596,13723712
1790584589,10255784,13723712
1790584591,10347996,13723712
1790584593,9084288,13723712
1790584595,9728420,13723712
1790584597,10279896,13723712
1790584599,10338192,13723712
1790584601,9338356,13723712
1790584603,9705524,13723712
1790584605,10321816,13723712
1790584607,10418416,13723712
1790584609,9223116,13723712
1790584611,10271312,13723712
1790584613,10278648,13723712
1790584615,10312132,13723712
1790584617,8743716,13723712
1790584619,8765556,13723712
1790584621,9934452,13723712
1790584623,9962936,13723712
1790584625,9178236,13723712
1790584627,10231276,13723712
1790584629,10334340,13723712
1790584631,10354880,13723712
1790584633,9118096,13723712
1790584635,10251824,13723712
1790584637,10318900,13723712
1790584639,9309636,13723712
1790584642,8952560,13723712
1790584644,10243688,13723712
1790584646,10308960,13723712
1790584648,9215412,13723712
1790584650,9031604,13723712
1790584652,10264236,13723712
1790584654,10295200,13723712
1790584656,8745908,13723712
1790584658,9740320,13723712
1790584660,9010836,13723712
1790584662,9925412,13723712
1790584664,9719284,13723712
1790584666,10090644,13723712
1790584668,10289336,13723712
1790584670,10317572,13723712
1790584672,9875796,13723712
1790584674,10273416,13723712
1790584676,10282412,13723712
1790584678,10291160,13723712
1790584680,10141836,13723712
1790584682,10188536,13723712
1790584684,10201232,13723712
1790584686,10292360,13723712
1790584688,10034036,13723712
1790584690,10267204,13723712
1790584692,10262520,13723712
1790584694,10314640,13723712
1790584696,8699428,13723712
1790584698,8705860,13723712
1790584700,9883808,13723712
1790584702,9190304,13723712
1790584704,8629772,13723712
1790584706,10221048,13723712
1790584708,10277140,13723712
1790584710,9194484,13723712
1790584712,9304888,13723712
1790584714,10314648,13723712
1790584716,10316612,13723712
1790584718,9213948,13723712
1790584720,9372740,13723712
1790584722,10257604,13723712
1790584724,10324328,13723712
1790584726,9016924,13723712
1790584728,9366152,13723712
1790584730,10279120,13723712
1790584732,10361016,13723712
1790584734,8722084,13723712
1790584736,8710380,13723712
1790584738,9912580,13723712
1790584740,10006300,13723712
1790584742,10072280,13723712
1790584744,10201808,13723712
1790584746,10232188,13723712
1790584748,10299076,13723712
1790584750,10307960,13723712
1790584752,10231780,13723712
1790584754,10230992,13723712
1790584756,10273688,13723712
1790584758,9189188,13723712
1790584760,10203340,13723712
1790584762,10237008,13723712
1790584764,10285604,13723712
1790584766,9165772,13723712
1790584768,10211272,13723712
1790584770,10235260,13723712
1790584772,9110936,13723712
1790584774,8766580,13723712
1790584776,8764484,13723712
1790584778,9982872,13723712
1790584780,8867620,13723712
1790584782,9198372,13723712
1790584784,10331872,13723712
1790584786,10323568,13723712
1790584788,8828596,13723712
1790584790,9592600,13723712
1790584792,10264124,13723712
1790584794,10361764,13723712
1790584796,9064924,13723712
1790584798,9611180,13723712
1790584800,10333248,13723712
1790584802,10311212,13723712
1790584804,8962816,13723712
1790584806,9581904,13723712
1790584808,10221796,13723712
1790584810,7732948,13723712
1790584812,7184008,13723712
1790584814,10119652,13723712
1790584816,8561964,13723712
1790584818,8309492,13723712
1790584820,8421412,13723712
1790584822,8160456,13723712
1790584824,8412804,13723712
1790584826,8470312,13723712
1790584828,8537684,13723712
1790584830,9618052,13723712
1790584832,5923892,13723712
1790584834,10452580,13722292
1790584836,8752588,13722292
1790584838,8737732,13722292
1790584840,10001100,13722292
1790584842,10967804,13722292
1790584844,10518296,13722292
1790584846,10310128,13722292
1790584848,10221248,13722292
1790584850,10263996,13722292
1790584852,10353196,13722292
1790584854,9190132,13722292
1790584856,10327076,13722292
1790584858,10330568,13722292
1790584860,10434912,13722292
1790584862,9189204,13722292
1790584864,10253304,13722292
1790584866,10251660,13722292
1790584868,10282060,13722292
1790584870,9201616,13722292
1790584872,10324064,13722304
1790584874,10313272,13722304
1790584876,9301604,13722304
1790584878,8734752,13722304
1790584880,8732076,13722304
1790584882,9874912,13722304
1790584884,8705552,13722304
1790584886,9163148,13722304
1790584888,10278440,13722304
1790584890,10277740,13722304
1790584892,8915596,13722304
1790584894,9666304,13722304
1790584896,10319008,13722304
1790584898,10324232,13722304
1790584900,9058844,13722304
1790584902,9698824,13722304
1790584904,10286216,13722304
1790584906,10280832,13722304
1790584908,9025560,13722304
1790584910,9679308,13722304
1790584912,10254020,13722304
1790584914,10257744,13722304
1790584916,8715952,13722304
1790584918,8716352,13722304
1790584920,9938916,13722304
1790584922,9943524,13722304
1790584924,9165536,13722304
1790584926,10249748,13722304
1790584928,10249464,13722304
1790584930,10281708,13722304
1790584932,9163952,13722304
1790584934,10235140,13722304
1790584936,10239484,13722304
1790584938,10243804,13722304
1790584940,9160496,13722304
1790584942,10182576,13722304
1790584944,10219444,13722304
1790584946,10367588,13722304
1790584948,8833852,13722304
1790584950,10224204,13722304
1790584952,10294832,13722304
1790584954,8897724,13722304
1790584956,9917596,13722304
1790584958,8746716,13722304
1790584960,9967572,13722304
1790584962,9223648,13722304
1790584964,10355456,13722304
1790584966,10362380,13722304
1790584968,10351860,13722304
1790584970,9589148,13722304
1790584972,10297524,13722312
1790584974,10272540,13722312
1790584976,10275732,13722312
1790584978,10027388,13722312
1790584980,10386340,13722312
1790584982,10242964,13722312
1790584984,10285000,13722312
1790584986,10093512,13722312
1790584988,10260480,13722312
1790584990,10251224,13722312
1790584992,10303280,13722312
1790584994,8735116,13722312
1790584996,8739468,13722312
1790584998,9900616,13722312
1790585000,9210588,13722312
1790585002,8554504,13722312
1790585004,10268624,13722312
1790585006,10317932,13722312
1790585008,9196616,13722312
1790585010,9137780,13722312
1790585012,10277148,13722312
1790585014,10272468,13722312
1790585016,9216948,13722312
1790585018,9389380,13722312
1790585020,10265548,13722312
1790585022,10314908,13722312
1790585024,9254204,13722312
1790585026,9077520,13722312
1790585028,10285620,13722312
1790585030,10325020,13722312
1790585032,8781872,13722312
1790585034,8767220,13722312
1790585036,9935772,13722312
1790585038,9947260,13722312
1790585040,10150244,13722312
1790585042,10188592,13722312
1790585044,10234684,13722312
1790585046,10304348,13722312
1790585048,10095208,13722312
1790585050,10207236,13722312
1790585052,10205448,13722312
1790585054,10318172,13722312
1790585056,10319956,13722312
1790585058,10248172,13722312
1790585060,10240356,13722312
1790585062,10316988,13722312
1790585064,10345940,13722312
1790585066,10209064,13722312
1790585068,10235844,13722312
1790585070,9235648,13722312
1790585072,8783616,13722312
1790585074,8755664,13722312
1790585076,9916984,13722312
1790585078,8869512,13722312
1790585080,9118712,13722312
1790585082,10231052,13722312
1790585084,10262116,13722312
1790585086,9050692,13722312
1790585088,9569140,13722312
1790585090,10264792,13722312
1790585092,10339600,13722312
1790585094,9112236,13722312
1790585096,9761688,13722312
1790585098,10279796,13722312
1790585100,10407296,13722312
1790585102,8918940,13722312
1790585104,9734208,13722312
1790585106,10248908,13722312
1790585108,10232528,13722312
1790585110,8730708,13722312
1790585112,8724872,13722312
1790585114,9870632,13722312
1790585116,9916780,13722312
1790585118,9160072,13722312
1790585120,10086268,13722312
1790585122,10265408,13722312
1790585124,10338280,13722312
1790585126,9186076,13722312
1790585128,10224256,13722312
1790585130,10266744,13722312
1790585132,10403016,13722312
1790585134,9270016,13722312
1790585136,10271328,13722312
1790585138,10305740,13722312
1790585140,10431868,13722312
1790585142,8768388,13722312
1790585144,10335696,13722312
1790585146,10355676,13722312
1790585148,9044792,13722312
1790585150,9949964,13722312
1790585152,9008680,13722312
1790585154,9995476,13722312
1790585156,9100228,13722312
1790585158,10328892,13722312
1790585160,10368336,13722312
1790585162,10255668,13722312
1790585164,9463228,13722312
1790585166,10188716,13722312
1790585168,10296920,13722312
1790585170,10328404,13722312
1790585172,9848052,13722312
1790585174,10182344,13722312
1790585176,10191564,13722312
1790585178,10341288,13722312
1790585180,9927280,13722312
1790585182,10223560,13722312
1790585184,10249716,13722312
1790585186,10314764,13722312
1790585188,9039576,13722312
1790585190,8944864,13722312
1790585192,10000576,13722312
1790585194,9244344,13722312
1790585196,8729036,13722312
1790585198,10320380,13722312
1790585200,10367188,13722312
1790585202,9215384,13722312
1790585204,9092864,13722312
1790585206,10288304,13722312
1790585208,10292864,13722312
1790585210,9224696,13722312
1790585212,9068804,13722312
1790585214,10282556,13722312
1790585216,10373416,13722312
1790585218,9250232,13722312
1790585220,9127844,13722312
1790585222,10205304,13722312
1790585224,10348128,13722312
1790585226,8833964,13722312
1790585228,9876836,13722312
1790585230,8876972,13722312
1790585232,9959812,13722312
1790585234,9663892,13722312
1790585236,10225356,13722312
1790585238,10225900,13722312
1790585240,10272108,13722312
1790585242,9903596,13722312
1790585244,10214800,13722312
1790585246,10260516,13722312
1790585248,10299076,13722312
1790585250,10277672,13722312
1790585252,10258264,13722312
1790585254,10336000,13722312
1790585256,10413976,13722312
1790585258,9238764,13722312
1790585260,10273872,13722312
1790585262,10306156,13722312
1790585264,7503168,13722312
1790585266,8351312,13722312
1790585268,8656824,13722312
1790585270,8597096,13722312
1790585272,8626768,13722312
1790585274,8459892,13722312
1790585276,8528964,13722312
1790585278,8630752,13722312
1790585280,8553216,13722312
1790585282,8878116,13722312
1790585284,9949140,13722312
1790585286,5688724,13720544
1790585288,9152524,13720544
1790585290,9072612,13720544
1790585292,8748856,13720544
1790585294,9869356,13720544
1790585296,11050060,13720544
1790585298,8912760,13720544
1790585300,8942572,13720544
1790585302,10315360,13720544
1790585304,10328704,13720544
1790585306,9189236,13720544
1790585308,9325140,13720544
1790585310,10242276,13720544
1790585312,10353356,13720544
1790585314,9218652,13720544
1790585316,9351292,13720544
1790585318,10250928,13720544
1790585320,10365032,13720544
1790585322,9134168,13720544
1790585324,9403256,13720544
1790585326,10288204,13720544
1790585328,10343108,13720544
1790585330,8777132,13720544
1790585332,8773256,13720544
1790585334,9961476,13720544
1790585336,10112504,13720544
1790585338,10287560,13720544
1790585340,10393888,13720544
1790585342,10267972,13720544
1790585344,10276336,13720544
1790585346,10298384,13720544
1790585348,10208772,13720544
1790585350,10255816,13720544
1790585352,10317564,13720544
1790585354,9207452,13720544
1790585356,10210872,13720544
1790585359,10226728,13720544
1790585361,10375640,13720544
1790585363,9200356,13720544
1790585365,10235092,13720544
1790585367,10239368,13720544
1790585369,8928084,13720544
1790585371,8953116,13720544
1790585373,8738148,13720544
1790585375,9937340,13720544
1790585377,9018376,13720544
1790585379,9284960,13720544
1790585381,10351832,13720544
1790585383,10347336,13720544
1790585385,8931348,13720544
1790585387,9628720,13720544
1790585389,10277380,13720544
1790585391,10331064,13720544
1790585393,9106772,13720544
1790585395,9706016,13720544
1790585397,10277456,13720544
1790585399,10292588,13720544
1790585401,9173272,13720544
1790585403,9521488,13720544
1790585405,10230164,13720544
1790585407,10312732,13720544
1790585409,8729552,13720544
1790585411,8718664,13720544
1790585413,9921248,13720544
1790585415,9965092,13720544
1790585417,9176144,13720544
1790585419,10267188,13720544
1790585421,10268188,13720544
1790585423,10331520,13720544
1790585425,9206204,13720544
1790585427,10207900,13720544
1790585429,10228260,13720544
1790585431,10287028,13720544
1790585433,9266608,13720544
1790585435,10302224,13720544
1790585437,10324436,13720544
1790585439,10394996,13720544
1790585441,9162472,13720544
1790585443,10232364,13720544
1790585445,10298624,13720544
1790585447,9210844,13720544
1790585449,9973808,13720544
1790585451,8728904,13720544
1790585453,9926680,13720544
1790585455,9311036,13720544
1790585457,10130820,13720544
1790585459,10222508,13720544
1790585461,10475732,13720544
1790585463,9552540,13720544
1790585465,10236788,13720544
1790585467,10249760,13720544
1790585469,10274276,13720544
1790585471,9867980,13720544
1790585473,10225464,13720544
1790585475,10247992,13720556
1790585477,10311128,13720556
1790585479,9928068,13720556
1790585481,10311000,13720556
1790585483,10307268,13720556
1790585485,10349036,13720556
1790585487,8737652,13720556
1790585489,8722308,13720556
1790585491,9919852,13720556
1790585493,9237076,13720556
1790585495,8575888,13720556
1790585497,10267924,13720556
1790585499,10330480,13720556
1790585501,9245828,13720556
1790585503,9071856,13720556
1790585505,10251236,13720556
1790585507,10268280,13720556
1790585509,9214560,13720556
1790585511,9069492,13720556
1790585513,10290044,13720556
1790585515,10339844,13720556
1790585517,9230180,13720556
1790585519,9400716,13720556
1790585521,10327860,13720556
1790585523,10229104,13720556
1790585525,8725764,13720556
1790585527,8714040,13720556
1790585529,9879536,13720556
1790585531,9939256,13720556
1790585533,10172884,13720556
1790585535,10304616,13720556
1790585537,10344728,13720556
1790585539,10343944,13720556
1790585541,10323892,13720556
1790585543,10319656,13720556
1790585545,10339312,13720556
1790585547,10339084,13720556
1790585549,9229176,13720556
1790585551,10242744,13720556
1790585553,10269604,13720556
1790585555,10420688,13720556
1790585557,9231404,13720556
1790585559,10284552,13720556
1790585561,10275800,13720556
1790585563,9026208,13720556
1790585565,9797652,13720556
1790585567,8753664,13720556
1790585569,9983612,13720556
1790585571,8801324,13720556
1790585573,9200384,13720556
1790585575,10253100,13720556
1790585577,10322616,13720556
1790585579,8998652,13720556
1790585581,9785252,13720556
1790585583,10254548,13720556
1790585585,10301036,13720556
1790585587,9073844,13720556
1790585589,9641412,13720556
1790585591,10218608,13720556
1790585593,10270396,13720556
1790585595,8992476,13720556
1790585597,9628964,13720556
1790585599,10196900,13720556
1790585601,10271176,13720556
1790585603,8713144,13720556
1790585605,8685640,13720556
1790585607,9934864,13720556
1790585609,10109208,13720556
1790585611,9148520,13720556
1790585613,10340492,13720556
1790585615,10342772,13720556
1790585617,10344256,13720556
1790585619,9238112,13720556
1790585621,10298164,13720556
1790585623,10277908,13720556
1790585625,10345064,13720556
1790585627,8865556,13720556
1790585629,10312200,13720556
1790585631,10411304,13720556
1790585633,10487012,13720556
1790585635,9004576,13720556
1790585637,10268672,13720556
1790585639,10308008,13720556
1790585641,8768524,13720556
1790585643,9840296,13720556
1790585645,8670472,13720556
1790585647,9928960,13720556
1790585649,9262436,13720556
1790585651,10277216,13720556
1790585653,10281244,13720556
1790585655,10280260,13720556
1790585657,9636984,13720568
1790585659,10220740,13720568
1790585661,10226920,13720568
1790585663,10260500,13720568
1790585665,9914304,13720568
1790585667,10199544,13720568
1790585669,10191264,13720568
1790585671,10221084,13720568
1790585673,9985720,13720568
1790585675,10270216,13720568
1790585677,10286236,13720568
1790585679,10342204,13720568
1790585681,8766232,13720568
1790585683,8752500,13720568
1790585685,9965296,13720632
1790585687,9247972,13720632
1790585689,8591444,13720632
1790585691,10268656,13720632
1790585693,10349456,13720632
1790585695,9195048,13720632
1790585697,9092860,13720632
1790585699,10255412,13720632
1790585701,10378212,13720632
1790585703,9161028,13720632
1790585705,9252460,13720632
1790585707,10121448,13720632
1790585709,10229404,13720632
1790585711,8888684,13720632
1790585713,9332316,13720632
1790585715,10185860,13720632
1790585717,10239624,13720632
1790585719,8662940,13720632
1790585721,8653952,13720632
1790585723,9845368,13720632
1790585725,9972616,13720632
1790585727,10295888,13720632
1790585729,10182548,13720632
1790585731,10189340,13720632
1790585733,10354412,13720632
1790585735,9252048,13720632
1790585737,10285828,13720632
1790585739,10327124,13720632
1790585741,10372488,13720632
1790585743,9204308,13720632
1790585745,10255808,13720632
1790585747,10264952,13720632
1790585749,10340072,13720632
1790585751,9233512,13720632
1790585753,10338024,13720632
1790585755,10349148,13720632
1790585757,9397388,13720636
1790585759,9927948,13720636
1790585761,8687036,13720636
1790585763,9859224,13720636
1790585765,8556756,13720636
1790585767,9139752,13720636
1790585769,10129052,13720636
1790585771,10189008,13720636
1790585773,9102972,13720636
1790585775,9668936,13720636
1790585777,10272076,13720636
1790585779,10293940,13720636
1790585781,9247144,13720636
1790585783,9671948,13720636
1790585785,10238448,13720636
1790585787,10266408,13720636
1790585789,9309424,13720636
1790585791,10296496,13720636
1790585793,10273984,13720636
1790585795,10313492,13720636
1790585797,8746512,13720636
1790585799,8721292,13720636
1790585801,9969756,13720636
1790585803,9972044,13720636
1790585805,9087272,13720636
1790585807,10244552,13720636
1790585809,10288780,13720636
1790585811,10338480,13720636
1790585813,9069228,13720636
1790585815,10328584,13720636
1790585817,10325224,13720636
1790585819,9470548,13720636
1790585821,9055756,13720636
1790585823,10218056,13720636
1790585825,10241008,13720636
1790585827,9202072,13720636
1790585829,9066412,13720636
1790585831,10233520,13720636
1790585833,10242084,13720636
1790585835,7407172,13720636
1790585837,8911192,13720636
1790585839,8595320,13720636
1790585841,8466732,13720636
1790585843,8367612,13720636
1790585845,8352828,13720636
1790585847,8384256,13720636
1790585849,8422180,13720636
1790585851,8436812,13720636
1790585853,9684140,13720636
1790585855,13120868,13720636
1790585857,10216104,13719468
1790585859,8867036,13719468
1790585861,9057220,13719468
1790585863,9495400,13719468
1790585865,10956460,13719468
1790585867,11123044,13719468
1790585869,9572556,13719468
1790585871,10238084,13719468
1790585873,10359796,13719468
1790585875,10385832,13719468
1790585877,9905612,13719468
1790585879,10307784,13719468
1790585881,10275064,13719472
1790585883,10327264,13719472
1790585885,9951264,13719472
1790585887,10227224,13719472
1790585889,10223208,13719472
1790585891,10334392,13719472
1790585893,9895372,13719472
1790585895,10249572,13719472
1790585897,10245872,13719472
1790585899,10317348,13719472
1790585901,9110248,13719472
1790585903,8876556,13719472
1790585905,10028392,13719472
1790585907,9130276,13719472
1790585909,8742264,13719472
1790585911,10308812,13719472
1790585913,10308384,13719472
1790585915,9227744,13719472
1790585917,8999284,13719472
1790585919,10274200,13719472
1790585921,10332340,13719472
1790585923,9226052,13719472
1790585925,9361592,13719472
1790585927,10369156,13719472
1790585929,10394212,13719472
1790585931,9261536,13719472
1790585933,9402236,13719472
1790585935,10304860,13719472
1790585937,10319248,13719472
1790585939,9072352,13719472
1790585941,8745780,13719472
1790585943,9931356,13719472
1790585945,10086712,13719472
1790585947,10193360,13719472
1790585949,10336044,13719472
1790585951,10333688,13719472
1790585953,10325200,13719472
1790585955,10277892,13719472
1790585957,10233328,13719472
1790585959,10234884,13719472
1790585961,10333828,13719472
1790585963,9218708,13719472
1790585965,10224356,13719472
1790585967,10254384,13719472
1790585969,10329604,13719472
1790585971,9255376,13719472
1790585973,10262056,13719472
1790585975,10298536,13719472
1790585977,9199516,13719472
1790585979,9952432,13719472
1790585981,8838832,13719472
1790585983,9923040,13719472
1790585985,8865876,13719472
1790585987,9278184,13719472
1790585989,10311296,13719472
1790585991,10316372,13719472
1790585993,8918520,13719472
1790585995,9655792,13719472
1790585997,10296752,13719472
1790585999,10381212,13719472
1790586001,8976296,13719472
1790586003,9665788,13719472
1790586005,10244152,13719472
1790586007,10292928,13719472
1790586009,9166392,13719472
1790586011,9674980,13719472
1790586013,10252876,13719472
1790586015,10309956,13719472
1790586017,8692864,13719472
1790586019,8689820,13719472
1790586021,9897228,13719472
1790586023,10055560,13719472
1790586025,9159992,13719472
1790586027,10277168,13719472
1790586029,10304264,13719472
1790586031,10406436,13719472
1790586033,9190440,13719472
1790586035,10336228,13719472
1790586037,10387428,13719472
1790586039,9242108,13719472
1790586041,9071324,13719476
1790586043,10266352,13719476
1790586045,10316680,13719476
1790586047,9250956,13719476
1790586049,9066028,13719476
1790586051,10352140,13719476
1790586053,10364672,13719476
1790586055,8757000,13719476
1790586057,8750064,13719476
1790586059,9992540,13719476
1790586061,9978004,13719476
1790586063,9782680,13719476
1790586065,10277128,13719476
1790586067,10309964,13719476
1790586069,10318364,13719476
1790586071,10024712,13719476
1790586073,10272240,13719480
1790586075,10275192,13719480
1790586077,10336092,13719480
1790586079,10141644,13719480
1790586082,10262904,13719480
1790586084,10276712,13719480
1790586086,10380568,13719480
1790586088,10112360,13719480
1790586090,10274856,13719480
1790586092,10308824,13719480
1790586094,10395048,13719480
1790586096,8755720,13719480
1790586098,8750904,13719480
1790586100,9948128,13719480
1790586102,9244684,13719480
1790586104,8802680,13719480
1790586106,10163400,13719480
1790586108,10289116,13719480
1790586110,9248364,13719480
1790586112,9379540,13719480
1790586114,10317564,13719480
1790586116,10351736,13719480
1790586118,9067544,13719480
1790586120,9518380,13719480
1790586122,10289092,13719480
1790586124,10325316,13719480
1790586126,8899868,13719480
1790586128,9508636,13719480
1790586130,10281820,13719480
1790586132,10337724,13719480
1790586134,8705536,13719480
1790586136,8692436,13719480
1790586138,9917660,13719480
1790586140,10117884,13719480
1790586142,9318844,13719480
1790586144,10309100,13719480
1790586146,10304056,13719480
1790586148,10306352,13719480
1790586150,9196448,13719480
1790586152,10257116,13719480
1790586154,10293368,13719480
1790586156,10371992,13719480
1790586158,9274024,13719480
1790586160,10295724,13719480
1790586162,10292576,13719480
1790586164,10375076,13719480
1790586166,9247548,13719480
1790586168,10276004,13719480
1790586170,10281384,13719480
1790586172,9310032,13719480
1790586174,9938420,13719480
1790586176,8767952,13719480
1790586178,10011100,13719480
1790586180,9175928,13719480
1790586182,9316424,13719480
1790586184,10285216,13719480
1790586186,10293860,13719480
1790586188,9089460,13719480
1790586190,9661884,13719480
1790586192,10277900,13719480
1790586194,10277440,13719480
1790586196,9278956,13719480
1790586198,9670304,13719480
1790586200,10296040,13719480
1790586202,10355180,13719480
1790586204,9312684,13719480
1790586206,10207312,13719480
1790586208,10251592,13719480
1790586210,10334596,13719480
1790586212,8773684,13719480
1790586214,8767908,13719480
1790586216,10004632,13719480
1790586218,10054004,13719480
1790586220,8941640,13719480
1790586222,10285724,13719480
1790586224,10287164,13719480
1790586226,9243684,13719480
1790586228,9068416,13719480
1790586230,10251092,13719480
1790586232,10322636,13719480
1790586234,9243916,13719480
1790586236,9076552,13719480
1790586238,10316160,13719480
1790586240,10451660,13719480
1790586242,9207220,13719480
1790586244,9015532,13719480
1790586246,10252052,13719480
1790586248,10309304,13719480
1790586250,8716680,13719480
1790586252,8691876,13719480
1790586254,9902972,13719480
1790586256,9905976,13719480
1790586258,10091312,13719480
1790586260,10174200,13719480
1790586262,10265704,13719480
1790586264,10306148,13719480
1790586266,10414988,13719480
1790586268,10257456,13719480
1790586270,10266204,13719480
1790586272,10348456,13719480
1790586274,9229760,13719480
1790586276,10295596,13719480
1790586278,10299532,13719480
1790586280,10366088,13719480
1790586282,9246868,13719480
1790586284,10276348,13719480
1790586286,10305432,13719480
1790586288,7516076,13719480
1790586290,8370216,13719480
1790586292,8858324,13719480
1790586294,8659080,13719480
1790586296,8471196,13719480
1790586298,8528480,13719480
1790586300,8607552,13719480
1790586302,8502832,13719480
1790586304,8459268,13719480
1790586306,8809292,13719480
1790586308,9668356,13719480
1790586310,6493568,13717764
1790586312,9228476,13717764
1790586314,9881752,13717764
1790586316,8719048,13717764
1790586318,9926304,13717764
1790586320,11007120,13717764
1790586322,8822232,13717764
1790586324,9253728,13717764
1790586326,10279944,13717764
1790586328,10321164,13717764
1790586330,8837940,13717764
1790586332,9683840,13717764
1790586334,10363460,13717764
1790586336,10402100,13717764
1790586338,9136596,13717764
1790586340,9717996,13717764
1790586342,10297908,13717764
1790586344,10344044,13717764
1790586346,9091036,13717764
1790586348,9727300,13717764
1790586350,10304416,13717764
1790586352,10330312,13717764
1790586354,8764368,13717764
1790586356,8742532,13717764
1790586358,9957204,13717764
1790586360,10192056,13717764
1790586362,9177996,13717764
1790586364,10272780,13717764
1790586366,10281668,13717764
1790586368,10394536,13717764
1790586370,8983152,13717764
1790586372,10208932,13717764
1790586374,10219216,13717764
1790586376,10283480,13717764
1790586378,9003392,13717764
1790586380,10201548,13717764
1790586382,10245776,13717764
1790586384,9957968,13717764
1790586386,9060744,13717764
1790586388,10237960,13717764
1790586390,10244896,13717764
1790586392,8784096,13717764
1790586394,9937288,13717764
1790586396,8765788,13717764
1790586398,9977196,13717764
1790586400,9267340,13717764
1790586402,10367472,13717764
1790586404,10357916,13717764
1790586406,10358092,13717764
1790586408,9882184,13717764
1790586410,10273628,13717764
1790586412,10311056,13717764
1790586414,10361936,13717764
1790586416,10025416,13717764
1790586418,10252508,13717764
1790586420,10295820,13717764
1790586422,10277496,13717764
1790586424,10075100,13717764
1790586426,10165228,13717764
1790586428,10229772,13717764
1790586430,10268296,13717764
1790586432,8704812,13717764
1790586434,8695448,13717764
1790586436,9899884,13717764
1790586438,9199816,13717764
1790586440,8536712,13717764
1790586442,10223116,13717764
1790586444,10336856,13717764
1790586446,9061980,13717764
1790586448,9471244,13717764
1790586450,10277424,13717764
1790586452,10342620,13717764
1790586454,8952796,13717764
1790586456,9625880,13717764
1790586458,10228704,13717764
1790586460,10323372,13717764
1790586462,8890460,13717764
1790586464,9776444,13717764
1790586466,10298268,13717764
1790586468,10332032,13717764
1790586470,8778748,13717764
1790586472,8763860,13717764
1790586474,9940336,13717764
1790586476,9954896,13717764
1790586478,9195660,13717764
1790586480,10353152,13717764
1790586482,10240856,13717764
1790586484,10277620,13717764
1790586486,9172640,13717764
1790586488,10198548,13717764
1790586490,10205028,13717764
1790586492,10313164,13717764
1790586494,9034820,13717764
1790586496,10168784,13717764
1790586498,10234224,13717764
1790586500,9212764,13717764
1790586502,8982856,13717764
1790586504,10227856,13717764
1790586506,10230236,13717764
1790586508,8724248,13717764
1790586510,9059092,13717764
1790586512,9020112,13717764
1790586514,9970868,13717764
1790586516,9857424,13717764
1790586518,10352332,13717764
1790586520,10358648,13717764
1790586522,10359516,13717764
1790586524,10009588,13717764
1790586526,10272912,13717764
1790586528,10280740,13717764
1790586530,10310880,13717764
1790586532,10235216,13717764
1790586534,10300488,13717764
1790586536,10302196,13717764
1790586538,10341300,13717764
1790586540,10529900,13717764
1790586542,10239832,13717764
1790586544,10242276,13717764
1790586546,9356316,13717764
1790586548,8749328,13717764
1790586550,8744188,13717764
1790586552,9950120,13717764
1790586554,8828604,13717764
1790586556,9014688,13717764
1790586558,10262020,13717764
1790586560,10314968,13717764
1790586562,8876552,13717764
1790586564,9612672,13717764
1790586566,10282432,13717764
1790586568,10302592,13717764
1790586570,8887680,13717764
1790586572,9745448,13717764
1790586574,10277388,13717764
1790586576,10316008,13717764
1790586578,9298804,13717764
1790586580,9733656,13717764
1790586582,10274692,13717764
1790586584,10329056,13717764
1790586586,9070620,13717764
1790586588,9200728,13717764
1790586590,10010144,13717764
1790586592,10077012,13717764
1790586594,8942164,13717764
1790586596,10331404,13717764
1790586598,10361160,13717764
1790586600,9311672,13717764
1790586602,8990292,13717764
1790586604,10303560,13717764
1790586606,10311484,13717764
1790586608,9200612,13717764
1790586610,9070588,13717764
1790586612,10235504,13717764
1790586614,10335576,13717764
1790586616,9212640,13717764
1790586618,9067844,13717764
1790586620,10254664,13717764
1790586622,10284740,13717764
1790586624,9115456,13717764
1790586626,8901204,13717764
1790586628,9891960,13717764
1790586630,10055732,13717764
1790586632,10287816,13717764
1790586634,10316800,13717764
1790586636,10329064,13717764
1790586638,10346292,13717764
1790586640,10385572,13717764
1790586642,10277880,13717764
1790586644,10275828,13717764
1790586646,10337280,13717764
1790586648,9254752,13717764
1790586650,10283272,13717764
1790586652,10296548,13717764
1790586654,10428736,13717772
1790586656,9257904,13717772
1790586658,10282124,13717772
1790586660,10378124,13717772
1790586662,8996376,13717772
1790586664,9803132,13717772
1790586666,8710800,13717772
1790586668,9925608,13717772
1790586670,8780016,13717772
1790586672,9212092,13717772
1790586674,10245160,13717772
1790586676,10318732,13717772
1790586678,9242296,13717772
1790586680,10268132,13717772
1790586682,10273192,13717772
1790586684,10326368,13717772
1790586686,9302600,13717772
1790586688,10230120,13717772
1790586690,10260404,13717772
1790586692,10358068,13717772
1790586694,9570228,13717772
1790586696,10355504,13717772
1790586698,10387364,13717772
1790586700,10395984,13717772
1790586702,8780188,13717772
1790586704,8762460,13717772
1790586706,9990188,13717776
1790586708,9260568,13717776
1790586710,8737276,13717776
1790586712,10336216,13717776
1790586714,10371640,13717776
1790586716,9219492,13717776
1790586718,9113984,13717776
1790586720,10411240,13717776
1790586722,10306184,13717776
1790586724,9213896,13717776
1790586726,9347112,13717776
1790586728,10187224,13717776
1790586730,10297708,13717776
1790586732,8805360,13717776
1790586734,9349868,13717776
1790586736,10248720,13717776
1790586738,10111604,13717776
1790586740,7236260,13717776
1790586742,8908920,13717776
1790586744,8710516,13717776
1790586746,8511108,13717776
1790586748,8409328,13717776
1790586750,8568976,13717776
1790586752,8599228,13717776
1790586754,8720976,13717776
1790586756,8747504,13717776
1790586758,9623272,13717776
1790586760,6536580,13717780
1790586762,10487268,13717024
1790586764,8785204,13717024
1790586766,8781072,13717024
1790586768,10051864,13717024
1790586770,10851636,13717024
1790586772,10580768,13717024
1790586774,10108768,13717024
1790586776,10329068,13717024
1790586778,10369696,13717024
1790586780,10423788,13717024
1790586782,9167156,13717024
1790586784,10216692,13717024
1790586786,10223456,13717024
1790586788,10292296,13717024
1790586790,9206656,13717024
1790586792,10213984,13717024
1790586794,10253788,13717028
1790586796,10330388,13717028
1790586798,9188196,13717028
1790586800,10258584,13717028
1790586803,10257740,13717028
1790586805,9226832,13717028
1790586807,9954868,13717028
1790586809,8718964,13717028
1790586811,9902184,13717028
1790586813,9145592,13717028
1790586815,10244568,13717028
1790586817,10314028,13717028
1790586819,10357280,13717028
1790586821,9980604,13717028
1790586823,10320200,13717028
1790586825,10339452,13717028
1790586827,10364848,13717028
1790586829,10117020,13717028
1790586831,10321392,13717028
1790586833,10363484,13717028
1790586835,10426360,13717028
1790586837,10406084,13717028
1790586839,10242608,13717028
1790586841,10361484,13717028
1790586843,9166028,13717028
1790586845,8733704,13717028
1790586847,8743532,13717028
1790586849,10037708,13717028
1790586851,8876428,13717028
1790586853,9415152,13717028
1790586855,10306092,13717028
1790586857,10304656,13717028
1790586859,8998844,13717028
1790586861,9687640,13717028
1790586863,10256660,13717028
1790586865,10266696,13717028
1790586867,9178644,13717028
1790586869,9692380,13717028
1790586871,10255004,13717028
1790586873,10339560,13717028
1790586875,9369392,13717028
1790586877,10275712,13717028
1790586879,10269008,13717028
1790586881,10341580,13717028
1790586883,8773476,13717028
1790586885,8749748,13717028
1790586887,9922660,13717028
1790586889,9251668,13717028
1790586891,8567708,13717028
1790586893,10321124,13717028
1790586895,10313396,13717028
1790586897,9287344,13717028
1790586899,9118460,13717028
1790586901,10414804,13717028
1790586903,10299960,13717028
1790586905,9209132,13717028
1790586907,9080608,13717028
1790586909,10289552,13717028
1790586911,10283272,13717028
1790586913,9226372,13717028
1790586915,9399720,13717028
1790586917,10354816,13717028
1790586919,10354944,13717028
1790586921,8740008,13717028
1790586923,8740000,13717028
1790586925,9915388,13717028
1790586927,9988376,13717028
1790586929,10277556,13717028
1790586931,10309904,13717028
1790586933,10319680,13717028
1790586935,10336624,13717028
1790586937,9229328,13717028
1790586939,10286184,13717028
1790586941,10291396,13717028
1790586943,10309552,13717028
1790586945,9240976,13717028
1790586947,10282492,13717028
1790586949,10287356,13717028
1790586951,10409304,13717028
1790586953,9100704,13717028
1790586955,10273236,13717028
1790586957,10284844,13717028
1790586959,9161240,13717028
1790586961,10011980,13717028
1790586963,8724028,13717028
1790586965,9942160,13717028
1790586967,9222876,13717028
1790586969,10175756,13717028
1790586971,10287244,13717028
1790586973,10329100,13717028
1790586975,9654700,13717028
1790586977,10259500,13717028
1790586979,10249520,13717028
1790586981,10302896,13717028
1790586983,9933192,13717028
1790586985,10256980,13717028
1790586987,10248752,13717028
1790586989,10308364,13717028
1790586991,10068596,13717028
1790586993,10342588,13717028
1790586995,10350692,13717028
1790586997,10342000,13717028
1790586999,8777060,13717028
1790587001,8788364,13717028
1790587003,9984016,13717028
1790587005,9269996,13717028
1790587007,9107840,13717060
1790587009,10249936,13717060
1790587011,10323992,13717060
1790587013,9088752,13717060
1790587015,9457720,13717060
1790587017,10339724,13717060
1790587019,10393576,13717060
1790587021,9222960,13717060
1790587023,9632596,13717060
1790587025,10291436,13717060
1790587027,10296352,13717060
1790587029,9198200,13717060
1790587031,9692472,13717060
1790587033,10301348,13717060
1790587035,10318688,13717060
1790587037,8739436,13717060
1790587039,8717176,13717060
1790587041,10021196,13717060
1790587043,10157704,13717060
1790587045,9205200,13717060
1790587047,10330756,13717060
1790587049,10331832,13717060
1790587051,10327352,13717060
1790587053,9002396,13717060
1790587055,10321296,13717060
1790587057,10325020,13717060
1790587059,10357528,13717060
1790587061,8993632,13717060
1790587063,10272184,13717060
1790587065,10266524,13717060
1790587067,9268740,13717060
1790587069,9114704,13717060
1790587071,10259568,13717060
1790587073,10367764,13717060
1790587075,8784264,13717060
1790587077,8766624,13717060
1790587079,9934988,13717060
1790587081,10133136,13717060
1790587083,9713236,13717060
1790587085,10299208,13717060
1790587087,10307972,13717060
1790587089,10335576,13717060
1790587091,10176176,13717060
1790587093,10210344,13717060
1790587095,10307396,13717060
1790587097,10369344,13717060
1790587099,9249852,13717060
1790587101,10261376,13717060
1790587103,10261124,13717060
1790587105,10400584,13717060
1790587107,9240024,13717060
1790587109,10317076,13717060
1790587111,10335932,13717060
1790587113,9415316,13717060
1790587115,9954888,13717060
1790587117,8781028,13717060
1790587119,10028836,13717060
1790587121,8834540,13717060
1790587123,9350636,13717060
1790587125,10315264,13717060
1790587127,10349100,13717060
1790587129,9295100,13717060
1790587131,10283188,13717060
1790587133,10324900,13717060
1790587135,10320304,13717060
1790587137,9357828,13717060
1790587139,10281308,13717060
1790587141,10363000,13717060
1790587143,10236076,13717060
1790587145,9622220,13717068
1790587147,10279596,13717068
1790587149,10268312,13717068
1790587151,10342508,13717068
1790587153,8740884,13717068
1790587155,8729660,13717068
1790587157,9917904,13717068
1790587159,9232628,13717068
1790587161,8803404,13717068
1790587163,10326312,13717068
1790587165,10332212,13717068
1790587167,9193560,13717068
1790587169,9228404,13717068
1790587171,10241960,13717068
1790587173,10337672,13717068
1790587175,9262444,13717068
1790587177,9421760,13717068
1790587179,10329412,13717080
1790587181,10344476,13717080
1790587183,9109896,13717080
1790587185,9497652,13717080
1790587187,10308600,13717080
1790587189,7496072,13717080
1790587191,7260792,13717080
1790587193,8929200,13717080
1790587195,8625592,13717080
1790587197,8570316,13717080
1790587199,8454968,13717080
1790587201,8446440,13717080
1790587203,8399660,13717080
1790587205,8432288,13717080
1790587207,8412600,13717080
1790587209,9885280,13717080
1790587211,6275928,13717080
1790587213,10412592,13716136
1790587215,8761172,13716136
1790587217,8731836,13716136
1790587219,10029244,13716136
1790587221,10983916,13716136
1790587223,10546952,13716136
1790587225,9210924,13716136
1790587227,10275204,13716136
1790587229,10373972,13716136
1790587231,10431576,13716136
1790587233,9244064,13716136
1790587235,10300096,13716136
1790587237,10296064,13716136
1790587239,10342804,13716136
1790587241,9229492,13716136
1790587243,10279924,13716136
1790587245,10295600,13716136
1790587247,10360940,13716136
1790587249,9069436,13716136
1790587251,10281084,13716136
1790587253,10299484,13716136
1790587255,8768380,13716136
1790587257,8759644,13716136
1790587259,9314184,13716136
1790587261,9892108,13716136
1790587263,9704216,13716136
1790587265,10304788,13716136
1790587267,10312100,13716136
1790587269,10325140,13716136
1790587271,10094604,13716136
1790587273,10242784,13716136
1790587275,10254136,13716136
1790587277,10265016,13716136
1790587279,10393184,13716136
1790587281,10263688,13716136
1790587283,10280656,13716136
1790587285,10320012,13716136
1790587287,9220984,13716136
1790587289,10263888,13716136
1790587291,10310068,13716136
1790587293,9359652,13716136
1790587295,9508260,13716136
1790587297,9125264,13716136
1790587299,9982152,13716136
1790587301,8820980,13716136
1790587303,9273796,13716136
1790587305,10299416,13716136
1790587307,10353108,13716136
1790587309,9336492,13716136
1790587311,10388804,13716136
1790587313,10389292,13716136
1790587315,10381380,13716136
1790587317,9767952,13716136
1790587319,10289104,13716136
1790587321,10260380,13716136
1790587323,10335924,13716136
1790587325,9913648,13716136
1790587327,10242236,13716136
1790587329,10263272,13716136
1790587331,10298688,13716136
1790587333,9239064,13716136
1790587335,8921472,13716136
1790587337,9925192,13716136
1790587339,9208228,13716136
1790587341,8662084,13716136
1790587343,10315660,13716136
1790587345,10308336,13716136
1790587347,9177280,13716136
1790587349,9082944,13716136
1790587351,10277588,13716136
1790587353,10388284,13716136
1790587355,8783932,13716136
1790587357,9388684,13716136
1790587359,10266208,13716136
1790587361,10353224,13716136
1790587363,9005792,13716136
1790587365,9682008,13716136
1790587367,10318124,13716136
1790587369,10327360,13716136
1790587371,9243452,13716136
1790587373,8773660,13716136
1790587375,9940692,13716136
1790587377,10021060,13716136
1790587379,9226588,13716136
1790587381,10207004,13716136
1790587383,10250332,13716136
1790587385,10311548,13716136
1790587387,9209664,13716136
1790587389,10248524,13716136
1790587391,10260068,13716136
1790587393,10360296,13716136
1790587395,9103600,13716136
1790587397,10237344,13716136
1790587399,10291568,13716136
1790587401,9859316,13716136
1790587403,9021364,13716136
1790587405,10339300,13716136
1790587407,10345332,13716136
1790587409,8831592,13716136
1790587411,9960244,13716136
1790587413,9009100,13716136
1790587415,9995068,13716136
1790587417,9622192,13716136
1790587419,10243572,13716136
1790587421,10316628,13716136
1790587423,10340400,13716136
1790587425,9989848,13716136
1790587427,10309168,13716136
1790587429,10312256,13716136
1790587431,10340812,13716136
1790587433,10170336,13716136
1790587435,10230300,13716136
1790587437,10268632,13716136
1790587439,10369468,13716136
1790587441,10351116,13716136
1790587443,10224368,13716136
1790587445,10220440,13716136
1790587447,9223328,13716136
1790587449,8714692,13716136
1790587451,8702688,13716136
1790587453,9935768,13716136
1790587455,9082092,13716136
1790587457,9332924,13716136
1790587459,10281140,13716136
1790587461,10269680,13716136
1790587463,8991240,13716136
1790587465,9656988,13716136
1790587467,10220340,13716136
1790587469,10341620,13716136
1790587471,9041260,13716136
1790587473,9752752,13716136
1790587475,10284836,13716136
1790587477,10423248,13716136
1790587479,9271116,13716136
1790587481,10269636,13716136
1790587483,10277536,13716136
1790587485,10344464,13716136
1790587487,8742236,13716136
1790587489,8753392,13716136
1790587491,9959416,13716136
1790587493,9985108,13716136
1790587495,8751576,13716136
1790587497,10192296,13716136
1790587499,10363868,13716136
1790587501,9239268,13716136
1790587503,9088524,13716136
1790587505,10364932,13716136
1790587507,10356360,13716136
1790587509,9191096,13716136
1790587511,9106980,13716136
1790587513,10274036,13716136
1790587515,10307452,13716136
1790587517,9223840,13716136
1790587519,9373224,13716136
1790587522,10234892,13716136
1790587524,10388500,13716136
1790587526,8726104,13716136
1790587528,8720272,13716136
1790587530,9915696,13716136
1790587532,9996576,13716136
1790587534,9224064,13716136
1790587536,10308040,13716136
1790587538,10313632,13716136
1790587540,10310036,13716136
1790587542,9243964,13716136
1790587544,10298668,13716136
1790587546,10292292,13716136
1790587548,10350172,13716136
1790587550,9123264,13716136
1790587552,10296876,13716136
1790587554,10324868,13716136
1790587556,9244732,13716136
1790587558,9018448,13716136
1790587560,10382952,13716136
1790587562,10267008,13716136
1790587564,8743388,13716136
1790587566,9678568,13716136
1790587568,8976736,13716136
1790587570,9896800,13716136
1790587572,9693840,13716136
1790587574,10128888,13716136
1790587576,10247896,13716136
1790587578,10319456,13716136
1790587580,9982196,13716136
1790587582,10313944,13716136
1790587584,10299524,13716136
1790587586,10319476,13716136
1790587588,10372652,13716136
1790587590,10256644,13716136
1790587592,10301984,13716136
1790587594,10375580,13716136
1790587596,9253696,13716136
1790587598,10276716,13716136
1790587600,10342872,13716136
1790587602,9352256,13716136
1790587604,9170376,13716136
1790587606,8770472,13716136
1790587608,9959448,13716136
1790587610,9034200,13716136
1790587612,9525444,13716136
1790587614,10351288,13716136
1790587616,10347316,13716136
1790587618,9284944,13716136
1790587620,10291616,13716136
1790587622,10185592,13716136
1790587624,10208168,13716136
1790587626,9538620,13716136
1790587628,10238336,13716136
1790587630,10254288,13716136
1790587632,10262960,13716136
1790587634,9891076,13716136
1790587636,10228544,13716136
1790587638,10222996,13716136
1790587640,10316348,13716136
1790587642,8698708,13716136
1790587644,8687104,13716136
1790587646,9886876,13716136
1790587648,9182260,13716136
1790587650,8442280,13716136
1790587652,10152060,13716144
1790587654,10342428,13716144
1790587656,8991044,13716144
1790587658,9416148,13716144
1790587660,10368984,13716144
1790587662,10372136,13716144
1790587664,9216736,13716144
1790587666,9642144,13716144
1790587668,10306268,13716144
1790587670,10364484,13716144
1790587672,9130428,13716144
1790587674,9703968,13716144
1790587676,10329876,13716144
1790587678,7833596,13716144
1790587680,7346660,13716144
1790587682,10025300,13716144
1790587684,8689444,13716144
1790587686,8560772,13716144
1790587688,8498476,13716144
1790587690,8474900,13716144
1790587692,8544748,13716144
1790587694,8528528,13716144
1790587696,8598052,13716144
1790587698,9516784,13716144
1790587700,5184464,13716144
1790587702,10472044,13714808
1790587704,8777864,13714808
1790587706,8757724,13714808
1790587708,9310272,13714808
1790587710,10969112,13714808
1790587712,10580600,13714808
1790587714,9233008,13714808
1790587716,10375928,13714808
1790587718,10438652,13714808
1790587720,10417548,13714808
1790587722,8978020,13714808
1790587724,10346604,13714808
1790587726,10344336,13714808
1790587728,9259256,13714808
1790587730,9109436,13714808
1790587732,10259612,13714808
1790587734,10308852,13714808
1790587736,9257612,13714808
1790587738,9100572,13714808
1790587740,10405596,13714808
1790587742,10274844,13714808
1790587744,8734340,13714808
1790587746,8715472,13714812
1790587748,9864368,13714812
1790587750,9944624,13714812
1790587752,10028096,13714888
1790587754,10178288,13714888
1790587756,10290808,13714892
1790587758,10327844,13714896
1790587760,10136216,13714896
1790587762,10308352,13714896
1790587764,10307084,13714896
1790587766,10317860,13714900
1790587768,9238648,13714900
1790587770,10247668,13714900
1790587772,10272588,13714900
1790587774,10399892,13714900
1790587776,9258380,13714900
1790587778,10302604,13714900
1790587780,10299440,13714900
1790587782,9160860,13714900
1790587784,9910536,13714900
1790587786,8758236,13714900
1790587788,9952388,13714900
1790587790,9238548,13714900
1790587792,10273272,13714900
1790587794,10309280,13714900
1790587796,10318552,13714900
1790587798,9940472,13714900
1790587800,10258136,13714900
1790587802,10164696,13714900
1790587804,10267368,13714900
1790587806,9934272,13714900
1790587808,10230332,13714900
1790587810,10245132,13714900
1790587812,10267384,13714900
1790587814,10345040,13714900
1790587816,10225452,13714900
1790587818,10237324,13714900
1790587820,9471916,13714900
1790587822,8705988,13714900
1790587824,8712860,13714900
1790587826,9894428,13714900
1790587828,8822180,13714900
1790587830,9209280,13714900
1790587832,10296880,13714900
1790587834,10295564,13714900
1790587836,8904104,13714900
1790587838,9752520,13714900
1790587840,10342080,13714900
1790587842,10322836,13714900
1790587844,9229416,13714900
1790587846,9666140,13715684
1790587848,10269508,13715744
1790587850,10401860,13715744
1790587852,9352292,13715760
1790587854,10339320,13715760
1790587856,10340864,13715828
1790587858,10347016,13716024
1790587860,8717064,13716032
1790587862,8599740,13716032
1790587864,9791592,13716032
1790587866,9824916,13716032
1790587868,8352396,13716032
1790587870,10170004,13716032
1790587872,10166684,13716032
1790587874,9063692,13716032
1790587876,8943296,13716036
1790587878,10171772,13716036
1790587880,10177244,13716072
1790587882,9093524,13716072
1790587884,8903208,13716072
1790587886,10121716,13716072
1790587888,10111160,13716072
1790587890,9045656,13716072
1790587892,9326276,13716072
1790587894,10180732,13716072
1790587896,10235416,13716528
1790587898,8695460,13716656
1790587900,8679464,13716676
1790587902,9843916,13716676
1790587904,9916688,13716676
1790587906,9340876,13719916
1790587908,10085128,13720036
1790587910,10169832,13720036
1790587912,10332392,13720044
1790587914,9156244,13720044
1790587916,10228000,13720044
1790587918,10220212,13720044
1790587920,10355620,13720044
1790587922,9160160,13720044
1790587924,10240092,13720044
1790587926,10251864,13720044
1790587928,10303568,13720044
1790587930,8930120,13721204
1790587932,10182280,13721236
1790587934,10183008,13721236
1790587936,8802552,13721236
1790587938,9820212,13721236
1790587940,8658612,13721236
1790587942,9933136,13721236
1790587944,9012400,13721236
1790587946,10263460,13721236
1790587948,10265752,13721252
1790587950,10267492,13721252
1790587952,9851036,13721252
1790587954,10253616,13721252
1790587956,10255476,13721252
1790587958,10241380,13721252
1790587960,10072644,13721252
1790587962,10195652,13721252
1790587964,10266116,13721252
1790587966,10308196,13721252
1790587968,10322780,13721252
1790587970,10246980,13721252
1790587972,10242488,13721252
1790587974,9253692,13721252
1790587976,8697716,13721252
1790587978,8704840,13721252
1790587980,9947440,13721252
1790587982,9010476,13721252
1790587984,8830300,13721268
1790587986,10141016,13721268
1790587988,10169028,13721268
1790587990,8826064,13721268
1790587992,9680488,13721268
1790587994,10198372,13721268
1790587996,10209508,13721268
1790587998,8789868,13721268
1790588000,9650064,13721268
1790588002,10245700,13721268
1790588004,10241588,13721268
1790588006,9285996,13721268
1790588008,10199468,13721268
1790588010,10199356,13721268
1790588012,10302656,13721268
1790588014,8877356,13721268
1790588016,8697092,13721268
1790588018,9966508,13721268
1790588020,9174356,13721268
1790588022,8509908,13721268
1790588024,10273708,13721268
1790588026,10276880,13721268
1790588028,9148112,13721268
1790588030,9054140,13721268
1790588032,10258528,13721268
1790588034,10240832,13721268
1790588036,9187704,13721276
1790588038,9332804,13721276
1790588040,10309004,13721276
1790588042,10241400,13721276
1790588044,8883448,13721276
1790588046,9563352,13721276
1790588048,10203788,13721276
1790588050,10243524,13721276
1790588052,9155020,13721276
1790588054,8836060,13721276
1790588056,9868040,13721276
1790588058,9885272,13721276
1790588060,9139724,13721276
1790588062,10182848,13721276
1790588064,10267488,13721276
1790588066,10319940,13721276
1790588068,9008380,13721276
1790588070,10192308,13721276
1790588072,10228920,13721276
1790588074,9182560,13721276
1790588076,9044120,13721276
1790588078,10250676,13721276
1790588080,10269612,13721276
1790588082,9197008,13721276
1790588084,9059580,13721276
1790588086,10255488,13721276
1790588088,10280476,13721276
1790588090,9154036,13721276
1790588092,8717196,13721276
1790588094,9898960,13721276
1790588096,10194480,13721276
1790588098,9968844,13721276
1790588100,10358460,13721276
1790588102,10236848,13721276
1790588104,10261108,13721276
1790588106,10298796,13721276
1790588108,10188400,13721276
1790588110,10180008,13721276
1790588112,10257816,13721276
1790588114,9175364,13721276
1790588116,10199612,13721276
1790588118,10209920,13721276
1790588120,10327300,13721276
1790588122,9147632,13721276
1790588124,10202560,13721276
1790588126,10217016,13721276
1790588128,7772992,13721276
1790588130,8717592,13721276
1790588132,8523268,13721276
1790588134,8512276,13721276
1790588136,8483972,13721524
1790588138,8520336,13721524
1790588140,8546652,13721528
1790588142,8528836,13721528
1790588144,8547352,13721528
1790588146,9060496,13721528
1790588148,11968200,13721528
1790588150,11204508,13720552
1790588152,8949936,13720560
1790588154,9715804,13720560
1790588156,9020244,13720560
1790588158,10635632,13720560
1790588160,10940448,13720560
1790588162,8751416,13720560
1790588164,10070704,13720560
1790588166,10205780,13720560
1790588168,10202228,13720560
1790588170,9206956,13720560
1790588172,10167088,13720560
1790588174,10172740,13720560
1790588176,10241812,13720560
1790588178,9888728,13720560
1790588180,10193044,13720560
1790588182,10209132,13720560
1790588184,10361508,13720560
1790588186,10379888,13720560
1790588188,10179604,13720560
1790588190,10190252,13720560
1790588192,8987584,13720560
1790588194,8973948,13720560
1790588196,8723820,13720560
1790588198,9913728,13720560
1790588200,9061436,13720560
1790588202,9300020,13720560
1790588204,10291740,13720560
1790588206,10321552,13720560
1790588208,9098236,13720560
1790588210,9765528,13720560
1790588212,10238124,13720560
1790588214,10262128,13720560
1790588216,9228112,13720560
1790588218,10195080,13720560
1790588220,10355516,13720560
1790588222,10266324,13720560
1790588224,9809032,13720560
1790588226,10214832,13720560
1790588228,10221816,13720560
1790588230,10229556,13720560
1790588232,8693032,13720560
1790588234,8688580,13720560
1790588236,9883600,13720560
1790588238,9189012,13720560
1790588241,8711148,13720560
1790588243,10207696,13720560
1790588245,10236348,13720560
1790588247,9188000,13720560
1790588249,9335488,13720560
1790588251,10241520,13720560
1790588253,10310528,13720560
1790588255,9143692,13720560
1790588257,9429112,13720560
1790588259,10227848,13720560
1790588261,10257420,13720560
1790588263,8985936,13720560
1790588265,9650104,13720560
1790588267,10220508,13720560
1790588269,10262572,13720560
1790588271,8724080,13720560
1790588273,8724472,13720560
1790588275,9927560,13720560
1790588277,9950980,13720560
1790588279,9191336,13720560
1790588281,10266720,13720560
1790588283,10194388,13720560
1790588285,10316988,13720560
1790588287,9178524,13720560
1790588289,10213048,13720560
1790588291,10228148,13720560
1790588293,10183012,13720560
1790588295,8897512,13720560
1790588297,10162156,13720560
1790588299,10212248,13720560
1790588301,9161008,13720560
1790588303,9000324,13720560
1790588305,10200712,13720560
1790588307,10206896,13720560
1790588309,8656352,13720560
1790588311,8646704,13720560
1790588313,9856232,13720560
1790588315,9933696,13720560
1790588317,9891268,13720560
1790588319,10170124,13720560
1790588321,10190216,13720560
1790588323,10321772,13720560
1790588325,10277552,13720560
1790588327,10250560,13720560
1790588329,10289784,13720560
1790588331,10304944,13720560
1790588333,9220192,13720560
1790588335,10259588,13720560
1790588337,10327508,13720560
1790588339,10407320,13720560
1790588341,9301372,13720560
1790588343,10231000,13720560
1790588345,10244872,13720560
1790588347,9158152,13720560
1790588349,9889376,13720560
1790588351,8684072,13720560
1790588353,9968348,13720560
1790588355,9173436,13720560
1790588357,10175600,13720560
1790588359,10241568,13720560
1790588361,10243596,13720560
1790588363,9824628,13720560
1790588365,10245556,13720560
1790588367,10240600,13720560
1790588369,10274684,13720560
1790588371,9920788,13720560
1790588373,10152184,13720560
1790588375,10214464,13720560
1790588377,10436192,13720560
1790588379,10425992,13720560
1790588381,10276584,13720560
1790588383,10299676,13720560
1790588385,9328464,13720560
1790588387,8997704,13720560
1790588389,8731628,13720560
1790588391,10031188,13720560
1790588393,9000696,13720560
1790588395,9353344,13720560
1790588397,10259372,13720560
1790588399,10258884,13720560
1790588401,9312536,13720560
1790588403,10247192,13720560
1790588405,10242508,13720560
1790588407,10241900,13720560
1790588409,9764284,13720560
1790588411,10227956,13720560
1790588413,10229148,13720560
1790588415,10314512,13720560
1790588417,10063924,13720560
1790588419,10187392,13720560
1790588421,10195556,13720560
1790588423,10217288,13720560
1790588425,8705844,13720560
1790588427,8704816,13720560
1790588429,9910648,13720560
1790588431,9182640,13720560
1790588433,9006268,13720560
1790588435,10212124,13720560
1790588437,10354756,13720564
1790588439,8852296,13720564
1790588441,9588872,13720564
1790588443,10262484,13720564
1790588445,10315672,13720564
1790588447,9170552,13720564
1790588449,9666220,13720564
1790588451,10242720,13720564
1790588453,10284360,13720564
1790588455,9249136,13720564
1790588457,10232536,13720564
1790588459,10260920,13720564
1790588461,10430416,13720564
1790588463,8684812,13720564
1790588465,8683308,13720564
1790588467,9872192,13720564
1790588469,9179112,13720564
1790588471,8599980,13720564
1790588473,10239580,13720564
1790588475,10249196,13720600
1790588477,9179560,13720600
1790588479,9368176,13720600
1790588481,10250224,13720600
1790588483,10250156,13720600
1790588485,9062400,13720664
1790588487,9425208,13720664
1790588489,10208120,13720664
1790588491,10247052,13720664
1790588493,8680112,13720664
1790588495,9726232,13720664
1790588497,10312452,13720664
1790588499,10319384,13720664
1790588501,8734136,13720664
1790588503,8730088,13720664
1790588505,9944664,13720664
1790588507,10022524,13720664
1790588509,9201668,13720664
1790588511,10286708,13720664
1790588513,10286320,13720664
1790588515,10347876,13720664
1790588517,9148948,13720664
1790588519,10248452,13720664
1790588521,10318984,13720664
1790588523,9131912,13720664
1790588525,9016712,13720664
1790588527,10199112,13720664
1790588529,10174320,13720664
1790588531,9123168,13720664
1790588533,9076140,13720664
1790588535,10182044,13720664
1790588537,10194004,13720664
1790588539,8679036,13720664
1790588541,8686292,13720664
1790588543,9872220,13720664
1790588545,9906580,13720664
1790588547,10141548,13720664
1790588549,10064912,13720664
1790588551,10227796,13720664
1790588553,10331948,13720664
1790588555,9224848,13720664
1790588557,10273244,13720664
1790588559,10260232,13720664
1790588561,10308600,13720664
1790588563,9229592,13720664
1790588565,10331272,13720664
1790588567,10323968,13720664
1790588569,10371780,13720664
1790588571,9167516,13720664
1790588573,10275940,13720664
1790588575,10317444,13720664
1790588577,7369508,13720664
1790588579,8919576,13720664
1790588581,8742944,13720664
1790588583,8431348,13720664
1790588585,8407316,13720664
1790588587,8341648,13720664
1790588589,8390996,13720664
1790588591,8433296,13720664
1790588593,8298776,13720664
1790588595,9700664,13720664
1790588597,12345804,13720664
1790588599,10257512,13719232
1790588601,8731360,13719232
1790588603,8694832,13719232
1790588605,9883572,13719232
1790588607,10748856,13719232
1790588609,10537900,13719232
1790588611,9852260,13719232
1790588613,10270440,13719232
1790588615,10331804,13719232
1790588617,10335884,13719232
1790588619,10068644,13719232
1790588621,10244560,13719232
1790588623,10281976,13719232
1790588625,10349352,13719232
1790588627,9226672,13719232
1790588629,10234424,13719232
1790588631,10236884,13719232
1790588633,10313128,13719232
1790588635,9235968,13719232
1790588637,10271536,13719232
1790588639,10283680,13719232
1790588641,9271244,13719232
1790588643,9892792,13719232
1790588645,8678688,13719244
1790588647,9924368,13719244
1790588649,8623532,13719244
1790588651,9199200,13719244
1790588653,10257268,13719244
1790588655,10242276,13719244
1790588657,9256032,13719244
1790588659,10234844,13719244
1790588661,10223016,13719244
1790588663,10245120,13719244
1790588665,9913980,13719244
1790588667,10195324,13719244
1790588669,10181008,13719244
1790588671,10295588,13719244
1790588673,10348688,13719244
1790588675,10283528,13719244
1790588677,10281644,13719244
1790588679,9245604,13719244
1790588681,8741804,13719244
1790588683,8741476,13719244
1790588685,9934288,13719244
1790588687,8926492,13719244
1790588689,9292840,13719244
1790588691,10309284,13719244
1790588693,10309596,13719244
1790588695,8933840,13719244
1790588697,9724588,13719244
1790588699,10263184,13719244
1790588701,10226652,13719244
1790588703,8956584,13719244
1790588705,9678824,13719244
1790588707,10211464,13719244
1790588709,10340504,13719244
1790588711,9196320,13719244
1790588713,10244764,13719244
1790588715,10248952,13719244
1790588717,10253916,13719244
1790588719,8704404,13719244
1790588721,8860304,13719244
1790588723,9868844,13719244
1790588725,9165804,13719248
1790588727,8490888,13719248
1790588729,10222840,13719248
1790588731,10284880,13719248
1790588733,9186704,13719248
1790588735,9390712,13719248
1790588737,10284840,13719248
1790588739,10283380,13719248
1790588741,8795528,13719248
1790588743,9710908,13719248
1790588745,10267864,13719248
1790588747,10369924,13719248
1790588749,8988888,13719248
1790588751,9743168,13719248
1790588753,10274336,13719248
1790588755,10309576,13719248
1790588757,9159228,13719248
1790588759,9159024,13719248
1790588761,9872108,13719248
1790588763,9893892,13719248
1790588765,9144384,13719248
1790588767,10234848,13719248
1790588769,10290600,13719248
1790588771,9180456,13719248
1790588773,9062384,13719248
1790588775,10294140,13719248
1790588777,10288936,13719248
1790588779,9181676,13719248
1790588781,9336816,13719248
1790588783,10221172,13719248
1790588785,10268432,13719248
1790588787,9040372,13719248
1790588789,9283108,13719248
1790588791,10264044,13719248
1790588793,10293680,13719252
1790588795,9079820,13719252
1790588797,8759056,13719252
1790588799,9945604,13719252
1790588801,10006216,13719252
1790588803,9197788,13719252
1790588805,10212820,13719268
1790588807,10318056,13719268
1790588809,10372064,13719268
1790588811,9235828,13719268
1790588813,10260940,13719268
1790588815,10319120,13719268
1790588817,10356404,13719268
1790588819,9152668,13719268
1790588821,10189820,13719268
1790588823,10224000,13719268
1790588825,9152588,13719268
1790588827,8948396,13719268
1790588829,10268568,13719268
1790588831,10258108,13719268
1790588833,8765036,13719268
1790588835,8791856,13719268
1790588837,9409828,13719268
1790588839,10004088,13719268
1790588841,9794888,13719268
1790588843,10278208,13719268
1790588845,10280084,13719268
1790588847,10274940,13719268
1790588849,10345716,13719268
1790588851,10301668,13719268
1790588853,10292688,13719268
1790588855,10337424,13719268
1790588857,9224036,13719268
1790588859,10263828,13719268
1790588861,10255760,13719268
1790588863,10380552,13719268
1790588865,9208356,13719268
1790588867,10237580,13719268
1790588869,10270748,13719268
1790588871,9315396,13719268
1790588873,9925676,13719268
1790588875,8735508,13719268
1790588877,9927652,13719268
1790588879,9117176,13719268
1790588881,10238220,13719268
1790588883,10267500,13719268
1790588885,10299004,13719268
1790588887,9738508,13719268
1790588889,10333068,13719268
1790588891,10343532,13719268
1790588893,10339308,13719268
1790588895,10123188,13719268
1790588897,10240020,13719268
1790588899,10231908,13719268
1790588901,10326456,13719268
1790588903,10392808,13719268
1790588905,10247312,13719268
1790588907,10254636,13719268
1790588909,9297100,13719268
1790588911,8744952,13719268
1790588913,8730516,13719268
1790588915,9925780,13719268
1790588917,8949996,13719268
1790588919,9295752,13719268
1790588921,10240488,13719268
1790588923,10274744,13719268
1790588925,9112652,13719268
1790588927,10288088,13719268
1790588929,10291408,13719268
1790588931,10325536,13719268
1790588933,9395536,13719268
1790588935,10230584,13719268
1790588937,10256292,13719268
1790588939,10380124,13719268
1790588941,9941644,13719268
1790588943,10318736,13719268
1790588945,10320380,13719268
1790588947,10334620,13719268
1790588949,8697512,13719268
1790588951,8694604,13719268
1790588953,9911248,13719268
1790588955,9170212,13719268
1790588958,8867552,13719268
1790588960,10303804,13719268
1790588962,10303836,13719268
1790588964,8819908,13719268
1790588966,9664864,13719268
1790588968,10226436,13719268
1790588970,10229040,13719268
1790588972,9141200,13719268
1790588974,9690408,13719268
1790588976,10254624,13719268
1790588978,10283228,13719268
1790588980,9139316,13719268
1790588982,10213144,13719268
1790588984,10224276,13719268
1790588986,7504028,13719268
1790588988,7242848,13719268
1790588990,8879856,13719268
1790588992,8616372,13719268
1790588994,8548640,13719268
1790588996,8614088,13719268
1790588998,8381364,13719268
1790589000,8814140,13719268
1790589002,8533012,13719268
1790589004,8848512,13719268
1790589006,9837100,13719268
1790589008,3278944,13719268
1790589010,9318376,13718132
1790589012,8707868,13718132
1790589014,8708256,13718132
1790589016,9830608,13718132
1790589018,10837796,13718132
1790589020,8892372,13718132
1790589022,8957456,13718132
1790589024,10260568,13718132
1790589026,10302116,13718132
1790589028,8985324,13718132
1790589030,9655580,13718132
1790589032,10277796,13718132
1790589034,10319536,13718132
1790589036,9134612,13718132
1790589038,9693684,13718132
1790589040,10281216,13718132
1790589042,10318300,13718132
1790589044,9310068,13718132
1790589046,10261560,13718132
1790589048,10278052,13718132
1790589050,10354108,13718132
1790589052,8753512,13718132
1790589054,8743176,13718132
1790589056,9912968,13718132
1790589058,9223404,13718132
1790589060,8906068,13718132
1790589062,10146768,13718132
1790589064,10256332,13718132
1790589066,9158064,13718132
1790589068,9347864,13718132
1790589070,10298340,13718132
1790589072,10305472,13718132
1790589074,9156336,13718132
1790589076,9590336,13718132
1790589078,10158536,13718132
1790589080,10261468,13718132
1790589082,8928856,13718132
1790589084,9640864,13718132
1790589086,10198328,13718132
1790589088,10287856,13718132
1790589090,8697072,13718132
1790589092,8764920,13718132
1790589094,9926952,13718132
1790589096,10007284,13718132
1790589098,9238800,13718132
1790589100,10303816,13718132
1790589102,10296780,13718132
1790589104,9218668,13718132
1790589106,9089772,13718132
1790589108,10296728,13718132
1790589110,10330188,13718132
1790589112,9228660,13718132
1790589114,9367900,13718132
1790589116,10268464,13718132
1790589118,10349724,13718132
1790589120,9151172,13718132
1790589122,9409832,13718132
1790589124,10252872,13718132
1790589126,10258064,13718132
1790589128,8683220,13718132
1790589130,8666144,13718132
1790589132,9867652,13718132
1790589134,9987676,13718132
1790589136,9115532,13718132
1790589138,10266736,13718132
1790589140,10265780,13718132
1790589142,10280752,13718132
1790589144,9183716,13718132
1790589146,10209180,13718132
1790589148,10216064,13718132
1790589150,9182084,13718132
1790589152,9083900,13718132
1790589154,10283720,13718132
1790589156,10292788,13718132
1790589158,9223060,13718132
1790589160,9078540,13718132
1790589162,10268476,13718132
1790589164,10339372,13718132
1790589166,8768408,13718132
1790589168,8750208,13718132
1790589170,9927060,13718132
1790589172,9927272,13718132
1790589174,10174732,13718132
1790589176,10184460,13718132
1790589178,10307244,13718132
1790589180,10372156,13718132
1790589182,9155688,13718132
1790589184,10238788,13718132
1790589186,10243100,13718132
1790589188,10267472,13718132
1790589190,9194596,13718132
1790589192,10167788,13718132
1790589194,10213980,13718132
1790589196,9176500,13718132
1790589198,9020888,13718132
1790589200,10185056,13718132
1790589202,10202864,13718132
1790589204,8670588,13718132
1790589206,8683380,13718132
1790589208,9834976,13718132
1790589210,9912388,13718132
1790589212,9909936,13718132
1790589214,10136740,13718132
1790589216,10285024,13718132
1790589218,10407216,13718132
1790589220,9213592,13718132
1790589222,10347520,13718132
1790589224,10346180,13718132
1790589226,10348476,13718132
1790589228,9243872,13718132
1790589230,10268644,13718132
1790589232,10278804,13718132
1790589234,10331516,13718132
1790589236,9156212,13718132
1790589238,10242660,13718132
1790589240,10336008,13718132
1790589242,8713964,13718132
1790589244,9868764,13718132
1790589246,8883900,13718132
1790589248,9885580,13718132
1790589250,9516204,13718132
1790589252,10245104,13718132
1790589254,10275992,13718132
1790589256,10271068,13718132
1790589258,10047728,13718132
1790589260,10251068,13718132
1790589262,10251888,13718132
1790589264,10276408,13718132
1790589266,9172480,13718132
1790589268,10261472,13718132
1790589270,10256688,13718132
1790589272,10333704,13718132
1790589274,9205008,13718132
1790589276,10282096,13718132
1790589278,10285584,13718132
1790589280,9290476,13718132
1790589282,9918092,13718132
1790589284,8724596,13718132
1790589286,10063248,13718132
1790589288,8860080,13718132
1790589290,10312104,13718132
1790589292,10326116,13718132
1790589294,10335788,13718136
1790589296,9712944,13718136
1790589298,10270324,13718136
1790589300,10339596,13718136
1790589302,10278252,13718136
1790589304,10014196,13718136
1790589306,10196372,13718136
1790589308,10194232,13718136
1790589310,10312156,13718136
1790589312,10363652,13718136
1790589314,10191976,13718136
1790589316,10193080,13718136
1790589318,9181948,13718136
1790589320,8980092,13718136
1790589322,8683560,13718136
1790589324,9855804,13718136
1790589326,8501480,13718136
1790589328,9090996,13718136
1790589330,10214572,13718136
1790589332,10274308,13718136
1790589334,9249936,13718136
1790589336,10309264,13718136
1790589338,10310492,13718136
1790589340,10312840,13718136
1790589342,9751716,13718136
1790589344,10230752,13718136
1790589346,10245308,13718136
1790589348,10315064,13718136
1790589350,10115952,13718136
1790589352,10261620,13718136
1790589354,10267144,13718136
1790589356,9431804,13718136
1790589358,8745648,13718136
1790589360,8817648,13718136
1790589362,9897276,13718136
1790589364,9183600,13718136
1790589366,8976136,13718136
1790589368,10217828,13718136
1790589370,10313952,13718136
1790589372,8921196,13718136
1790589374,9713472,13718136
1790589376,10281552,13718136
1790589378,10296352,13718136
1790589380,9295512,13718136
1790589382,10235116,13718136
1790589384,10215008,13718136
1790589386,10247392,13718136
1790589388,9656748,13718136
1790589390,10225352,13718136
1790589392,10274384,13718136
1790589394,10305932,13718136
1790589396,8746784,13718136
1790589398,8740300,13718136
1790589400,9935024,13718136
1790589402,9224608,13718136
1790589404,8725900,13718136
1790589406,10341664,13718136
1790589408,10330572,13718136
1790589410,8955844,13718136
1790589412,9492328,13718136
1790589414,10256504,13718136
1790589416,10286572,13718136
1790589418,8725200,13718136
1790589420,9800428,13718136
1790589422,10201644,13718136
1790589424,10270588,13718136
1790589426,8914996,13718136
1790589428,9683688,13718136
1790589430,10210944,13718136
1790589432,7785760,13718136
1790589434,7182852,13718136
1790589436,8555812,13718136
1790589438,8614032,13718136
1790589440,8408836,13718136
1790589442,8359196,13718136
1790589444,8379796,13718136
1790589446,8374136,13718136
1790589448,8377984,13718136
1790589450,8446420,13718136
1790589452,9684676,13718136
1790589454,4654876,13718136
1790589456,10553060,13717716
1790589458,9143240,13717716
1790589460,9290976,13717716
1790589462,9535308,13717716
1790589464,11002140,13717716
1790589466,9252460,13717716
1790589468,8847752,13717716
1790589470,10342264,13717716
1790589472,10357724,13717716
1790589474,9225028,13717716
1790589476,9122656,13717716
1790589478,10298560,13717716
1790589480,10353096,13717716
1790589482,9187312,13717716
1790589484,9400544,13717716
1790589486,10291888,13717716
1790589488,10331052,13717716
1790589490,8990916,13717716
1790589492,9678832,13717716
1790589494,10257844,13717716
1790589496,10357828,13717716
1790589498,9096488,13717716
1790589500,8976512,13717716
1790589502,9867352,13717716
1790589504,10138572,13717716
1790589506,9188188,13717716
1790589508,10243444,13717716
1790589510,10236148,13717716
1790589512,10418728,13717716
1790589514,9110716,13717716
1790589516,10375656,13717716
1790589518,10376016,13717716
1790589520,9265276,13717716
1790589522,9080064,13717716
1790589524,10291512,13717716
1790589526,10324716,13717716
1790589528,9168356,13717716
1790589530,9325216,13717716
1790589532,10318568,13717716
1790589534,10344176,13717716
1790589536,9147688,13717716
1790589538,8965400,13717716
1790589540,10039156,13717716
1790589542,9979152,13717716
1790589544,9185760,13717716
1790589546,10205240,13717716
1790589548,10224028,13717716
1790589550,10265784,13717716
1790589552,9211360,13717716
1790589554,10299344,13717716
1790589556,10295748,13717716
1790589558,10337872,13717716
1790589560,8947208,13717716
1790589562,10294356,13717716
1790589564,10293240,13717716
1790589566,9205136,13717716
1790589568,9069044,13717716
1790589570,10257580,13717716
1790589572,10334748,13717716
1790589574,8794452,13717716
1790589576,8857804,13717716
1790589578,9919504,13717716
1790589580,10078524,13717716
1790589582,10003300,13717716
1790589584,10353828,13717716
1790589586,10367884,13717716
1790589588,10448844,13717716
1790589590,9251944,13717716
1790589592,10360340,13717716
1790589594,10369656,13717716
1790589596,10409516,13717716
1790589598,9060584,13717716
1790589600,10325536,13717716
1790589602,10317840,13717716
1790589604,9198752,13717716
1790589606,9075948,13717716
1790589608,10286196,13717716
1790589610,10308808,13717716
1790589612,8714968,13717716
1790589614,8737964,13717716
1790589616,9912220,13717716
1790589618,10174512,13717716
1790589620,9836896,13717716
1790589622,10244136,13717716
1790589624,10298252,13717716
1790589626,10289588,13717716
1790589628,9210224,13717716
1790589630,10268804,13717716
1790589632,10323752,13717716
1790589634,10352364,13717716
1790589636,9268904,13717716
1790589638,10281716,13717716
1790589640,10294796,13717716
1790589642,10459272,13717716
1790589644,9135988,13717716
1790589646,10293388,13717716
1790589648,10288920,13717716
1790589650,8794752,13717716
1790589652,9666224,13717716
1790589654,9039064,13717716
1790589656,10015300,13717716
1790589658,9748716,13717716
1790589660,10387652,13717716
1790589662,10275312,13717716
1790589664,10276176,13717716
1790589666,10393832,13717716
1790589668,10288680,13717716
1790589670,10284508,13717716
1790589672,10344888,13717716
1790589674,9197996,13717716
1790589676,10190812,13717716
1790589679,10276680,13717716
1790589681,10390600,13717716
1790589683,9113048,13717716
1790589685,10228872,13717716
1790589687,10281364,13717716
1790589689,8704352,13717716
1790589691,9578644,13717716
1790589693,8953220,13717716
1790589695,10021640,13717716
1790589697,9875072,13717716
1790589699,10234124,13717716
1790589701,10325380,13717716
1790589703,10355600,13717716
1790589705,10326044,13717716
1790589707,10286800,13717716
1790589709,10305192,13717716
1790589711,10423912,13717716
1790589713,9282680,13717716
1790589715,10261432,13717716
1790589717,10306152,13717716
1790589719,10438468,13717716
1790589721,9324060,13717716
1790589723,10257216,13717716
1790589725,10288424,13717716
1790589727,9129488,13717716
1790589729,9893928,13717716
1790589731,8703932,13717716
1790589733,9878668,13717716
1790589735,9217104,13717716
1790589737,10108608,13717716
1790589739,10178660,13717716
1790589741,10358428,13717716
1790589743,9961912,13717716
1790589745,10325312,13717716
1790589747,10325924,13717716
1790589749,10342872,13717716
1790589751,9218532,13717716
1790589753,10275404,13717716
1790589755,10266600,13717716
1790589757,10479212,13717716
1790589759,9261272,13717716
1790589761,10334800,13717716
1790589763,10338464,13717716
1790589765,9291888,13717716
1790589767,9939048,13717716
1790589769,8787092,13717716
1790589771,9958104,13717716
1790589773,9266380,13717716
1790589775,10201180,13717716
1790589777,10300072,13717716
1790589779,10340376,13717716
1790589781,10003936,13717716
1790589783,10275148,13717716
1790589785,10277696,13717716
1790589787,10329248,13717716
1790589789,9197092,13717716
1790589791,10223252,13717716
1790589793,10252500,13717716
1790589795,10353072,13717716
1790589797,9199544,13717716
1790589799,10237904,13717716
1790589801,10235748,13717716
1790589803,9116484,13717716
1790589805,9914736,13717716
1790589807,8700604,13717716
1790589809,9919088,13717716
1790589811,9223292,13717716
1790589813,10277084,13717716
1790589815,10273060,13717716
1790589817,10388524,13717716
1790589819,9796352,13717716
1790589821,10350988,13717716
1790589823,10341548,13717716
1790589825,10365336,13717716
1790589827,10215036,13717716
1790589829,10356224,13717716
1790589831,10352940,13717716
1790589833,10387744,13717716
1790589835,9262828,13717716
1790589837,10307588,13717716
1790589839,10302692,13717716
1790589841,9307224,13717716
1790589843,9346612,13717716
1790589845,8742676,13717716
1790589847,9936164,13717716
1790589849,8856444,13717716
1790589851,9285552,13717716
1790589853,10296020,13717716
1790589855,10303880,13717716
1790589857,9245464,13717716
1790589859,10225328,13717716
1790589861,10258024,13717716
1790589863,10314076,13717716
1790589865,9987024,13717716
1790589867,10241696,13717716
1790589869,10243312,13717716
1790589871,10314948,13717716
1790589873,10473992,13717716
1790589875,10351660,13717716
1790589877,10361704,13717716
1790589879,7574076,13717716
1790589881,8408108,13717716
1790589883,8651220,13717716
1790589885,8497156,13717716
1790589887,8470668,13717716
1790589889,8503816,13717716
1790589891,8462392,13717716
1790589893,8383540,13717716
1790589895,8481480,13717716
1790589897,8888760,13717716
1790589899,10272324,13717716
1790589901,9793184,13717716
1790589903,8736412,13717716
1790589905,9862416,13717716
1790589907,9028024,13717716
1790589909,10830052,13717716
1790589911,11133320,13717716
1790589913,9623172,13717716
1790589915,10273636,13717716
1790589917,10342944,13717716
1790589919,10357444,13717716
1790589921,9571936,13717716
1790589923,10294608,13717716
1790589925,10300372,13717716
1790589927,10312636,13717716
1790589929,10006408,13717716
1790589931,10239304,13717716
1790589933,10264344,13717716
1790589935,10391252,13717716
1790589937,9263964,13717716
1790589939,10338712,13717716
1790589941,10332204,13717716
1790589943,9335400,13717716
1790589945,9087216,13717716
1790589947,8788500,13717716
1790589949,10031612,13717716
1790589951,8604796,13717716
1790589953,9471336,13717716
1790589955,10345084,13717716
1790589957,10380360,13717716
1790589959,9245152,13717716
1790589961,10345940,13717716
1790589963,10227092,13717716
1790589965,10294188,13717716
1790589967,9951912,13717716
1790589969,10263560,13717716
1790589971,10263512,13717716
1790589973,10256920,13717716
1790589975,10130640,13717716
1790589977,10210580,13717716
1790589979,10265116,13717716
1790589981,9269612,13717716
1790589983,8732820,13717716
1790589985,8723984,13717716
1790589987,9931488,13717716
1790589989,8554252,13717716
1790589991,9189464,13717716
1790589993,10309240,13717716
1790589995,10389120,13717716
1790589997,8959564,13717716
1790589999,10327428,13717716
1790590001,10373248,13717716
1790590003,10366864,13717716
1790590005,9934100,13717716
1790590007,10303292,13717716
1790590009,10313700,13717716
1790590011,10365092,13717716
1790590013,10075696,13717716
1790590015,10336472,13717716
1790590017,10386828,13717716
1790590019,9460056,13717716
1790590021,8899972,13717716
1790590023,8746788,13717716
1790590025,9950828,13717716
1790590027,8889500,13717716
1790590029,9170200,13717716
1790590031,10240008,13717716
1790590033,10300088,13717716
1790590035,8949196,13717716
1790590037,9716844,13717716
1790590039,10299412,13717716
1790590041,10341632,13717716
1790590043,9301548,13717716
1790590045,10259044,13717716
1790590047,10268572,13717716
1790590049,10389940,13717716
1790590051,10106468,13717716
1790590053,10326088,13717716
1790590055,10351548,13717716
1790590057,10368204,13717716
1790590059,8806832,13717716
1790590061,8798196,13717716
1790590063,10053216,13717716
1790590065,9275624,13717716
1790590067,9003688,13717716
1790590069,10361220,13717716
1790590071,10362176,13717716
1790590073,8967548,13717716
1790590075,9797928,13717716
1790590077,10390344,13717716
1790590079,10393040,13717716
1790590081,9321600,13717716
1790590083,10249868,13717716
1790590085,10252116,13717716
1790590087,10275504,13717716
1790590089,9833820,13717716
1790590091,10207080,13717716
1790590093,10236924,13717716
1790590095,10364004,13717716
1790590097,8765420,13717716
1790590099,8780524,13717716
1790590101,9956888,13717716
1790590103,9251568,13717716
1790590105,9008948,13717716
1790590107,10235980,13717716
1790590109,10304252,13717716
1790590111,8774756,13717716
1790590113,9798416,13717716
1790590115,10342784,13717716
1790590117,10375908,13717716
1790590119,9219496,13717716
1790590121,10307540,13717716
1790590123,10301188,13717716
1790590125,10403080,13717716
1790590127,9316284,13717716
1790590129,10281032,13717716
1790590131,10295452,13717716
1790590133,10403900,13717716
1790590135,8793904,13717716
1790590137,8766152,13717716
1790590139,9968768,13717716
1790590141,9230404,13717716
1790590143,8482108,13717716
1790590145,10308308,13717716
1790590147,10316660,13717716
1790590149,9209828,13717716
1790590151,9305144,13717716
1790590153,10207648,13717716
1790590155,10310436,13717716
1790590157,8993920,13717716
1790590159,9767416,13717716
1790590161,10352044,13717716
1790590163,10343136,13717716
1790590165,8885568,13717716
1790590167,9675404,13717716
1790590169,10261240,13717716
1790590171,10344980,13717716
1790590173,8797504,13717716
1790590175,9248704,13717716
1790590177,9980052,13717716
1790590179,10009576,13717716
1790590181,9234540,13717716
1790590183,10343464,13717716
1790590185,10399152,13717716
1790590187,9259584,13717716
1790590189,9136652,13717716
1790590191,10351720,13717716
1790590193,10373264,13717716
1790590195,9265280,13717716
1790590197,9321296,13717716
1790590199,10302012,13717716
1790590201,10341988,13717716
1790590203,8964220,13717716
1790590205,9442924,13717716
1790590207,10287360,13717716
1790590209,10317968,13717716
1790590211,9172392,13717716
1790590213,9206384,13717716
1790590215,9938684,13717716
1790590217,10032616,13717716
1790590219,9189776,13717716
1790590221,10321224,13717716
1790590223,10353164,13717716
1790590225,10342984,13717716
1790590227,9111552,13717716
1790590229,10309156,13717716
1790590231,10368760,13717716
1790590233,9249980,13717716
1790590235,9111024,13717856
1790590237,10305864,13717856
1790590239,10355620,13717856
1790590241,9237544,13717856
1790590243,9404256,13717856
1790590245,10339800,13717856
1790590247,10361876,13717856
1790590249,8780836,13717856
1790590251,8865532,13717856
1790590253,9991296,13717856
1790590255,10124800,13717856
1790590257,9650332,13717856
1790590259,10275152,13717856
1790590261,10314328,13718116
1790590263,10307336,13718116
1790590265,9262928,13718116
1790590267,10348732,13718116
1790590269,10337224,13718116
1790590271,10062900,13718116
1790590273,8972800,13718116
1790590275,10316376,13718116
1790590277,10332388,13718116
1790590279,9230096,13718116
1790590281,9114572,13718116
1790590283,10249616,13718116
1790590285,10320508,13718116
1790590287,8753412,13718116
1790590289,8758044,13718116
1790590291,9977300,13718116
1790590293,10069872,13718116
1790590295,10348468,13718116
1790590297,10435552,13718116
1790590299,10410808,13718116
1790590301,10413432,13718116
1790590303,9297616,13718116
1790590305,10319316,13718116
1790590307,10328104,13718116
1790590309,10437384,13718116
1790590311,9211976,13718116
1790590313,10320292,13718116
1790590315,10408944,13718116
1790590317,9296352,13718116
1790590319,9126688,13718116
1790590321,10271560,13718116
1790590323,10296368,13718116
1790590325,7231968,13718116
1790590327,8929096,13718116
1790590329,8527476,13718116
1790590331,8704560,13718116
1790590333,8661800,13718116
1790590335,8599036,13718116
1790590337,8533588,13718116
1790590339,8861412,13718116
1790590341,8874564,13718116
1790590343,9981596,13718116
1790590345,7307248,13718116
1790590347,9874932,13718116
1790590349,8845796,13718116
1790590351,8757788,13718116
1790590353,10066720,13718116
1790590355,11035968,13718116
1790590357,10575796,13718116
1790590359,9253836,13718116
1790590361,10338492,13718116
1790590363,10341920,13718116
1790590365,10415408,13718116
1790590367,9292436,13718116
1790590369,10330260,13718116
1790590371,10371376,13718116
1790590373,10430544,13718116
1790590375,9204168,13718116
1790590377,10383256,13718116
1790590379,10381456,13718116
1790590381,9254820,13718116
1790590383,9081664,13718116
1790590385,10355488,13718116
1790590387,10354528,13718116
1790590390,8741284,13718116
1790590392,8760836,13718116
1790590394,10055624,13718116
1790590396,10119064,13718116
1790590398,10322944,13718116
1790590400,10313000,13718116
1790590402,10304844,13718116
1790590404,10406472,13718116
1790590406,9243584,13718116
1790590408,10309440,13718116
1790590410,10292924,13718116
1790590412,10381488,13718116
1790590414,9212484,13718116
1790590416,10335468,13718116
1790590418,10345192,13718116
1790590420,9281324,13718116
1790590422,9116976,13718116
1790590424,10371560,13718116
1790590426,10368612,13718116
1790590428,8806148,13718116
1790590430,8800736,13718116
1790590432,10070152,13718116
1790590434,10080156,13718116
1790590436,10040820,13718116
1790590438,10380208,13718116
1790590440,10481152,13718116
1790590442,10323608,13718116
1790590444,9216444,13718116
1790590446,10243800,13718116
1790590448,10271000,13718116
1790590450,10331752,13718116
1790590452,9230708,13718116
1790590454,10225772,13718116
1790590456,10316536,13718116
1790590458,10295220,13718116
1790590460,8930512,13718116
1790590462,10284056,13718116
1790590464,10364748,13718116
1790590466,8765308,13718116
1790590468,8627056,13718116
1790590470,9334228,13718116
1790590472,9987156,13718116
1790590474,9763248,13718116
1790590476,10210936,13718116
1790590478,10303216,13718116
1790590480,10314712,13718116
1790590482,9486412,13718116
1790590484,10318372,13718116
1790590486,10324552,13718116
1790590488,10367200,13718116
1790590490,9268772,13718116
1790590492,10283316,13718116
1790590494,10320804,13718116
1790590496,10442812,13718116
1790590498,9224808,13718132
1790590500,10364848,13718132
1790590502,10332716,13718132
1790590504,8754516,13718132
1790590506,9445100,13718132
1790590508,9153760,13718132
1790590510,9926620,13718132
1790590512,9750900,13718132
1790590514,10067228,13718132
1790590516,10245940,13718132
1790590518,10319880,13718132
1790590520,10238128,13718132
1790590522,10301724,13718132
1790590524,10329308,13718132
1790590526,10352936,13718132
1790590528,9236640,13718132
1790590530,10207520,13718132
1790590532,10381952,13718132
1790590534,10431020,13718132
1790590536,9078360,13718132
1790590538,10336776,13718132
1790590540,10334620,13718132
1790590542,8969388,13718132
1790590544,10071912,13718132
1790590546,8766096,13718132
1790590548,9977904,13718132
1790590550,9409040,13718132
1790590552,10272876,13718132
1790590554,10286300,13718132
1790590556,10397032,13718132
1790590558,10203284,13718132
1790590560,10406948,13718132
1790590562,10292596,13718132
1790590564,10355276,13718132
1790590566,10409060,13718132
1790590568,10297960,13718132
1790590570,10300228,13718132
1790590572,10354704,13718132
1790590574,9252828,13718132
1790590576,10231848,13718132
1790590578,10347128,13718132
1790590580,9330776,13718132
1790590582,9957428,13718132
1790590584,8742056,13718132
1790590586,9931168,13718132
1790590588,9235356,13718132
1790590590,10252816,13718132
1790590592,10363496,13718132
1790590594,10375372,13718132
1790590596,9966500,13718132
1790590598,10338116,13718132
1790590600,10359412,13718132
1790590602,10369172,13718132
1790590604,10138400,13718132
1790590606,10280020,13718132
1790590608,10363908,13718132
1790590610,10444332,13718132
1790590612,9308832,13718132
1790590614,10341744,13718132
1790590616,10368012,13718132
1790590618,9073760,13718132
1790590620,9472964,13718132
1790590622,8767740,13718132
1790590624,9972548,13718132
1790590626,8734200,13718132
1790590628,9440952,13718132
1790590630,10341044,13718132
1790590632,10343740,13718132
1790590634,9207284,13718132
1790590636,10297120,13718132
1790590638,10295264,13718132
1790590640,10333840,13718132
1790590642,9738456,13718132
1790590644,10251252,13718132
1790590646,10297696,13718132
1790590648,10341948,13718132
1790590650,10092940,13718132
1790590652,10350840,13718132
1790590654,10353556,13718132
1790590656,9826220,13718132
1790590658,8827344,13718132
1790590660,8788864,13718132
1790590662,9996036,13718132
1790590664,9084108,13718132
1790590666,9245584,13718132
1790590668,10307772,13718132
1790590670,10379664,13718132
1790590672,8938568,13718132
1790590674,9785472,13718132
1790590676,10382132,13718132
1790590678,10351452,13718132
1790590680,9413728,13718132
1790590682,10217632,13718132
1790590684,10246696,13718132
1790590686,10274968,13718132
1790590688,9976724,13718132
1790590690,10310164,13718132
1790590692,10310688,13718132
1790590694,10312844,13718132
1790590696,8768716,13718132
1790590698,8741772,13718132
1790590700,9946720,13718132
1790590702,9256092,13718132
1790590704,8758472,13718132
1790590706,10305440,13718132
1790590708,10307104,13718132
1790590710,9019076,13718132
1790590712,9807828,13718132
1790590714,10422616,13718132
1790590716,10423668,13718132
1790590718,9133828,13718132
1790590720,10326600,13718132
1790590722,10330256,13718132
1790590724,10399212,13718132
1790590726,9735924,13718132
1790590728,10305156,13718132
1790590730,10318216,13718132
1790590732,10341588,13718132
1790590734,8798164,13718132
1790590736,8814060,13718132
1790590738,9949052,13718132
1790590740,9361944,13718132
1790590742,8632792,13718132
1790590744,10243404,13718132
1790590746,10324880,13718132
1790590748,9088692,13718132
1790590750,9394188,13718132
1790590752,10279204,13718132
1790590754,10380956,13718132
1790590756,9060024,13718132
1790590758,9755452,13718132
1790590760,10302700,13718132
1790590762,10309740,13718132
1790590764,9357440,13718132
1790590766,10288052,13718132
1790590768,10296112,13718132
1790590770,7592736,13718132
1790590772,7301572,13718132
1790590774,9036336,13718132
1790590776,8667464,13718132
1790590778,8445736,13718132
1790590780,8476460,13718132
1790590782,8486928,13718132
1790590784,8533072,13718132
1790590786,8464488,13718132
1790590788,8650388,13718132
1790590790,9685456,13718132
1790590792,3412840,13718132
1790590794,9286632,13718000
1790590796,8818132,13718000
1790590798,8808648,13718000
1790590800,9971600,13718000
1790590802,10973000,13718000
1790590804,9006176,13718000
1790590806,9079912,13718000
1790590808,10255000,13718000
1790590810,10323404,13718000
1790590812,9073112,13718000
1790590814,9471092,13718000
1790590816,10288632,13718000
1790590818,10289436,13718000
1790590820,8959408,13718000
1790590822,9688560,13718000
1790590824,10300840,13718000
1790590826,10306808,13718000
1790590828,9354192,13718000
1790590830,10219800,13718000
1790590832,10285240,13718000
1790590834,10384268,13718000
1790590836,8809116,13718000
1790590838,8788176,13718000
1790590840,10032428,13718000
1790590842,9245756,13718000
1790590844,8642816,13718000
1790590846,10387344,13718000
1790590848,10376164,13718000
1790590850,9219912,13718000
1790590852,9423564,13718000
1790590854,10282548,13718000
1790590856,10321952,13718000
1790590858,8936660,13718000
1790590860,9800724,13718000
1790590862,10255748,13718000
1790590864,10275624,13718000
1790590866,8980068,13718000
1790590868,10267356,13718000
1790590870,10274872,13718000
1790590872,10276056,13718000
1790590874,8731240,13718000
1790590876,9118108,13718000
1790590878,9961376,13718000
1790590880,10013136,13718000
1790590882,8746416,13718000
1790590884,10270096,13718000
1790590886,10274136,13718000
1790590888,9183332,13718000
1790590890,9152820,13718000
1790590892,10342956,13718000
1790590894,10352312,13718000
1790590896,8958336,13718000
1790590898,9752956,13718000
1790590900,10286220,13718000
1790590902,10406068,13718000
1790590904,9095012,13718000
1790590906,9730796,13718000
1790590908,10286644,13718000
1790590910,10407568,13718000
1790590912,9314168,13718000
1790590914,9174336,13718000
1790590916,10025292,13718000
1790590918,10076264,13718000
1790590920,9100452,13718000
1790590922,10250084,13718000
1790590924,10345400,13718000
1790590926,9218560,13718000
1790590928,9116756,13718000
1790590930,10291888,13718000
1790590932,10316516,13718000
1790590934,8921956,13718000
1790590936,9434640,13718000
1790590938,10236328,13718000
1790590940,10318496,13718000
1790590942,9068112,13718000
1790590944,9678672,13718000
1790590946,10297724,13718000
1790590948,10352508,13718000
1790590950,8755968,13718000
1790590952,8883588,13718000
1790590954,9976792,13718000
1790590956,10050680,13718000
1790590958,9276876,13718000
1790590960,10239668,13718000
1790590962,10354932,13718000
1790590964,10422860,13718000
1790590966,9079676,13718000
1790590968,10399396,13718000
1790590970,10395200,13718000
1790590972,9270676,13718000
1790590974,9419136,13718000
1790590976,10350592,13718000
1790590978,10367880,13718000
1790590980,9133640,13718000
1790590982,9658628,13718000
1790590984,10238976,13718000
1790590986,10349656,13718000
1790590988,8750580,13718000
1790590990,8734016,13718000
1790590992,9932448,13718000
1790590994,10040088,13718000
1790590996,9199992,13718000
1790590998,10187476,13718000
1790591000,10291144,13718000
1790591002,10374568,13718000
1790591004,9023796,13718000
1790591006,10341228,13718000
1790591008,10339728,13718000
1790591010,9216016,13718000
1790591012,9140540,13718000
1790591014,10343032,13718000
1790591016,10431492,13718000
1790591018,9290636,13718000
1790591020,9426352,13718000
1790591022,10341984,13718000
1790591024,10444492,13718000
1790591026,8812496,13718000
1790591028,8805860,13718000
1790591030,9989392,13718000
1790591032,10025152,13718000
1790591034,9282364,13718000
1790591036,10361952,13718000
1790591038,10346256,13718000
1790591040,10447992,13718000
1790591042,9251700,13718000
1790591044,10307600,13718000
1790591046,10338728,13718000
1790591048,9385924,13718000
1790591050,9070536,13718000
1790591052,10369560,13718000
1790591054,10382304,13718000
1790591056,9267760,13718000
1790591058,9254984,13718000
1790591060,10310128,13718000
1790591062,10363108,13718000
1790591064,8792400,13718000
1790591066,8776312,13718000
1790591068,10012912,13718000
1790591070,10037144,13718000
1790591072,9302824,13718000
1790591074,10336324,13718000
1790591076,10332620,13718000
1790591078,10464776,13718000
1790591080,9304028,13718000
1790591082,10342960,13718000
1790591084,10345168,13718000
1790591086,10502972,13718000
1790591088,8985784,13718000
1790591090,10323544,13718000
1790591092,10400604,13718000
1790591095,9301340,13718000
1790591097,9146596,13718000
1790591099,10348932,13718000
1790591101,10441948,13718000
1790591103,8710372,13718000
1790591105,8743676,13718000
1790591107,9978728,13718000
1790591109,9983672,13718000
1790591111,10022876,13718000
1790591113,10300776,13718000
1790591115,10338380,13718000
1790591117,10344736,13718000
1790591119,9245848,13718000
1790591121,10290036,13718000
1790591123,10306856,13718000
1790591125,10392752,13718000
1790591127,9244624,13718000
1790591129,10260412,13718000
1790591131,10282952,13718000
1790591133,10480100,13718000
1790591135,9194560,13718000
1790591137,10330436,13718000
1790591139,10350400,13718000
1790591141,7434096,13718000
1790591143,8962052,13718000
1790591145,8642668,13718000
1790591147,8652008,13718000
1790591149,8514120,13718000
1790591151,8605268,13718000
1790591153,8390928,13718000
1790591155,8566588,13718000
1790591157,8652212,13718000
1790591159,9811804,13718000
1790591161,8515572,13718000
1790591163,10427992,13717780
1790591165,8764468,13717780
1790591167,8764724,13717780
1790591169,10057608,13717780
1790591171,11029624,13717780
1790591173,10563260,13717780
1790591175,9228392,13717780
1790591177,10379696,13717780
1790591179,10363880,13717780
1790591181,10366168,13717780
1790591183,9252156,13717780
1790591185,10274896,13717780
1790591187,10273820,13717780
1790591189,10387036,13717780
1790591191,9136372,13717780
1790591193,10353240,13717780
1790591195,10354840,13717780
1790591197,9296972,13717780
1790591199,9074860,13717780
1790591201,10347960,13717780
1790591203,10404412,13717780
1790591205,8840168,13717780
1790591207,8817192,13717780
1790591209,10065416,13717780
1790591211,10091988,13717780
1790591213,9301068,13717780
1790591215,10406556,13717780
1790591217,10395908,13717780
1790591219,10435040,13717780
1790591221,9399736,13717780
1790591223,10310688,13717780
1790591225,10352228,13717780
1790591227,10386572,13717780
1790591229,9038128,13717780
1790591231,10278352,13717780
1790591233,10389248,13717780
1790591235,9278092,13717780
1790591237,9104256,13717780
1790591239,10274584,13717780
1790591241,10315028,13717780
1790591243,8794284,13717780
1790591245,8763800,13717780
1790591247,9936280,13717780
1790591249,9956548,13717780
1790591251,10119992,13717780
1790591253,10313880,13717780
1790591255,10394476,13717780
1790591257,10383440,13717780
1790591259,9312208,13717780
1790591261,10388064,13717780
1790591263,10416600,13717780
1790591265,10449052,13717780
1790591267,9260964,13717780
1790591269,10339504,13717780
1790591271,10363344,13717780
1790591273,9301664,13717780
1790591275,9136448,13717780
1790591277,10358044,13717780
1790591279,10368892,13717780
1790591281,8893244,13717780
1790591283,8766156,13717780
1790591285,9938448,13717780
1790591287,9950492,13717780
1790591289,9981744,13717780
1790591291,10104180,13717780
1790591293,10329112,13717780
1790591295,10431888,13717780
1790591297,9231912,13717780
1790591299,10327400,13717780
1790591301,10326228,13717780
1790591303,10375336,13717780
1790591305,9285208,13717780
1790591307,10308132,13717780
1790591309,10317452,13717780
1790591311,10425928,13717780
1790591313,9252772,13717780
1790591315,10356404,13717780
1790591317,10392228,13717780
1790591319,8839668,13717780
1790591321,9725372,13717780
1790591323,9065136,13717780
1790591325,9998824,13717780
1790591327,9860532,13717780
1790591329,10296900,13717780
1790591331,10341692,13717780
1790591333,10382420,13717780
1790591335,10159952,13717780
1790591337,10407164,13717780
1790591339,10432360,13717780
1790591341,10514712,13717780
1790591343,9253680,13717780
1790591345,10314364,13717780
1790591347,10333588,13717780
1790591349,10356304,13717780
1790591351,9170308,13717780
1790591353,10245092,13717780
1790591355,10345916,13717780
1790591357,8764648,13717780
1790591359,9894116,13717780
1790591361,8936704,13717780
1790591363,9991532,13717780
1790591365,9484748,13717780
1790591367,10260580,13717780
1790591369,10305460,13717780
1790591371,10335160,13717780
1790591373,10115192,13717780
1790591375,10313980,13717780
1790591377,10341536,13717780
1790591379,10392660,13717780
1790591381,9310840,13717780
1790591383,10370312,13717780
1790591385,10363828,13717780
1790591387,10372252,13717780
1790591389,9301164,13717780
1790591391,10411128,13717780
1790591393,10416016,13717780
1790591395,9063212,13717780
1790591397,9998016,13717780
1790591399,8803804,13717780
1790591401,10096856,13717780
1790591403,9301316,13717780
1790591405,10355412,13717780
1790591407,10362512,13717780
1790591409,10367620,13717780
1790591411,9974740,13717780
1790591413,10271032,13717780
1790591415,10310096,13717780
1790591417,10416068,13717780
1790591419,10441344,13717780
1790591421,10302192,13717780
1790591423,10282376,13717780
1790591425,10418308,13717780
1790591427,9238904,13717780
1790591429,10352812,13717780
1790591431,10363472,13717780
1790591433,9357452,13717780
1790591435,9951424,13717780
1790591437,8831376,13717780
1790591439,10108712,13717780
1790591441,8996252,13717780
1790591443,10239820,13717780
1790591445,10381840,13717780
1790591447,10397520,13717780
1790591449,9744184,13717780
1790591451,10316964,13717780
1790591453,10307920,13717780
1790591455,10370336,13717780
1790591457,10113356,13717780
1790591459,10264528,13717780
1790591461,10308072,13717780
1790591463,10433300,13717780
1790591465,9271512,13717780
1790591467,10256744,13717780
1790591469,10285300,13717780
1790591471,9333768,13717780
1790591473,9945488,13717780
1790591475,8773332,13717780
1790591477,9916204,13717780
1790591479,8564548,13717780
1790591481,10260688,13717780
1790591483,10327364,13717780
1790591485,10349344,13717780
1790591487,9740608,13717780
1790591489,10306868,13717780
1790591491,10342060,13717780
1790591493,10377488,13717780
1790591495,10164940,13717780
1790591497,10315636,13717780
1790591499,10325032,13717780
1790591501,10347500,13717780
1790591503,9291084,13717780
1790591505,10299076,13717780
1790591507,10351936,13717780
1790591509,7390764,13717780
1790591511,8371852,13717780
1790591513,8678744,13717780
1790591515,8683816,13717780
1790591517,8488600,13717780
1790591519,8397452,13717780
1790591521,8405028,13717780
1790591523,8387504,13717780
1790591525,8387204,13717780
1790591527,8898612,13717780
1790591529,9938096,13717780
1790591531,10711104,13717428
1790591533,8729676,13717428
1790591535,8731176,13717428
1790591537,9231384,13717428
1790591539,10768200,13717428
1790591541,10961320,13717428
1790591543,9799128,13717428
1790591545,10306092,13717428
1790591547,10307316,13717428
1790591549,10322156,13717428
1790591551,9925692,13717428
1790591553,10337968,13717428
1790591555,10335272,13717428
1790591557,10379820,13717428
1790591559,9305728,13717428
1790591561,10373468,13717428
1790591563,10415208,13717428
1790591565,10428804,13717428
1790591567,9255564,13717428
1790591569,10380112,13717428
1790591571,10405116,13717428
1790591573,8828488,13717428
1790591575,9601340,13717428
1790591577,9527056,13717428
1790591579,10132152,13717428
1790591581,9767096,13717428
1790591583,10387144,13717428
1790591585,10376820,13717428
1790591587,10368816,13717428
1790591589,9249708,13717428
1790591591,10293448,13717428
1790591593,10306588,13717428
1790591595,10397984,13717428
1790591597,9275068,13717428
1790591599,10359560,13717428
1790591601,10351552,13717428
1790591603,9244272,13717428
1790591605,9089712,13717428
1790591607,10264440,13717428
1790591609,10398148,13717428
1790591611,9192036,13717428
1790591613,9016112,13717428
1790591615,9755176,13717428
1790591617,10151668,13717428
1790591619,9823900,13717428
1790591621,10435884,13717428
1790591623,10433460,13717428
1790591625,10416316,13717428
1790591627,9312432,13717428
1790591629,10305028,13717428
1790591631,10316212,13717428
1790591633,10350404,13717428
1790591635,9311124,13717428
1790591637,10386052,13717428
1790591639,10382272,13717428
1790591641,10387644,13717428
1790591643,9160508,13717428
1790591645,10318816,13717428
1790591647,10322268,13717428
1790591649,8857160,13717428
1790591651,9318600,13717428
1790591653,9364044,13717428
1790591655,10044436,13717428
1790591657,9808280,13717428
1790591659,10332656,13717428
1790591661,10346456,13717428
1790591663,10351832,13717428
1790591665,10449128,13717428
1790591667,10302776,13717428
1790591669,10322004,13717428
1790591671,10420552,13717428
1790591673,9305080,13717428
1790591675,10352312,13717428
1790591677,10403768,13717428
1790591679,10469508,13717428
1790591681,9219512,13717428
1790591683,10317892,13717428
1790591685,10330820,13717428
1790591687,9016080,13717428
1790591689,9002104,13717428
1790591691,9308096,13717428
1790591693,10117760,13717428
1790591695,9837236,13717428
1790591697,10383516,13717428
1790591699,10377152,13717428
1790591701,10319128,13717428
1790591703,9225872,13717428
1790591705,10253748,13717428
1790591707,10265200,13717428
1790591709,10315796,13717428
1790591711,9233784,13717428
1790591713,10243428,13717428
1790591715,10307968,13717428
1790591717,9232680,13717428
1790591719,9086156,13717428
1790591721,10360248,13717428
1790591723,10356836,13717428
1790591725,8746140,13717428
1790591727,8741568,13717428
1790591729,9976968,13717428
1790591731,10037620,13717428
1790591733,9870456,13717428
1790591735,10362008,13717428
1790591737,10358572,13717428
1790591739,10357620,13717428
1790591741,9286728,13717428
1790591743,10256640,13717428
1790591745,10315340,13717428
1790591747,10417520,13717428
1790591749,9293596,13717428
1790591751,10340348,13717428
1790591753,10377004,13717428
1790591755,10438136,13717428
1790591757,9177920,13717428
1790591759,10338504,13717428
1790591761,10306472,13717428
1790591763,8783256,13717428
1790591765,8974576,13717428
1790591767,9209832,13717428
1790591769,10008876,13717428
1790591771,9791580,13717428
1790591773,10361412,13717428
1790591775,10364428,13717428
1790591777,10354344,13717428
1790591779,10378368,13717428
1790591781,10281004,13717428
1790591783,10291440,13717428
1790591785,10337736,13717428
1790591787,9277060,13717428
1790591789,10283716,13717428
1790591791,10327060,13717428
1790591793,10462324,13717428
1790591795,9202484,13717428
1790591797,10322136,13717428
1790591799,10339284,13717428
1790591802,8930184,13717428
1790591804,9944716,13717428
1790591806,8965252,13717428
1790591808,10022936,13717428
1790591810,9621856,13717428
1790591812,10295080,13717428
1790591814,10360388,13717428
1790591816,10388636,13717428
1790591818,10005836,13717428
1790591820,10460876,13717428
1790591822,10348196,13717428
1790591824,10359308,13717428
1790591826,9305552,13717428
1790591828,10245492,13717428
1790591830,10307456,13717428
1790591832,10424172,13717428
1790591834,9279080,13717428
1790591836,10291972,13717428
1790591838,10298488,13717428
1790591840,9142656,13717428
1790591842,9909048,13717428
1790591844,8751828,13717428
1790591846,9932780,13717428
1790591848,9197760,13717428
1790591850,10196072,13717428
1790591852,10365308,13717428
1790591854,10355932,13717428
1790591856,9969516,13717428
1790591858,10289520,13717428
1790591860,10378624,13717428
1790591862,10413764,13717428
1790591864,10365208,13717428
1790591866,10322888,13717428
1790591868,10319080,13717428
1790591870,10505672,13717428
1790591872,9299292,13717428
1790591874,10330520,13717428
1790591876,10381500,13717428
1790591878,9363360,13717428
1790591880,10057688,13717428
1790591882,8751748,13717428
1790591884,10004864,13717428
1790591886,9006252,13717428
1790591888,9515852,13717428
1790591890,10260156,13717428
1790591892,10349688,13717428
1790591894,9258472,13717428
1790591896,10246724,13717428
1790591898,10262828,13717428
1790591900,10312144,13717428
1790591902,9851284,13717428
1790591904,10310380,13717428
1790591906,10311616,13717428
1790591908,10371964,13717428
1790591910,10367260,13717428
1790591912,10351708,13717428
1790591914,10377576,13717428
1790591916,7692372,13717428
1790591918,8243656,13717428
1790591920,8674324,13717428
1790591922,8712316,13717428
1790591924,8548452,13717428
1790591926,8652364,13717428
1790591928,8581128,13717428
1790591930,8497544,13717428
1790591932,8568212,13717428
1790591934,8915380,13717428
1790591936,9876328,13717428
1790591938,6017436,13717428
1790591940,8824028,13717428
1790591942,9924472,13717428
1790591944,8725236,13717428
1790591946,10904680,13717428
1790591948,11073072,13717428
1790591950,9217048,13717428
1790591952,9362412,13717428
1790591954,10224224,13717428
1790591956,10265324,13717428
1790591958,9311624,13717428
1790591960,10252932,13717428
1790591962,10279380,13717428
1790591964,10391000,13717428
1790591966,9942268,13717428
1790591968,10321264,13717428
1790591970,10307436,13717428
1790591972,10396312,13717428
1790591974,10513228,13717428
1790591976,10383336,13717428
1790591978,10412708,13717428
1790591980,9435120,13717428
1790591982,10009304,13717428
1790591984,8810416,13717428
1790591986,10047292,13717428
1790591988,9134864,13717428
1790591990,10343436,13717428
1790591992,10349020,13717428
1790591994,10352460,13717428
1790591996,9861448,13717428
1790591998,10343560,13717428
1790592000,10446808,13717428
1790592002,10368616,13717428
1790592004,10070492,13717428
1790592006,10285044,13717428
1790592008,10284972,13717428
1790592010,10363684,13717428
1790592012,10453928,13717428
1790592014,10366620,13717428
1790592016,10377948,13717428
1790592018,9351716,13717428
1790592020,9488272,13717428
1790592022,8744700,13717428
1790592024,9959164,13717428
1790592026,8811432,13717428
1790592028,9373564,13717428
1790592030,10329752,13717428
1790592032,10391272,13717428
1790592034,9452124,13717428
1790592036,10343116,13717428
1790592038,10329448,13717428
1790592040,10376536,13717428
1790592042,10017224,13717428
1790592044,10331244,13717428
1790592046,10340820,13717428
1790592048,10383832,13717428
1790592050,10435876,13717428
1790592052,10310776,13717428
1790592054,10324304,13717428
1790592056,9325320,13717428
1790592058,8824532,13717428
1790592060,8888152,13717428
1790592062,9995992,13717428
1790592064,8876404,13717428
1790592066,9224252,13717428
1790592068,10222268,13717428
1790592070,10273412,13717428
1790592072,9207352,13717428
1790592074,10320088,13717428
1790592076,10324464,13717428
1790592078,10325832,13717428
1790592080,9894580,13717428
1790592082,10309572,13717428
1790592084,10329488,13717428
1790592086,10357728,13717428
1790592088,10067140,13717428
1790592090,10254228,13717428
1790592092,10336484,13717428
1790592094,9371696,13717428
1790592096,8796540,13717428
1790592098,8799108,13717428
1790592100,9929012,13717428
1790592102,8774064,13717428
1790592104,9218448,13717428
1790592106,10370504,13717428
1790592108,10390412,13717428
1790592110,8999160,13717428
1790592112,10395060,13717428
1790592114,10396836,13717428
1790592116,10389996,13717428
1790592118,10064976,13717428
1790592120,10411716,13717428
1790592122,10283404,13717428
1790592124,10283560,13717428
1790592126,10101372,13717428
1790592128,10228700,13717428
1790592130,10258728,13717428
1790592132,9226468,13717428
1790592134,8736104,13717428
1790592136,8751704,13717428
1790592138,9913212,13717428
1790592140,8739476,13717428
1790592142,9180616,13717428
1790592144,10343492,13717428
1790592146,10373952,13717428
1790592148,9247900,13717428
1790592150,10288736,13717428
1790592152,10353804,13717428
1790592154,10391656,13717428
1790592156,9904608,13717428
1790592158,10303124,13717428
1790592160,10323996,13717428
1790592162,10396836,13717440
1790592164,10083220,13717440
1790592166,10375992,13717440
1790592168,10388220,13717440
1790592170,9097984,13717440
1790592172,8833816,13717440
1790592174,8812792,13717440
1790592176,9993832,13717440
1790592178,8892188,13717440
1790592180,9352596,13717440
1790592182,10288436,13717440
1790592184,10271432,13717440
1790592186,8916148,13717440
1790592188,9769772,13717440
1790592190,10379508,13717440
1790592192,10362392,13717440
1790592194,9385236,13717440
1790592196,10309528,13717440
1790592198,10325504,13717440
1790592200,10330800,13717440
1790592202,9938656,13717440
1790592204,10277352,13717440
1790592206,10267932,13717440
1790592208,10375472,13717440
1790592210,8784480,13717440
1790592212,8827320,13717440
1790592214,10057380,13717440
1790592216,9312724,13717440
1790592218,8691344,13717440
1790592220,10343884,13717440
1790592222,10434564,13717440
1790592224,8924756,13717440
1790592226,9770456,13717440
1790592228,10317076,13717440
1790592230,10319072,13717440
1790592232,8933172,13717440
1790592234,9776108,13717440
1790592236,10376912,13717440
1790592238,10374988,13717440
1790592240,9413596,13717440
1790592242,10247536,13717440
1790592244,10250992,13717440
1790592246,10274052,13717440
1790592248,8735696,13717440
1790592250,8724676,13717440
1790592252,9989064,13717440
1790592254,9219904,13717440
1790592256,8637376,13717440
1790592258,10311356,13717440
1790592260,10321068,13717440
1790592262,9076096,13717440
1790592264,9756316,13717440
1790592266,10304444,13717440
1790592268,10327564,13717440
1790592270,9337992,13717440
1790592272,10393284,13717440
1790592274,10406840,13717440
1790592276,10401944,13717440
1790592278,9790584,13717440
1790592280,10313756,13717440
1790592282,10312904,13717440
1790592284,10494884,13717440
1790592286,9180692,13717440
1790592288,8784408,13717440
1790592290,10010940,13717440
1790592292,9285120,13717440
1790592294,8769608,13717440
1790592296,10320092,13717440
1790592298,10368716,13717440
1790592300,9059348,13717440
1790592302,9761812,13717440
1790592304,10308848,13717440
1790592306,10354840,13717440
1790592308,9239544,13717440
1790592310,10271556,13717440
1790592312,10350080,13717440
1790592314,10451124,13717440
1790592316,10019956,13717440
1790592318,10282904,13717440
1790592320,10354104,13717440
1790592322,10355008,13717440
1790592324,9348860,13717440
1790592326,9054352,13717440
1790592328,10052456,13717440
1790592330,9269384,13717440
1790592332,9347972,13717440
1790592334,10406852,13717440
1790592336,10409220,13717440
1790592338,9054036,13717440
1790592340,9802036,13717440
1790592342,10331180,13717440
1790592344,10354856,13717440
1790592346,9318292,13717440
1790592348,10330260,13717440
1790592350,10369896,13717440
1790592352,10394428,13717440
1790592354,10053036,13717440
1790592356,10315812,13717440
1790592358,10315480,13717440
1790592360,7743512,13717440
1790592362,7619600,13717440
1790592364,8657552,13717440
1790592366,8606224,13717440
1790592368,8621044,13717440
1790592370,8471388,13717440
1790592372,8821888,13717440
1790592374,8649988,13717440
1790592376,8483380,13717440
1790592378,8948008,13717440
1790592380,10052600,13717440
1790592382,6346116,13717120
1790592384,8791892,13717120
1790592386,9947292,13717120
1790592388,8776876,13717120
1790592390,10908504,13717120
1790592392,11171972,13717120
1790592394,9160524,13717120
1790592396,9366672,13717120
1790592398,10420296,13717120
1790592400,10468412,13717120
1790592402,9328272,13717120
1790592404,10337232,13717120
1790592406,10322088,13717120
1790592408,10500836,13717120
1790592410,10079900,13717120
1790592412,10366196,13717120
1790592414,10354448,13717120
1790592416,10467892,13717120
1790592418,9305456,13717120
1790592420,10370456,13717120
1790592422,10278780,13717120
1790592424,9269544,13717120
1790592426,9957972,13717120
1790592428,8737704,13717120
1790592430,9965768,13717120
1790592432,8892148,13717120
1790592434,9321840,13717120
1790592436,10284852,13717120
1790592438,10359372,13717120
1790592440,9452064,13717120
1790592442,10348616,13717120
1790592444,10335792,13717120
1790592446,10415948,13717120
1790592448,10110572,13717120
1790592450,10273932,13717120
1790592452,10332656,13717120
1790592454,10416028,13717120
1790592456,10429920,13717120
1790592458,10303592,13717120
1790592460,10347740,13717120
1790592462,9178492,13717120
1790592464,10104072,13717120
1790592466,8827624,13717120
1790592468,10091696,13717120
1790592470,9086744,13717120
1790592472,9490588,13717120
1790592474,10341824,13717120
1790592476,10421036,13717120
1790592478,9239620,13717120
1790592480,10369932,13717120
1790592482,10315116,13717120
1790592484,10386928,13717120
1790592486,10110904,13717120
1790592488,10276156,13717120
1790592490,10316492,13717120
1790592493,10370992,13717120
1790592495,9434896,13717120
1790592497,10300304,13717120
1790592499,10274428,13717120
1790592501,9364920,13717120
1790592503,9878844,13717120
1790592505,8735460,13717120
1790592507,9962900,13717120
1790592509,9031096,13717120
1790592511,10277524,13717120
1790592513,10344532,13717120
1790592515,10356184,13717120
1790592517,9422680,13717120
1790592519,10322640,13717120
1790592521,10371956,13717120
1790592523,10459512,13717120
1790592525,10120952,13717120
1790592527,10380880,13717120
1790592529,10383784,13717120
1790592531,10478164,13717120
1790592533,9309728,13717120
1790592535,10297804,13717120
1790592537,10376444,13717120
1790592539,9180776,13717120
1790592541,10052508,13717120
1790592543,8789256,13717120
1790592545,9990028,13717120
1790592547,8982000,13717120
1790592549,9539600,13717120
1790592551,10372192,13717120
1790592553,10370240,13717120
1790592555,9737376,13717120
1790592557,10283296,13717120
1790592559,10268272,13717120
1790592561,10375048,13717120
1790592563,10140864,13717120
1790592565,10380444,13717120
1790592567,10374380,13717120
1790592569,10415488,13717120
1790592571,9292976,13717120
1790592573,10357072,13717120
1790592575,10363508,13717120
1790592577,9377484,13717120
1790592579,9993384,13717120
1790592581,8825892,13717120
1790592583,10037200,13717120
1790592585,9060456,13717120
1790592587,10286504,13717120
1790592589,10381088,13717120
1790592591,10380624,13717120
1790592593,9973088,13717120
1790592595,10414240,13717120
1790592597,10418316,13717120
1790592599,10412516,13717120
1790592601,10227356,13717120
1790592603,10215700,13717120
1790592605,10207156,13717120
1790592607,10359320,13717120
1790592609,9234872,13717120
1790592611,10227340,13717120
1790592613,10260068,13717120
1790592615,9293396,13717120
1790592617,9908560,13717120
1790592619,8741764,13717120
1790592621,9994396,13717120
1790592623,9218052,13717120
1790592625,10270232,13717120
1790592627,10285848,13717120
1790592629,10339092,13717120
1790592631,9893420,13717120
1790592633,10358832,13717120
1790592635,10344044,13717120
1790592637,10456508,13717120
1790592639,10463704,13717120
1790592641,10362332,13717120
1790592643,10348052,13717120
1790592645,10397184,13717120
1790592647,9274640,13717120
1790592649,10246496,13717120
1790592651,10366268,13717120
1790592653,9296072,13717120
1790592655,9971188,13717120
1790592657,8788984,13717120
1790592659,10061868,13717120
1790592661,9422120,13717120
1790592663,10204312,13717120
1790592665,10282604,13717120
1790592667,10351992,13717120
1790592669,9868728,13717120
1790592671,10324772,13717120
1790592673,10370824,13717120
1790592675,10358384,13717124
1790592677,10380716,13717124
1790592679,10288540,13717124
1790592681,10355612,13717124
1790592683,10412164,13717124
1790592685,9247616,13717124
1790592687,10307276,13717124
1790592689,10299480,13717124
1790592691,7523300,13717124
1790592693,8707012,13717124
1790592695,8829076,13717124
1790592697,8656376,13717124
1790592699,8446844,13717124
1790592701,8595124,13717124
1790592703,8461028,13717124
1790592705,8580852,13717124
1790592707,8500900,13717124
1790592709,9240336,13717124
1790592711,13874536,13717124
1790592713,10027036,13717020
1790592715,8808920,13717020
1790592717,8821628,13717020
1790592719,10008736,13717020
1790592721,11188352,13717020
1790592723,11174060,13717020
1790592725,9948824,13717020
1790592727,10274976,13717020
1790592729,10341684,13717020
1790592731,10416760,13717020
1790592733,10155372,13717020
1790592735,10262224,13717020
1790592737,10335360,13717020
1790592739,10441424,13717020
1790592741,9247864,13717020
1790592743,10296436,13717020
1790592745,10340080,13717020
1790592747,10422472,13717020
1790592749,9272776,13717020
1790592751,10300296,13717020
1790592753,10367108,13717020
1790592755,9048384,13717020
1790592757,9928552,13717020
1790592759,8795544,13717020
1790592761,10004356,13717020
1790592763,9304908,13717020
1790592765,10416716,13717020
1790592767,10421448,13717020
1790592769,10425056,13717020
1790592771,10123892,13717020
1790592773,10332948,13717020
1790592775,10372664,13717020
1790592777,10465704,13717020
1790592779,9317120,13717020
1790592781,10462660,13717020
1790592783,10346556,13717020
1790592785,10390992,13717020
1790592787,9280804,13717020
1790592789,10321684,13717020
1790592791,10345600,13717020
1790592793,9086508,13717020
1790592795,9942864,13717020
1790592797,8771800,13717020
1790592799,9975364,13717020
1790592801,9183620,13717020
1790592803,10344944,13717020
1790592805,10358184,13717020
1790592807,10363500,13717020
1790592809,10121248,13717020
1790592811,10334052,13717020
1790592813,10375236,13717020
1790592815,10415164,13717020
1790592817,9316296,13717020
1790592819,10331196,13717020
1790592821,10330104,13717020
1790592823,10435588,13717020
1790592825,9332880,13717020
1790592827,10407636,13717020
1790592829,10396028,13717020
1790592831,9180420,13717020
1790592833,9991032,13717020
1790592835,8819408,13717020
1790592837,10048072,13717020
1790592839,9228388,13717020
1790592841,10379440,13717020
1790592843,10342120,13717020
1790592845,10384024,13717020
1790592847,10026964,13717020
1790592849,10314836,13717020
1790592851,10320736,13717020
1790592853,10335600,13717020
1790592855,10316640,13717020
1790592857,10294716,13717020
1790592859,10291916,13717020
1790592861,10372996,13717040
1790592863,9268576,13717040
1790592865,10375392,13717040
1790592867,10411324,13717040
1790592869,9052404,13717040
1790592871,9973264,13717040
1790592873,8815064,13717040
1790592875,10059128,13717040
1790592877,8939616,13717040
1790592879,10271576,13717040
1790592881,10297168,13717040
1790592883,10355088,13717040
1790592885,9947844,13717040
1790592887,10352548,13717040
1790592889,10362052,13717040
1790592891,10415872,13717040
1790592893,10383580,13717040
1790592895,10291660,13717040
1790592897,10338760,13717040
1790592899,10426100,13717040
1790592901,9231404,13717040
1790592903,10286680,13717040
1790592905,10315372,13717040
1790592907,9336536,13717040
1790592909,9910648,13717040
1790592911,8746420,13717040
1790592913,9900036,13717040
1790592915,8646128,13717040
1790592917,10137660,13717040
1790592919,10243364,13717040
1790592921,10251996,13717040
1790592923,9842032,13717040
1790592925,10268228,13717040
1790592927,10285064,13717040
1790592929,10341096,13717040
1790592931,10120944,13717040
1790592933,10342704,13717040
1790592935,10391500,13717040
1790592937,10421860,13717040
1790592939,9313164,13717040
1790592941,10309180,13717040
1790592943,10332396,13717040
1790592945,9410512,13717040
1790592947,9968868,13717040
1790592949,8789532,13717040
1790592951,9927240,13717040
1790592953,8673620,13717040
1790592955,10186632,13717040
1790592957,10372516,13717040
1790592959,10370016,13717040
1790592961,9898384,13717040
1790592963,10329012,13717040
1790592965,10351504,13717040
1790592967,10348936,13717040
1790592969,10449164,13717040
1790592971,10264812,13717040
1790592973,10308540,13717040
1790592975,10366192,13717040
1790592977,9295208,13717040
1790592979,10341840,13717040
1790592981,10345572,13717040
1790592983,9417144,13717040
1790592985,10002612,13717040
1790592987,8932912,13717040
1790592989,9956152,13717040
1790592991,9126012,13717040
1790592993,10170036,13717040
1790592995,10350684,13717040
1790592997,10392500,13717040
1790592999,9991252,13717040
1790593001,10270192,13717040
1790593003,10345908,13717040
1790593005,10443660,13717040
1790593007,9511100,13717040
1790593009,10319904,13717040
1790593011,10325764,13717040
1790593013,10418168,13717040
1790593015,9281392,13717040
1790593017,10337792,13717056
1790593019,10401004,13717056
1790593021,7790944,13717060
1790593023,8957700,13717060
1790593025,8722388,13717060
1790593027,8672944,13717060
1790593029,8589168,13717060
1790593031,8474304,13717060
1790593033,8530952,13717060
1790593035,8582340,13717060
1790593037,8624932,13717060
1790593039,9881208,13717060
1790593041,13371756,13717060
1790593043,10548088,13716908
1790593045,9125908,13716908
1790593047,8844532,13716908
1790593049,10062672,13716908
1790593051,11030244,13716908
1790593053,10631360,13716908
1790593055,10341744,13716908
1790593057,10401912,13716908
1790593059,10431064,13716908
1790593061,10428872,13716908
1790593063,9322684,13716908
1790593065,10292036,13716908
1790593067,10403824,13716908
1790593069,10464688,13716908
1790593071,9324848,13716908
1790593073,10327360,13716908
1790593075,10382624,13716908
1790593077,9310996,13716908
1790593079,9172008,13716908
1790593081,10344464,13716908
1790593083,10342920,13716908
1790593085,8924736,13716908
1790593087,8740784,13716908
1790593089,9906932,13716908
1790593091,10127244,13716908
1790593093,10076284,13716908
1790593095,10367200,13716908
1790593097,10350852,13716908
1790593099,10363344,13716908
1790593101,9243800,13716908
1790593103,10325888,13716908
1790593105,10347876,13716908
1790593107,10376708,13716908
1790593109,9083856,13716908
1790593111,10347548,13716908
1790593113,10410772,13716908
1790593115,9310568,13716908
1790593117,9115400,13716908
1790593119,10385284,13716908
1790593121,10380616,13716916
1790593123,8804388,13716916
1790593125,8855188,13716916
1790593127,10134348,13716916
1790593129,10200224,13716916
1790593131,10046728,13716916
1790593133,10424664,13716916
1790593135,10426112,13716916
1790593137,10477332,13716916
1790593139,9315920,13716916
1790593141,10317068,13716916
1790593143,10300076,13716916
1790593145,10376092,13716916
1790593147,9245336,13716916
1790593149,10238428,13716916
1790593151,10346216,13716916
1790593153,10434020,13716916
1790593155,9007632,13716916
1790593157,10286812,13716916
1790593159,10301920,13716916
1790593161,8748328,13716916
1790593163,8918548,13716916
1790593165,9483528,13716932
1790593167,10068688,13716932
1790593169,9654128,13716932
1790593171,10294868,13716932
1790593173,10386368,13716932
1790593175,10375592,13716932
1790593177,9291340,13716932
1790593179,10283252,13716932
1790593181,10341372,13716932
1790593183,10456872,13716932
1790593185,9301576,13716932
1790593187,10363832,13716932
1790593189,10341476,13716932
1790593191,10468068,13716932
1790593193,9209460,13716932
1790593195,10335364,13716932
1790593198,10386372,13716932
1790593200,8786780,13716932
1790593202,8999520,13716932
1790593204,9154944,13716932
1790593206,9969408,13716932
1790593208,9953072,13716932
1790593210,10273468,13716932
1790593212,10356008,13716932
1790593214,10371684,13716932
1790593216,10466764,13716932
1790593218,10338000,13716932
1790593220,10337308,13716932
1790593222,10388756,13716932
1790593224,9297252,13716932
1790593226,10319092,13716932
1790593228,10323992,13716932
1790593230,10398348,13716932
1790593232,9083460,13716932
1790593234,10351060,13716932
1790593236,10448812,13716932
1790593238,8968724,13716932
1790593240,10020508,13716932
1790593242,8933276,13716932
1790593244,9993812,13716932
1790593246,9724988,13716932
1790593248,10292764,13716932
1790593250,10333076,13716932
1790593252,10400424,13716932
1790593254,10283220,13716932
1790593256,10379292,13716932
1790593258,10381648,13716932
1790593260,10492124,13716932
1790593262,9257288,13716932
1790593264,10268216,13716932
1790593266,10298804,13716932
1790593268,10367112,13716932
1790593270,9270940,13716932
1790593272,10287940,13716932
1790593274,10379228,13716932
1790593276,8867700,13716932
1790593278,9921228,13716932
1790593280,8959832,13716932
1790593282,10033856,13716932
1790593284,9642004,13716932
1790593286,10082752,13716932
1790593288,10255704,13716932
1790593290,10343644,13716932
1790593292,10045760,13716932
1790593294,10401172,13716932
1790593296,10405092,13716932
1790593298,10408224,13716932
1790593300,9301424,13716932
1790593302,10345304,13716932
1790593304,10329376,13716932
1790593306,10442040,13716932
1790593308,9297408,13716932
1790593310,10325336,13716932
1790593312,10332692,13716932
1790593314,8915820,13716932
1790593316,10081780,13716932
1790593318,8818160,13716932
1790593320,10079132,13716932
1790593322,9500976,13716932
1790593324,10240828,13716932
1790593326,10283852,13716932
1790593328,10379172,13716932
1790593330,10082572,13716932
1790593332,10304072,13716932
1790593334,10314508,13716932
1790593336,10346940,13716932
1790593338,9245984,13716932
1790593340,10210892,13716932
1790593342,10231924,13716932
1790593344,10386144,13716932
1790593346,8959300,13716932
1790593348,10284496,13716932
1790593350,10289232,13716932
1790593352,7649668,13716932
1790593354,8981104,13716932
1790593356,8655152,13716932
1790593358,8604656,13716932
1790593360,8585564,13716932
1790593362,8480860,13716932
1790593364,8534608,13716932
1790593366,8612400,13716932
1790593368,8509164,13716932
1790593370,9803732,13716932
1790593372,11095508,13716932
1790593374,9761568,13716932
1790593376,8779272,13716932
1790593378,8779804,13716932
1790593380,10131392,13716932
1790593382,10644572,13716932
1790593384,10588916,13716932
1790593386,9197412,13716932
1790593388,10326080,13716932
1790593390,10323724,13716932
1790593392,10565520,13716932
1790593394,9434680,13716932
1790593396,10483276,13716932
1790593398,10475028,13716932
1790593400,10511508,13716932
1790593402,9326640,13716932
1790593404,10469920,13716932
1790593406,10498676,13716932
1790593408,9433876,13716932
1790593410,9272656,13716932
1790593412,10353648,13716932
1790593414,10352972,13716932
1790593416,8819924,13716932
1790593418,8812212,13716932
1790593420,9966332,13716932
1790593422,10002124,13716932
1790593424,9287956,13716932
1790593426,10173136,13716932
1790593428,10377028,13716932
1790593430,10440800,13716932
1790593432,8946188,13716932
1790593434,10327488,13716932
1790593436,10347604,13716932
1790593438,9290248,13716932
1790593440,9282236,13716932
1790593442,10316356,13716932
1790593444,10318056,13716932
1790593446,9036948,13716932
1790593448,9483504,13716932
1790593450,10334012,13716932
1790593452,10341576,13716932
1790593454,8758236,13716932
1790593456,8755220,13716932
1790593458,9903968,13716932
1790593460,9980320,13716932
1790593462,9235724,13716932
1790593464,10340320,13716932
1790593466,10365132,13716932
1790593468,10366800,13716932
1790593470,9032584,13716932
1790593472,10374132,13716932
1790593474,10372176,13716932
1790593476,9278136,13716932
1790593478,9456280,13716932
1790593480,10324024,13716932
1790593482,10337940,13716932
1790593484,9081848,13716932
1790593486,9555776,13716932
1790593488,10367816,13716932
1790593490,10374756,13716932
1790593492,8823872,13716932
1790593494,8799092,13716932
1790593496,9989224,13716932
1790593498,10069268,13716932
1790593500,9326688,13716932
1790593502,10335736,13716932
1790593504,10338052,13716932
1790593506,10333760,13716932
1790593508,9077388,13716932
1790593510,10262444,13716932
1790593512,10300732,13716932
1790593514,9204396,13716932
1790593516,9324472,13716932
1790593518,10245944,13716932
1790593520,10314296,13716932
1790593522,8975656,13716932
1790593524,9725340,13716932
1790593526,10315648,13716932
1790593528,10319944,13716932
1790593530,8761252,13716932
1790593532,8809672,13716932
1790593534,10071972,13716932
1790593536,10101796,13716932
1790593538,9289452,13716932
1790593540,10297584,13716932
1790593542,10338792,13716932
1790593544,9260764,13716932
1790593546,9139436,13716932
1790593548,10342084,13716932
1790593550,10365100,13716932
1790593552,9285508,13716932
1790593554,9443024,13716932
1790593556,10309860,13716932
1790593558,10415816,13716932
1790593560,9216376,13716932
1790593562,9712968,13716932
1790593564,10321164,13716932
1790593566,10323428,13716932
1790593568,8756476,13716932
1790593570,8757608,13716932
1790593572,10013484,13716932
1790593574,10014796,13716932
1790593576,8745296,13716932
1790593578,10300976,13716932
1790593580,10306300,13716932
1790593582,9215772,13716932
1790593584,9034180,13716932
1790593586,10269264,13716932
1790593588,10304264,13716932
1790593590,8895004,13716932
1790593592,9786836,13716932
1790593594,10324388,13716932
1790593596,10352672,13716932
1790593598,9254312,13716932
1790593600,10394916,13716932
1790593602,10400364,13716932
1790593604,10393512,13716932
1790593606,8836708,13716932
1790593608,8810820,13716932
1790593610,10012536,13716932
1790593612,9296380,13716932
1790593614,8591612,13716932
1790593616,10349156,13716932
1790593618,10404116,13716932
1790593620,9176068,13716932
1790593622,9568168,13716932
1790593624,10340104,13716932
1790593626,10346036,13716932
1790593628,9086172,13716932
1790593630,10310636,13716932
1790593632,10315708,13716932
1790593634,10379404,13716932
1790593636,9861472,13716932
1790593638,10256916,13716932
1790593640,10250760,13716932
1790593642,10324236,13716932
1790593644,8763592,13716932
1790593646,8742212,13716932
1790593648,9913600,13716932
1790593650,9235072,13716932
1790593652,8937728,13716932
1790593654,10337472,13716932
1790593656,10349792,13716932
1790593658,8964448,13716932
1790593660,9805720,13716932
1790593662,10333004,13716932
1790593664,10433740,13716932
1790593666,9317268,13716932
1790593668,10383112,13716932
1790593670,10387940,13716932
1790593672,10386724,13716932
1790593674,10066968,13716932
1790593676,10361208,13716932
1790593678,10358280,13716936
1790593680,7714180,13716936
1790593682,8156540,13716936
1790593684,8634004,13716936
1790593686,8681752,13716936
1790593688,8472040,13716936
1790593690,8418212,13716936
1790593692,8606024,13716936
1790593694,8348012,13716936
1790593696,8476216,13716936
1790593698,8717012,13716936
1790593700,9835308,13716936
1790593702,6567120,13716748
1790593704,9145984,13716748
1790593706,9965852,13716748
1790593708,9231368,13716748
1790593710,10780232,13716748
1790593712,11219504,13716748
1790593714,9020852,13716748
1790593716,9337992,13716748
1790593718,10475312,13716748
1790593720,10511500,13716748
1790593722,9364224,13716748
1790593724,10442236,13716748
1790593726,10432848,13716748
1790593728,10430684,13716748
1790593730,10222000,13716748
1790593732,10312312,13716748
1790593734,10321320,13716748
1790593736,10457496,13716748
1790593738,9329908,13716748
1790593740,10439492,13716748
1790593742,10327492,13716748
1790593744,9362104,13716748
1790593746,9987716,13716748
1790593748,9060356,13716748
1790593750,10024684,13716748
1790593752,8849248,13716748
1790593754,10158768,13716748
1790593756,10322128,13716748
1790593758,10356248,13716748
1790593760,9953964,13716748
1790593762,10324204,13716748
1790593764,10357636,13716748
1790593766,10361732,13716748
1790593768,10480072,13716748
1790593770,10269020,13716748
1790593772,10449760,13716748
1790593774,10464424,13716748
1790593776,9315992,13716748
1790593778,10406892,13716748
1790593780,10414872,13716748
1790593782,9402192,13716748
1790593784,10052800,13716748
1790593786,8888928,13716748
1790593788,10075412,13716748
1790593790,9134320,13716748
1790593792,10342768,13716748
1790593794,10357004,13716748
1790593796,10415380,13716748
1790593798,10084748,13716748
1790593800,10358760,13716748
1790593802,10277144,13716748
1790593804,10397836,13716748
1790593806,9504568,13716748
1790593808,10255300,13716748
1790593810,10334768,13716748
1790593812,10383392,13716748
1790593814,9246100,13716748
1790593816,10269768,13716748
1790593818,10301172,13716748
1790593820,9171860,13716748
1790593822,9977020,13716748
1790593824,8741356,13716748
1790593826,9976704,13716748
1790593828,9379352,13716748
1790593830,10256904,13716748
1790593832,10389628,13716748
1790593834,10391208,13716748
1790593836,10214828,13716748
1790593838,10324512,13716748
1790593840,10358916,13716748
1790593842,10406004,13716748
1790593844,9301440,13716748
1790593846,10310884,13716748
1790593848,10388788,13716748
1790593850,10474728,13716748
1790593852,8992344,13716748
1790593854,10344064,13716748
1790593856,10349636,13716748
1790593858,8809568,13716748
1790593860,9771324,13716748
1790593862,8983760,13716748
1790593864,9976836,13716748
1790593866,9755224,13716748
1790593868,10255688,13716748
1790593870,10356252,13716748
1790593872,10392280,13716748
1790593874,10359412,13716748
1790593876,10321384,13716748
1790593878,10331452,13716748
1790593880,10380564,13716748
1790593882,9282468,13716748
1790593884,10332132,13716748
1790593886,10346060,13716748
1790593888,9270664,13716748
1790593890,9118504,13716748
1790593892,10378148,13716748
1790593894,10376904,13716748
1790593896,8799196,13716748
1790593898,8802184,13716748
1790593900,10080216,13716748
1790593902,10093576,13716748
1790593904,10084044,13716748
1790593906,10409424,13716748
1790593908,10382592,13716748
1790593910,10384432,13716748
1790593912,9288160,13716748
1790593915,10321472,13716748
1790593917,10349012,13716748
1790593919,10382624,13716748
1790593921,8962572,13716748
1790593923,10297484,13716748
1790593925,10326076,13716748
1790593927,9232268,13716748
1790593929,9044988,13716748
1790593931,10314428,13716748
1790593933,10366428,13716748
1790593935,8740476,13716748
1790593937,8720292,13716748
1790593939,10078416,13716748
1790593941,10128964,13716748
1790593943,10251800,13716748
1790593945,10307824,13716748
1790593947,10315276,13716748
1790593949,10335024,13716748
1790593951,9244344,13716748
1790593953,10383652,13716748
1790593955,10384760,13716748
1790593957,10429368,13716748
1790593959,9131212,13716748
1790593961,10315332,13716748
1790593963,10348376,13716748
1790593965,9274236,13716748
1790593967,9459436,13716748
1790593969,10391808,13716748
1790593971,10417928,13716748
1790593973,8818044,13716748
1790593975,8834624,13716748
1790593977,10007520,13716748
1790593979,10185872,13716748
1790593981,9351824,13716748
1790593983,10317360,13716748
1790593985,10317004,13716748
1790593987,10340828,13716748
1790593989,9146912,13716748
1790593991,10242464,13716748
1790593993,10271020,13716748
1790593995,9239620,13716748
1790593997,8995952,13716748
1790593999,10309864,13716748
1790594001,10314956,13716748
1790594003,9239784,13716748
1790594005,9424920,13716748
1790594007,10250788,13716748
1790594009,10330668,13716748
1790594011,8745876,13716748
1790594013,8785808,13716748
1790594015,9959972,13716748
1790594017,10208472,13716748
1790594019,9256020,13716748
1790594021,10413784,13716748
1790594023,10420364,13716748
1790594025,10410192,13716748
1790594027,9142360,13716748
1790594029,10358808,13716748
1790594031,10435160,13716748
1790594033,9306060,13716748
1790594035,9461108,13716748
1790594037,10385152,13716748
1790594039,10417992,13716748
1790594041,9184664,13716748
1790594043,9676092,13716748
1790594045,10236924,13716748
1790594047,10329864,13716748
1790594049,8740428,13716748
1790594051,8723512,13716748
1790594053,9885920,13716748
1790594055,10014700,13716748
1790594057,9197952,13716748
1790594059,10358172,13716748
1790594061,10371928,13716748
1790594063,9209836,13716748
1790594065,9047900,13716748
1790594067,10264820,13716748
1790594069,10275192,13716748
1790594071,9100100,13716748
1790594073,9530156,13716748
1790594075,10370296,13716748
1790594077,10410888,13716748
1790594079,9179096,13716748
1790594081,9746000,13716748
1790594083,10316172,13716748
1790594085,10389548,13716748
1790594087,8820096,13716748
1790594089,8814476,13716748
1790594091,10024192,13716748
1790594093,10195560,13716748
1790594095,9169808,13716748
1790594097,10477220,13716748
1790594099,10470100,13716748
1790594101,9346540,13716748
1790594103,9092808,13716748
1790594105,10298836,13716748
1790594107,10297384,13716748
1790594109,8818088,13716748
1790594111,9654684,13716748
1790594113,10220792,13716748
1790594115,10252344,13716748
1790594117,9188260,13716748
1790594119,10250652,13716748
1790594121,10251960,13716748
1790594123,7591344,13716748
1790594125,7262772,13716748
1790594127,8689920,13716748
1790594129,8677920,13716748
1790594131,8504132,13716748
1790594133,8477576,13716748
1790594135,8423200,13716748
1790594137,8587124,13716748
1790594139,8518900,13716748
1790594141,8637432,13716748
1790594143,9735272,13716748
1790594145,3140712,13716748
1790594147,8801264,13716748
1790594149,8791860,13716748
1790594151,8787532,13716748
1790594153,9989208,13716748
1790594155,11003072,13716748
1790594157,8551344,13716748
1790594159,9123440,13716748
1790594161,10379392,13716748
1790594163,10333956,13716748
1790594165,9005920,13716748
1790594167,9764628,13716748
1790594169,10355324,13716748
1790594171,10359848,13716748
1790594173,9382908,13716748
1790594175,10273088,13716748
1790594177,10342084,13716748
1790594179,10390196,13716748
1790594181,10094024,13716748
1790594183,10279032,13716748
1790594185,10336928,13716748
1790594187,9279696,13716748
1790594189,8798704,13716748
1790594191,8782600,13716748
1790594193,10036144,13716748
1790594195,8812632,13716748
1790594197,9371512,13716748
1790594199,10338128,13716748
1790594201,10415536,13716748
1790594203,9121028,13716748
1790594205,10315212,13716748
1790594207,10375836,13716748
1790594209,10411680,13716748
1790594211,10088592,13716748
1790594213,10292184,13716748
1790594215,10308936,13716748
1790594217,10498264,13716748
1790594219,10092612,13716748
1790594221,10372792,13716748
1790594223,10306216,13716748
1790594225,9683052,13716748
1790594227,8774104,13716748
1790594229,8748652,13716748
1790594231,9926800,13716748
1790594233,8831232,13716748
1790594235,9023760,13716748
1790594237,10287440,13716748
1790594239,10352308,13716748
1790594241,9136888,13716748
1790594243,10331808,13716748
1790594245,10338988,13716748
1790594247,10349804,13716748
1790594249,10050100,13716748
1790594251,10281584,13716748
1790594253,10354160,13716748
1790594255,10445300,13716748
1790594257,10328820,13716748
1790594259,10322160,13716748
1790594261,10320968,13716748
1790594263,9206828,13716748
1790594265,8796032,13716748
1790594267,8804224,13716748
1790594269,9972176,13716748
1790594271,8843064,13716748
1790594273,9243872,13716748
1790594275,10299384,13716748
1790594277,10428596,13716748
1790594279,8934788,13716748
1790594281,10394700,13716748
1790594283,10350296,13716748
1790594285,10375996,13716748
1790594287,9990952,13716748
1790594289,10257836,13716748
1790594291,10319540,13716748
1790594293,10351560,13716748
1790594295,10382732,13716748
1790594297,10287036,13716748
1790594299,10286696,13716748
1790594301,9106264,13716748
1790594303,9153692,13716748
1790594305,8728872,13716748
1790594307,9910140,13716748
1790594309,8603308,13716748
1790594311,9271184,13716748
1790594313,10374524,13716748
1790594315,10372740,13716748
1790594317,9537712,13716748
1790594319,10347832,13716748
1790594321,10342608,13716748
1790594323,10377388,13716748
1790594325,10205536,13716748
1790594327,10343536,13716748
1790594329,10353712,13716748
1790594331,10414076,13716748
1790594333,9316772,13716748
1790594335,10353708,13716748
1790594337,10347524,13716748
1790594339,9449616,13716748
1790594341,10018300,13716748
1790594343,8779784,13716748
1790594345,9965904,13716748
1790594347,8568752,13716748
1790594349,10203740,13716748
1790594351,10296816,13716748
1790594353,10374856,13716748
1790594355,9487312,13716748
1790594357,10314280,13716748
1790594359,10321520,13716748
1790594361,10316256,13716748
1790594363,10122004,13716748
1790594365,10264576,13716748
1790594367,10271368,13716748
1790594369,10310640,13716748
1790594371,9280624,13716748
1790594373,10324144,13716748
1790594375,10383912,13716752
1790594377,9423876,13716752
1790594379,10034516,13716752
1790594381,8800784,13716752
1790594383,9962780,13716752
1790594385,8540928,13716752
1790594387,9251728,13716752
1790594389,10334020,13716752
1790594391,10511884,13716752
1790594393,9303160,13716752
1790594395,10404748,13716752
1790594397,10415932,13716752
1790594399,10415536,13716752
1790594401,10063248,13716752
1790594403,10317008,13716752
1790594405,10300516,13716752
1790594407,10361404,13716752
1790594409,9236780,13716752
1790594411,10249808,13716752
1790594413,10259556,13716752
1790594415,7586184,13716752
1790594417,8405424,13716752
1790594419,8631400,13716752
1790594421,8604576,13716752
1790594423,8364044,13716752
1790594425,8575644,13716752
1790594427,8426052,13716752
1790594429,8512096,13716752
1790594431,8521116,13716752
1790594433,9014324,13716752
