epoch,MemAvailable_kB,SwapFree_kB
1790529601,26163648,14257052
1790529603,26149044,14257052
1790529605,23517700,14257052
1790529607,23531508,14257052
1790529609,18226480,14257052
1790529611,14706832,14257052
1790529613,12092940,14257052
1790529615,12155240,14257052
1790529617,13055728,14257052
1790529619,12894076,14257052
1790529621,12895348,14257056
1790529623,12908824,14257056
1790529625,12980376,14257056
1790529627,12897776,14257056
1790529629,12977932,14257056
1790529631,12947708,14257056
1790529633,12938172,14257056
1790529635,12900076,14257056
1790529637,12867668,14257060
1790529639,12822056,14257060
1790529641,12751140,14257060
1790529643,12699004,14257060
1790529645,12651856,14257060
1790529647,12624308,14257060
1790529649,12549884,14257060
1790529651,12540192,14257060
1790529653,12444864,14257060
1790529655,11636624,14257060
1790529657,10811196,14257060
1790529659,9492608,14257060
1790529661,10583616,14257060
1790529663,10641816,14257060
1790529665,9581368,14257060
1790529667,9458940,14257060
1790529669,10546116,14257060
1790529671,10595468,14257060
1790529673,9435244,14257060
1790529675,9764368,14257060
1790529677,10586272,14257060
1790529679,10679404,14257060
1790529681,9310936,14257060
1790529683,10050388,14257060
1790529685,10595400,14257060
1790529687,10596212,14257060
1790529689,9130740,14257060
1790529691,9030952,14257060
1790529693,10121440,14257060
1790529695,10064896,14257060
1790529697,8963832,14257060
1790529699,10483452,14257060
1790529701,10478680,14257060
1790529703,9058812,14257060
1790529705,9540192,14257060
1790529707,10355668,14257060
1790529709,10445812,14257060
1790529711,9039440,14257068
1790529713,9818108,14257068
1790529715,10361200,14257068
1790529717,10436736,14257068
1790529719,9676156,14257068
1790529721,10420764,14257068
1790529723,10482240,14257068
1790529725,10578084,14257068
1790529727,9052512,14257068
1790529729,8967508,14257068
1790529731,10270236,14257068
1790529733,9459488,14257068
1790529735,8836176,14257068
1790529737,10536816,14257068
1790529739,10531812,14257068
1790529741,9073620,14257068
1790529743,9905288,14257068
1790529745,10537228,14257068
1790529747,10530548,14257068
1790529749,9458072,14257068
1790529751,10381468,14257068
1790529753,10493820,14257068
1790529755,10617080,14257068
1790529757,10360968,14257068
1790529759,10468252,14257068
1790529761,10608864,14257068
1790529763,9880984,14257068
1790529765,9123168,14257068
1790529767,9061268,14257068
1790529769,10265080,14257068
1790529771,9438284,14257068
1790529773,9837208,14257068
1790529775,10620076,14257068
1790529777,10478720,14257068
1790529779,9397416,14257068
1790529781,9910044,14257068
1790529783,10473056,14257068
1790529785,10578904,14257068
1790529787,10408180,14257068
1790529789,10440120,14257068
1790529791,10441316,14257068
1790529793,10494768,14257068
1790529795,10641424,14257068
1790529797,10442732,14257068
1790529799,10493396,14257068
1790529801,9273992,14257068
1790529803,10224792,14257068
1790529805,9032652,14257068
1790529807,10142988,14257068
1790529809,9415020,14257068
1790529811,10456148,14257068
1790529813,10476604,14257068
1790529815,10507368,14257068
1790529817,10090316,14257068
1790529819,10479064,14257068
1790529821,10473432,14257068
1790529823,10532184,14257068
1790529825,9616284,14257068
1790529827,10493048,14257068
1790529829,10499068,14257068
1790529831,10575740,14257068
1790529833,9463384,14257068
1790529835,10485064,14257068
1790529837,10534828,14257068
1790529839,8955656,14257068
1790529842,10190284,14257068
1790529844,9278116,14257068
1790529846,10191200,14257068
1790529848,10046288,14257068
1790529850,10419504,14257068
1790529852,10535044,14257068
1790529854,10597240,14257068
1790529856,10569680,14257068
1790529858,10487656,14257068
1790529860,10531280,14257068
1790529862,10546424,14257068
1790529864,9484740,14257068
1790529866,10504324,14257068
1790529868,10417376,14257068
1790529870,9393672,14257068
1790529872,9160812,14257068
1790529874,10318924,14257068
1790529876,10428696,14257068
1790529878,8887688,14257068
1790529880,8875084,14257068
1790529882,10119900,14257068
1790529884,10139752,14257068
1790529886,9609108,14257068
1790529888,10512612,14257068
1790529890,10513252,14257068
1790529892,10545232,14257068
1790529894,9032752,14257068
1790529896,10414464,14257068
1790529898,10522832,14257068
1790529900,9539120,14257068
1790529902,9323832,14257104
1790529904,10489316,14257104
1790529906,10577604,14257104
1790529908,9400896,14257104
1790529910,9830236,14257104
1790529912,10516908,14257104
1790529914,10574176,14257104
1790529916,9067936,14257104
1790529918,8997480,14257104
1790529920,10197040,14257104
1790529922,10211060,14257104
1790529924,9443492,14257104
1790529926,10532044,14257104
1790529928,10451772,14257104
1790529930,9381624,14257104
1790529932,9186796,14257104
1790529934,10379092,14257156
1790529936,10542756,14257160
1790529938,9175116,14257160
1790529940,9567304,14257160
1790529942,10380552,14257160
1790529944,10413668,14257160
1790529946,9268372,14257160
1790529948,9784984,14257160
1790529950,10395588,14257160
1790529952,10648028,14257160
1790529954,9040204,14257160
1790529956,9006404,14257164
1790529958,10070596,14257164
1790529960,9450172,14257164
1790529962,8870192,14257164
1790529964,10536264,14257164
1790529966,10602368,14257164
1790529968,9225572,14257164
1790529970,9739068,14257172
1790529972,10564848,14257172
1790529974,10577596,14257172
1790529976,9484216,14257172
1790529978,9866856,14257172
1790529980,10468908,14257180
1790529982,10576360,14257180
1790529984,10033992,14257180
1790529986,10466000,14257180
1790529988,10443192,14257180
1790529990,10531016,14257180
1790529992,8940052,14257180
1790529994,8868632,14257180
1790529996,10090624,14257180
1790529998,9373368,14257180
1790530000,9053728,14257180
1790530002,10285024,14257180
1790530004,10443848,14257180
1790530006,9088940,14257180
1790530008,9803556,14257180
1790530010,10386924,14257180
1790530012,10424488,14257180
1790530014,9984436,14257180
1790530016,10351412,14257180
1790530018,10367116,14257180
1790530020,10537456,14257180
1790530022,10508788,14257180
1790530024,10376920,14257180
1790530026,10441724,14257180
1790530028,9544172,14257180
1790530030,9440980,14257180
1790530032,8985360,14257180
1790530034,10258912,14257180
1790530036,9242472,14257180
1790530038,9818364,14257180
1790530040,10571020,14257180
1790530042,10576528,14257180
1790530044,10132220,14257180
1790530046,10508896,14257180
1790530048,10425912,14257180
1790530050,10559092,14257180
1790530052,10488856,14257180
1790530054,10458180,14257180
1790530056,10465212,14257180
1790530058,10595456,14257180
1790530060,9464480,14257180
1790530062,10442980,14257180
1790530064,10498380,14257180
1790530066,9117896,14257180
1790530068,10140156,14257180
1790530070,8905248,14257180
1790530072,10124708,14257180
1790530074,9652376,14257180
1790530076,10353444,14257180
1790530078,10425444,14257180
1790530080,10549364,14257180
1790530082,10427324,14257180
1790530084,10474264,14257180
1790530086,10513960,14257180
1790530088,10570600,14257180
1790530090,9473004,14257180
1790530092,10427468,14257180
1790530094,10476268,14257180
1790530096,10571952,14257180
1790530098,9257468,14257180
1790530100,10519496,14257180
1790530102,10542524,14257180
1790530104,8999620,14257180
1790530106,9037016,14257180
1790530108,10149956,14257180
1790530110,10159332,14257180
1790530112,10233588,14257180
1790530114,10445592,14257180
1790530116,10506296,14257180
1790530118,10525632,14257180
1790530120,9459840,14257180
1790530122,10425900,14257180
1790530124,10442652,14257180
1790530126,10566144,14257180
1790530128,9450096,14257180
1790530130,10476940,14257180
1790530132,10486988,14257180
1790530134,9452076,14257180
1790530136,9328692,14257180
1790530138,10429164,14257180
1790530140,10628536,14257180
1790530142,9020768,14257180
1790530144,8966224,14257180
1790530146,10157548,14257180
1790530148,10173756,14257180
1790530150,9452364,14257180
1790530152,10324376,14257180
1790530154,10501020,14257180
1790530156,10551092,14257180
1790530158,9480984,14257180
1790530160,10496084,14257180
1790530162,10501168,14257180
1790530164,9478752,14257180
1790530166,9340840,14257180
1790530168,10305744,14257180
1790530170,10385800,14257180
1790530172,9107676,14257180
1790530174,9584672,14257180
1790530176,10362876,14257180
1790530178,10395456,14257180
1790530180,8868268,14257180
1790530182,8863704,14257180
1790530184,10111940,14257180
1790530186,10128216,14257180
1790530188,9399248,14257180
1790530190,10466452,14257180
1790530192,10468440,14257180
1790530194,10475176,14257180
1790530196,9330032,14257180
1790530198,10376240,14257180
1790530200,10505964,14257180
1790530202,9506640,14257180
1790530204,9681480,14257180
1790530206,10598172,14257180
1790530208,10663104,14257180
1790530210,9266064,14257180
1790530212,9947188,14257180
1790530214,10496208,14257180
1790530216,10638424,14257180
1790530218,9053296,14257180
1790530220,8993492,14257180
1790530222,10210996,14257180
1790530224,10266288,14257180
1790530226,8813272,14257180
1790530228,10378472,14257180
1790530230,10450756,14257180
1790530232,9358024,14257180
1790530234,9276136,14257180
1790530236,10273692,14257180
1790530238,10485032,14257180
1790530240,9041572,14257180
1790530242,9779532,14257180
1790530244,10277500,14257180
1790530246,10417484,14257180
1790530248,9364364,14257180
1790530250,9778652,14257180
1790530252,10383068,14257180
1790530254,10410572,14257180
1790530256,8902336,14257180
1790530258,9019100,14257180
1790530260,10204552,14257180
1790530262,9432624,14257180
1790530264,8965856,14257180
1790530266,10445960,14257180
1790530268,10498060,14257180
1790530270,9157296,14257180
1790530272,9692448,14257180
1790530274,10487604,14257180
1790530276,10536824,14257180
1790530278,9277964,14257180
1790530280,9925036,14257180
1790530282,10445164,14257180
1790530284,10549872,14257180
1790530286,10092784,14257180
1790530288,10350548,14257180
1790530290,10403196,14257180
1790530292,10459904,14257184
1790530294,8939708,14257184
1790530296,8873324,14257184
1790530298,10068772,14257184
1790530300,8940208,14257184
1790530302,9278548,14257208
1790530304,10449404,14257252
1790530306,10450692,14257268
1790530308,9088872,14257268
1790530310,9837244,14257268
1790530312,10352328,14257268
1790530314,10422804,14257268
1790530316,9909268,14257268
1790530318,10345928,14257268
1790530320,10479724,14257268
1790530322,10562748,14257268
1790530324,10649204,14257272
1790530326,10433908,14257272
1790530328,10438212,14257272
1790530330,9553668,14257272
1790530332,10085072,14257272
1790530334,9195984,14257272
1790530336,10228868,14257320
1790530338,9150684,14257320
1790530340,9730084,14257320
1790530342,10483452,14257320
1790530344,10555296,14257320
1790530346,10093088,14257320
1790530348,10441040,14257320
1790530350,10439040,14257320
1790530352,10562044,14257320
1790530354,10635552,14257320
1790530356,10403196,14257320
1790530358,10443940,14257320
1790530360,10573180,14257320
1790530362,9456680,14257320
1790530364,10424764,14257320
1790530366,10529724,14257320
1790530368,9471768,14257320
1790530370,10111860,14257320
1790530372,9167376,14257320
1790530374,10116224,14257320
1790530376,9843988,14257320
1790530378,10319752,14257320
1790530380,10501588,14257320
1790530382,10497084,14257320
1790530384,10585540,14257320
1790530386,10432732,14257320
1790530388,10456476,14257320
1790530390,10596872,14257320
1790530392,9449404,14257320
1790530394,10414452,14257320
1790530396,10517680,14257328
1790530398,9449704,14257328
1790530400,9281600,14257328
1790530402,10419760,14257328
1790530404,10546600,14257328
1790530406,8982868,14257328
1790530408,9015208,14257328
1790530410,10055064,14257328
1790530412,10115768,14257328
1790530414,10447616,14257328
1790530416,10429792,14257328
1790530418,10478512,14257328
1790530420,10519580,14257328
1790530422,9452384,14257328
1790530424,10445040,14257328
1790530426,10525224,14257328
1790530428,9441420,14257328
1790530430,9291628,14257328
1790530432,10453100,14257328
1790530434,10502776,14257328
1790530436,9422400,14257328
1790530438,9655112,14257328
1790530440,10468368,14257328
1790530442,10558948,14257328
1790530444,9021316,14257328
1790530446,8980492,14257328
1790530448,10146480,14257328
1790530450,10218572,14257328
1790530452,9396836,14257328
1790530454,10421152,14257328
1790530456,10519664,14257328
1790530458,10598772,14257328
1790530460,9278084,14257328
1790530462,10426012,14257328
1790530464,10676044,14257328
1790530466,9445196,14257328
1790530468,9487416,14257328
1790530470,10327984,14257328
1790530472,10433928,14257328
1790530474,9111248,14257328
1790530476,9800248,14257328
1790530478,10378884,14257328
1790530480,10512196,14257328
1790530482,8874932,14257328
1790530484,8919136,14257332
1790530486,10141436,14257332
1790530488,9405752,14257332
1790530490,8876540,14257332
1790530492,10481468,14257332
1790530494,10480972,14257332
1790530496,9102316,14257332
1790530498,9568448,14257332
1790530500,10519816,14257332
1790530502,10604748,14257332
1790530504,9318232,14257332
1790530506,9936716,14257332
1790530508,10489664,14257332
1790530510,10556556,14257332
1790530512,10198196,14257332
1790530514,10452348,14257332
1790530516,10486940,14257332
1790530518,10640628,14257332
1790530520,9071192,14257332
1790530522,8994340,14257332
1790530524,10274844,14257332
1790530526,9321480,14257332
1790530528,9538824,14257332
1790530530,10445148,14257332
1790530532,10456936,14257332
1790530534,9274436,14257332
1790530536,9785128,14257332
1790530538,10382388,14257332
1790530540,10440680,14257332
1790530542,9989308,14257360
1790530544,10329708,14257360
1790530546,10393136,14257360
1790530548,10459052,14257360
1790530550,10538460,14257360
1790530552,10412452,14257516
1790530554,10375592,14257516
1790530557,9387960,14257516
1790530559,8965788,14257516
1790530561,8908268,14257516
1790530563,10124496,14257516
1790530565,9317976,14257516
1790530567,9715248,14257516
1790530569,10505840,14257520
1790530571,10580596,14257520
1790530573,9587124,14257520
1790530575,10490920,14257520
1790530577,10551484,14257520
1790530579,10655032,14257520
1790530581,10496876,14257520
1790530583,10546520,14257520
1790530585,10564772,14257520
1790530587,10611772,14257520
1790530589,9442836,14257520
1790530591,10396080,14257520
1790530593,10454056,14257520
1790530595,9345208,14257520
1790530597,10056788,14257520
1790530599,8886720,14257520
1790530601,10079504,14257520
1790530603,9366052,14257520
1790530605,10382992,14257520
1790530607,10439440,14257520
1790530609,10488520,14257520
1790530611,10103328,14257520
1790530613,10352816,14257520
1790530615,10366120,14257520
1790530617,10500732,14257520
1790530619,9381888,14257520
1790530621,10416404,14257520
1790530623,10454772,14257520
1790530625,10567572,14257520
1790530627,9478744,14257520
1790530629,10421596,14257520
1790530631,10489892,14257520
1790530633,8965272,14257520
1790530635,10141404,14257520
1790530637,9332880,14257520
1790530639,10233532,14257520
1790530641,10219444,14257520
1790530643,10443208,14257520
1790530645,10568016,14257520
1790530647,10627512,14257520
1790530649,10430640,14257520
1790530651,10437140,14257520
1790530653,10501620,14257520
1790530655,10543940,14257520
1790530657,9293608,14257520
1790530659,10376000,14257528
1790530661,10507164,14257528
1790530663,9444388,14257528
1790530665,9273592,14257528
1790530667,10428968,14257528
1790530669,10512904,14257528
1790530671,8952816,14257528
1790530673,8889340,14257528
1790530675,10030596,14257528
1790530677,10189300,14257528
1790530679,9362808,14257528
1790530681,10469976,14257528
1790530683,10526308,14257528
1790530685,10536880,14257528
1790530687,9239408,14257528
1790530689,10401788,14257528
1790530691,10477192,14257528
1790530693,9435956,14257528
1790530695,9233432,14257528
1790530697,10398772,14257528
1790530699,10438588,14257528
1790530701,9277784,14257528
1790530703,9824228,14257528
1790530705,10375844,14257528
1790530707,10532532,14257528
1790530709,8875440,14257528
1790530711,8941044,14257528
1790530713,10081740,14257528
1790530715,10121844,14257528
1790530717,9055200,14257528
1790530719,10383576,14257528
1790530721,10498244,14257528
1790530723,9438964,14257528
1790530725,9503240,14257528
1790530727,10387816,14257528
1790530729,10450604,14257528
1790530731,9239788,14257528
1790530733,9802892,14257528
1790530735,10412636,14257528
1790530737,10563184,14257528
1790530739,9468352,14257528
1790530741,10456728,14257528
1790530743,10559812,14257528
1790530745,10599952,14257528
1790530747,9030864,14257528
1790530749,8964944,14257528
1790530751,10161184,14257528
1790530753,9426900,14257528
1790530755,8829884,14257528
1790530757,10445104,14257528
1790530759,10432916,14257528
1790530761,9221820,14257528
1790530763,9818256,14257528
1790530765,10530968,14257528
1790530767,10537772,14257528
1790530769,9443712,14257528
1790530771,10277648,14257528
1790530773,10316884,14257528
1790530775,10449476,14257528
1790530777,10247888,14257528
1790530779,10328748,14257528
1790530781,10328368,14257528
1790530783,9512800,14257528
1790530785,8871900,14257528
1790530787,8916204,14257528
1790530789,10149916,14257528
1790530791,8884248,14257528
1790530793,9676596,14257528
1790530795,10487772,14257528
1790530797,10487888,14257528
1790530799,9486684,14257528
1790530801,10496604,14257528
1790530803,10517136,14257528
1790530805,10658528,14257528
1790530807,10440776,14257528
1790530809,10437008,14257528
1790530811,10486676,14257528
1790530813,10637360,14257528
1790530815,9537316,14257528
1790530817,10565456,14257528
1790530819,10599544,14257528
1790530821,9407044,14257528
1790530823,10201964,14257528
1790530825,8976120,14257528
1790530827,10242728,14257528
1790530829,9200816,14257528
1790530831,10445880,14257528
1790530833,10447992,14257528
1790530835,10459632,14257528
1790530837,10320568,14257528
1790530839,10293884,14257528
1790530841,10297352,14257528
1790530843,10415188,14257528
1790530845,9339408,14257528
1790530847,10316140,14257576
1790530849,10370980,14257576
1790530851,10416960,14257576
1790530853,9273836,14257580
1790530855,10284796,14257580
1790530857,10413684,14257580
1790530859,8871664,14257580
1790530861,9804464,14257580
1790530863,9293092,14257580
1790530865,10244136,14257580
1790530867,10260656,14257580
1790530869,10486992,14257580
1790530871,10562904,14257580
1790530873,10612664,14257580
1790530875,9533140,14257580
1790530877,10532388,14257580
1790530879,10554060,14257580
1790530881,10615596,14257580
1790530883,9448380,14257580
1790530885,10455176,14257580
1790530887,10502944,14257580
1790530889,9441416,14257580
1790530891,9494864,14257580
1790530893,10419600,14257580
1790530895,10449132,14257580
1790530897,8955840,14257580
1790530899,8902728,14257580
1790530901,10087248,14257580
1790530903,10092392,14257580
1790530905,9375008,14257580
1790530907,10274836,14257580
1790530909,10383800,14257580
1790530911,10427620,14257580
1790530913,9270168,14257580
1790530915,10405212,14257580
1790530917,10362008,14257580
1790530919,9382984,14257580
1790530921,9592852,14257580
1790530923,10409972,14257580
1790530925,10550120,14257580
1790530927,9210060,14257580
1790530929,9892712,14257580
1790530931,10411576,14257580
1790530933,10538372,14257580
1790530935,9002640,14257580
1790530937,9004508,14257580
1790530939,10257180,14257580
1790530941,10293408,14257580
1790530943,8888932,14257580
1790530945,10565988,14257580
1790530947,10481808,14257580
1790530949,9411496,14257580
1790530951,9596720,14257580
1790530953,10391420,14257588
1790530955,10492876,14257588
1790530957,9122148,14257588
1790530959,9883344,14257588
1790530961,10470940,14257588
1790530963,10543360,14257588
1790530965,9523300,14257588
1790530967,10417576,14257588
1790530969,10466708,14257588
1790530971,10539128,14257588
1790530973,8990888,14257588
1790530975,8914120,14257588
1790530977,10116960,14257588
1790530979,9388324,14257588
1790530981,8934180,14257588
1790530983,10589596,14257588
1790530985,10624104,14257588
1790530987,9189092,14257588
1790530989,9897984,14257588
1790530991,10432112,14257588
1790530993,10505060,14257588
1790530995,9509344,14257588
1790530997,10430140,14257588
1790530999,10431100,14257588
1790531001,10515768,14257588
1790531003,10317016,14257588
1790531005,10479664,14257588
1790531007,10376068,14257588
1790531009,9289304,14257588
1790531011,8868888,14257588
1790531013,8954552,14257588
1790531015,10099756,14257588
1790531017,8779688,14257588
1790531019,9567872,14257588
1790531021,10458616,14257588
1790531023,10458104,14257588
1790531025,9536372,14257588
1790531027,10510028,14257588
1790531029,10510308,14257588
1790531031,10544440,14257588
1790531033,10407016,14257588
1790531035,10334188,14257588
1790531037,10433932,14257588
1790531039,10581184,14257588
1790531041,9534328,14257588
1790531043,10507180,14257588
1790531045,10516620,14257588
1790531047,9434804,14257588
1790531049,10216300,14257588
1790531051,9130716,14257588
1790531053,10250212,14257588
1790531055,10113444,14257588
1790531057,10485192,14257588
1790531059,10536320,14257588
1790531061,10538852,14257588
1790531063,10446320,14257588
1790531065,10520788,14257588
1790531067,10440532,14257588
1790531069,10546044,14257588
1790531071,9404012,14257588
1790531073,10351192,14257588
1790531075,10432020,14257588
1790531077,10569384,14257588
1790531079,9289340,14257588
1790531081,10438232,14257588
1790531083,10444340,14257588
1790531085,9511776,14257588
1790531087,8982704,14257588
1790531089,10158536,14257612
1790531091,10243800,14257612
1790531093,10292108,14257612
1790531095,10507036,14257612
1790531097,10502848,14257612
1790531099,10521196,14257612
1790531101,9542872,14257612
1790531103,10501216,14257612
1790531105,10557304,14257612
1790531107,10702668,14257612
1790531109,9443208,14257612
1790531111,10485120,14257612
1790531113,10644508,14257612
1790531115,9515644,14257612
1790531117,9374932,14257612
1790531119,10512660,14257612
1790531121,10589772,14257612
1790531123,9062592,14257612
1790531125,8969864,14257612
1790531127,10085032,14257612
1790531129,10123524,14257612
1790531131,9363196,14257612
1790531133,10462240,14257612
1790531135,10461020,14257612
1790531137,10481380,14257612
1790531139,9259160,14257612
1790531141,10393060,14257612
1790531143,10477264,14257612
1790531145,9345484,14257612
1790531147,9498036,14257612
1790531149,10354048,14257612
1790531151,10380648,14257612
1790531153,9138396,14257612
1790531155,9830272,14257612
1790531157,10397808,14257612
1790531159,10430020,14257612
1790531161,8977828,14257612
1790531163,9002932,14257612
1790531165,10241492,14257612
1790531167,10400872,14257612
1790531169,9136752,14257612
1790531171,10598132,14257612
1790531173,10601612,14257612
1790531175,9533868,14257612
1790531177,9683952,14257612
1790531179,10526288,14257612
1790531181,10562960,14257612
1790531183,9353128,14257612
1790531185,9978424,14257612
1790531187,10443216,14257612
1790531189,10484424,14257612
1790531191,9584832,14257612
1790531193,10435820,14257612
1790531195,10478660,14257612
1790531197,10598172,14257612
1790531199,8974852,14257612
1790531201,8909636,14257612
1790531203,10170048,14257612
1790531205,9368024,14257612
1790531207,9001040,14257612
1790531209,10459416,14257612
1790531211,10457560,14257612
1790531213,9153268,14257612
1790531215,9757836,14257612
1790531217,10366628,14257612
1790531219,10479856,14257612
1790531221,9529460,14257612
1790531223,10471968,14257612
1790531225,10489288,14257612
1790531227,10610056,14257612
1790531229,10267956,14257612
1790531231,10492804,14257612
1790531233,10486984,14257612
1790531235,10595940,14257612
1790531237,8992236,14257612
1790531239,9040300,14257612
1790531241,10256276,14257612
1790531243,9319636,14257612
1790531245,9740672,14257612
1790531247,10463124,14257612
1790531249,10497000,14257612
1790531251,9410628,14257612
1790531253,9881876,14257612
1790531255,10477828,14257612
1790531257,10550996,14257612
1790531259,10188120,14257612
1790531261,10427940,14257612
1790531263,10502700,14257612
1790531266,10501452,14257612
1790531268,10649652,14257612
1790531270,10393312,14257612
1790531272,10490164,14257612
1790531274,9601240,14257612
1790531276,10179092,14257612
1790531278,8909768,14257612
1790531280,10230320,14257612
1790531282,9363664,14257612
1790531284,9673524,14257612
1790531286,10499360,14257612
1790531288,10552696,14257612
1790531290,10081476,14257612
1790531292,10442364,14257612
1790531294,10475844,14257612
1790531296,10538604,14257612
1790531298,10619372,14257612
1790531300,10495612,14257612
1790531302,10493312,14257612
1790531304,10577128,14257612
1790531306,9484104,14257612
1790531308,10349172,14257612
1790531310,10397056,14257612
1790531312,9378504,14257612
1790531314,10040872,14257612
1790531316,8966596,14257612
1790531318,10092076,14257612
1790531320,9804244,14257612
1790531322,10388344,14257612
1790531324,10440752,14257612
1790531326,10501344,14257612
1790531328,10484172,14257612
1790531330,10488348,14257612
1790531332,10497296,14257612
1790531334,10573272,14257612
1790531336,9473252,14257612
1790531338,10403644,14257612
1790531340,10530808,14257612
1790531342,9533624,14257612
1790531344,9365164,14257612
1790531346,10503608,14257612
1790531348,10637012,14257612
1790531350,9022408,14257612
1790531352,9046952,14257612
1790531354,10170292,14257612
1790531356,10168956,14257612
1790531358,10335452,14257612
1790531360,10512740,14257612
1790531362,10514260,14257612
1790531364,10528924,14257612
1790531366,9436676,14257612
1790531368,10365400,14257612
1790531370,10372164,14257612
1790531372,10499932,14257612
1790531374,9247608,14257612
1790531376,10353644,14257612
1790531378,10408824,14257612
1790531380,9377396,14257612
1790531382,9257480,14257612
1790531384,10340356,14257612
1790531386,10550132,14257612
1790531388,7384192,14257612
1790531390,8891700,14257612
1790531392,8544452,14257612
1790531394,8455072,14257612
1790531396,8517612,14257612
1790531398,8447268,14257612
1790531400,8512636,14257612
1790531402,8509040,14257612
1790531404,8538124,14257612
1790531406,9855276,14257612
1790531408,3299900,14257612
1790531410,9665868,14257612
1790531412,8729700,14257612
1790531414,8712036,14257612
1790531416,9602168,14257612
1790531418,10864800,14257612
1790531420,9171712,14257612
1790531422,8814604,14257612
1790531424,10140004,14257612
1790531426,10199156,14257612
1790531428,8870616,14257612
1790531430,9512112,14257612
1790531432,10196696,14257612
1790531434,10201088,14257612
1790531436,9198044,14257612
1790531438,10107912,14257612
1790531440,10123092,14257612
1790531442,10171968,14257612
1790531444,9958448,14257612
1790531446,10122240,14257612
1790531448,10140576,14257612
1790531450,9861480,14257612
1790531452,8612488,14257612
1790531454,8620176,14257612
1790531456,9812084,14257612
1790531458,8505572,14257612
1790531460,9368472,14257612
1790531462,10211708,14257612
1790531464,10250128,14257612
1790531466,9199360,14257612
1790531468,10204896,14257612
1790531470,10210504,14257612
1790531472,10251760,14257612
1790531474,10021872,14257612
1790531476,10166968,14257612
1790531478,10267408,14257612
1790531480,10362616,14257612
1790531482,9209220,14257612
1790531484,10233256,14257612
1790531486,10253884,14257612
1790531488,9050332,14257612
1790531490,9810384,14257612
1790531492,8631124,14257612
1790531494,9849328,14257612
1790531496,9263992,14257612
1790531498,10189368,14257612
1790531500,10195252,14257612
1790531502,10201388,14257612
1790531504,10020484,14257612
1790531506,10130280,14257612
1790531508,10180192,14257612
1790531510,10238896,14257612
1790531512,9120492,14257612
1790531514,10082752,14257612
1790531516,10149712,14257612
1790531518,10246920,14257612
1790531520,8911764,14257612
1790531522,10167856,14257612
1790531524,10239292,14257612
1790531526,8736600,14257612
1790531528,8997452,14257612
1790531530,9204384,14257612
1790531532,9978104,14257612
1790531534,10133084,14257620
1790531536,10227684,14257620
1790531538,10312144,14257624
1790531540,10305648,14257624
1790531542,9210344,14257624
1790531544,10262264,14257624
1790531546,10260928,14257624
1790531548,10235320,14257624
1790531550,9051724,14257624
1790531552,10117888,14257624
1790531554,10221788,14257624
1790531556,9114312,14257624
1790531558,9017552,14257624
1790531560,10135108,14257624
1790531562,10210856,14257624
1790531564,8617172,14257624
1790531566,8619016,14257624
1790531568,9819872,14257624
1790531570,9824316,14257624
1790531572,9110084,14257624
1790531574,10158032,14257624
1790531576,10214452,14257624
1790531578,10211868,14257624
1790531580,9153816,14257624
1790531582,10183516,14257624
1790531584,10214368,14257624
1790531586,9207712,14257624
1790531588,9087352,14257624
1790531590,10185712,14257624
1790531592,10252744,14257624
1790531594,9000992,14257624
1790531596,9553812,14257624
1790531598,10218408,14257624
1790531600,10299580,14257624
1790531602,8726972,14257624
1790531604,8715376,14257624
1790531606,9934644,14257624
1790531608,9972656,14257624
1790531610,8697696,14257624
1790531612,10097584,14257624
1790531614,10127572,14257624
1790531616,9066184,14257624
1790531618,9257728,14257624
1790531620,10091712,14257624
1790531622,10144768,14257624
1790531624,8808748,14257624
1790531626,9508992,14257624
1790531628,10195404,14257624
1790531630,10223248,14257624
1790531632,9597968,14257624
1790531634,10098460,14257636
1790531636,10061116,14257676
1790531638,10113628,14257680
1790531640,8765068,14257784
1790531642,8809996,14257784
1790531644,10050428,14257784
1790531646,10242108,14257812
1790531648,8895624,14257840
1790531650,10482444,14259232
1790531652,10498396,14259620
1790531654,9350732,14260372
1790531656,9293052,14260372
1790531658,10423652,14260372
1790531660,10484300,14260384
1790531662,9467708,14260388
1790531664,9627712,14260388
1790531666,10478628,14260388
1790531668,10498164,14260388
1790531670,9278884,14260388
1790531672,9865256,14260388
1790531674,10497196,14260388
1790531676,10615196,14260388
1790531678,9033764,14260388
1790531680,9018672,14260388
1790531682,10214156,14260388
1790531684,10267348,14260388
1790531686,9502764,14260388
1790531688,10445408,14260388
1790531690,10520456,14260388
1790531692,10631536,14260388
1790531694,9520072,14260388
1790531696,10576472,14260388
1790531698,10586180,14260388
1790531700,9549456,14260388
1790531702,9360028,14260388
1790531704,10600092,14260388
1790531706,10599296,14260388
1790531708,9522724,14260388
1790531710,9434340,14260388
1790531712,10579948,14260388
1790531714,10575772,14260388
1790531716,9026172,14260388
1790531718,9005728,14260388
1790531720,10195932,14260388
1790531722,10234492,14260388
1790531724,10442188,14260388
1790531726,10498416,14260388
1790531728,10546004,14260388
1790531730,10628212,14260388
1790531732,9517612,14260388
1790531734,10511528,14260388
1790531736,10533260,14260388
1790531738,10657760,14260388
1790531740,9496020,14260388
1790531742,10497216,14260388
1790531744,10506212,14260388
1790531746,9825232,14260388
1790531748,9388464,14260388
1790531750,10480584,14260388
1790531752,10506812,14260388
1790531754,9282072,14260388
1790531756,9627444,14260388
1790531758,9569796,14260388
1790531760,10207560,14260388
1790531762,10234564,14260388
1790531764,10580472,14260388
1790531766,10591036,14260388
1790531768,10574084,14260388
1790531770,10665732,14260388
1790531772,10482492,14260388
1790531774,10504280,14260388
1790531776,10632144,14260388
1790531778,9525260,14260388
1790531780,10525028,14260388
1790531782,10559500,14260388
1790531784,10728108,14260388
1790531786,9153476,14260388
1790531788,10544636,14260388
1790531790,10560448,14260388
1790531792,9540460,14260388
1790531794,10228656,14260388
1790531796,9415796,14260388
1790531798,10221572,14260388
1790531800,9750084,14260388
1790531802,10507852,14260388
1790531804,10542248,14260388
1790531806,10536580,14260388
1790531808,10400436,14260388
1790531810,10479672,14260388
1790531812,10569120,14260388
1790531814,10613184,14260388
1790531816,10665996,14260388
1790531818,10460076,14260388
1790531820,10521752,14260388
1790531822,10613880,14260388
1790531824,9511240,14260388
1790531826,10444028,14260388
1790531828,10605384,14260388
1790531830,9481092,14260388
1790531832,10326916,14260388
1790531834,9234720,14260388
1790531836,10247096,14260388
1790531838,9066088,14260388
1790531840,9764836,14260388
1790531842,10561800,14260388
1790531844,10650260,14260388
1790531846,9657164,14260388
1790531848,10492600,14260388
1790531850,10558428,14260388
1790531852,10671388,14260388
1790531854,10269608,14260388
1790531856,10559940,14260388
1790531858,10590820,14260388
1790531860,10673820,14260388
1790531862,10631132,14260388
1790531864,10477824,14260388
1790531866,10545244,14260388
1790531868,9324080,14260388
1790531870,9010324,14260388
1790531872,9011196,14260388
1790531874,10220860,14260388
1790531876,9415460,14260388
1790531878,9726664,14260388
1790531880,10592924,14260388
1790531882,10639572,14260388
1790531884,9440896,14260388
1790531886,9983460,14260388
1790531888,10510820,14260388
1790531890,10638108,14260388
1790531892,9899004,14260388
1790531894,10493068,14260388
1790531896,10533464,14260388
1790531898,10637192,14260388
1790531900,10360388,14260388
1790531902,10543904,14260388
1790531904,10556288,14260388
1790531906,10581924,14260388
1790531908,9036920,14260388
1790531910,9038136,14260388
1790531912,10333572,14260388
1790531914,9493612,14260388
1790531916,8915584,14260388
1790531918,10425748,14260388
1790531920,10602760,14260388
1790531922,9304520,14260388
1790531924,9888524,14260388
1790531926,10540052,14260388
1790531928,10562972,14260388
1790531930,9420640,14260388
1790531932,9982208,14260388
1790531934,10528564,14260388
1790531936,10671972,14260388
1790531938,9588748,14260388
1790531940,10506768,14260388
1790531942,10519776,14260388
1790531944,10611960,14260388
1790531946,9044392,14260388
1790531948,9052404,14260388
1790531950,10225708,14260388
1790531952,9516036,14260388
1790531954,9039088,14260388
1790531956,10492180,14260388
1790531958,10563096,14260388
1790531960,9508188,14260388
1790531962,9633288,14260388
1790531964,10558476,14260388
1790531966,10587832,14260388
1790531968,9358936,14260388
1790531970,9770488,14260388
1790531972,10495624,14260388
1790531974,10609224,14260388
1790531976,9328208,14260388
1790531979,9984256,14260388
1790531981,10554524,14260388
1790531983,10600512,14260388
1790531985,9052032,14260388
1790531987,9054628,14260388
1790531989,10244432,14260388
1790531991,10376024,14260388
1790531993,9122240,14260388
1790531995,10480668,14260388
1790531997,10588964,14260388
1790531999,9520560,14260388
1790532001,9361984,14260388
1790532003,10520616,14260388
1790532005,10558552,14260388
1790532007,9521688,14260388
1790532009,9680648,14260388
1790532011,10536416,14260388
1790532013,10553440,14260388
1790532015,9371228,14260388
1790532017,9934388,14260388
1790532019,10508748,14260388
1790532021,10512436,14260388
1790532023,9016196,14260388
1790532025,9021336,14260388
1790532027,10222952,14260388
1790532029,10263836,14260388
1790532031,9479988,14260388
1790532033,10635072,14260388
1790532035,10630072,14260388
1790532037,10627812,14260388
1790532039,9448212,14260388
1790532041,10539660,14260388
1790532043,10534964,14260388
1790532045,9518312,14260388
1790532047,9338416,14260388
1790532049,10496344,14260388
1790532051,10624540,14260388
1790532053,9235156,14260388
1790532055,9714840,14260388
1790532057,10528804,14260388
1790532059,10559572,14260388
1790532061,9040992,14260388
1790532063,9021928,14260388
1790532065,10260180,14260388
1790532067,10347048,14260388
1790532069,9490952,14260388
1790532071,10521276,14260388
1790532073,10604980,14260388
1790532075,10612324,14260388
1790532077,9530388,14260388
1790532079,10542356,14260388
1790532081,10508980,14260388
1790532083,10700340,14260388
1790532085,9392516,14260388
1790532087,10512124,14260388
1790532089,10538412,14260388
1790532091,9523168,14260388
1790532093,9363932,14260388
1790532095,10494416,14260388
1790532097,10521004,14260388
1790532099,7597036,14260388
1790532101,9202364,14260388
1790532103,8966944,14260388
1790532105,8824228,14260388
1790532107,8902724,14260388
1790532109,8726148,14260388
1790532111,8855668,14260388
1790532113,8525944,14260388
1790532115,8821000,14260388
1790532117,10121604,14260388
1790532119,13674748,14260388
1790532121,10840160,14260388
1790532123,9087560,14260388
1790532125,10255352,14260388
1790532127,9277648,14260388
1790532129,11243384,14260388
1790532131,11283332,14260388
1790532133,9410300,14260388
1790532135,9842756,14260652
1790532137,10563152,14260652
1790532139,10570308,14260652
1790532141,9614048,14260652
1790532143,10437184,14260652
1790532145,10460864,14260652
1790532147,10618084,14260652
1790532149,10160820,14260652
1790532151,10572672,14260652
1790532153,10572516,14260652
1790532155,10604868,14260652
1790532157,10627308,14260652
1790532159,10472984,14260652
1790532161,10536140,14260652
1790532163,9946408,14260652
1790532165,9057812,14260652
1790532167,9047732,14260652
1790532169,10251480,14260652
1790532171,9529640,14260652
1790532173,9207588,14260652
1790532175,10525460,14260652
1790532177,10611276,14260652
1790532179,9320104,14260652
1790532181,10004400,14260652
1790532183,10584980,14260652
1790532185,10580264,14260652
1790532187,9544304,14260652
1790532189,9845684,14260652
1790532191,10467832,14260652
1790532193,10558096,14260652
1790532195,10089356,14260652
1790532197,10504248,14260652
1790532199,10509636,14260652
1790532201,10602572,14260652
1790532203,9062732,14260652
1790532205,9048344,14260652
1790532207,10214512,14260652
1790532209,9507164,14260652
1790532211,8816412,14260652
1790532213,10515252,14260652
1790532215,10561252,14260652
1790532217,9527204,14260652
1790532219,9678360,14260652
1790532221,10513676,14260652
1790532223,10546172,14260652
1790532225,9206368,14260652
1790532227,9894060,14260652
1790532229,10537252,14260652
1790532231,10556864,14260652
1790532233,9355504,14260652
1790532235,9969552,14260652
1790532237,10533148,14260652
1790532239,10546324,14260652
1790532241,9050744,14260652
1790532243,9032172,14260652
1790532245,10248964,14260652
1790532247,10349320,14260652
1790532249,9489268,14260652
1790532251,10555160,14260652
1790532253,10555156,14260652
1790532255,9508620,14260652
1790532257,9348776,14260652
1790532259,10391788,14260652
1790532261,10586420,14260652
1790532263,9505572,14260652
1790532265,9694184,14260652
1790532267,10515252,14260652
1790532269,10581436,14260652
1790532271,9295232,14260652
1790532273,9984836,14260652
1790532275,10535696,14260652
1790532277,10608144,14260652
1790532279,9043324,14260652
1790532281,9043988,14260652
1790532283,10268268,14260652
1790532285,10362268,14260652
1790532287,9523908,14260652
1790532289,10477804,14260652
1790532291,10537296,14260652
1790532293,10595456,14260652
1790532295,9376676,14260652
1790532297,10475976,14260652
1790532299,10533372,14260652
1790532301,9503436,14260652
1790532303,9379900,14260652
1790532305,10453656,14260652
1790532307,10499916,14260652
1790532309,9506984,14260652
1790532311,9652960,14260652
1790532313,10496840,14260652
1790532315,10550996,14260652
1790532317,9056344,14260652
1790532319,9055068,14260652
1790532321,10238292,14260652
1790532323,10256956,14260652
1790532325,10597396,14260652
1790532327,10521252,14260652
1790532329,10583136,14260652
1790532331,10610300,14260652
1790532333,9513560,14260652
1790532335,10543676,14260652
1790532337,10563132,14260652
1790532339,10644128,14260652
1790532341,9221964,14260652
1790532343,10383472,14260652
1790532345,10451792,14260652
1790532347,10038268,14260652
1790532349,9219832,14260652
1790532351,10422768,14260652
1790532353,10453520,14260652
1790532355,8981212,14260652
1790532357,9705852,14260652
1790532359,9309840,14260652
1790532361,10234384,14260652
1790532363,10123644,14260652
1790532365,10612052,14260652
1790532367,10605568,14260652
1790532369,10612160,14260652
1790532371,10635200,14260652
1790532373,10452104,14260652
1790532375,10453776,14260652
1790532377,10568320,14260652
1790532379,10091640,14260652
1790532381,10456852,14260652
1790532383,10431928,14260660
1790532385,10547520,14260660
1790532387,10480652,14260660
1790532389,10378424,14260728
1790532391,10452096,14260736
1790532393,9480216,14260736
1790532395,8944068,14260736
1790532397,8846284,14260736
1790532399,10103220,14260736
1790532401,10121896,14260736
1790532403,9015536,14260740
1790532405,10350928,14260740
1790532407,10374640,14260744
1790532409,10428316,14260744
1790532411,9359272,14260744
1790532413,10466664,14260744
1790532415,10462444,14260744
1790532417,10493960,14260744
1790532419,9442832,14260744
1790532421,10353172,14261044
1790532423,10484480,14261044
1790532425,10585448,14261044
1790532427,9466400,14261044
1790532429,10396672,14261044
1790532431,10399540,14261044
1790532433,9451800,14261044
1790532435,9015668,14261044
1790532437,8943700,14261044
1790532439,10241576,14261584
1790532441,9420344,14261584
1790532443,8831216,14261584
1790532445,10462052,14261584
1790532447,10465916,14261588
1790532449,10545640,14261588
1790532451,9317660,14261588
1790532453,10434352,14261588
1790532455,10463988,14261588
1790532457,9460020,14261588
1790532459,9339384,14261588
1790532461,10505648,14261588
1790532463,10596756,14261588
1790532465,9496500,14261588
1790532467,9586160,14261588
1790532469,10515932,14261588
1790532471,10699260,14261588
1790532473,9488080,14261588
1790532475,9058172,14261588
1790532477,10262376,14261588
1790532479,10350028,14261588
1790532481,10519892,14261588
1790532483,10460380,14261588
1790532485,10554944,14261588
1790532487,10586280,14261588
1790532489,9512584,14261588
1790532491,10498744,14261588
1790532493,10555296,14261588
1790532495,10621256,14261588
1790532497,9150456,14261588
1790532499,10413852,14261588
1790532501,10573320,14261588
1790532503,9485708,14261588
1790532505,9355412,14261588
1790532507,10471460,14261588
1790532509,10493624,14261588
1790532511,9487028,14261588
1790532513,9098948,14261588
1790532515,9565032,14261588
1790532517,10339576,14261588
1790532519,10056640,14261588
1790532521,10558196,14261588
1790532523,10547432,14261588
1790532525,10543472,14261588
1790532527,10588648,14261588
1790532529,10437128,14261588
1790532531,10490140,14261600
1790532533,10635464,14261604
1790532535,10726324,14261604
1790532537,10460288,14261604
1790532539,10499456,14261604
1790532541,10661824,14261604
1790532543,9525668,14261604
1790532545,10501360,14261604
1790532547,10557136,14261604
1790532549,9411184,14261604
1790532551,10305320,14261604
1790532553,9075128,14261604
1790532555,10246224,14261604
1790532557,9049628,14261604
1790532559,9719984,14261604
1790532561,10525456,14261604
1790532563,10614332,14261604
1790532565,9542020,14261604
1790532567,10511348,14261604
1790532569,10529812,14261604
1790532571,10680920,14261604
1790532573,10242220,14261604
1790532575,10533984,14261604
1790532577,10513828,14261604
1790532579,10555704,14261604
1790532581,10617300,14261604
1790532583,10503760,14261612
1790532585,10497644,14261612
1790532587,9527664,14261612
1790532589,9043060,14261612
1790532591,9011944,14261616
1790532593,10203960,14261620
1790532595,9442564,14261620
1790532597,9247896,14261644
1790532599,10499884,14261660
1790532601,10484424,14261692
1790532603,9379724,14261692
1790532605,9510652,14261692
1790532607,10330056,14261692
1790532609,10395668,14261692
1790532611,9334692,14261692
1790532613,9515832,14261692
1790532615,10369144,14261692
1790532617,10418320,14261692
1790532619,9425900,14261692
1790532621,9556684,14261692
1790532623,10382236,14261692
1790532625,10445460,14261692
1790532627,7453604,14261692
1790532629,9072968,14261712
1790532631,8871688,14261740
1790532633,8771832,14261744
1790532635,8651220,14261748
1790532637,8771496,14261752
1790532639,8796308,14261784
1790532641,8714992,14262128
1790532643,8839836,14262180
1790532645,8872488,14262180
1790532647,9922828,14262180
1790532649,3496356,14262192
1790532651,9917848,14262192
1790532653,8887324,14262192
1790532655,8895520,14262192
1790532657,9643024,14262192
1790532659,11131876,14262192
1790532661,10567100,14262192
1790532663,9229396,14262192
1790532665,10280156,14262192
1790532667,10364596,14262192
1790532669,10418724,14262192
1790532671,9299412,14262192
1790532673,10056940,14262352
1790532675,10237040,14262352
1790532677,10330360,14262352
1790532679,9168780,14262356
1790532681,10196960,14262372
1790532683,10249656,14262372
1790532685,10276272,14262372
1790532687,9197936,14262380
1790532690,10180536,14262388
1790532692,10180640,14262412
1790532694,9323920,14262412
1790532696,8747448,14262412
1790532698,8749732,14262432
1790532700,9894440,14262436
1790532702,9173416,14262480
1790532704,8503276,14269388
1790532706,10233080,14269776
1790532708,10323792,14269912
1790532710,10343768,14270012
1790532712,9064648,14270028
1790532714,10293380,14270076
1790532716,10291872,14270076
1790532718,10355260,14270080
1790532720,9267360,14270092
1790532722,10272576,14270096
1790532724,10296216,14270096
1790532726,10452940,14270096
1790532728,9301220,14270096
1790532730,10286320,14270104
1790532732,10305848,14270104
1790532734,9189352,14270112
1790532736,9971684,14270112
1790532738,8794488,14270112
1790532740,9938024,14270132
1790532742,9119868,14270132
1790532744,9429100,14270132
1790532746,10285432,14270148
1790532748,10238848,14270156
1790532750,9139308,14270164
1790532752,9319936,14272112
1790532754,10227732,14272136
1790532756,10260468,14272144
1790532758,9214848,14272148
1790532760,9003852,14272156
1790532762,10132940,14272168
1790532764,10226156,14272176
1790532766,9156032,14272176
1790532768,9000712,14272176
1790532770,10173332,14272176
1790532772,10235588,14272176
1790532774,9298348,14272916
1790532776,9965496,14272920
1790532778,8723596,14272924
1790532780,9881948,14272940
1790532782,8858600,14272940
1790532784,9173536,14272940
1790532786,9984104,14272940
1790532788,10070360,14272940
1790532790,8951924,14272940
1790532792,8822016,14272940
1790532794,9991840,14272940
1790532796,10022664,14272940
1790532798,8961644,14272940
1790532800,8823568,14272940
1790532802,9964584,14272940
1790532804,10007640,14272940
1790532806,10137536,14272940
1790532808,8974248,14272940
1790532810,9943560,14272940
1790532812,9984520,14272940
1790532814,9129816,14272940
1790532816,8537204,14272940
1790532818,8540804,14272940
1790532820,9723504,14272940
1790532822,9005712,14272940
1790532824,8407040,14272940
1790532826,9968280,14272940
1790532828,10118040,14272940
1790532830,10279596,14272940
1790532832,8887204,14272940
1790532834,10160716,14272940
1790532836,10171228,14272940
1790532838,10216556,14272940
1790532840,9168116,14272940
1790532842,10152260,14272940
1790532844,10047824,14272940
1790532846,10145928,14272952
1790532848,8937868,14272952
1790532850,9909360,14272964
1790532852,10146248,14272964
1790532854,9236000,14273360
1790532856,8374236,14273360
1790532858,9558204,14273360
1790532860,8465072,14273360
1790532862,9614216,14273360
1790532864,9692948,14273360
1790532866,9943752,14273360
1790532868,9674556,14273372
1790532870,9138024,14273372
1790532872,9896736,14273372
1790532874,10035240,14273564
1790532876,10074472,14273624
1790532878,10112496,14273624
1790532880,8879876,14273624
1790532882,10012376,14273624
1790532884,9163928,14273696
1790532886,10197044,14273696
1790532888,10216748,14273696
1790532890,10240960,14273696
1790532892,10277916,14273696
1790532894,9115128,14273696
1790532896,8996212,14273696
1790532898,9836224,14273696
1790532900,10131132,14273724
1790532902,10176780,14273724
1790532904,10248968,14273724
1790532906,10279808,14273724
1790532908,9989904,14273724
1790532910,9174960,14273724
1790532912,10108304,14273724
1790532914,10201016,14273728
1790532916,10212364,14273728
1790532918,10253052,14273748
1790532920,8505172,14273820
1790532922,9754360,14273820
1790532924,8538040,14273820
1790532926,9166600,14273820
1790532928,9825248,14273820
1790532930,10048032,14273820
1790532932,9715684,14273980
1790532934,8910732,14273980
1790532936,10078420,14273980
1790532938,10183688,14273980
1790532940,10234900,14273980
1790532942,10548552,14273980
1790532944,9575948,14273980
1790532946,8773332,14273980
1790532948,10123656,14273980
1790532950,10145400,14273980
1790532952,10174896,14273980
1790532954,10200916,14273980
1790532956,8963580,14273980
1790532958,10031460,14273980
1790532960,9041796,14273980
1790532962,10075784,14273980
1790532964,10147004,14273980
1790532966,10167756,14273980
1790532968,10229344,14273980
1790532970,8794852,14273980
1790532972,8974660,14273980
1790532974,9277288,14273980
1790532976,10146160,14273980
1790532978,10155700,14273980
1790532980,10184396,14273980
1790532982,8844800,14273980
1790532984,9478064,14275048
1790532986,9463052,14275048
1790532988,9039236,14275048
1790532990,9788068,14275048
1790532992,9838052,14275048
1790532994,9071004,14275048
1790532996,9961640,14275048
1790532998,9322404,14275048
1790533000,10013464,14275048
1790533002,10115992,14275048
1790533004,10198140,14275048
1790533006,10207212,14275048
1790533008,9594392,14275048
1790533010,8753992,14275048
1790533012,10130020,14275048
1790533014,10170616,14275052
1790533016,10224680,14275312
1790533018,10245164,14275312
1790533020,9029272,14275312
1790533022,10185940,14275312
1790533024,9267872,14275312
1790533026,10181940,14275312
1790533028,10228756,14275312
1790533030,10231236,14275312
1790533032,10331116,14275312
1790533034,9662088,14275312
1790533036,8813636,14275312
1790533038,10213128,14275312
1790533040,10473828,14275312
1790533042,10231920,14275312
1790533044,10196352,14275312
1790533046,8598852,14275312
1790533048,9702476,14275312
1790533050,8520548,14275312
1790533052,9147544,14275312
1790533054,9796916,14275312
1790533056,10044980,14275312
1790533058,9740576,14275312
1790533060,9371236,14275312
1790533062,10049124,14275312
1790533064,10127072,14275312
1790533066,10190376,14275312
1790533068,10319592,14275312
1790533070,8919192,14275312
1790533072,9050076,14275312
1790533074,10218856,14275312
1790533076,10255900,14275312
1790533078,10273696,14275312
1790533080,10288340,14275312
1790533082,10281432,14275312
1790533084,10181140,14275312
1790533086,9167588,14275312
1790533088,10208880,14275312
1790533090,10203304,14275312
1790533092,10235460,14275312
1790533094,10301164,14275500
1790533096,9892752,14275508
1790533098,8810300,14275508
1790533100,10185888,14275508
1790533102,10321880,14275508
1790533104,10319888,14275508
1790533106,10326228,14275508
1790533108,8622388,14275508
1790533110,9520004,14275508
1790533112,8567044,14275508
1790533114,9185212,14275508
1790533116,9920584,14275508
1790533118,10050328,14275508
1790533120,8938724,14275508
1790533122,9055432,14275508
1790533124,9508700,14275508
1790533126,10117100,14275508
1790533128,10186116,14275508
1790533130,10242336,14275508
1790533132,10300548,14275508
1790533134,10046688,14275508
1790533136,9780104,14275508
1790533138,10177460,14275508
1790533140,10209568,14275508
1790533142,10209828,14275508
1790533144,10214104,14275508
1790533146,9883308,14275508
1790533148,8802376,14275508
1790533150,10182520,14275508
1790533152,10234620,14275508
1790533154,10299080,14275508
1790533156,10313668,14275508
1790533158,8852140,14275508
1790533160,10221544,14275508
1790533162,9340276,14275508
1790533164,10158292,14275508
1790533166,10204956,14275508
1790533168,10245380,14275508
1790533170,8717804,14275508
1790533172,9454144,14275508
1790533174,8863356,14275508
1790533176,9064276,14275508
1790533178,9965404,14275508
1790533180,10004360,14275508
1790533182,9039984,14275508
1790533184,9942704,14275508
1790533186,9285560,14275508
1790533188,10120120,14275508
1790533190,10213728,14275508
1790533192,10281604,14275508
1790533194,10304564,14275508
1790533196,9790168,14275508
1790533198,8859004,14275508
1790533200,10204628,14275508
1790533202,10297792,14275508
1790533204,10299248,14275508
1790533206,10309948,14275508
1790533208,10321452,14275508
1790533210,9910924,14275508
1790533212,9172512,14275508
1790533214,10240132,14275508
1790533216,10237200,14275508
1790533218,10261196,14275508
1790533220,10287140,14275508
1790533222,8993228,14275508
1790533224,10205560,14275508
1790533226,9261424,14275508
1790533228,10179556,14275508
1790533230,10208268,14275508
1790533232,10248256,14275508
1790533234,7581868,14275508
1790533236,8138260,14275508
1790533238,8459844,14275508
1790533240,8726872,14275508
1790533242,8694812,14275508
1790533244,8294772,14275508
1790533246,8407480,14275508
1790533248,8277812,14275508
1790533250,8324720,14275508
1790533252,8237368,14275508
1790533254,8576368,14275508
1790533256,8694768,14275508
1790533258,8828500,14275508
1790533260,8860832,14275508
1790533262,8975128,14275508
1790533264,10118804,14275508
1790533266,5701356,14275508
1790533268,8354292,14275340
1790533270,10319328,14275340
1790533272,9112644,14275340
1790533274,9625104,14275340
1790533276,8833164,14275340
1790533278,9155476,14275340
1790533280,9744268,14275340
1790533282,10868844,14275340
1790533284,10986908,14275340
1790533286,10336568,14275340
1790533288,9746536,14275340
1790533290,8933512,14275340
1790533292,10107144,14275340
1790533294,10231580,14275340
1790533296,10249000,14275340
1790533298,10285504,14275340
1790533300,9027760,14275340
1790533302,10150140,14275340
1790533304,9225684,14275340
1790533306,10091888,14275340
1790533308,10202020,14275340
1790533310,10263840,14275340
1790533312,10285668,14275340
1790533314,9868824,14275340
1790533316,9041388,14275340
1790533318,10082464,14275340
1790533320,10203228,14275340
1790533322,10261716,14275340
1790533324,10295096,14275340
1790533326,8806516,14275340
1790533328,10251020,14275340
1790533330,9335480,14275340
1790533332,10160168,14275340
1790533334,10191196,14275340
1790533336,10283008,14275340
1790533338,8959600,14275340
1790533340,9461960,14275340
1790533342,9809452,14275340
1790533344,8772624,14275340
1790533346,9747280,14275340
1790533348,9884744,14275340
1790533350,10163128,14275340
1790533352,9829008,14275340
1790533354,9379228,14275340
1790533356,10086140,14275340
1790533358,10145780,14275340
1790533360,10196304,14275340
1790533362,10272704,14275340
1790533364,9051600,14275340
1790533366,9105600,14275340
1790533368,10065316,14275340
1790533370,10066800,14275340
1790533372,10210964,14275340
1790533374,10208596,14275340
1790533376,8912484,14275340
1790533378,9019672,14275340
1790533380,9366892,14275340
1790533382,10152296,14275340
1790533384,10184172,14275340
1790533386,10257108,14275340
1790533388,10299212,14275340
1790533390,9859724,14275340
1790533392,8777764,14275340
1790533394,10089312,14275340
1790533396,10268500,14275340
1790533398,10287332,14275340
1790533400,10311012,14275340
1790533402,8568608,14275340
1790533404,9466200,14275340
1790533406,8596568,14275340
1790533408,9206780,14275340
1790533410,9910408,14275340
1790533412,10137784,14275340
1790533414,9266952,14275340
1790533416,9034680,14275340
1790533418,10065248,14275340
1790533420,10197088,14275340
1790533422,10248652,14275340
1790533424,10309936,14275340
1790533426,10322428,14275340
1790533428,9966660,14275340
1790533430,9219936,14275340
1790533432,10180748,14275340
1790533434,10207512,14275340
1790533436,10233632,14275340
1790533438,10270968,14275340
1790533440,8865232,14275340
1790533442,10237932,14275340
1790533444,9236628,14275340
1790533446,10100484,14275340
1790533448,10213768,14275340
1790533450,10280680,14275340
1790533452,10304628,14275340
1790533454,9932576,14275340
1790533456,8962396,14275340
1790533458,10167056,14275340
1790533460,10257820,14275340
1790533462,10269048,14275340
1790533465,10309448,14275340
1790533467,8590788,14275340
1790533469,9476324,14275340
1790533471,8569756,14275340
1790533473,9091188,14275340
1790533475,9827992,14275340
1790533477,10013732,14275340
1790533479,9109024,14275340
1790533481,9010668,14275340
1790533483,9984276,14275340
1790533485,10115588,14275340
1790533487,10191000,14275340
1790533489,10241948,14275340
1790533491,10295436,14275340
1790533493,9828020,14275340
1790533495,9210576,14275340
1790533497,10110096,14275340
1790533499,10120032,14275340
1790533501,10213664,14275340
1790533503,10265992,14275340
1790533505,9976172,14275340
1790533507,9192976,14275340
1790533509,10136568,14275340
1790533511,10209520,14275340
1790533513,10240632,14275340
1790533515,10258620,14275340
1790533517,9069432,14275340
1790533519,9045796,14275340
1790533521,10136616,14275340
1790533523,10156748,14275340
1790533525,10251208,14275340
1790533527,10299172,14275340
1790533529,8673380,14275340
1790533531,9503696,14275340
1790533533,8855608,14275340
1790533535,9113804,14275340
1790533537,9852796,14275340
1790533539,9918020,14275340
1790533541,9030648,14275340
1790533543,9992876,14275340
1790533545,9335332,14275340
1790533547,10029976,14275340
1790533549,10162300,14275340
1790533551,10217956,14275340
1790533553,10244104,14275340
1790533555,9038836,14275340
1790533557,9049840,14275340
1790533559,10187808,14275340
1790533561,10187516,14275340
1790533563,10212292,14275340
1790533565,10251844,14275340
1790533567,10280076,14275340
1790533569,10054740,14275340
1790533571,9154812,14275340
1790533573,10129836,14277692
1790533575,10177356,14281396
1790533577,10243828,14282792
1790533579,10326280,14282792
1790533581,9230156,14282856
1790533583,8796276,14282964
1790533585,10212260,14282964
1790533587,10228388,14282964
1790533589,10275680,14282964
1790533591,10298412,14282964
1790533593,8727208,14282964
1790533595,9462604,14282964
1790533597,8571524,14282964
1790533599,9142632,14282964
1790533601,9944496,14282964
1790533603,10062988,14282964
1790533605,8873808,14282964
1790533607,10086024,14282964
1790533609,9482404,14282964
1790533611,10178572,14282964
1790533613,10198856,14282964
1790533615,10300404,14282964
1790533617,10320764,14282964
1790533619,10221816,14282964
1790533621,9279256,14282964
1790533623,10108212,14282964
1790533625,10205856,14282964
1790533627,10219556,14282964
1790533629,10266044,14282964
1790533631,9869844,14282964
1790533633,9010696,14282964
1790533635,10126624,14282964
1790533637,10218388,14282964
1790533639,10265144,14282964
1790533641,10285040,14282964
1790533643,9056520,14282964
1790533645,10179280,14282964
1790533647,9294184,14282964
1790533649,10145496,14282964
1790533651,10153252,14282964
1790533653,10267220,14282964
1790533655,8847576,14282964
1790533657,9515752,14282964
1790533659,9826128,14282964
1790533661,8574044,14282964
1790533663,9865984,14282964
1790533665,9900316,14282964
1790533667,10081924,14282964
1790533669,9970948,14282964
1790533671,9349152,14282964
1790533673,10077476,14282964
1790533675,10222776,14282964
1790533677,10284888,14282964
1790533679,10311540,14282964
1790533681,9414000,14282964
1790533683,9056036,14282964
1790533685,9315816,14282964
1790533687,10203124,14282964
1790533689,10249960,14282964
1790533691,10295252,14282964
1790533693,10293444,14282964
1790533695,9610864,14282964
1790533697,9044568,14282972
1790533699,10232716,14282972
1790533701,10235824,14282972
1790533703,10230356,14282972
1790533705,10254996,14282972
1790533707,10324708,14282972
1790533709,9980160,14282972
1790533711,9152484,14282972
1790533713,10172292,14282972
1790533715,10206676,14282972
1790533717,10246744,14282972
1790533719,10297724,14282972
1790533721,8588900,14282972
1790533723,9820380,14282972
1790533725,8596692,14282972
1790533727,9170236,14282972
1790533729,9896236,14282972
1790533731,10065108,14282972
1790533733,8906120,14282972
1790533735,9051568,14282972
1790533737,9477984,14282972
1790533739,10133220,14282972
1790533741,10573044,14282972
1790533743,10261176,14282972
1790533745,8908876,14282972
1790533747,9009772,14282972
1790533749,9214300,14282972
1790533751,10204032,14282972
1790533753,10199604,14282972
1790533755,10193876,14282972
1790533757,10200176,14282972
1790533759,9799900,14282972
1790533761,9154368,14282972
1790533763,10099468,14282972
1790533765,10167652,14282972
1790533767,10203596,14282972
1790533769,10273828,14282972
1790533771,9187348,14282972
1790533773,8658620,14282972
1790533775,10065092,14282972
1790533777,10080504,14282972
1790533779,10185636,14282972
1790533781,10252752,14282972
1790533783,8658256,14282972
1790533785,9472524,14282972
1790533787,8539728,14282972
1790533789,9267684,14282972
1790533791,9934480,14282972
1790533793,9952948,14282972
1790533795,8854192,14282972
1790533797,9010244,14282972
1790533799,9453800,14282972
1790533801,10039824,14282972
1790533803,10241732,14282972
1790533805,10257292,14282972
1790533807,10257760,14282972
1790533809,9947612,14282972
1790533811,9147684,14282972
1790533813,10156464,14282972
1790533815,10141540,14282972
1790533817,10154428,14282972
1790533819,10235528,14282972
1790533821,9595916,14282972
1790533823,8682444,14282972
1790533825,10075832,14282972
1790533827,10087708,14282972
1790533829,10206216,14282972
1790533831,10256232,14282972
1790533833,9028580,14282972
1790533835,10251204,14282972
1790533837,9357644,14282972
1790533839,10157752,14282972
1790533841,10146656,14282972
1790533843,10167344,14283264
1790533845,8745756,14283272
1790533847,9442544,14283288
1790533849,9710244,14283288
1790533851,8237324,14283300
1790533853,9275292,14283604
1790533855,9341968,14283608
1790533857,9555312,14283608
1790533859,9369300,14283608
1790533861,8787524,14283608
1790533863,9470836,14283608
1790533865,9646204,14283608
1790533867,9729512,14283608
1790533869,9760956,14283608
1790533871,9099040,14283608
1790533873,8249876,14283608
1790533875,9658864,14283616
1790533877,9690048,14283616
1790533879,10081548,14283616
1790533881,9806628,14283616
1790533883,9201760,14283692
1790533885,8583144,14283704
1790533887,9614044,14283740
1790533889,9646568,14283740
1790533891,9680876,14283740
1790533893,9717748,14283740
1790533895,8328732,14283740
1790533897,9671092,14283740
1790533899,8635928,14283740
1790533901,9671372,14283740
1790533903,9704844,14283740
1790533905,9730136,14283740
1790533907,9026144,14283740
1790533909,8048128,14283740
1790533911,9348564,14283740
1790533913,8054028,14283740
1790533915,9216164,14283740
1790533917,9271628,14283740
1790533919,9563576,14283740
1790533921,9163812,14283740
1790533923,8687324,14283740
1790533925,9482128,14283740
1790533927,9682752,14283740
1790533929,9725028,14283740
1790533931,9740860,14283740
1790533933,8431508,14283740
1790533935,8539412,14283740
1790533937,9729864,14283740
1790533939,9772132,14283740
1790533941,9770116,14283740
1790533943,9770912,14283740
1790533945,9782752,14283740
1790533947,9497032,14283740
1790533949,8628020,14283740
1790533951,9674100,14283740
1790533953,9702964,14283740
1790533955,9740964,14283740
1790533957,9776572,14283740
1790533959,9101952,14283740
1790533961,8248760,14283740
1790533963,9649036,14283740
1790533965,9672880,14283740
1790533967,9716116,14283740
1790533969,9773660,14283740
1790533971,8147228,14283740
1790533973,8952716,14283740
1790533975,8044884,14283740
1790533977,8573888,14283740
1790533979,9392404,14283832
1790533981,9612412,14283832
1790533983,8547732,14283832
1790533985,8712192,14283832
1790533987,9202624,14283832
1790533989,9667684,14283832
1790533991,9819256,14283832
1790533993,9910128,14286820
1790533995,9953916,14287344
1790533997,9363024,14288328
1790533999,8462648,14288328
1790534001,9848116,14288328
1790534003,9884936,14288420
1790534005,9933252,14288420
1790534007,9972840,14288428
1790534009,8724496,14288428
1790534011,9813908,14288428
1790534013,8784092,14288448
1790534015,9853484,14288448
1790534017,9852696,14288448
1790534019,10201936,14288448
1790534021,9907436,14288448
1790534023,9402200,14288448
1790534025,8681888,14288448
1790534027,9660320,14288448
1790534029,9764280,14288448
1790534031,9796972,14288448
1790534033,7156860,14288448
1790534035,7680156,14288448
1790534037,8054792,14288448
1790534039,8356428,14288448
1790534041,8087168,14288448
1790534043,7800448,14288448
1790534045,7944840,14288448
1790534047,7900192,14288448
1790534049,7939196,14288448
1790534051,7849748,14288448
1790534053,8382036,14288448
1790534055,8282436,14288448
1790534057,8414920,14288448
1790534059,8440320,14288448
1790534061,8581396,14288448
1790534063,9650704,14288448
1790534065,7193292,14288448
1790534067,8313984,14249048
1790534069,9961160,14249048
1790534071,8441964,14249048
1790534073,9155256,14249048
1790534075,8513756,14249048
1790534077,8913872,14249048
1790534079,9222668,14249048
1790534081,10407108,14249048
1790534083,10614120,14249048
1790534085,10003216,14249048
1790534087,9419988,14249048
1790534089,8915196,14249048
1790534091,9743984,14249052
1790534093,9844528,14249052
1790534095,9884300,14249052
1790534097,9965928,14249052
1790534099,8561284,14249052
1790534101,9873756,14249052
1790534103,9047720,14249052
1790534105,9938552,14249052
1790534107,9943216,14249052
1790534109,9963852,14249052
1790534111,9980708,14249052
1790534113,9579556,14249052
1790534115,8801616,14249052
1790534117,9823672,14249052
1790534119,9886424,14249052
1790534121,9907784,14249052
1790534123,9934064,14249052
1790534125,8602128,14249052
1790534127,9893104,14249052
1790534129,8975368,14249052
1790534131,9875240,14249052
1790534133,9894548,14249052
1790534135,9853648,14249060
1790534137,9946192,14249060
1790534139,8252416,14249060
1790534141,9512840,14249060
1790534143,8268904,14249060
1790534145,8835860,14249060
1790534147,9649472,14249060
1790534149,9808956,14249060
1790534151,9353484,14249060
1790534153,8576288,14249060
1790534155,9693188,14249060
1790534157,9839284,14249060
1790534159,9858592,14249060
1790534161,9908616,14249060
1790534163,8659612,14249060
1790534165,9869324,14249060
1790534167,8837444,14249060
1790534169,9845368,14249060
1790534171,9857052,14249060
1790534173,9881652,14249060
1790534175,10212972,14249060
1790534177,9505788,14249060
1790534179,8687464,14249060
1790534181,9640748,14249060
1790534183,9747504,14249060
1790534185,9781896,14249060
1790534187,9810088,14249060
1790534189,8556332,14249060
1790534191,9837616,14249060
1790534193,9097416,14249060
1790534195,9890492,14249060
1790534197,9887608,14249060
1790534199,9889312,14249060
1790534201,8360860,14249060
1790534203,9050484,14249060
1790534205,9382500,14249060
1790534207,8748000,14249060
1790534209,9400236,14249060
1790534211,9507280,14249060
1790534213,9179136,14249060
1790534215,9523048,14249060
1790534217,8967852,14249060
1790534219,9651980,14249060
1790534221,9763744,14249060
1790534223,9848564,14249060
1790534225,9845544,14249060
1790534227,8792472,14249060
1790534229,8368948,14249060
1790534231,9769884,14249060
1790534233,9840584,14249060
1790534235,9852320,14249060
1790534237,9885292,14249060
1790534239,8654028,14249060
1790534241,9740008,14249060
1790534243,8879352,14249060
1790534245,9804108,14249060
1790534248,9823108,14249060
1790534250,9863604,14249060
1790534252,9939616,14249060
1790534254,8998532,14249060
1790534256,8363300,14249060
1790534258,9835512,14249060
1790534260,9835308,14249060
1790534262,9841480,14249060
1790534264,9902316,14249060
1790534266,8677488,14249060
1790534268,9049028,14249060
1790534270,8494228,14249060
1790534272,8681276,14249060
1790534274,9351112,14249060
1790534276,9561928,14249060
1790534278,8739428,14249060
1790534280,9445412,14249060
1790534282,8940772,14249060
1790534284,9758760,14249060
1790534286,9851756,14249060
1790534288,9889652,14249060
1790534290,9931064,14249060
1790534292,8750808,14249060
1790534294,8656912,14249060
1790534296,8943612,14249060
1790534298,9786572,14249060
1790534300,9791272,14249184
1790534302,9871276,14249208
1790534304,9901596,14249208
1790534306,9391480,14249208
1790534308,8630788,14249208
1790534310,9836076,14249212
1790534312,9826784,14249212
1790534314,9823832,14249212
1790534316,9897200,14249212
1790534318,8489392,14249212
1790534320,8808452,14249212
1790534322,9080964,14249212
1790534324,9825524,14249212
1790534326,9846220,14249212
1790534328,9914160,14249212
1790534330,8779168,14249212
1790534332,9163108,14249212
1790534334,9479196,14249212
1790534336,8696296,14249212
1790534338,9399396,14249212
1790534340,9508828,14249212
1790534342,9723624,14249212
1790534344,9481208,14249212
1790534346,8981148,14249212
1790534348,9609676,14249212
1790534350,10267456,14249212
1790534352,10011204,14249212
1790534354,9754856,14249212
1790534356,9572736,14249212
1790534358,8646028,14249212
1790534360,9670420,14249212
1790534362,9693840,14249212
1790534364,9688568,14249212
1790534366,9838136,14249212
1790534368,9097708,14249212
1790534370,8371788,14249212
1790534372,9691460,14249212
1790534374,9752856,14249212
1790534376,9784248,14249212
1790534378,9836276,14249212
1790534380,9823112,14249212
1790534382,9521088,14249212
1790534384,8663344,14249212
1790534386,9779628,14249212
1790534388,9788820,14249212
1790534390,9741312,14249212
1790534392,9835632,14249212
1790534394,8237760,14249212
1790534396,8990112,14249212
1790534398,8235504,14249212
1790534400,8578120,14249212
1790534402,9468492,14249212
1790534404,9610140,14249212
1790534406,8392200,14249212
1790534408,9539140,14249212
1790534410,9033376,14249212
1790534412,9606608,14249212
1790534414,9735592,14249212
1790534416,9827108,14249212
1790534418,9814860,14249212
1790534420,9362072,14249212
1790534422,8647836,14249212
1790534424,9650492,14249212
1790534426,9744400,14249212
1790534428,9740704,14249212
1790534430,9858316,14249212
1790534432,8510292,14249212
1790534434,8560824,14249212
1790534436,8878904,14249212
1790534438,9710684,14249212
1790534440,9756860,14249212
1790534442,9789168,14249212
1790534444,9807436,14249212
1790534446,9427960,14249212
1790534448,8681308,14249212
1790534450,9714500,14249212
1790534452,9700444,14249212
1790534454,9757488,14249212
1790534456,9764496,14249212
1790534458,8149532,14249212
1790534460,9117296,14249212
1790534462,8088260,14249212
1790534464,8577956,14249212
1790534466,9392648,14249212
1790534468,9708208,14249212
1790534470,8970644,14249212
1790534472,8421484,14249212
1790534474,9540060,14250168
1790534476,9669276,14250412
1790534478,9747736,14250412
1790534480,9742992,14250412
1790534482,8524032,14250420
1790534484,9760420,14250428
1790534486,8904140,14250428
1790534488,9750140,14250428
1790534490,9749516,14250428
1790534492,9807500,14250428
1790534494,9807064,14250428
1790534496,9452768,14250428
1790534498,8474328,14250428
1790534500,9713736,14250428
1790534502,9805460,14250428
1790534504,9780560,14250428
1790534506,9799344,14250428
1790534508,8405036,14250428
1790534510,9708592,14250428
1790534512,8865552,14250428
1790534514,9767996,14250428
1790534516,9746304,14250428
1790534518,9788472,14250428
1790534520,8646060,14250428
1790534522,8943196,14250428
1790534524,9359388,14250428
1790534526,8054168,14250428
1790534528,9308536,14250428
1790534530,9399660,14250428
1790534532,9676608,14250428
1790534534,9203388,14250428
1790534536,8770872,14250428
1790534538,9590604,14250428
1790534540,9699680,14250428
1790534542,9742784,14250428
1790534544,9782404,14250428
1790534546,8484916,14250428
1790534548,9771036,14250428
1790534550,8886144,14250428
1790534552,9728668,14250428
1790534554,9791072,14250428
1790534556,9835964,14250428
1790534558,9838268,14250428
1790534560,9472664,14250428
1790534562,8696224,14250428
1790534564,9751940,14250428
1790534566,9737684,14250428
1790534568,9798712,14250428
1790534570,10354100,14250428
1790534572,9390848,14250428
1790534574,8318124,14250428
1790534576,9558252,14250428
1790534578,9601168,14250428
1790534580,9651144,14250428
1790534582,9750028,14250428
1790534584,8089240,14250428
1790534586,8988004,14250428
1790534588,8096476,14250428
1790534590,8610680,14250428
1790534592,9388256,14250428
1790534594,9455648,14250428
1790534596,8320640,14250428
1790534598,9435668,14250428
1790534600,9004632,14250428
1790534602,9613964,14250428
1790534604,9638836,14250428
1790534606,9742584,14250428
1790534608,9834704,14250428
1790534610,9411180,14250428
1790534612,8353116,14250428
1790534614,9671788,14250428
1790534616,9725236,14250428
1790534618,9777376,14250428
1790534620,9756728,14250428
1790534622,8588344,14250428
1790534624,9764980,14250428
1790534626,8561908,14250432
1790534628,9661988,14250432
1790534630,9665708,14250432
1790534632,9779912,14250432
1790534634,9758216,14250432
1790534636,9265996,14250432
1790534638,8258800,14250432
1790534640,9669152,14250432
1790534642,9690676,14250432
1790534644,9754008,14250432
1790534646,9789252,14250432
1790534648,8049520,14250432
1790534650,8981424,14250432
1790534652,8024488,14250432
1790534654,8572272,14250432
1790534656,9441000,14250432
1790534658,9658800,14250432
1790534660,8340072,14250432
1790534662,8527876,14250432
1790534664,9473980,14250432
1790534666,9617868,14250432
1790534668,9656508,14250432
1790534670,9782304,14250432
1790534672,9799024,14250432
1790534674,9452208,14250432
1790534676,8720496,14250432
1790534678,9699072,14250432
1790534680,9786856,14250432
1790534682,9759536,14250432
1790534684,9766560,14250432
1790534686,8381812,14250432
1790534688,9651512,14250432
1790534690,8752072,14250432
1790534692,9682216,14250432
1790534694,9670016,14250432
1790534696,9783876,14250432
1790534698,9802064,14250432
1790534700,9179288,14250432
1790534702,8308776,14250432
1790534704,9666748,14250432
1790534706,9689480,14250432
1790534708,9720716,14250460
1790534710,9769784,14250460
1790534712,8193732,14250460
1790534714,8904352,14250460
1790534716,8025132,14250460
1790534718,8583372,14250460
1790534720,9229196,14250460
1790534722,9437076,14250460
1790534724,8376600,14250460
1790534726,8506900,14250460
1790534728,8979848,14250460
1790534730,9570516,14250460
1790534732,9670440,14250460
1790534734,9717216,14250460
1790534736,9819628,14250460
1790534738,9431968,14250460
1790534740,8722912,14250460
1790534742,9677208,14250460
1790534744,9705628,14250460
1790534746,9712588,14250460
1790534748,9758128,14250460
1790534750,8408444,14250460
1790534752,8523892,14250460
1790534754,8907192,14250460
1790534756,9651264,14250460
1790534758,9685864,14250460
1790534760,9760648,14250468
1790534762,9693176,14250468
1790534764,9359552,14250468
1790534766,8711424,14250468
1790534768,9582768,14250468
1790534770,9654004,14250468
1790534772,9719776,14250468
1790534774,7089384,14250468
1790534776,7696796,14250468
1790534778,7756760,14250468
1790534780,8160444,14250468
1790534782,8062072,14250468
1790534784,7750544,14250468
1790534786,8238712,14250468
1790534788,7948732,14250468
1790534790,8002876,14250468
1790534792,7947700,14250468
1790534794,8071768,14250468
1790534796,8215340,14250468
1790534798,8195684,14250468
1790534800,8336376,14250468
1790534802,8483596,14250468
1790534804,9381328,14250468
1790534806,4347680,14250468
1790534808,8812756,14250408
1790534810,9597644,14251712
1790534812,8228688,14275392
1790534814,8635536,14276168
1790534816,7868252,14276192
1790534818,8338804,14276192
1790534820,9110408,14276192
1790534822,10459260,14281320
1790534824,10558132,14291024
1790534826,9908076,14293980
1790534828,9322192,14294128
1790534830,8945800,14294152
1790534832,9741408,14294196
1790534834,9779064,14294232
1790534836,9909508,14294232
1790534838,9923380,14294232
1790534840,8508420,14294248
1790534842,9951152,14294248
1790534844,9059708,14294576
1790534846,9833248,14294576
1790534848,9917968,14294576
1790534850,9939692,14294576
1790534852,10003648,14294584
1790534854,9394688,14294656
1790534856,8352332,14294664
1790534858,9777844,14294708
1790534860,9816344,14294708
1790534862,9896484,14294764
1790534864,9968252,14294872
1790534866,9935236,14294872
1790534868,9644780,14294872
1790534870,8732636,14294872
1790534872,9851996,14294948
1790534874,9918304,14294984
1790534876,9879248,14294988
1790534878,9929664,14294988
1790534880,8298752,14294988
1790534882,9169844,14294988
1790534884,8561532,14294988
1790534886,8883328,14294992
1790534888,9576232,14294992
1790534890,9600800,14294992
1790534892,8676552,14294996
1790534894,9596108,14294996
1790534896,8934912,14294996
1790534898,9834416,14295800
1790534900,9804684,14295800
1790534902,9927044,14295804
1790534904,9945684,14295812
1790534906,8793676,14295812
1790534908,8506352,14295812
1790534910,9868320,14295812
1790534912,9907304,14295856
1790534914,10022892,14295856
1790534916,10087140,14295856
1790534918,10141812,14295856
1790534920,9691876,14295856
1790534922,9051404,14295856
1790534924,9929352,14295856
1790534926,10048652,14295856
1790534928,10099352,14295856
1790534930,10146896,14295856
1790534932,8892920,14295856
1790534934,8874236,14295856
1790534936,9978732,14295856
1790534938,9968764,14295856
1790534940,10128024,14295856
1790534942,10165352,14295856
1790534944,8548152,14295856
1790534946,9296220,14295856
1790534948,8387492,14295856
1790534950,8961068,14295856
1790534952,9624916,14295856
1790534954,9761020,14295856
1790534956,8880080,14295856
1790534958,9924700,14295856
1790534960,9171028,14295856
1790534962,10024444,14295856
1790534964,10128812,14295856
1790534966,10158292,14295856
1790534968,10138528,14295856
1790534970,9647084,14295856
1790534972,8814760,14295856
1790534974,9979064,14295856
1790534976,9996268,14295856
1790534978,10082212,14295856
1790534980,10132096,14295856
1790534982,8831304,14295864
1790534984,10000476,14295892
1790534986,9040512,14295904
1790534988,10051316,14295904
1790534990,10092164,14295904
1790534992,10129476,14295904
1790534994,10161696,14295904
1790534996,9649992,14295904
1790534998,8725072,14295904
1790535000,9859212,14295904
1790535002,10087944,14295904
1790535004,10098640,14295904
1790535006,10124556,14295904
1790535008,8585944,14295904
1790535010,9326912,14295904
1790535012,8439348,14295904
1790535014,8955080,14295904
1790535016,9639724,14295904
1790535018,9969504,14295904
1790535020,8925648,14295904
1790535022,8889128,14295904
1790535024,9848120,14295904
1790535026,9949624,14295904
1790535028,10076416,14295904
1790535030,10124812,14295904
1790535032,8974272,14295904
1790535034,9936760,14295904
1790535036,9043428,14295904
1790535038,10017132,14295904
1790535040,10060060,14295904
1790535042,10039584,14295904
1790535045,10062564,14295904
1790535047,8981732,14295904
1790535049,8560928,14295904
1790535051,10024672,14295904
1790535053,10011564,14295904
1790535055,10031296,14295904
1790535057,10086408,14295904
1790535059,8809332,14295904
1790535061,9882516,14295908
1790535063,8980492,14295908
1790535065,9924460,14295908
1790535067,10478944,14295908
1790535069,10308752,14295908
1790535071,8628928,14295908
1790535073,9276984,14295908
1790535075,8393152,14295908
1790535077,8880196,14295908
1790535079,9649052,14295908
1790535081,9846056,14295908
1790535083,8634724,14295908
1790535085,9793068,14295908
1790535087,9304464,14295908
1790535089,9939696,14295908
1790535091,10103768,14295908
1790535093,10146304,14295908
1790535095,10184784,14295908
1790535097,9752488,14295908
1790535099,8554732,14295908
1790535101,10090792,14295908
1790535103,10085044,14295908
1790535105,10089988,14295908
1790535107,10057528,14295908
1790535109,8787476,14295908
1790535111,8901448,14295908
1790535113,9206132,14295908
1790535115,10056880,14295908
1790535117,10151276,14295908
1790535119,10139780,14295908
1790535121,10169028,14295908
1790535123,9851480,14295908
1790535125,8980936,14295908
1790535127,9912416,14295908
1790535129,10081720,14295908
1790535131,10084584,14295908
1790535133,10113916,14295908
1790535135,8377388,14295908
1790535137,9522780,14295908
1790535139,8419204,14295908
1790535141,8962560,14295908
1790535143,9715968,14295908
1790535145,9957048,14295908
1790535147,9524644,14295908
1790535149,8631612,14295908
1790535151,9916228,14295908
1790535153,9960584,14295908
1790535155,10133608,14295908
1790535157,10135264,14295908
1790535159,8870932,14295908
1790535161,10019948,14295908
1790535163,9036728,14295908
1790535165,10042720,14295908
1790535167,9989428,14295908
1790535169,10068396,14295908
1790535171,10122344,14295908
1790535173,8939560,14295908
1790535175,10114640,14295908
1790535177,9226620,14295908
1790535179,10023144,14295908
1790535181,10030440,14295908
1790535183,10136820,14295908
1790535185,10183740,14295908
1790535187,9848424,14295908
1790535189,8994812,14295908
1790535191,9987744,14295908
1790535193,10028576,14295908
1790535195,10091396,14295908
1790535197,10050528,14295908
1790535199,8416116,14295908
1790535201,9653760,14295908
1790535203,8413144,14295908
1790535205,9094088,14295908
1790535207,9779564,14295908
1790535209,9906564,14295908
1790535211,9472600,14295908
1790535213,8762124,14295908
1790535215,9914984,14295908
1790535217,10036908,14295908
1790535219,10058656,14295908
1790535221,10144816,14295908
1790535223,8877828,14295908
1790535225,10007840,14295908
1790535227,9102780,14295908
1790535229,10037736,14295908
1790535231,10040092,14295908
1790535233,10102176,14295908
1790535235,10149540,14295908
1790535237,9642004,14295908
1790535239,8908164,14295908
1790535241,9220632,14295908
1790535243,10029236,14295908
1790535245,10123792,14295908
1790535247,10159476,14295908
1790535249,10083416,14295912
1790535251,9992476,14295912
1790535253,8995652,14295928
1790535255,9990308,14295928
1790535257,9997504,14295928
1790535259,10037332,14295928
1790535261,8771076,14295928
1790535263,9310836,14295928
1790535265,9576788,14295932
1790535267,8356844,14295932
1790535269,9613640,14295932
1790535271,9641704,14295932
1790535273,9830108,14295932
1790535275,9664828,14295932
1790535277,9131920,14295932
1790535279,9774536,14295932
1790535281,10028664,14295932
1790535283,10056444,14295932
1790535285,10030788,14295932
1790535287,8901408,14295932
1790535289,8530616,14295932
1790535291,9929348,14295932
1790535293,10030700,14295932
1790535295,10061380,14295932
1790535297,10059664,14295932
1790535299,8787868,14295932
1790535301,9912852,14295932
1790535303,9152984,14295932
1790535305,9943836,14295932
1790535307,10011652,14295932
1790535309,10040732,14295932
1790535311,10072948,14295932
1790535313,9710264,14295932
1790535315,9007972,14295932
1790535317,9939980,14295932
1790535319,10006132,14295932
1790535321,9975448,14295932
1790535323,10027620,14295932
1790535325,8362652,14295932
1790535327,9535716,14295932
1790535329,8295340,14295932
1790535331,8976660,14295932
1790535333,9572880,14295932
1790535335,9684824,14295932
1790535337,9510252,14295932
1790535339,8936944,14295932
1790535341,9761044,14295932
1790535343,9884656,14295932
1790535345,10033052,14295932
1790535347,10054568,14295932
1790535349,8715320,14295932
1790535351,8866552,14295932
1790535353,9224640,14295932
1790535355,10013500,14295932
1790535357,10098024,14295932
1790535359,10119136,14295932
1790535361,10155524,14295932
1790535363,9812672,14295932
1790535365,8979560,14295932
1790535367,10016444,14295932
1790535369,10022340,14295932
1790535371,10066080,14295932
1790535373,10126764,14295932
1790535375,9599916,14295932
1790535377,8901776,14295932
1790535379,9886720,14295932
1790535381,9985900,14295932
1790535383,10050020,14295932
1790535385,10121664,14295932
1790535387,8364024,14295932
1790535389,9336380,14295932
1790535391,8430072,14295932
1790535393,9059596,14295932
1790535395,9761068,14295948
1790535397,9933908,14295948
1790535399,8708880,14295948
1790535401,9953724,14295948
1790535403,9217816,14295948
1790535405,9928272,14295948
1790535407,10059728,14295948
1790535409,10112840,14295948
1790535411,10093500,14295948
1790535413,9819420,14295948
1790535415,8685300,14295948
1790535417,9996720,14295948
1790535419,9955116,14295948
1790535421,10045360,14295948
1790535423,10079132,14295948
1790535425,10134624,14295948
1790535427,9902516,14295948
1790535429,8992180,14295948
1790535431,9931976,14295948
1790535433,10048368,14295948
1790535435,10140892,14295948
1790535437,10163236,14295948
1790535439,9164920,14295948
1790535441,8781008,14295948
1790535443,9909068,14295948
1790535445,9983136,14295948
1790535447,10040276,14295948
1790535449,10146536,14295948
1790535451,8445392,14295948
1790535453,9245644,14295948
1790535455,8371616,14295948
1790535457,8876460,14295948
1790535459,9723848,14295948
1790535461,9968688,14295948
1790535463,8935816,14297516
1790535465,8882632,14297744
1790535467,9930776,14298116
1790535469,9944716,14298116
1790535471,10060604,14298116
1790535473,10079628,14298144
1790535475,8882420,14298144
1790535477,10005328,14298148
1790535479,8969168,14298148
1790535481,10036288,14298148
1790535483,10090372,14298148
1790535485,10118516,14298148
1790535487,10089500,14298148
1790535489,9040416,14298148
1790535491,8722568,14298148
1790535493,10022164,14298148
1790535495,10042404,14298148
1790535497,10050512,14298148
1790535499,10143068,14298148
1790535501,10180196,14298148
1790535503,9956548,14298148
1790535505,9003636,14298148
1790535507,9973436,14298148
1790535509,10015988,14298148
1790535511,10070540,14298148
1790535513,8984028,14298148
1790535515,9362332,14298148
1790535517,9666028,14298148
1790535519,8396936,14298148
1790535521,9638984,14298148
1790535523,9718892,14298148
1790535525,9833308,14298148
1790535527,10156400,14298148
1790535529,9459700,14298148
1790535531,9783964,14298148
1790535533,9879772,14298148
1790535535,9893220,14298148
1790535537,9967776,14298148
1790535539,9428240,14298148
1790535541,8658176,14298148
1790535543,9991316,14298148
1790535545,9957368,14298148
1790535547,10019752,14298148
1790535549,10090432,14298148
1790535551,8707220,14298148
1790535553,9420068,14298148
1790535555,9184604,14298148
1790535557,9971736,14298148
1790535559,10068652,14298148
1790535561,10099216,14298148
1790535563,10145512,14298148
1790535565,9949232,14298148
1790535567,9094692,14298148
1790535569,10063384,14298148
1790535571,10014436,14298148
1790535573,10064644,14298148
1790535575,10058252,14298148
1790535577,8612956,14298148
1790535579,9660968,14298148
1790535581,8406948,14298148
1790535583,9065272,14298148
1790535585,9859968,14298152
1790535587,10009840,14298152
1790535589,9578360,14298152
1790535591,9025512,14298152
1790535593,9869796,14298152
1790535595,9985424,14298152
1790535597,10107152,14298152
1790535599,10147424,14298152
1790535601,8957264,14298156
1790535603,10077460,14298156
1790535605,9069572,14298156
1790535607,10012280,14298156
1790535609,10032660,14298156
1790535611,10089452,14298156
1790535613,10142216,14298156
1790535615,9682772,14298156
1790535617,8623100,14298156
1790535619,9939760,14298156
1790535621,10079412,14298156
1790535623,10100724,14298156
1790535625,10137520,14298156
1790535627,8860496,14298156
1790535629,10134180,14298156
1790535631,9118200,14298156
1790535633,10029196,14298156
1790535635,10038516,14298156
1790535637,10056528,14298156
1790535639,7136668,14298156
1790535641,8237308,14298156
1790535643,8303896,14298156
1790535645,8259792,14298156
1790535647,8143580,14298156
1790535649,8148072,14298156
1790535651,8101544,14298156
1790535653,8065620,14298156
1790535655,8110660,14298156
1790535657,8217568,14298156
1790535659,8588008,14298156
1790535661,8639532,14298156
1790535663,8760064,14298156
1790535665,8804604,14298156
1790535667,9948212,14298156
1790535669,9627700,14298156
1790535671,4492672,14298156
1790535673,9229564,14298064
1790535675,10130424,14298064
1790535677,8594512,14298064
1790535679,9739356,14298064
1790535681,8495152,14298064
1790535683,9053232,14298064
1790535685,9823412,14298064
1790535687,10795480,14298064
1790535689,10831568,14298064
1790535691,8906308,14298064
1790535693,10010560,14298064
1790535695,9315504,14298088
1790535697,10045212,14298088
1790535699,10123016,14298088
1790535701,10152336,14298088
1790535703,10198216,14298088
1790535705,9707248,14298088
1790535707,8679756,14298088
1790535709,10106360,14298088
1790535711,10174120,14298088
1790535713,10182908,14298088
1790535715,10188948,14298088
1790535717,8797896,14298088
1790535719,10125952,14298088
1790535721,9259160,14298088
1790535723,10093376,14298088
1790535725,10123772,14298088
1790535727,10175804,14298088
1790535729,10124708,14298088
1790535731,9863652,14298088
1790535733,9085820,14298088
1790535735,10041728,14298088
1790535737,10081896,14298088
1790535739,10093808,14298088
1790535741,10101716,14298088
1790535743,8521144,14298088
1790535745,9667132,14298088
1790535747,8434536,14298088
1790535749,9125164,14298088
1790535751,9845692,14298088
1790535753,10061528,14298088
1790535755,9618936,14298088
1790535757,9258880,14298088
1790535759,9928148,14298088
1790535761,10028624,14298088
1790535763,10181376,14298088
1790535765,10200452,14298088
1790535767,9038808,14298088
1790535769,8693416,14298088
1790535771,9902392,14298088
1790535773,10075016,14298088
1790535775,10124488,14298088
1790535777,10175844,14298088
1790535779,8937356,14298088
1790535781,10092672,14298088
1790535783,9125136,14298088
1790535785,10101912,14298088
1790535787,10143644,14298088
1790535789,10142204,14298088
1790535791,10185108,14298088
1790535793,9631052,14298088
1790535795,8807984,14298088
1790535797,10077364,14298088
1790535799,10093304,14298088
1790535801,10126448,14298088
1790535803,10185620,14298088
1790535805,8509148,14298088
1790535807,9339624,14298088
1790535809,7806600,14298180
1790535811,8134520,14298180
1790535813,9280804,14298180
1790535815,9414252,14298180
1790535817,8459112,14298180
1790535819,9456988,14298180
1790535821,8710752,14298180
1790535824,9519100,14298180
1790535826,9597852,14298192
1790535828,9727648,14298192
1790535830,9735428,14298192
1790535832,9376284,14298192
1790535834,8374368,14298192
1790535836,9634656,14298192
1790535838,9633352,14298192
1790535840,9690500,14298192
1790535842,9614892,14298192
1790535844,8500432,14298196
1790535846,8590768,14298196
1790535848,8909092,14298196
1790535850,9736032,14298196
1790535852,9794268,14298196
1790535854,9802096,14298196
1790535856,9874708,14298196
1790535858,9499560,14298196
1790535860,8709928,14298196
1790535862,9577700,14298196
1790535864,9761500,14298196
1790535866,9846144,14298196
1790535868,9849168,14298196
1790535870,8116308,14298196
1790535872,9042684,14298196
1790535874,7938712,14298196
1790535876,8604616,14298196
1790535878,9338536,14298196
1790535880,9525420,14298196
1790535882,9186704,14298196
1790535884,8531248,14298196
1790535886,9529880,14298196
1790535888,9582632,14298196
1790535890,9636192,14298196
1790535892,9670024,14298196
1790535894,8623396,14298196
1790535896,8465468,14298196
1790535898,9672168,14298196
1790535900,9726680,14298196
1790535902,9602976,14298196
1790535904,9610228,14298196
1790535906,8379400,14298196
1790535908,9465252,14298196
1790535910,8631716,14298196
1790535912,9573240,14298196
1790535914,9549264,14298196
1790535916,9634512,14298196
1790535918,9668052,14298196
1790535920,9154448,14298196
1790535922,8414732,14298196
1790535924,9523732,14298196
1790535926,9610860,14298196
1790535928,9620868,14298196
1790535930,9632408,14298196
1790535932,7954256,14298196
1790535934,8989708,14298196
1790535936,7963440,14298196
1790535938,8477856,14298196
1790535940,9217772,14298196
1790535942,9496084,14298196
1790535944,8876236,14298196
1790535946,8289288,14298196
1790535948,9498344,14298196
1790535950,9517712,14298196
1790535952,9667592,14298196
1790535954,9684940,14298196
1790535956,8843816,14298196
1790535958,9565972,14298196
1790535960,8658028,14298196
1790535962,9491044,14298196
1790535964,9555636,14298196
1790535966,9571456,14298196
1790535968,9651624,14298196
1790535970,8414288,14298196
1790535972,8398984,14298196
1790535974,8702812,14298196
1790535976,9590996,14298196
1790535978,9567736,14298196
1790535980,9555516,14298196
1790535982,9559180,14298196
1790535984,9256232,14298196
1790535986,8504988,14298196
1790535988,9549760,14298196
1790535990,9581532,14298196
1790535992,9637196,14298196
1790535994,9678804,14298196
1790535996,7988900,14298196
1790535998,9050816,14298196
1790536000,7997340,14298196
1790536002,8534044,14298196
1790536004,9225660,14298196
1790536006,9541464,14298196
1790536008,9133640,14298196
1790536010,8316792,14298196
1790536012,9518952,14298196
1790536014,9604260,14298196
1790536016,9610080,14298196
1790536018,9679868,14298196
1790536020,8513692,14298196
1790536022,9355536,14298196
1790536024,8704256,14298196
1790536026,9565424,14298196
1790536028,9613040,14298196
1790536030,9608244,14298196
1790536032,9650600,14298196
1790536034,9352448,14298196
1790536036,8498340,14298196
1790536038,9537764,14298196
1790536040,9558288,14298196
1790536042,9576444,14298196
1790536044,9672772,14298196
1790536046,8991956,14298196
1790536048,8162888,14298196
1790536050,9492984,14298196
1790536052,9665216,14298196
1790536054,9668096,14298196
1790536056,9675828,14298196
1790536058,7992948,14298196
1790536060,8833100,14298196
1790536062,8026508,14298196
1790536064,8498352,14298196
1790536066,9263152,14298196
1790536068,9460928,14298196
1790536070,8219180,14298196
1790536072,8455796,14298196
1790536074,8788360,14298196
1790536076,9513200,14298196
1790536078,9629232,14298196
1790536080,9739688,14298196
1790536082,9639464,14298196
1790536084,9213596,14298196
1790536086,8609456,14298196
1790536088,9584284,14298196
1790536090,9608388,14298196
1790536092,9616612,14298196
1790536094,9641204,14298196
1790536096,8286508,14298196
1790536098,8404316,14298196
1790536100,8736648,14298196
1790536102,9614676,14298196
1790536104,9637260,14298196
1790536106,9677576,14298196
1790536108,9649992,14298196
1790536110,9508580,14298196
1790536112,8666092,14298196
1790536114,9565560,14298196
1790536116,9645012,14298196
1790536118,9651248,14298196
1790536120,9397236,14298196
1790536122,7974788,14298196
1790536124,9160384,14298196
1790536126,7979468,14298196
1790536128,9290564,14298196
1790536130,9273332,14298196
1790536132,9535284,14298196
1790536134,9118660,14298196
1790536136,8786808,14298196
1790536138,9438540,14298196
1790536140,9580548,14298196
1790536142,9530128,14298196
1790536144,9655392,14298196
1790536146,8483468,14298196
1790536148,8450836,14298196
1790536150,9589016,14298196
1790536152,9617388,14298196
1790536154,9610288,14298196
1790536156,9657596,14298196
1790536158,8489892,14298196
1790536160,9536308,14298196
1790536162,8502088,14298196
1790536164,9503004,14298196
1790536166,9572332,14298196
1790536168,9580452,14298196
1790536170,9637684,14298196
1790536172,9197528,14298196
1790536174,8307512,14298196
1790536176,9563024,14298196
1790536178,9575528,14298196
1790536180,9616648,14298196
1790536182,9720324,14298196
1790536184,8133984,14298196
1790536186,8821848,14298196
1790536188,7932748,14298196
1790536190,8568032,14298196
1790536192,9277960,14298196
1790536194,9378220,14298196
1790536196,8332616,14298196
1790536198,9355768,14298196
1790536200,8942780,14298196
1790536202,9397000,14298196
1790536204,9485824,14298196
1790536206,9546524,14298196
1790536208,9581480,14298196
1790536210,9271040,14298196
1790536212,8591628,14298196
1790536214,10084808,14298196
1790536216,9872308,14298244
1790536218,9618540,14298244
1790536220,9622472,14298244
1790536222,9185604,14298244
1790536224,8259520,14298244
1790536226,9552464,14298244
1790536228,9550908,14298244
1790536230,9575248,14298244
1790536232,9645840,14298244
1790536234,8261184,14298244
1790536236,9587320,14298244
1790536238,8620564,14298244
1790536240,9567592,14298244
1790536242,9553912,14298244
1790536244,9627596,14298244
1790536246,8315332,14298244
1790536248,8841364,14298244
1790536250,9128216,14298248
1790536252,8210120,14298248
1790536254,9258116,14298248
1790536256,9371504,14298248
1790536258,8445884,14298248
1790536260,9389696,14298248
1790536262,8672848,14298248
1790536264,9384172,14298248
1790536266,9460104,14298248
1790536268,9500812,14298248
1790536270,9623616,14298248
1790536272,8224896,14298248
1790536274,8394572,14298248
1790536276,8710184,14298248
1790536278,9553688,14298248
1790536280,9580848,14298248
1790536282,9609964,14298248
1790536284,8345728,14298248
1790536286,9461424,14298248
1790536288,8561120,14298248
1790536290,9481292,14298248
1790536292,9538776,14298248
1790536294,9643588,14298248
1790536296,9695188,14298248
1790536298,8862144,14298248
1790536300,8261080,14298248
1790536302,9616616,14298248
1790536304,9622032,14298248
1790536306,9652996,14298248
1790536308,9686628,14298248
1790536310,8110520,14298248
1790536312,8870828,14298248
1790536314,7930304,14298248
1790536316,8537816,14298248
1790536318,9154000,14298248
1790536320,9371212,14298248
1790536322,8265004,14298248
1790536324,8360820,14298248
1790536326,9385292,14298248
1790536328,9388368,14298248
1790536330,9431692,14298248
1790536332,9533860,14298248
1790536334,9635652,14298248
1790536336,9268696,14298248
1790536338,8409288,14298248
1790536340,9564200,14298248
1790536342,9556752,14298248
1790536344,9559260,14298248
1790536346,9616904,14298248
1790536348,8334660,14298248
1790536350,9494668,14298248
1790536352,8772400,14298248
1790536354,9653864,14298248
1790536356,9646128,14298248
1790536358,9649516,14298248
1790536360,9714272,14298248
1790536362,9219792,14298248
1790536364,8692320,14298248
1790536366,9603924,14298248
1790536368,9654848,14298248
1790536370,9668400,14298248
1790536372,7054104,14298248
1790536374,7561940,14298248
1790536376,7853996,14298248
1790536378,8158252,14298248
1790536380,7883516,14298248
1790536382,7733644,14298248
1790536384,7725408,14298248
1790536386,7727540,14298248
1790536388,7614444,14298248
1790536390,7709272,14298248
1790536392,8095800,14298248
1790536394,8001832,14298248
1790536396,8126248,14298248
1790536398,8350308,14298248
1790536400,8418696,14298248
1790536402,9537800,14298248
1790536404,5233424,14298248
1790536406,7861388,14297776
1790536408,9716220,14297776
1790536410,8522940,14297776
1790536412,8947128,14297776
1790536414,8353212,14297776
1790536416,8659448,14297776
1790536418,9123560,14297776
1790536420,10344496,14297776
1790536422,10393188,14297776
1790536424,9777724,14297776
1790536426,9256104,14297776
1790536428,8720448,14297776
1790536430,9444300,14297776
1790536432,9641964,14297776
1790536434,9714604,14297776
1790536436,9731460,14297776
1790536438,8949984,14297776
1790536440,8347768,14297776
1790536442,9618448,14297776
1790536444,9573980,14297776
1790536446,9621992,14297776
1790536448,9637272,14297776
1790536450,8429616,14297776
1790536452,9603852,14297776
1790536454,8679236,14297776
1790536456,9524428,14297776
1790536458,9646540,14297776
1790536460,9630320,14297776
1790536462,9674032,14297776
1790536464,9390268,14297776
1790536466,8382336,14297776
1790536468,9507788,14297776
1790536470,9594012,14297776
1790536472,9658388,14297776
1790536474,9753280,14297776
1790536476,8030580,14297776
1790536478,8889952,14297776
1790536480,8112216,14297776
1790536482,8529660,14297776
1790536484,9359328,14297776
1790536486,9513696,14297776
1790536488,9077072,14297776
1790536490,8317040,14297776
1790536492,9475760,14297776
1790536494,9667424,14297776
1790536496,9703252,14297776
1790536498,9718152,14297776
1790536500,8375304,14297776
1790536502,8578892,14297776
1790536504,8672244,14297776
1790536506,9523732,14297776
1790536508,9549840,14297776
1790536510,9599756,14297776
1790536512,9651724,14297776
1790536514,9409168,14297776
1790536516,8576576,14297776
1790536518,9544656,14297776
1790536520,9544672,14297776
1790536522,9627136,14297776
1790536524,9594376,14297776
1790536526,8962152,14297776
1790536528,8080820,14297776
1790536530,9582456,14297776
1790536532,9619464,14297776
1790536534,9643628,14297776
1790536536,9652852,14297776
1790536538,8009004,14297776
1790536540,8865032,14297776
1790536542,7967720,14297776
1790536544,8538252,14297776
1790536546,9210856,14297776
1790536548,9461100,14297776
1790536550,8460328,14297776
1790536552,8455452,14297776
1790536554,8760660,14297776
1790536556,9643316,14297776
1790536558,9674568,14297776
1790536560,9764576,14297776
1790536562,9320384,14297776
1790536564,9549740,14297776
1790536566,8599104,14297776
1790536568,9554648,14297776
1790536570,9516200,14297776
1790536572,9586028,14297776
1790536574,9605940,14297776
1790536576,9034656,14297776
1790536578,8136340,14297776
1790536580,9524608,14297776
1790536582,9615444,14297776
1790536584,9633812,14297776
1790536586,9653616,14297776
1790536588,8269816,14297776
1790536590,9551296,14297776
1790536592,8704508,14297776
1790536594,9592588,14297776
1790536596,9635292,14297776
1790536598,9676772,14297776
1790536600,8305896,14297776
1790536603,8887884,14297776
1790536605,9154248,14297776
1790536607,8519600,14297776
1790536609,9186420,14297776
1790536611,9579576,14297776
1790536613,8466808,14297776
1790536615,9346388,14297776
1790536617,8749096,14297776
1790536619,9423880,14297776
1790536621,9667548,14297776
1790536623,9592800,14297776
1790536625,9621412,14297776
1790536627,9338024,14297776
1790536629,8310884,14297776
1790536631,9526248,14297776
1790536633,9561696,14297776
1790536635,9573164,14297776
1790536637,9617896,14297776
1790536639,8294380,14297776
1790536641,9636732,14297776
1790536643,8722316,14297776
1790536645,9587444,14297776
1790536647,9573004,14297776
1790536649,9625172,14297776
1790536651,9597888,14297776
1790536653,9356256,14297776
1790536655,8305732,14297776
1790536657,9552984,14297776
1790536659,9622204,14297776
1790536661,9621432,14297776
1790536663,9718396,14297776
1790536665,7957432,14297776
1790536667,9068064,14297776
1790536669,7989740,14297776
1790536671,8529096,14297776
1790536673,9346176,14297776
1790536675,9544120,14297776
1790536677,9105092,14297776
1790536679,8480804,14297776
1790536681,9504688,14297776
1790536683,9521068,14297776
1790536685,9562868,14297776
1790536687,9629840,14297776
1790536689,8302772,14297776
1790536691,8421160,14297776
1790536693,9578500,14297776
1790536695,9580248,14297776
1790536697,9581280,14297776
1790536699,9607976,14297776
1790536701,9652812,14297776
1790536703,9519284,14297776
1790536705,8481652,14297776
1790536707,9505616,14297776
1790536709,9747844,14297784
1790536711,9736456,14297784
1790536713,9697340,14297784
1790536715,8572796,14297784
1790536717,8291968,14297784
1790536719,9608576,14297784
1790536721,9605608,14297784
1790536723,9621496,14297784
1790536725,9642576,14297784
1790536727,8105680,14297784
1790536729,8901468,14297784
1790536731,7948200,14297784
1790536733,8524488,14297784
1790536735,9312068,14297784
1790536737,9441028,14297784
1790536739,8503788,14297784
1790536741,8472536,14297784
1790536743,9372712,14297784
1790536745,9539148,14297784
1790536747,9540884,14297784
1790536749,9616192,14297784
1790536751,9642796,14297784
1790536753,9286924,14297784
1790536755,8394124,14298060
1790536757,9483600,14298060
1790536759,9521600,14298080
1790536761,9600672,14298080
1790536763,9613176,14298724
1790536765,8226924,14298724
1790536767,8399008,14298724
1790536769,8723664,14298724
1790536771,9482264,14298724
1790536773,9588292,14298724
1790536775,9675476,14298724
1790536777,9705320,14298724
1790536779,9329084,14298724
1790536781,8428276,14298724
1790536783,9689032,14298724
1790536785,9675252,14298724
1790536787,9675304,14298724
1790536789,9679288,14298724
1790536791,7979532,14298724
1790536793,9074280,14298724
1790536795,7948660,14298724
1790536797,8495816,14298724
1790536799,9257292,14298724
1790536801,9578416,14298724
1790536803,9034464,14298724
1790536805,8576216,14298724
1790536807,9448748,14298724
1790536809,9446684,14298748
1790536811,9538628,14298748
1790536813,9640184,14298748
1790536815,8286072,14298748
1790536817,8424824,14298748
1790536819,8709596,14298748
1790536821,9610844,14298748
1790536823,9619264,14298748
1790536825,9598188,14298748
1790536827,9653444,14298748
1790536829,9351556,14298748
1790536831,8377804,14298748
1790536833,9579672,14298748
1790536835,9640140,14298748
1790536837,9661212,14298748
1790536839,9706560,14298748
1790536841,8321200,14298748
1790536843,8447804,14298748
1790536845,9577332,14298748
1790536847,9584560,14298748
1790536849,9587732,14298748
1790536851,9655996,14298748
1790536853,8133196,14298748
1790536855,8886044,14298748
1790536857,8011844,14298748
1790536859,8591408,14298748
1790536861,9343608,14298748
1790536863,9482340,14298748
1790536865,8270724,14298748
1790536867,8406756,14298748
1790536869,9336776,14298748
1790536871,9369420,14298748
1790536873,9536536,14298748
1790536875,9604832,14298748
1790536877,8444576,14298748
1790536879,9543464,14298748
1790536881,8745148,14298748
1790536883,9640196,14298748
1790536885,9592652,14298748
1790536887,9621452,14298748
1790536889,9667412,14298748
1790536891,9204412,14298748
1790536893,8226000,14298748
1790536895,9585292,14298748
1790536897,9592368,14298748
1790536899,9636392,14298748
1790536901,9629548,14298748
1790536903,8305692,14298748
1790536905,9626768,14298748
1790536907,8780412,14298748
1790536909,9640284,14298748
1790536911,9657932,14298748
1790536913,9680192,14298748
1790536915,8547180,14298748
1790536917,8868024,14298748
1790536919,9158172,14298748
1790536921,8589800,14298748
1790536923,9266644,14298748
1790536925,9396004,14298748
1790536927,8525740,14298748
1790536929,9316040,14298748
1790536931,8730252,14298748
1790536933,9440176,14298748
1790536935,9555600,14298748
1790536937,9647408,14298748
1790536939,9700076,14298748
1790536941,9119396,14298748
1790536943,8191784,14298748
1790536945,9586588,14298748
1790536947,9577532,14298748
1790536949,9657936,14298748
1790536951,9639544,14298748
1790536953,8387712,14298748
1790536955,9593156,14298748
1790536957,8790208,14298748
1790536959,9570664,14298748
1790536961,9603088,14298748
1790536963,9697800,14298748
1790536965,9720764,14298748
1790536967,9257092,14298748
1790536969,8200376,14298748
1790536971,9618476,14298748
1790536973,9650752,14298748
1790536975,9671504,14298748
1790536977,9693244,14298748
1790536979,8140584,14298748
1790536981,8961084,14298748
1790536983,7923008,14298752
1790536985,8456540,14298756
1790536987,9306112,14298756
1790536989,9391016,14298756
1790536991,8498892,14298756
1790536993,8433512,14298756
1790536995,9407696,14298756
1790536997,9532224,14298756
1790536999,9548524,14298756
1790537001,9610432,14298756
1790537003,8439396,14298756
1790537005,9515852,14298756
1790537007,8517172,14298756
1790537009,9553872,14298756
1790537011,9590600,14298756
1790537013,9668152,14298756
1790537015,9684672,14298756
1790537017,9204044,14298756
1790537019,8176972,14298756
1790537021,9577584,14298756
1790537023,9586216,14298756
1790537025,9646932,14298756
1790537027,9703944,14298756
1790537029,8315800,14298756
1790537031,9605524,14298756
1790537033,8745276,14298756
1790537035,9628156,14298756
1790537037,9628404,14298756
1790537039,9681904,14298756
1790537041,8070636,14298756
1790537043,8808532,14298756
1790537045,8407576,14298756
1790537047,8478440,14298756
1790537049,9193172,14298756
1790537051,9254176,14298756
1790537053,8393104,14298756
1790537055,9364920,14298756
1790537057,8669480,14298756
1790537059,9416712,14298756
1790537061,9819652,14298756
1790537063,9832452,14298756
1790537065,9867400,14298756
1790537067,9448420,14298756
1790537069,8545768,14298756
1790537071,9596796,14298756
1790537073,9635224,14298756
1790537075,9681176,14298756
1790537077,9677140,14298756
1790537079,8319212,14298756
1790537081,8630928,14298756
1790537083,9818572,14298756
1790537085,9825784,14298756
1790537087,9814844,14298756
1790537089,9819084,14298756
1790537091,9866476,14298756
1790537093,9719528,14298756
1790537095,8716156,14298756
1790537097,9697912,14298756
1790537099,9747848,14298756
1790537101,9674324,14298756
1790537103,6742836,14298756
1790537105,7713268,14298756
1790537107,7703456,14298756
1790537109,7847028,14298756
1790537111,7815392,14298756
1790537113,7702596,14298756
1790537115,7628556,14298756
1790537117,7664476,14298756
1790537119,7665708,14298756
1790537121,7683740,14298756
1790537123,8221428,14298756
1790537125,8118280,14298756
1790537127,8221136,14298756
1790537129,8334924,14298756
1790537131,9448296,14298756
1790537133,9587664,14298756
1790537135,3221728,14298728
1790537137,10124072,14298424
1790537139,8477532,14298424
1790537141,8889684,14298424
1790537143,9224476,14298424
1790537145,8154476,14298424
1790537147,9166488,14298424
1790537149,9153368,14298424
1790537151,10270780,14298424
1790537153,10379392,14298424
1790537155,8288600,14298424
1790537157,8351724,14298424
1790537159,8848732,14298424
1790537161,9427740,14298424
1790537163,9493956,14298424
1790537165,9604704,14298424
1790537167,9644452,14298424
1790537169,9388500,14298424
1790537171,8520380,14298424
1790537173,9580964,14298424
1790537175,9599084,14298424
1790537177,9593988,14298424
1790537179,9630600,14298424
1790537181,9022404,14298424
1790537183,8142544,14298424
1790537185,9481540,14298424
1790537187,9503120,14298424
1790537189,9553468,14298424
1790537191,9697424,14298424
1790537193,8244780,14298424
1790537195,8443652,14298424
1790537197,8803248,14298424
1790537199,9549880,14298424
1790537201,9618992,14298424
1790537203,9684164,14298424
1790537205,8624408,14298424
1790537207,8899688,14298424
1790537209,9227016,14298424
1790537211,8325024,14298424
1790537213,9132200,14298424
1790537215,9434472,14298424
1790537217,9524740,14298424
1790537219,9249916,14298424
1790537221,8694784,14298424
1790537223,9382920,14298424
1790537225,9556468,14298424
1790537227,9583420,14298424
1790537229,9589976,14298424
1790537231,9042892,14298424
1790537233,8194656,14298424
1790537235,9626284,14298424
1790537237,9634144,14298424
1790537239,9613932,14298424
1790537241,9608260,14298424
1790537243,8384008,14298424
1790537245,9380324,14298424
1790537247,8600148,14298424
1790537249,9450496,14298424
1790537251,9552196,14298424
1790537253,10101180,14298424
1790537255,9039224,14298424
1790537257,8902852,14298448
1790537259,10239644,14298448
1790537261,10269348,14298448
1790537263,8765664,14298504
1790537265,9851764,14298504
1790537267,8694328,14298504
1790537269,9833140,14298504
1790537271,8653968,14298508
1790537273,9263496,14298568
1790537275,10117412,14298568
1790537277,10239928,14298576
1790537279,9098280,14298600
1790537281,9950324,14298604
1790537283,10129300,14298604
1790537285,10173980,14298604
1790537287,9576436,14298604
1790537289,10104564,14298636
1790537291,10104776,14298636
1790537293,10219024,14298636
1790537295,9671708,14298636
1790537297,10050152,14298636
1790537299,10055836,14298636
1790537301,10234752,14298640
1790537303,8597168,14298640
1790537305,8614708,14298640
1790537307,9824592,14298640
1790537309,9889348,14298640
1790537311,8516364,14298640
1790537313,10044368,14298640
1790537315,10164988,14298640
1790537317,9081496,14298640
1790537319,8943024,14298640
1790537321,10172200,14298640
1790537323,10186748,14298640
1790537325,9088072,14298640
1790537327,9019360,14298640
1790537329,10113100,14298640
1790537331,10100756,14298644
1790537333,9055136,14298644
1790537335,9184196,14298740
1790537337,10049500,14298828
1790537339,10116176,14298828
1790537341,8543772,14298828
1790537343,9081704,14298828
1790537345,8670332,14298828
1790537347,9769008,14298828
1790537349,9338884,14298828
1790537351,9939396,14298828
1790537353,10231956,14298828
1790537355,10215304,14298828
1790537357,9687836,14298828
1790537359,10065660,14298828
1790537361,10055820,14298828
1790537363,10167292,14298828
1790537365,9732204,14298828
1790537367,10082664,14298828
1790537369,10116568,14298828
1790537371,10176676,14298828
1790537373,9795464,14298828
1790537375,10060892,14298828
1790537377,10067248,14298828
1790537379,10137784,14298828
1790537381,8594188,14298828
1790537383,8593244,14298848
1790537385,9781932,14298848
1790537387,9876252,14298848
1790537390,9043444,14298848
1790537392,10039424,14298848
1790537394,10188456,14298848
1790537396,10212580,14298848
1790537398,9057592,14298848
1790537400,10034504,14298848
1790537402,10065976,14298848
1790537404,10230036,14298848
1790537406,8964972,14298848
1790537408,10079168,14298848
1790537410,10146392,14298848
1790537412,9546140,14298848
1790537414,8824848,14298848
1790537416,10069764,14298852
1790537418,10140892,14298852
1790537420,8914164,14298852
1790537422,9781832,14298852
1790537424,8579564,14298852
1790537426,9784516,14298852
1790537428,8998248,14298852
1790537430,9385916,14298852
1790537432,10175260,14298852
1790537434,10185428,14298852
1790537436,8764416,14298852
1790537438,9540144,14298852
1790537440,10103664,14298852
1790537442,10096104,14298856
1790537444,9197456,14298856
1790537446,9511772,14298856
1790537448,10048672,14298856
1790537450,10140232,14298856
1790537452,9169808,14298856
1790537454,9530308,14298856
1790537456,10074640,14298856
1790537458,10078716,14298856
1790537460,8511408,14298856
1790537462,8531604,14298860
1790537464,9735108,14298860
1790537466,9894392,14298860
1790537468,9984732,14298860
1790537470,10131768,14298860
1790537472,10152684,14298860
1790537474,10121728,14298860
1790537476,10174448,14298860
1790537478,10094816,14298860
1790537480,10095644,14298904
1790537482,10141884,14298904
1790537484,10227280,14298904
1790537486,10087684,14298904
1790537488,10126264,14298904
1790537490,10192072,14298904
1790537492,10062604,14298904
1790537494,10093116,14298904
1790537496,10071440,14298904
1790537498,9064156,14298904
1790537500,8563760,14298904
1790537502,8562604,14298904
1790537504,9800680,14298904
1790537506,9049532,14298904
1790537508,8376208,14298904
1790537510,9963500,14298904
1790537512,10147384,14298904
1790537514,9040192,14298904
1790537516,9190652,14298904
1790537518,10053848,14298904
1790537520,10028912,14298904
1790537522,9036800,14298904
1790537524,9158184,14298904
1790537526,10037704,14298904
1790537528,10066500,14298904
1790537530,9047384,14298904
1790537532,9192468,14298904
1790537534,10037408,14298904
1790537536,10118800,14298904
1790537538,8586060,14298904
1790537540,8669064,14298904
1790537542,8898660,14298904
1790537544,9794116,14298904
1790537546,9439632,14298904
1790537548,10093132,14298904
1790537550,10130112,14298904
1790537552,10145428,14298904
1790537554,9642540,14298904
1790537556,10044076,14298904
1790537558,10134568,14298904
1790537560,10183748,14298904
1790537562,9702184,14298904
1790537564,10038556,14298904
1790537566,10035424,14298904
1790537568,10197680,14298904
1790537570,9698048,14298904
1790537572,10051024,14298904
1790537574,10096188,14298904
1790537576,10229564,14298904
1790537578,8576388,14298904
1790537580,8523956,14298904
1790537582,9771252,14298904
1790537584,9880632,14298904
1790537586,9054684,14298904
1790537588,10149096,14298904
1790537590,10156780,14298904
1790537592,10161548,14298904
1790537594,9080032,14298920
1790537596,10070464,14298920
1790537598,10172288,14298920
1790537600,10239880,14298920
1790537602,9102592,14298920
1790537604,10075952,14298920
1790537606,10113736,14298920
1790537608,10171480,14298920
1790537610,9079276,14298920
1790537612,10025260,14298920
1790537614,10147248,14298920
1790537616,8971124,14298920
1790537618,8973792,14298920
1790537620,8607948,14298920
1790537622,9798132,14298920
1790537624,8727552,14298920
1790537626,8948164,14298920
1790537628,10140860,14298920
1790537630,10227072,14298920
1790537632,8878000,14298920
1790537634,9450156,14298920
1790537636,10162036,14298920
1790537638,10153708,14298920
1790537640,8751556,14298920
1790537642,9390888,14298920
1790537644,10087404,14298920
1790537646,10089032,14298920
1790537648,8740724,14298920
1790537650,9437720,14298920
1790537652,10092488,14298920
1790537654,8518316,14298920
1790537656,7114508,14298920
1790537658,8763648,14298920
1790537660,8442324,14298920
1790537662,8422832,14298920
1790537664,8291860,14298920
1790537666,8292268,14298920
1790537668,8274028,14298920
1790537670,8340272,14298920
1790537672,8266772,14298920
1790537674,8523024,14298920
1790537676,9766980,14298920
1790537678,5784808,14298364
1790537680,9185848,14298364
1790537682,8628452,14298364
1790537684,8604512,14298364
1790537686,9490964,14298364
1790537688,10838060,14298364
1790537690,10369616,14298364
1790537692,9068904,14298364
1790537694,10129552,14298364
1790537696,10127956,14298364
1790537698,10152572,14298364
1790537700,9041788,14298364
1790537702,10081080,14298364
1790537704,10111956,14298364
1790537706,10133516,14298364
1790537708,9086732,14298364
1790537710,10033100,14298364
1790537712,10076064,14298364
1790537714,10167352,14298364
1790537716,9080196,14298364
1790537718,10034796,14298364
1790537720,10102852,14298364
1790537722,9158876,14298364
1790537724,8611976,14298364
1790537726,8604312,14298364
1790537728,9862476,14298364
1790537730,9082208,14298364
1790537732,8345088,14298364
1790537734,10110156,14298364
1790537736,10211284,14298364
1790537738,9076960,14298364
1790537740,8972144,14298364
1790537742,10022292,14298364
1790537744,10059492,14298364
1790537746,9065632,14298364
1790537748,9072556,14298364
1790537750,10066568,14298364
1790537752,10053352,14298364
1790537754,8991876,14298364
1790537756,9192280,14298368
1790537758,9993448,14298396
1790537760,9994792,14298396
1790537762,8514816,14298396
1790537764,8540768,14298396
1790537766,8716104,14298396
1790537768,9805644,14298396
1790537770,9098668,14298396
1790537772,10126352,14298396
1790537774,10129540,14298396
1790537776,10186424,14298396
1790537778,9635372,14298396
1790537780,10027032,14298396
1790537782,10025200,14298396
1790537784,10088508,14298396
1790537786,9805716,14298396
1790537788,10073536,14298396
1790537790,10085224,14298396
1790537792,10121684,14298396
1790537794,9807880,14298396
1790537796,10026564,14298396
1790537798,10035356,14298396
1790537800,10198480,14298396
1790537802,8586252,14298396
1790537804,8599636,14298396
1790537806,9784128,14298396
1790537808,9806072,14298396
1790537810,9055140,14298396
1790537812,10086104,14298396
1790537814,10094404,14298396
1790537816,10131000,14298396
1790537818,9066416,14298396
1790537820,10023300,14298396
1790537822,10074240,14298396
1790537824,10150576,14298396
1790537826,9092952,14298396
1790537828,10075368,14298396
1790537830,10064420,14298396
1790537832,10098824,14298396
1790537834,9083732,14298396
1790537836,10021544,14298396
1790537838,10076864,14298396
1790537840,9220536,14298396
1790537842,8970992,14298396
1790537844,8612072,14298396
1790537846,9779912,14298396
1790537848,8921240,14298396
1790537850,8706136,14298396
1790537852,9995128,14298396
1790537854,10138776,14298396
1790537856,8673636,14298396
1790537858,9326204,14298396
1790537860,10038884,14298396
1790537862,10078600,14298396
1790537864,8890392,14298440
1790537866,9295952,14298440
1790537868,10046776,14298440
1790537870,10087516,14298440
1790537872,8999820,14298440
1790537874,9186332,14298440
1790537876,10042976,14298440
1790537878,10099544,14298440
1790537880,8526752,14298440
1790537882,8878800,14298440
1790537884,9201972,14298440
1790537886,9955176,14298440
1790537888,9174924,14298440
1790537890,10045116,14298440
1790537892,10148780,14298440
1790537894,10154256,14298440
1790537896,9760128,14298440
1790537898,10066180,14298440
1790537900,10072376,14298440
1790537902,10184204,14298440
1790537904,9728136,14298440
1790537906,10034176,14298440
1790537908,10107800,14298440
1790537910,10187200,14298440
1790537912,9907176,14298440
1790537914,10027464,14298468
1790537916,10036368,14298468
1790537918,10228820,14298468
1790537920,9029132,14298468
1790537922,9033012,14298468
1790537924,9837028,14298468
1790537926,9870984,14298468
1790537928,8838856,14298468
1790537930,10158864,14298468
1790537932,10201080,14298480
1790537934,10184384,14298480
1790537936,8839212,14298480
1790537938,10088540,14298480
1790537940,10082084,14298480
1790537942,10214668,14298480
1790537944,8912500,14298480
1790537946,10016600,14298480
1790537948,10060968,14298480
1790537950,10196812,14298500
1790537952,8813500,14298504
1790537954,10030788,14298504
1790537956,10073584,14298504
1790537958,8642312,14298504
1790537960,8760564,14298504
1790537962,9100348,14298528
1790537964,9892504,14298720
1790537966,9835208,14298720
1790537968,10146156,14298720
1790537970,10147180,14298720
1790537972,10065232,14298720
1790537974,10160976,14298720
1790537976,9983548,14298720
1790537978,10053572,14298720
1790537980,10132240,14298720
1790537982,9014040,14298720
1790537984,9993624,14298720
1790537986,10046364,14298720
1790537988,9021092,14298720
1790537990,8820596,14298720
1790537992,9954288,14298720
1790537994,10017640,14298720
1790537996,8595864,14298720
1790537998,8519096,14298720
1790538000,9712856,14298720
1790538002,9723364,14298720
1790538004,9742440,14298720
1790538006,9932492,14298720
1790538008,9997812,14298720
1790538010,9984804,14298720
1790538012,8915532,14298720
1790538014,9843608,14298720
1790538016,9892616,14298720
1790538018,10035396,14298720
1790538020,8851280,14298720
1790538022,9919032,14298720
1790538024,10029272,14298720
1790538026,8943720,14298720
1790538028,8780172,14298720
1790538030,9956652,14298720
1790538032,10075524,14298720
1790538034,8532852,14298720
1790538036,8523308,14298720
1790538038,9655324,14298720
1790538040,9748972,14298720
1790538042,10017444,14298720
1790538044,10050300,14298720
1790538046,10051704,14298720
1790538048,10064536,14298720
1790538050,8999348,14298720
1790538052,9965560,14298720
1790538054,9978676,14298720
1790538056,9010876,14298720
1790538058,8804560,14298720
1790538060,10078508,14298720
1790538062,10023048,14298720
1790538064,8952644,14298720
1790538066,9083524,14298720
1790538068,9969380,14298720
1790538070,9965232,14298720
1790538072,8482860,14298720
1790538074,8515364,14298780
1790538076,9732816,14298780
1790538078,9804892,14298780
1790538080,8981644,14298780
1790538082,10061784,14298780
1790538084,10065884,14298780
1790538086,10090904,14298780
1790538088,8994732,14298780
1790538090,9971920,14298780
1790538092,10103424,14298780
1790538095,9024100,14298780
1790538097,8799028,14298780
1790538099,9961024,14298780
1790538101,10061136,14298780
1790538103,9034552,14298780
1790538105,8850560,14298780
1790538107,10006368,14298780
1790538109,10083472,14298780
1790538111,7067868,14298780
1790538113,8722692,14298780
1790538115,8509292,14298780
1790538117,8203256,14298780
1790538119,8379588,14298780
1790538121,8529068,14298780
1790538123,8276668,14298780
1790538125,8374256,14298780
1790538127,8360268,14298780
1790538129,9498272,14298780
1790538131,5812000,14298780
1790538133,10235616,14298372
1790538135,8528496,14298372
1790538137,8663468,14298392
1790538139,9949056,14298392
1790538141,10832384,14298392
1790538143,10446748,14298392
1790538145,10220212,14298392
1790538147,10135704,14298392
1790538149,10209056,14298392
1790538151,10227312,14298392
1790538153,8989168,14298392
1790538155,10011660,14298392
1790538157,10044460,14298392
1790538159,10156432,14298392
1790538161,8902416,14298392
1790538163,9993744,14298392
1790538165,10066124,14298392
1790538167,8983816,14298392
1790538169,8822984,14298392
1790538171,9972512,14298392
1790538173,10186092,14298392
1790538175,8554028,14298392
1790538177,8542124,14298392
1790538179,9788932,14298392
1790538181,9884376,14298392
1790538183,9874600,14298392
1790538185,10062560,14298408
1790538187,10057764,14298408
1790538189,10062240,14298408
1790538191,9004288,14298408
1790538193,9963280,14298408
1790538195,10004816,14298408
1790538197,10094796,14298408
1790538199,8870940,14298408
1790538201,9981908,14298408
1790538203,9991888,14298408
1790538205,8993396,14298408
1790538207,8812712,14298408
1790538209,9954316,14298408
1790538211,10080388,14298408
1790538213,8541648,14298408
1790538215,8541692,14298408
1790538217,9722300,14298408
1790538219,9843640,14298408
1790538221,9018692,14298408
1790538223,10076972,14298412
1790538225,10117964,14298412
1790538227,10118660,14298412
1790538229,9043952,14298412
1790538231,10038592,14298412
1790538233,10061944,14298412
1790538235,9035284,14298412
1790538237,8775768,14298412
1790538239,10011200,14298412
1790538241,10129092,14298412
1790538243,8960676,14298412
1790538245,8814264,14298412
1790538247,9960236,14298412
1790538249,10033872,14298412
1790538251,8485980,14298412
1790538253,8478084,14298412
1790538255,9678048,14298412
1790538257,9718616,14298412
1790538259,8945236,14298412
1790538261,10019812,14298412
1790538263,10023136,14298412
1790538265,10024236,14298412
1790538267,8603816,14298412
1790538269,9951692,14298412
1790538271,9963980,14298412
1790538273,9037884,14298412
1790538275,8873136,14298412
1790538277,10067208,14298412
1790538279,10119764,14298412
1790538281,9040664,14298412
1790538283,9172008,14298412
1790538285,10067360,14298412
1790538287,10155596,14298412
1790538289,8540504,14298412
1790538291,8555388,14298412
1790538293,9676140,14298412
1790538295,9804916,14298412
1790538297,9024812,14298412
1790538299,10001248,14298412
1790538301,10101916,14298412
1790538303,10115984,14298412
1790538305,8904004,14298412
1790538307,10007848,14298412
1790538309,10032840,14298412
1790538311,8980632,14298412
1790538313,8812748,14298412
1790538315,9964972,14298412
1790538317,10059864,14298412
1790538319,8725984,14298412
1790538321,9196884,14298412
1790538323,10014188,14298416
1790538325,10122440,14298416
1790538327,8531624,14298416
1790538329,8500436,14298416
1790538331,9735332,14298416
1790538333,9838792,14298416
1790538335,9001836,14298416
1790538337,10057696,14298416
1790538339,10089004,14298416
1790538341,10107248,14298416
1790538343,8922136,14298416
1790538345,10024432,14298416
1790538347,10029496,14298416
1790538349,9008840,14298416
1790538351,8839188,14298416
1790538353,10034728,14298416
1790538355,10118120,14298416
1790538357,8845060,14298416
1790538359,9093272,14298416
1790538361,10089704,14298416
1790538363,10057092,14298416
1790538365,8498796,14298416
1790538367,8482416,14298416
1790538369,9632052,14298416
1790538371,9720960,14298416
1790538373,8965616,14298416
1790538375,9945896,14298416
1790538377,10030288,14298416
1790538379,10091524,14298416
1790538381,8951588,14298416
1790538383,9980844,14298416
1790538385,9985148,14298416
1790538387,8988804,14298416
1790538389,8869628,14298416
1790538391,9994972,14298416
1790538393,10036476,14298416
1790538395,8788096,14298416
1790538397,9390744,14298416
1790538399,10000492,14298416
1790538401,10081456,14298416
1790538403,8541720,14298416
1790538405,8527380,14298416
1790538407,9713204,14298416
1790538409,9838880,14298416
1790538411,9003064,14298416
1790538413,10055080,14298416
1790538415,10046008,14298416
1790538417,8994644,14298416
1790538419,8885212,14298416
1790538421,10056704,14298416
1790538423,9951160,14298416
1790538425,8964476,14298416
1790538427,8924124,14298416
1790538429,9971444,14298420
1790538431,10009076,14298420
1790538433,8804780,14298420
1790538435,9352384,14298420
1790538437,10009436,14298420
1790538439,10035180,14298420
1790538441,8494380,14298420
1790538443,8487916,14298420
1790538445,9665156,14298420
1790538447,9722516,14298420
1790538449,8975920,14298420
1790538451,10021900,14298420
1790538453,10127760,14298420
1790538455,9002772,14298420
1790538457,8911520,14298420
1790538459,10063140,14298420
1790538461,10061280,14298420
1790538463,9010004,14298420
1790538465,9175148,14298420
1790538467,9993236,14298420
1790538469,10142592,14298420
1790538471,8782412,14298420
1790538473,9458808,14298420
1790538475,10034608,14298420
1790538477,10071540,14298420
1790538479,8563308,14298420
1790538481,8506740,14298420
1790538483,9727148,14298420
1790538485,9769024,14298420
1790538487,8581188,14298420
1790538489,10055156,14298420
1790538491,10051840,14298420
1790538493,8970756,14298420
1790538495,8870320,14298420
1790538497,9981088,14298420
1790538499,9984772,14298420
1790538501,8789064,14298420
1790538503,9171556,14298420
1790538505,9983468,14298420
1790538507,9999680,14298420
1790538509,8785512,14298420
1790538511,9480992,14298420
1790538513,10015064,14298420
1790538515,10080388,14298420
1790538517,8523024,14298420
1790538519,8530332,14298420
1790538521,9769108,14298420
1790538523,9779432,14298420
1790538525,8965216,14298420
1790538527,10042920,14298420
1790538529,10099156,14298420
1790538531,9018916,14298420
1790538533,8906188,14298420
1790538535,10087840,14298420
1790538537,10086068,14298420
1790538539,8914616,14298420
1790538541,9218908,14298420
1790538543,9978540,14298420
1790538545,10011892,14298420
1790538547,8639040,14298420
1790538549,9369476,14298420
1790538551,9944764,14298420
1790538553,10052256,14299536
1790538555,8494984,14299768
1790538557,8471452,14299768
1790538559,9677260,14299768
1790538561,9692432,14299776
1790538563,8540876,14299804
1790538565,9940060,14299804
1790538567,9979968,14299804
1790538569,8962192,14299804
1790538571,8864344,14299804
1790538573,10046848,14299804
1790538575,10057472,14299804
1790538577,8911984,14299804
1790538579,9292864,14299804
1790538581,10073604,14299804
1790538583,10071760,14299804
1790538585,8815780,14299804
1790538587,9477048,14299804
1790538589,10110192,14299804
1790538591,10258308,14299804
1790538593,8928692,14299804
1790538595,8638940,14299804
1790538597,9820376,14299804
1790538599,9877872,14299804
1790538601,8636532,14299804
1790538603,9968264,14299804
1790538605,10055444,14299804
1790538607,8968708,14299804
1790538609,8858116,14299804
1790538611,9982396,14299804
1790538613,10061712,14299804
1790538615,8760588,14299804
1790538617,9279816,14299804
1790538619,10022572,14299804
1790538621,10067348,14299804
1790538623,8713424,14299804
1790538625,9426648,14299804
1790538627,9994000,14299804
1790538629,7527496,14299804
1790538631,7093720,14299804
1790538633,8446304,14299804
1790538635,8195180,14299804
1790538637,8325060,14299804
1790538639,8459332,14299804
1790538641,8274700,14299804
1790538643,8139332,14299804
1790538645,8340052,14299804
1790538647,8359128,14299804
1790538649,9582768,14299804
1790538651,3342908,14299804
1790538653,10267132,14299472
1790538655,8791108,14299472
1790538657,8595628,14299472
1790538659,9225948,14299472
1790538661,10683540,14299472
1790538663,10292936,14299472
1790538665,8864436,14299472
1790538667,10028612,14299472
1790538669,10027404,14299472
1790538671,8994760,14299472
1790538673,8853168,14299472
1790538675,10003732,14299472
1790538677,10079960,14299472
1790538679,8666868,14299472
1790538681,9025924,14299472
1790538683,10016424,14299472
1790538685,10138584,14299472
1790538687,8774380,14299472
1790538689,9426080,14299472
1790538691,9976984,14299472
1790538693,10200732,14299472
1790538695,8617484,14299472
1790538697,8534808,14299472
1790538699,9765956,14299472
1790538701,9783380,14299472
1790538703,8442536,14299472
1790538705,9991468,14299472
1790538707,10112888,14299472
1790538709,9023360,14299472
1790538711,9012760,14299472
1790538713,10046320,14299472
1790538715,10115648,14299472
1790538717,8905204,14299472
1790538719,9217312,14299472
1790538721,9959984,14299472
1790538723,10021728,14299480
1790538725,8953564,14299480
1790538727,9365140,14299480
1790538729,10044432,14299480
1790538731,10091148,14299480
1790538733,8460904,14299480
1790538735,8456648,14299480
1790538737,9640144,14299480
1790538739,9732308,14299480
1790538741,8527336,14299480
1790538743,9942052,14299480
1790538745,10050620,14299480
1790538747,8952344,14299480
1790538749,9082612,14299480
1790538751,9986196,14299480
1790538753,10048228,14299480
1790538755,8819476,14299480
1790538757,9398036,14299480
1790538759,10056744,14299480
1790538761,10140196,14299480
1790538763,9006404,14299480
1790538765,10003052,14299480
1790538767,10056972,14299480
1790538769,10152736,14299480
1790538771,8552952,14299480
1790538773,8550944,14299480
1790538775,9704028,14299480
1790538777,9012756,14299480
1790538779,8426588,14299480
1790538781,9997720,14299480
1790538783,10012456,14299480
1790538785,8784840,14299480
1790538787,9158460,14299480
1790538789,9955296,14299480
1790538791,10049960,14299480
1790538793,8888008,14299480
1790538795,9466024,14299480
1790538797,10014680,14299480
1790538799,10058128,14299480
1790538801,9615508,14299480
1790538803,9942716,14299480
1790538805,10001716,14299480
1790538807,10107948,14299480
1790538809,8508032,14299480
1790538811,8543572,14299480
1790538813,9755448,14299480
1790538816,9000396,14299480
1790538818,8555016,14299480
1790538820,10080220,14299480
1790538822,10074944,14299480
1790538824,8777320,14299480
1790538826,9285336,14299480
1790538828,9985868,14299480
1790538830,10087864,14299480
1790538832,8816740,14299480
1790538834,9452972,14299480
1790538836,10009328,14299480
1790538838,10081928,14299480
1790538840,9570360,14299480
1790538842,9919884,14299480
1790538844,9969396,14299480
1790538846,10098056,14299480
1790538848,8472228,14299480
1790538850,8486960,14299480
1790538852,9705216,14299480
1790538854,8946692,14299480
1790538856,8497124,14299480
1790538858,9981624,14299480
1790538860,9999744,14299480
1790538862,8656596,14299480
1790538864,9333360,14299480
1790538866,9943964,14299480
1790538868,9961572,14299480
1790538870,8918744,14299480
1790538872,9411100,14299480
1790538874,10020412,14299480
1790538876,10046608,14299480
1790538878,9668868,14299480
1790538880,9981284,14299480
1790538882,10097156,14299480
1790538884,10158684,14299536
1790538886,8604204,14299536
1790538888,8604016,14299536
1790538890,9834196,14299536
1790538892,9871508,14299536
1790538894,9008676,14299536
1790538896,10036320,14299572
1790538898,10173976,14299572
1790538900,9075444,14299572
1790538902,8783292,14299572
1790538904,9934836,14299572
1790538906,9953696,14299572
1790538908,8567248,14299588
1790538910,8985668,14299588
1790538912,9935916,14299588
1790538914,9981044,14299588
1790538916,8877044,14299588
1790538918,9329520,14299588
1790538920,9929784,14299588
1790538922,9994732,14299588
1790538924,8476612,14299588
1790538926,8465660,14299588
1790538928,9638996,14299588
1790538930,9730324,14299592
1790538932,8998392,14299592
1790538934,10076744,14299592
1790538936,10096192,14299592
1790538938,9025492,14299592
1790538940,8817336,14299592
1790538942,9966452,14299592
1790538944,10096888,14299592
1790538946,8993116,14299592
1790538948,9102032,14299592
1790538950,9987412,14299592
1790538952,10100796,14299592
1790538954,8818644,14299592
1790538956,9422116,14299592
1790538958,10036420,14299592
1790538960,10167576,14299592
1790538962,8483500,14299592
1790538964,8467736,14299592
1790538966,9659440,14299592
1790538968,9710432,14299592
1790538970,8920232,14299592
1790538972,9954356,14299592
1790538974,10057476,14299592
1790538976,8948288,14299592
1790538978,8747208,14299592
1790538980,9942644,14299592
1790538982,9993500,14299592
1790538984,8967708,14299592
1790538986,9076904,14299592
1790538988,9909420,14299592
1790538990,9947780,14299592
1790538992,8745064,14299592
1790538994,9431400,14299592
1790538996,10010924,14299592
1790538998,10156148,14299592
1790539000,8542444,14299596
1790539002,8543808,14299596
1790539004,9726012,14299596
1790539006,9846984,14299748
1790539008,9001864,14299756
1790539010,10122796,14299756
1790539012,10109004,14299756
1790539014,9008760,14299756
1790539016,8845128,14299756
1790539018,10010184,14299756
1790539020,10143112,14299756
1790539022,8579744,14299756
1790539024,9120436,14299756
1790539026,9957360,14299756
1790539028,10038760,14299756
1790539030,8892420,14299756
1790539032,9416044,14299756
1790539034,9996204,14299756
1790539036,10022412,14299756
1790539038,8539796,14299756
1790539040,8528840,14299756
1790539042,9717500,14299756
1790539044,9770252,14299756
1790539046,8568132,14299756
1790539048,10077824,14299756
1790539050,10077024,14299756
1790539052,9026072,14299756
1790539054,8822656,14299756
1790539056,10063388,14299756
1790539058,10154504,14299756
1790539060,8887596,14299756
1790539062,9223992,14299756
1790539064,10044792,14299756
1790539066,10059228,14299756
1790539068,8826364,14299756
1790539070,9446708,14299756
1790539072,10131252,14300044
1790539074,7735248,14300044
1790539076,7193460,14300044
1790539078,8538768,14300044
1790539080,8446956,14300044
1790539082,8241856,14300044
1790539084,8169784,14300044
1790539086,8153068,14300044
1790539088,8088936,14300044
1790539090,8265096,14300044
1790539092,8294252,14300044
1790539094,9420000,14300044
1790539096,3454276,14300060
1790539098,10248500,14299880
1790539100,8563044,14299880
1790539102,8527172,14299880
1790539104,9143684,14299880
1790539106,10657640,14299880
1790539108,8977948,14299880
1790539110,8398284,14299880
1790539112,10084556,14299880
1790539114,10152696,14299880
1790539116,9039624,14299880
1790539118,9021764,14299880
1790539120,10006340,14299880
1790539122,10068824,14299880
1790539124,8592276,14299880
1790539126,9497068,14299880
1790539128,10049056,14299880
1790539130,10059308,14299880
1790539132,9107224,14299880
1790539134,9487852,14299880
1790539136,10123464,14299880
1790539138,10151856,14299880
1790539140,8634880,14299880
1790539142,8512048,14299880
1790539144,9707532,14299880
1790539146,9387172,14299880
1790539148,8312952,14299880
1790539150,10055688,14299880
1790539152,10061180,14299880
1790539154,8990280,14299880
1790539156,9090344,14299880
1790539158,9933772,14299880
1790539160,10087768,14299880
1790539162,8683140,14299880
1790539164,9427496,14299880
1790539166,10014692,14299880
1790539168,10014664,14299880
1790539170,9026136,14299880
1790539172,9981832,14299880
1790539174,10027288,14299880
1790539176,10063644,14299880
1790539178,8552404,14299880
1790539180,8530996,14299880
1790539182,9729920,14299880
1790539184,9040756,14299880
1790539186,8403248,14299880
1790539188,10114280,14299880
1790539190,10101760,14299880
1790539192,8909520,14299880
1790539194,9378616,14299880
1790539196,10082768,14299880
1790539198,10081184,14299880
1790539200,8753608,14299880
1790539202,9457524,14299880
1790539204,10040660,14299880
1790539206,10043020,14299880
1790539208,9657948,14299880
1790539210,9948508,14299880
1790539212,9973864,14299880
1790539214,10028536,14299880
1790539216,8508244,14299880
1790539218,8500048,14299880
1790539220,9708368,14299880
1790539222,8978280,14299880
1790539224,8389468,14299880
1790539226,10040136,14299880
1790539228,10044072,14299880
1790539230,8672644,14299880
1790539232,9522548,14299880
1790539234,10054380,14299880
1790539236,10126992,14299880
1790539238,9047496,14299880
1790539240,10080772,14299880
1790539242,10072800,14299880
1790539244,10119756,14299880
1790539246,9714480,14299880
1790539248,10012568,14299880
1790539250,10068716,14299880
1790539252,10101676,14299880
1790539254,8560532,14299880
1790539256,8550376,14299880
1790539258,9755004,14299880
1790539260,9113716,14299880
1790539262,8587688,14299880
1790539264,10059944,14299880
1790539266,10089244,14299880
1790539268,8568476,14299880
1790539270,9484020,14299880
1790539272,10009956,14299880
1790539274,10030064,14299880
1790539276,9005380,14299880
1790539278,9993688,14299880
1790539280,10005332,14299880
1790539282,10022040,14299880
1790539284,9794048,14299880
1790539286,9966084,14299880
1790539288,9978788,14299880
1790539290,10089172,14299880
1790539292,8583144,14299880
1790539294,8778684,14299880
1790539296,9780704,14299880
1790539298,8738832,14299880
1790539300,8985756,14299880
1790539302,10045516,14299880
1790539304,10125776,14299880
1790539306,8784580,14299884
1790539308,9535548,14299884
1790539310,10070104,14299884
1790539312,10097024,14299884
1790539314,9538552,14299884
1790539316,10053960,14299884
1790539318,10065096,14299884
1790539320,10203188,14299884
1790539322,10112724,14299884
1790539324,10002872,14299884
1790539326,10024052,14299884
1790539328,9044816,14299884
1790539330,9027764,14299884
1790539332,8837616,14299884
1790539334,9725700,14299884
1790539336,8488540,14299884
1790539338,9142148,14299884
1790539340,10110416,14299884
1790539342,10182772,14299884
1790539344,8967884,14299884
1790539346,9477600,14299884
1790539348,10028032,14299884
1790539350,10132696,14299884
1790539352,9760376,14299884
1790539354,10019044,14299884
1790539356,10077668,14299884
1790539358,10186292,14299884
1790539360,10017920,14299884
1790539362,10046560,14299884
1790539364,10113776,14299884
1790539366,8778764,14299884
1790539368,9078560,14299884
1790539370,8968212,14299884
1790539372,9817436,14299884
1790539374,8616744,14299884
1790539376,9349984,14299884
1790539378,10089928,14299884
1790539380,10220624,14299884
1790539382,9024040,14299884
1790539384,9476448,14299884
1790539386,10042760,14299884
1790539388,10124468,14299884
1790539390,9660820,14299884
1790539392,10043908,14299884
1790539394,10089372,14299884
1790539396,10132188,14299884
1790539398,10052084,14299884
1790539400,10007164,14299884
1790539402,10014620,14299884
1790539404,8802428,14299884
1790539406,8899552,14299884
1790539408,8741988,14299884
1790539410,9761156,14299884
1790539412,8678384,14299884
1790539414,9324480,14299884
1790539416,10097940,14299884
1790539418,10149200,14299884
1790539420,9215176,14299884
1790539422,10071800,14299884
1790539424,10069108,14299884
1790539426,10138668,14299884
1790539428,9815752,14299884
1790539430,10023280,14299884
1790539432,10068952,14299884
1790539434,10156804,14299884
1790539436,10216992,14299884
1790539438,10007776,14299884
1790539440,10111432,14299884
1790539442,8844048,14299884
1790539444,9034352,14299884
1790539446,8694016,14299884
1790539448,9892592,14299884
1790539450,8835480,14299884
1790539452,9435016,14299884
1790539454,10250724,14299884
1790539456,10259656,14299884
1790539458,9679520,14299884
1790539460,10166384,14299884
1790539462,10212956,14299884
1790539464,10342536,14299884
1790539466,10178288,14299884
1790539468,10146088,14299884
1790539470,10184380,14299884
1790539472,10169296,14299884
1790539474,9046736,14299884
1790539476,10071068,14299884
1790539478,10091108,14299884
1790539480,9166980,14299884
1790539482,9744520,14299884
1790539484,8558616,14299884
1790539486,9776280,14299928
1790539488,8748524,14299936
1790539490,10079472,14299936
1790539492,10107328,14299936
1790539494,10168692,14299936
1790539496,9741192,14299936
1790539498,10142868,14299936
1790539500,10236272,14299936
1790539502,10148920,14299936
1790539504,10094104,14299936
1790539506,10012192,14299936
1790539508,10062816,14299936
1790539510,10150156,14299936
1790539512,9037372,14299936
1790539514,10002652,14299936
1790539516,10043588,14299936
1790539518,7476604,14299936
1790539520,8711920,14299936
1790539522,8418516,14299936
1790539524,8447596,14299936
1790539526,8400552,14299936
1790539528,8331420,14299936
1790539530,8266088,14299936
1790539532,8409228,14299936
1790539534,8407008,14299936
1790539537,9706236,14299936
1790539539,12769700,14299936
1790539541,11080408,14299828
1790539543,8635444,14299828
1790539545,8840236,14299828
1790539547,9103344,14299828
1790539549,10733512,14299828
1790539551,10854712,14299828
1790539553,9482280,14299828
1790539555,10024752,14299828
1790539557,10133636,14299828
1790539559,10141020,14299828
1790539561,10023228,14299828
1790539563,10094756,14299828
1790539565,10082152,14299828
1790539567,10099008,14299828
1790539569,9041284,14299828
1790539571,10009884,14299828
1790539573,10043344,14299828
1790539575,10207768,14299828
1790539577,9032264,14299828
1790539579,10020340,14299828
1790539581,10042688,14299828
1790539583,8581464,14299828
1790539585,9771112,14299828
1790539587,8551444,14299828
1790539589,9798612,14299828
1790539591,9620464,14299828
1790539593,10039968,14299828
1790539595,10089496,14299828
1790539597,10155304,14299828
1790539599,10081164,14299828
1790539601,10136420,14299828
1790539603,10133432,14299828
1790539605,10146356,14299828
1790539607,9081880,14299828
1790539609,9980076,14299828
1790539611,10074844,14299828
1790539613,10177948,14299828
1790539615,9083528,14299828
1790539617,10048832,14299828
1790539619,10061492,14299828
1790539621,8933408,14299828
1790539623,9799512,14299828
1790539625,8541856,14299828
1790539627,9748268,14299828
1790539629,9276008,14299828
1790539631,10009128,14299828
1790539633,10067008,14299828
1790539635,10100348,14299828
1790539637,9977292,14299828
1790539639,10024712,14299828
1790539641,10038328,14299828
1790539643,10156908,14299828
1790539645,9050256,14299828
1790539647,10006080,14299828
1790539649,10010060,14299828
1790539651,10114476,14299828
1790539653,9068928,14299828
1790539655,10002424,14299828
1790539657,10077592,14299828
1790539659,8616188,14299828
1790539661,9704644,14299828
1790539663,8598024,14299828
1790539665,9821164,14299828
1790539667,9793500,14299828
1790539669,10027076,14299828
1790539671,10084208,14299828
1790539673,10133924,14299828
1790539675,10131372,14299828
1790539677,10106832,14299828
1790539679,10102424,14299828
1790539681,10267136,14299828
1790539683,9009664,14299828
1790539685,10009676,14299828
1790539687,10062232,14299828
1790539689,10138888,14299828
1790539691,8934872,14299828
1790539693,9995752,14299828
1790539695,10049956,14299828
1790539697,8546952,14299828
1790539699,8872136,14299828
1790539701,9063040,14299828
1790539703,9816020,14299828
1790539705,9875844,14299828
1790539707,9992332,14299828
1790539709,9990832,14299828
1790539711,10069140,14299828
1790539713,9074500,14299828
1790539715,10117384,14299828
1790539717,10157416,14299828
1790539719,10163656,14299828
1790539721,9076228,14299828
1790539723,10024272,14299828
1790539725,10109384,14299828
1790539727,9053324,14299828
1790539729,8892440,14299828
1790539731,10050960,14299828
1790539733,10075796,14299828
1790539735,8554540,14299828
1790539737,8584032,14299828
1790539739,9765076,14299828
1790539741,9875188,14299828
1790539743,10044052,14299828
1790539745,10006564,14299828
1790539747,10073364,14299828
1790539749,10125876,14299828
1790539751,9035612,14299828
1790539753,10063912,14299828
1790539755,10073228,14299828
1790539757,10152060,14299828
1790539759,8829652,14299828
1790539761,9959376,14299828
1790539763,10089972,14299828
1790539765,9033308,14299828
1790539767,8852396,14299828
1790539769,10020620,14299828
1790539771,10099532,14299828
1790539773,8582640,14299828
1790539775,8580240,14299828
1790539777,9773984,14299828
1790539779,9772120,14299828
1790539781,9055604,14299828
1790539783,9938288,14299828
1790539785,10054448,14299828
1790539787,10225264,14299828
1790539789,9071092,14299828
1790539791,10105244,14299828
1790539793,10136548,14299828
1790539795,9062384,14299828
1790539797,8921628,14299828
1790539799,10067816,14299828
1790539801,10228256,14299828
1790539803,8989816,14299828
1790539805,8825112,14299828
1790539807,9967992,14299828
1790539809,9997292,14299828
1790539811,8506776,14299828
1790539813,8505200,14299828
1790539815,9683340,14299828
1790539817,9742004,14299828
1790539819,8987032,14299828
1790539821,9873828,14299828
1790539823,9938792,14299828
1790539825,10104840,14299828
1790539827,8998140,14299828
1790539829,9984232,14299828
1790539831,10002388,14299828
1790539833,9041080,14299828
1790539835,8915440,14299828
1790539837,10031940,14299828
1790539839,10092236,14299828
1790539841,9081272,14299828
1790539843,9196544,14299828
1790539845,10023160,14299828
1790539847,10110244,14299828
1790539849,8577736,14299828
1790539851,8584696,14299828
1790539853,9767548,14299828
1790539855,9871648,14299828
1790539857,9045152,14299828
1790539859,10023644,14299828
1790539861,10206452,14299828
1790539863,10110084,14299828
1790539865,8998428,14299828
1790539867,10029284,14299828
1790539869,10019160,14299828
1790539871,8970900,14299828
1790539873,8852904,14299828
1790539875,9960748,14299828
1790539877,10004804,14299828
1790539879,8979372,14299828
1790539881,9131440,14299828
1790539883,9951608,14299828
1790539885,9984380,14299828
1790539887,8505760,14299828
1790539889,8536556,14299828
1790539891,9713320,14299828
1790539893,9810636,14299828
1790539895,9055160,14299828
1790539897,9974040,14299828
1790539899,10064524,14299828
1790539901,10128832,14299828
1790539903,9035868,14299828
1790539905,10075812,14299828
1790539907,10089512,14299828
1790539909,9044268,14299828
1790539911,8889572,14299828
1790539913,10010776,14299828
1790539915,10057120,14299828
1790539917,9044948,14299828
1790539919,9046376,14299828
1790539921,9953812,14299828
1790539923,10058124,14299828
1790539925,8523672,14299828
1790539927,8517336,14299828
1790539929,9742592,14299828
1790539931,9728344,14299828
1790539933,10048524,14299828
1790539935,9971552,14299828
1790539937,10047968,14299828
1790539939,10231712,14299828
1790539941,9134468,14299828
1790539943,10122008,14299828
1790539945,10117804,14299828
1790539947,10208452,14299828
1790539949,8922972,14299828
1790539951,9986332,14299828
1790539953,10017056,14299828
1790539955,9018024,14299828
1790539957,9192808,14299828
1790539959,9995132,14299828
1790539961,10027760,14299828
1790539963,7092752,14299828
1790539965,8699180,14299828
1790539967,8532332,14299828
1790539969,8422908,14299828
1790539971,8287028,14299828
1790539973,8257908,14299828
1790539975,8204100,14299828
1790539977,8237020,14299828
1790539979,8239668,14299828
1790539981,9426976,14299828
1790539983,5115892,14299828
1790539985,10235096,14299404
1790539987,8552860,14299404
1790539989,8538880,14299404
1790539991,9800780,14299404
1790539993,10771692,14299404
1790539995,10293952,14299404
1790539997,9006452,14299404
1790539999,9954440,14299404
1790540001,10034292,14299404
1790540003,10125536,14299404
1790540005,8998752,14299404
1790540007,10065408,14299404
1790540009,10071920,14299404
1790540011,9033016,14299404
1790540013,8820100,14299404
1790540015,10047064,14299404
1790540017,10152100,14299404
1790540019,8859720,14299404
1790540021,9424356,14299404
1790540023,10044492,14299404
1790540025,10099016,14299404
1790540027,8669796,14299404
1790540029,8667664,14299404
1790540031,9758864,14299404
1790540033,9766116,14299404
1790540035,9025932,14299404
1790540037,9977180,14299404
1790540039,10054152,14299404
1790540041,8975944,14299404
1790540043,8789064,14299404
1790540045,10025560,14299404
1790540047,10081280,14299404
1790540049,8977612,14299404
1790540051,9103892,14299404
1790540053,9982492,14299404
1790540055,10033860,14299404
1790540057,8657444,14299404
1790540059,9351500,14299404
1790540061,10003984,14299404
1790540063,10103868,14299404
1790540065,8740292,14299404
1790540067,8875832,14299404
1790540069,9717612,14299404
1790540071,9807508,14299404
1790540073,9025952,14299404
1790540075,9967848,14299404
1790540077,10055064,14299404
1790540079,9041404,14299404
1790540081,8945400,14299404
1790540083,10103052,14299404
1790540085,10113840,14299404
1790540087,9016296,14299404
1790540089,9173436,14299404
1790540091,10068768,14299404
1790540093,10163168,14299404
1790540095,8801832,14299404
1790540097,9509536,14299404
1790540099,10098068,14299404
1790540101,10061072,14299404
1790540103,8623620,14299404
1790540105,8580072,14299404
1790540107,9727768,14299404
1790540109,9751896,14299404
1790540111,8977876,14299404
1790540113,9931340,14299404
1790540115,9973532,14299404
1790540117,8969148,14299404
1790540119,8844056,14299404
1790540121,10033604,14299404
1790540123,10066180,14299404
1790540125,8921936,14299404
1790540127,9066088,14299404
1790540129,9896780,14299404
1790540131,10083480,14299404
1790540133,8774420,14299404
1790540135,9460588,14299404
1790540137,10020328,14299404
1790540139,10116912,14299404
1790540141,8711664,14299404
1790540143,8517108,14299404
1790540145,9740092,14299404
1790540147,9777792,14299404
1790540149,9017292,14299404
1790540151,9955640,14299404
1790540153,10130956,14299404
1790540155,9034168,14299404
1790540157,8896712,14299404
1790540159,10086092,14299404
1790540161,10043580,14299404
1790540163,9002252,14299404
1790540165,9235796,14299404
1790540167,9995904,14299404
1790540169,10047728,14299404
1790540171,8776056,14299404
1790540173,9441484,14299404
1790540175,10002532,14299404
1790540177,10011080,14299404
1790540179,8517872,14299404
1790540181,8514660,14299404
1790540183,9710908,14299404
1790540185,9717496,14299404
1790540187,8657988,14299404
1790540189,9894980,14299404
1790540191,10085572,14299404
1790540193,9027944,14299404
1790540195,8858092,14299404
1790540197,10120236,14299404
1790540199,10117060,14299404
1790540201,8757824,14299404
1790540203,9247360,14299404
1790540205,10030268,14299404
1790540207,10105736,14299404
1790540209,8887524,14299404
1790540211,9468548,14299404
1790540213,10036520,14299404
1790540215,10062116,14299404
1790540217,8552896,14299404
1790540219,8564776,14299404
1790540221,9712436,14299404
1790540223,9779096,14299404
1790540225,8958560,14299404
1790540227,10026200,14299404
1790540229,10109300,14299404
1790540231,8960932,14299404
1790540233,8793204,14299404
1790540235,9952652,14299404
1790540237,9994152,14299408
1790540239,8988036,14299408
1790540241,9120688,14299408
1790540244,10017244,14299408
1790540246,10115148,14299408
1790540248,8812452,14299408
1790540250,9372700,14299408
1790540252,10198240,14299408
1790540254,10209356,14299408
1790540256,8562940,14299408
1790540258,8572060,14299408
1790540260,9780560,14299408
1790540262,9848456,14299408
1790540264,9047868,14299408
1790540266,10116772,14299408
1790540268,10181408,14299408
1790540270,9051876,14299408
1790540272,8900196,14299408
1790540274,10042248,14299408
1790540276,10062156,14299408
1790540278,8774228,14299408
1790540280,9205928,14299408
1790540282,9975324,14299408
1790540284,10025096,14299408
1790540286,8820536,14299408
1790540288,9378280,14299408
1790540290,10024568,14299408
1790540292,10085580,14299408
1790540294,8527532,14299408
1790540296,8525328,14299408
1790540298,9740528,14299408
1790540300,9743440,14299408
1790540302,8997540,14299408
1790540304,10056556,14299408
1790540306,10081312,14299408
1790540308,9000548,14299408
1790540310,8868728,14299408
1790540312,10081592,14299408
1790540314,10075672,14299408
1790540316,9051804,14299408
1790540318,9133716,14299408
1790540320,10070568,14299408
1790540322,10156344,14299408
1790540324,8831008,14299408
1790540326,9464052,14299408
1790540328,10031104,14299408
1790540330,10082504,14299408
1790540332,8569824,14299408
1790540334,8569180,14299408
1790540336,9790216,14299408
1790540338,9822000,14299408
1790540340,9093136,14299408
1790540342,10041656,14299408
1790540344,10053272,14299408
1790540346,9003084,14299408
1790540348,8866256,14299408
1790540350,10025712,14299408
1790540352,10037244,14299408
1790540354,8984816,14299408
1790540356,9153228,14299408
1790540358,9993676,14299408
1790540360,10100584,14299408
1790540362,8845660,14299408
1790540364,9405916,14299408
1790540366,9981780,14299408
1790540368,10135972,14299408
1790540370,8508956,14299408
1790540372,8561424,14299408
1790540374,9781436,14299408
1790540376,9796704,14299408
1790540378,8612084,14299408
1790540380,10140420,14299408
1790540382,10192228,14299408
1790540384,9045712,14299408
1790540386,8900168,14299408
1790540388,10039232,14299408
1790540390,10130724,14299408
1790540392,8848384,14299408
1790540394,9266604,14299408
1790540396,10121256,14299408
1790540398,10124412,14299408
1790540400,9041372,14299408
1790540402,9406904,14299408
1790540404,10037604,14299408
1790540406,7608604,14299408
1790540408,7031680,14299408
1790540410,8379892,14299408
1790540412,8366552,14299408
1790540414,8352116,14299408
1790540416,8388492,14299408
1790540418,8272208,14299408
1790540420,8321456,14299408
1790540422,8215312,14299408
1790540424,8233144,14299408
1790540426,9510676,14299408
1790540428,3370064,14299408
1790540430,10298036,14299052
1790540432,8649504,14299052
1790540434,8631296,14299052
1790540436,9296536,14299052
1790540438,10866624,14299052
1790540440,9069984,14299052
1790540442,8488516,14299052
1790540444,10152732,14299052
1790540446,10168596,14299052
1790540448,9103660,14299052
1790540450,9072124,14299052
1790540452,10120268,14299052
1790540454,10196288,14299052
1790540456,8831152,14299052
1790540458,9506532,14299052
1790540460,10136812,14299052
1790540462,10062160,14299052
1790540464,9180208,14299052
1790540466,9440436,14299052
1790540468,9999512,14299052
1790540470,10136872,14299052
1790540472,8538896,14299052
1790540474,8545404,14299052
1790540476,9762020,14299052
1790540478,9033424,14299052
1790540480,8329892,14299052
1790540482,10104436,14299052
1790540484,10188388,14299052
1790540486,8774412,14299052
1790540488,9165740,14299052
1790540490,10009520,14299052
1790540492,10193888,14299052
1790540494,8852212,14299052
1790540496,9515548,14299052
1790540498,10075316,14299052
1790540500,10156252,14299052
1790540502,9765024,14299052
1790540504,10029820,14299052
1790540506,10084600,14299052
1790540508,10188396,14299052
1790540510,8622672,14299052
1790540512,8623084,14299052
1790540514,9824844,14299052
1790540516,9090264,14299052
1790540518,8558616,14299052
1790540520,10153916,14299052
1790540522,10085220,14299052
1790540524,8734512,14299052
1790540526,9432160,14299052
1790540528,10041404,14299052
1790540530,10099916,14299052
1790540532,9163104,14299052
1790540534,10005752,14299052
1790540536,10058660,14299052
1790540538,10119860,14299052
1790540540,9747300,14299052
1790540542,10059172,14299052
1790540544,10062636,14299052
1790540546,10152656,14299052
1790540548,8608504,14299052
1790540550,8600164,14299052
1790540552,9832048,14299052
1790540554,9106796,14299052
1790540556,8635688,14299052
1790540558,10055716,14299052
1790540560,10231752,14299052
1790540562,8723432,14299052
1790540564,9555680,14299052
1790540566,10061216,14299052
1790540568,10207204,14299052
1790540570,9112208,14299052
1790540572,9510860,14299052
1790540574,10100476,14299052
1790540576,10138448,14299052
1790540578,9790568,14299052
1790540580,10073648,14299052
1790540582,10023296,14299052
1790540584,10183004,14299052
1790540586,8550656,14299052
1790540588,8553732,14299052
1790540590,9758064,14299052
1790540592,9030980,14299052
1790540594,8422036,14299052
1790540596,10099240,14299056
1790540598,10162612,14299060
1790540600,8735196,14299060
1790540602,9406604,14299064
1790540604,10005392,14299064
1790540606,10182496,14299064
1790540608,8894548,14299064
1790540610,9467116,14299064
1790540612,10067468,14299064
1790540614,10182420,14299064
1790540616,9690756,14299064
1790540618,9994852,14299064
1790540620,10082800,14299064
1790540622,10200912,14299064
1790540624,8632420,14299064
1790540626,8627636,14299064
1790540628,9829308,14299064
1790540630,9094532,14299064
1790540632,8491688,14299064
1790540634,10062548,14299064
1790540636,10164440,14299064
1790540638,8723996,14299064
1790540640,9513432,14299064
1790540642,10017796,14299064
1790540644,10046700,14299064
1790540646,8746056,14299064
1790540648,9453100,14299064
1790540650,9962564,14299068
1790540652,10058788,14299068
1790540654,9287816,14299068
1790540656,9991908,14299068
1790540658,10047776,14299068
1790540660,10106368,14299068
1790540662,8570604,14299068
1790540664,8556920,14299068
1790540666,9760932,14299068
1790540668,9039200,14299068
1790540670,8414884,14299068
1790540672,10148792,14299068
1790540674,10140004,14299068
1790540676,8870332,14299068
1790540678,9261348,14299068
1790540680,10039644,14299068
1790540682,10111912,14299068
1790540684,8883748,14299068
1790540686,9544484,14299068
1790540688,10086384,14299068
1790540690,10121892,14299068
1790540692,9187756,14299068
1790540694,10092536,14299068
1790540696,10099028,14299068
1790540698,10129156,14299068
1790540700,8707436,14299068
1790540702,8584496,14299068
1790540704,9769224,14299068
1790540706,9071240,14299068
1790540708,8456364,14299068
1790540710,10133728,14299068
1790540712,10134020,14299068
1790540714,8916840,14299068
1790540716,9386244,14299068
1790540718,10045420,14299068
1790540720,10100656,14299068
1790540722,8774284,14299068
1790540724,9517452,14299068
1790540726,10099960,14299068
1790540728,10118480,14299068
1790540730,9774832,14299068
1790540732,10066812,14299068
1790540734,10146540,14299068
1790540736,10183252,14299068
1790540738,8615204,14299068
1790540740,8638600,14299068
1790540742,9804664,14299068
1790540744,9077876,14299068
1790540746,8716680,14299068
1790540748,10148328,14299068
1790540750,10150428,14299068
1790540752,8713300,14299068
1790540754,9447048,14299068
1790540756,10064340,14299068
1790540758,10133888,14299068
1790540760,9208168,14299068
1790540762,9467860,14299068
1790540764,10108208,14299068
1790540766,10151292,14299068
1790540768,9506244,14299068
1790540770,10005492,14299068
1790540772,10029728,14299068
1790540774,10158956,14299068
1790540776,9089508,14299068
1790540778,8965308,14299068
1790540780,9801132,14299068
1790540782,9014312,14299068
1790540784,8504416,14299068
1790540786,10109732,14299068
1790540788,10116840,14299068
1790540790,8763180,14299068
1790540792,9350740,14299068
1790540794,10119712,14299068
1790540796,10169520,14299068
1790540798,8881660,14299068
1790540800,9538992,14299068
1790540802,10058224,14299068
1790540804,10136936,14299068
1790540806,9572964,14299068
1790540808,10136924,14299068
1790540810,10136260,14299068
1790540812,10196876,14299068
1790540814,8761128,14299068
1790540816,9045096,14299068
1790540818,9858000,14299068
1790540820,9135364,14299068
1790540822,8452068,14299068
1790540824,10099548,14299068
1790540826,10096672,14299068
1790540828,8832156,14299068
1790540830,9231120,14299068
1790540832,10029980,14299068
1790540834,10178532,14299068
1790540836,9130676,14299068
1790540838,9408912,14299068
1790540840,10010576,14299068
1790540842,10202756,14299068
1790540844,9667004,14299068
1790540846,10073128,14299068
1790540848,10097804,14299068
1790540850,7547396,14299068
1790540852,7653776,14299068
1790540854,8486792,14299068
1790540856,8571360,14299068
1790540858,8566872,14299068
1790540860,8447184,14299068
1790540862,8428888,14299068
1790540864,8121832,14299068
1790540866,8402868,14299068
1790540868,8628060,14299068
1790540870,9737572,14299068
1790540872,5699452,14299068
1790540874,9140008,14299068
1790540876,8987880,14299068
1790540878,8630812,14299068
1790540880,9836564,14299068
1790540882,10854928,14299068
1790540884,8708816,14299068
1790540886,9072500,14299068
1790540888,10070852,14299068
1790540890,10094316,14299068
1790540892,8846784,14299068
1790540894,9465916,14299068
1790540896,10077448,14299068
1790540898,10139728,14299068
1790540900,9107268,14299068
1790540902,10003228,14299068
1790540904,10020276,14299068
1790540906,10192148,14299068
1790540908,9670060,14299068
1790540910,10073732,14299068
1790540912,10143164,14299068
1790540914,10201564,14299068
1790540916,8632088,14299068
1790540918,8629436,14299068
1790540920,9874696,14299068
1790540922,9100304,14299068
1790540924,8602852,14299068
1790540926,10214456,14299068
1790540928,10214892,14299068
1790540930,8852260,14299068
1790540932,9556148,14299068
1790540934,10100216,14299068
1790540936,10163328,14299068
1790540938,9179100,14299068
1790540940,10159020,14299068
1790540942,10119620,14299068
1790540944,10293836,14299068
1790540946,9840476,14299068
1790540948,10155888,14299068
1790540950,10173500,14299068
1790540952,10171072,14299068
1790540954,8615456,14299068
1790540956,8606624,14299068
1790540958,9793292,14299068
1790540960,9079208,14299068
1790540962,9010972,14299068
1790540965,10165932,14299068
1790540967,10160688,14299068
1790540969,8855516,14299068
1790540971,9508148,14299068
1790540973,10117808,14299068
1790540975,10169344,14299068
1790540977,9130688,14299068
1790540979,10111608,14299068
1790540981,10115588,14299068
1790540983,10177240,14299068
1790540985,9760556,14299068
1790540987,10084032,14299068
1790540989,10091704,14299068
1790540991,10224100,14299068
1790540993,8642676,14299068
1790540995,8664376,14299068
1790540997,9881872,14299068
1790540999,9091552,14299068
1790541001,9039296,14299068
1790541003,10072588,14299068
1790541005,10108148,14299068
1790541007,8765820,14299068
1790541009,9486988,14299068
1790541011,10046336,14299068
1790541013,10100424,14299068
1790541015,9190356,14299068
1790541017,10039860,14299068
1790541019,10048516,14299068
1790541021,10127192,14299068
1790541023,9772676,14299068
1790541025,9984092,14299068
1790541027,10137952,14299068
1790541029,10207652,14299068
1790541031,8584076,14299068
1790541033,8630620,14299068
1790541035,9847628,14299068
1790541037,9122328,14299068
1790541039,8932656,14299068
1790541041,10163752,14299068
1790541043,10181400,14299068
1790541045,8742152,14299068
1790541047,9559660,14299068
1790541049,10128228,14299068
1790541051,10227072,14299068
1790541053,9187072,14299068
1790541055,9526760,14299068
1790541057,10116136,14299068
1790541059,10135404,14299068
1790541061,9641908,14299068
1790541063,9998808,14299068
1790541065,10040760,14299068
1790541067,10203320,14299068
1790541069,8556148,14299068
1790541071,8560540,14299068
1790541073,9774784,14299068
1790541075,9057152,14299068
1790541077,8625520,14299068
1790541079,10024076,14299068
1790541081,10158260,14299068
1790541083,8832676,14299068
1790541085,9459640,14299068
1790541087,10022980,14299068
1790541089,10138880,14299068
1790541091,9077284,14299068
1790541093,10073696,14299068
1790541095,10108488,14299068
1790541097,10156944,14299068
1790541099,9924320,14299068
1790541101,10110772,14299068
1790541103,10166332,14299068
1790541105,10229600,14299068
1790541107,8625028,14299068
1790541109,8634752,14299068
1790541111,9852852,14299068
1790541113,8819260,14299068
1790541115,9198936,14299068
1790541117,10157472,14299068
1790541119,10204052,14299068
1790541121,8925368,14299068
1790541123,9506280,14299068
1790541125,10102444,14299068
1790541127,10115904,14299068
1790541129,9830452,14299068
1790541131,10135520,14299068
1790541133,10134832,14299068
1790541135,10243244,14299068
1790541137,10165304,14299068
1790541139,10133096,14299068
1790541141,10177224,14299068
1790541143,9159888,14299068
1790541145,8677804,14299068
1790541147,8598636,14299068
1790541149,9786920,14299068
1790541151,8569940,14299068
1790541153,9344892,14299068
1790541155,10133728,14299068
1790541157,10194468,14299068
1790541159,9054916,14299068
1790541161,9470576,14299068
1790541163,10210820,14299068
1790541165,10218032,14299068
1790541167,9834284,14299068
1790541169,10062144,14299068
1790541171,10099840,14299068
1790541173,10209096,14299068
1790541175,10164560,14299068
1790541177,10108420,14299068
1790541179,10113928,14299068
1790541181,8958860,14299068
1790541183,8568552,14299068
1790541185,8550500,14299068
1790541187,9777316,14299068
1790541189,8298684,14299068
1790541191,9124112,14299068
1790541193,9981852,14299068
1790541195,10108852,14299068
1790541197,9057512,14299068
1790541199,10033016,14299068
1790541201,10048692,14299068
1790541203,10050452,14299068
1790541205,9903548,14299068
1790541207,10039924,14299068
1790541209,10045588,14299068
1790541211,10151524,14299068
1790541213,10236952,14299068
1790541215,10059836,14299068
1790541217,10162148,14299068
1790541219,8925904,14299068
1790541221,9104772,14299068
1790541223,8644992,14299068
1790541225,9843372,14299068
1790541227,8587020,14299068
1790541229,9212464,14299068
1790541231,10115644,14299068
1790541233,10205604,14299068
1790541235,9541356,14299068
1790541237,10078668,14299068
1790541239,10140100,14299068
1790541241,10255840,14299068
1790541243,9936968,14299068
1790541245,10213852,14299068
1790541247,10270300,14299068
1790541249,10307844,14299068
1790541251,10405080,14299068
1790541253,10211836,14299068
1790541255,10292864,14299068
1790541257,7625592,14299068
1790541259,8259432,14299068
1790541261,8638524,14299068
1790541263,8522308,14299068
1790541265,8451596,14299068
1790541267,8426748,14299068
1790541269,8412332,14299068
1790541271,8449100,14299068
1790541273,8298020,14299068
1790541275,8728596,14299068
1790541277,9824140,14299068
1790541279,9381444,14299068
1790541281,8714360,14299068
1790541283,9814380,14299068
1790541285,8607584,14299068
1790541287,10762724,14299068
1790541289,10836892,14299068
1790541291,9084304,14299068
1790541293,9322332,14299068
1790541295,10161460,14299068
1790541297,10161096,14299068
1790541299,9159140,14299068
1790541301,10118816,14299068
1790541303,10029488,14299068
1790541305,10083172,14299068
1790541307,9868512,14299068
1790541309,9929216,14299068
1790541311,10000356,14299072
1790541313,10149840,14299072
1790541315,10157940,14299072
1790541317,10014368,14299072
1790541319,10048656,14299072
1790541321,8929432,14299072
1790541323,9597616,14299072
1790541325,8550680,14299072
1790541327,9736528,14299072
1790541329,8380268,14299072
1790541331,9086188,14299072
1790541333,10087060,14299072
1790541335,10080792,14299072
1790541337,9547616,14299072
1790541339,10075076,14299072
1790541341,10073748,14299072
1790541343,10081576,14299072
1790541345,10115992,14299072
1790541347,10082140,14299072
1790541349,10072612,14299072
1790541351,10152800,14299072
1790541353,9086192,14299072
1790541355,10061220,14299072
1790541357,10110400,14299072
1790541359,9184812,14299072
1790541361,9766312,14299072
1790541363,8563604,14299072
1790541365,9790616,14299072
1790541367,8859668,14299072
1790541369,10048292,14299072
1790541371,10049964,14299072
1790541373,10080756,14299072
1790541375,9678904,14299072
1790541377,10008608,14299072
1790541379,10015468,14299072
1790541381,10155432,14299072
1790541383,10251472,14299072
1790541385,10012368,14299072
1790541387,10012548,14299072
1790541389,10122840,14299072
1790541391,9079636,14299072
1790541393,10038324,14299072
1790541395,10057384,14299072
1790541397,9185440,14299072
1790541399,9810176,14299072
1790541401,8608784,14299072
1790541403,9844344,14299072
1790541405,8754160,14299072
1790541407,10068056,14299072
1790541409,10130540,14299072
1790541411,10137892,14299072
1790541413,9905356,14299072
1790541415,10066360,14299072
1790541417,10070584,14299072
1790541419,10145908,14299072
1790541421,9026160,14299072
1790541423,9976364,14299072
1790541425,9996128,14299072
1790541427,10090628,14299072
1790541429,9027708,14299072
1790541431,9969872,14299072
1790541433,10024784,14299072
1790541435,8594876,14299072
1790541437,9736116,14299072
1790541439,8520504,14299072
1790541441,9793372,14299072
1790541443,9387124,14299072
1790541445,10013272,14299072
1790541447,10032528,14299072
1790541449,10124928,14299072
1790541451,9975512,14299072
1790541453,10017920,14299072
1790541455,10111936,14299072
1790541457,10150296,14299072
1790541459,9278912,14299072
1790541461,10023080,14299072
1790541463,10053800,14299072
1790541465,10182144,14299072
1790541467,9083252,14299072
1790541469,10060600,14299072
1790541471,10112148,14299072
1790541473,9069120,14299072
1790541475,9803300,14299072
1790541477,8886580,14299072
1790541479,9774428,14299072
1790541481,9386080,14299072
1790541483,10025352,14299072
1790541485,10095572,14299072
1790541487,10096320,14299072
1790541489,10053944,14299072
1790541491,9950820,14299072
1790541493,9991184,14299072
1790541495,10076740,14299072
1790541497,8999844,14299072
1790541499,10001436,14299072
1790541501,10030884,14299072
1790541503,10152544,14299072
1790541505,8908348,14299072
1790541507,10051884,14299072
1790541509,10069172,14299072
1790541511,8656784,14299072
1790541513,9029540,14299072
1790541515,8945220,14299072
1790541517,9824064,14299072
1790541519,9661184,14299072
1790541521,10150896,14299072
1790541523,10162476,14299072
1790541525,10156476,14299072
1790541527,9613824,14299072
1790541529,10072160,14299072
1790541531,10176640,14299072
1790541533,10257452,14299072
1790541535,9063808,14299072
1790541537,10041976,14299072
1790541539,10062100,14299072
1790541541,9012664,14299072
1790541543,8854852,14299072
1790541545,10005880,14299072
1790541547,10088980,14299072
1790541549,8576176,14299072
1790541551,8632136,14299072
1790541553,9740468,14299072
1790541555,9857312,14299072
1790541557,9814792,14299072
1790541559,10081764,14299072
1790541561,10140596,14299072
1790541563,10133204,14299072
1790541565,9063376,14299072
1790541567,9996832,14299072
1790541569,10042604,14299072
1790541571,10204084,14299072
1790541573,9080764,14299072
1790541575,10085560,14299072
1790541577,10100680,14299072
1790541579,9051056,14299072
1790541581,8870324,14299072
1790541583,10034216,14299072
1790541585,10122656,14299072
1790541587,8584828,14299072
1790541589,8590440,14299072
1790541591,9799200,14299072
1790541593,9901668,14299072
1790541595,10001824,14299072
1790541597,10178308,14299072
1790541599,10172504,14299072
1790541601,10104732,14299072
1790541603,9022888,14299072
1790541605,9952860,14299072
1790541607,10048996,14299072
1790541609,10174580,14299072
1790541611,8721412,14299072
1790541613,9979596,14299072
1790541615,10045324,14299072
1790541617,9008016,14299072
1790541619,8850924,14299072
1790541621,10023324,14299072
1790541623,10043340,14299072
1790541625,8550188,14299072
1790541627,8534436,14299072
1790541629,9755796,14299072
1790541631,9884568,14299072
1790541633,9974680,14299072
1790541635,10114908,14299072
1790541637,10096684,14299072
1790541639,10114024,14299072
1790541641,9051136,14299072
1790541643,9912120,14299072
1790541645,10138648,14299072
1790541647,10215148,14299072
1790541649,8987104,14299072
1790541651,10039892,14299072
1790541653,10126312,14299072
1790541655,9089084,14299072
1790541657,8864376,14299072
1790541659,10060268,14299072
1790541661,10052796,14299072
1790541663,8512796,14299072
1790541665,8510132,14299072
1790541667,9759780,14299072
1790541669,9822632,14299072
1790541671,9997772,14299072
1790541673,10049444,14299072
1790541675,10054256,14299072
1790541677,10053640,14299072
1790541680,8996392,14299072
1790541682,9984312,14299072
1790541684,10102272,14299072
1790541686,10231932,14299072
1790541688,8851752,14299072
1790541690,9990560,14299072
1790541692,10133856,14299072
1790541694,9056380,14299072
1790541696,9007352,14299072
1790541698,10106952,14299072
1790541700,10136504,14299072
1790541702,7115564,14299072
1790541704,8779796,14299072
1790541706,8470920,14299072
1790541708,8571760,14299072
1790541710,8409296,14299072
1790541712,8442084,14299072
1790541714,8192512,14299072
1790541716,8402896,14299072
1790541718,8485248,14299072
1790541720,9599564,14299072
1790541722,5229684,14299072
1790541724,10312540,14299072
1790541726,8632700,14299072
1790541728,8551392,14299072
1790541730,9788804,14299072
1790541732,10794788,14299072
1790541734,10311680,14299072
1790541736,9018208,14299072
1790541738,10051236,14299072
1790541740,10080848,14299072
1790541742,10113924,14299072
1790541744,8769964,14299072
1790541746,9994988,14299072
1790541748,10113432,14299072
1790541750,9046628,14299072
1790541752,8942244,14299072
1790541754,10083184,14299072
1790541756,10251812,14299072
1790541758,8876752,14299072
1790541760,9321248,14299072
1790541762,10095504,14299072
1790541764,10198760,14299072
1790541766,8615652,14299072
1790541768,8634520,14299072
1790541770,9819108,14299072
1790541772,9828500,14299072
1790541774,9086892,14299072
1790541776,10093840,14299072
1790541778,10192308,14299072
1790541780,9159640,14299072
1790541782,8915088,14299072
1790541784,10047176,14299072
1790541786,10111216,14299072
1790541788,9067432,14299072
1790541790,9179700,14299072
1790541792,10065216,14299072
1790541794,10109612,14299072
1790541796,8659832,14299072
1790541798,9433104,14299072
1790541800,10073932,14299072
1790541802,10099192,14299072
1790541804,8598116,14299072
1790541806,8591784,14299072
1790541808,9799672,14299072
1790541810,9870976,14299072
1790541812,9078116,14299072
1790541814,10116204,14299072
1790541816,10164156,14299072
1790541818,9100164,14299072
1790541820,8942076,14299072
1790541822,10090152,14299072
1790541824,10182652,14299072
1790541826,8907032,14299072
1790541828,9193156,14299072
1790541830,10140192,14299072
1790541832,10192276,14299072
1790541834,8805728,14299072
1790541836,9498828,14299072
1790541838,10104348,14299072
1790541840,10293636,14299072
1790541842,8558496,14299072
1790541844,8558824,14299072
1790541846,9812552,14299072
1790541848,9839272,14299072
1790541850,9029188,14299072
1790541852,10105440,14299072
1790541854,10111740,14299072
1790541856,10113440,14299072
1790541858,8922648,14299072
1790541860,10057360,14299072
1790541862,10096600,14299072
1790541864,9028220,14299072
1790541866,9199856,14299072
1790541868,10002516,14299072
1790541870,10136552,14299072
1790541872,8915880,14299072
1790541874,9454768,14299072
1790541876,10129208,14299072
1790541878,10183780,14299072
1790541880,8622664,14299072
1790541882,8607724,14299072
1790541884,9900268,14299072
1790541886,9932592,14299072
1790541888,9095864,14299072
1790541890,10123668,14299072
1790541892,10168764,14299072
1790541894,9105652,14299072
1790541896,8996200,14299072
1790541898,10155384,14299072
1790541900,10284124,14299072
1790541902,9040164,14299072
1790541904,9154256,14299072
1790541906,10019996,14299072
1790541908,10087828,14299072
1790541910,8664292,14299072
1790541912,9510560,14299072
1790541914,10094988,14299072
1790541916,10105596,14299072
1790541918,8567156,14299072
1790541920,8561224,14299072
1790541922,9813580,14299072
1790541924,9932932,14299072
1790541926,9049880,14299072
1790541928,10104052,14299072
1790541930,10100776,14299072
1790541932,9104432,14299072
1790541934,9013628,14299072
1790541936,10166692,14299072
1790541938,10202484,14299072
1790541940,8942380,14299072
1790541942,9224004,14299072
1790541944,10116416,14299096
1790541946,10215544,14299096
1790541948,8861592,14299096
1790541950,9582868,14299096
1790541952,10169304,14299096
1790541954,10169876,14299096
1790541956,8627200,14299096
1790541958,8634248,14299096
1790541960,9903680,14299096
1790541962,9946244,14299096
1790541964,8814212,14299096
1790541966,10078804,14299096
1790541968,10179272,14299096
1790541970,9071212,14299096
1790541972,8938248,14299096
1790541974,10049920,14299096
1790541976,10172608,14299096
1790541978,8904184,14299096
1790541980,9304316,14299096
1790541982,10073196,14299096
1790541984,10150060,14299096
1790541986,8728664,14299096
1790541988,9556084,14299096
1790541990,10115628,14299096
1790541992,10138488,14299096
1790541994,8626464,14299096
1790541996,8638684,14299096
1790541998,9914292,14299096
1790542000,9910052,14299096
1790542002,8664000,14299096
1790542004,10117392,14299096
1790542006,10132560,14299096
1790542008,9111548,14299096
1790542010,8980996,14299096
1790542012,10139432,14299096
1790542014,10169616,14299096
1790542016,8916552,14299096
1790542018,9326600,14299096
1790542020,10226260,14299096
1790542022,10211536,14299096
1790542024,8701396,14299096
1790542026,9527900,14299096
1790542028,10114848,14299096
1790542030,10180440,14299100
1790542032,8609044,14299100
1790542034,8619928,14299100
1790542036,9796076,14299100
1790542038,9950724,14299100
1790542040,8588548,14299100
1790542042,10170912,14299100
1790542044,10159272,14299100
1790542046,9068908,14299100
1790542048,8989204,14299100
1790542050,10060176,14299100
1790542052,10163384,14299100
1790542054,8880344,14299100
1790542056,9355576,14299100
1790542058,10097992,14299100
1790542060,10119304,14299100
1790542062,8734756,14299100
1790542064,9584624,14299100
1790542066,10178076,14299100
1790542068,10175828,14299100
1790542070,8628840,14299100
1790542072,8612596,14299100
1790542074,9828424,14299100
1790542076,9955384,14299100
1790542078,8376056,14299100
1790542080,10273124,14299100
1790542082,10144896,14299100
1790542084,9058800,14299100
1790542086,9244672,14299100
1790542088,10123404,14299100
1790542090,10119860,14299100
1790542092,8751620,14299100
1790542094,9558904,14299100
1790542096,10070992,14299100
1790542098,10108680,14299100
1790542100,9173260,14299100
1790542102,10097728,14299100
1790542104,10083092,14299100
1790542106,10133220,14299100
1790542108,8589264,14299100
1790542110,8712532,14299100
1790542112,9905132,14299100
1790542114,9090236,14299100
1790542116,8502376,14299100
1790542118,10193944,14299100
1790542120,10196516,14299100
1790542122,8919964,14299100
1790542124,9328816,14299100
1790542126,10150248,14299100
1790542128,10176544,14299100
1790542130,8796252,14299100
1790542132,9572824,14299100
1790542134,10198464,14299100
1790542136,10258868,14299100
1790542138,9720008,14299100
1790542140,10184196,14299100
1790542142,10064820,14299100
1790542144,7393232,14299100
1790542146,7107888,14299100
1790542148,8440800,14299100
1790542150,8468852,14299100
1790542152,8209620,14299100
1790542154,8182236,14299100
1790542156,8209180,14299100
1790542158,8193648,14299100
1790542160,8203356,14299100
1790542162,8361960,14299100
1790542164,9401904,14299100
1790542166,5953916,14299100
1790542168,9323712,14299100
1790542170,8661460,14299100
1790542172,8970960,14299100
1790542174,9631776,14299100
1790542176,10941884,14299100
1790542178,9142612,14299100
1790542180,9074968,14299116
1790542182,10197904,14299116
1790542184,10186516,14299116
1790542186,8875128,14299116
1790542188,9555240,14299116
1790542190,10188348,14299116
1790542192,10315128,14299116
1790542194,9294888,14299116
1790542196,10084212,14299116
1790542198,10116444,14299116
1790542200,10241488,14299116
1790542202,9827880,14299116
1790542204,10011984,14299116
1790542206,10021380,14299116
1790542208,10212644,14299116
1790542210,9038792,14299116
1790542212,8990808,14299116
1790542214,9774580,14299116
1790542216,9056424,14299116
1790542218,9103764,14299116
1790542220,10120104,14299116
1790542222,10138380,14299116
1790542224,8775848,14299116
1790542226,9514572,14299116
1790542228,10042156,14299116
1790542230,10137184,14299116
1790542232,9068176,14299116
1790542234,10144216,14299116
1790542236,10149372,14299116
1790542238,10165264,14299116
1790542240,10001400,14299116
1790542242,10073756,14299116
1790542244,10128524,14299116
1790542246,9538320,14299116
1790542248,8710932,14299116
1790542250,8905720,14299116
1790542252,9827972,14299116
1790542254,8953276,14299116
1790542256,9244184,14299116
1790542258,10122872,14299116
1790542260,10257688,14299116
1790542262,8946288,14299116
1790542264,9514968,14299116
1790542266,10087636,14299116
1790542268,10274780,14299116
1790542270,9264264,14299116
1790542272,10096572,14299116
1790542274,10104620,14299116
1790542276,10110116,14299116
1790542278,10053884,14299116
1790542280,10022784,14299116
1790542282,10100552,14299116
1790542284,9102264,14299116
1790542286,8620376,14299116
1790542288,8783380,14299116
1790542290,9823156,14299116
1790542292,8814808,14299116
1790542294,9253620,14299116
1790542296,10179748,14299116
1790542298,10248064,14299116
1790542300,9097724,14299116
1790542302,10090228,14299116
1790542304,10084336,14299116
1790542306,10184616,14299116
1790542308,9943792,14299116
1790542310,10077912,14299120
1790542312,10081064,14299120
1790542314,10177104,14299120
1790542316,10346184,14299120
1790542318,10054284,14299120
1790542320,10188164,14299120
1790542322,9168416,14299120
1790542324,9065832,14299120
1790542326,8583076,14299120
1790542328,9795668,14299120
1790542330,8842092,14299120
1790542332,9224620,14299120
1790542334,10039564,14299120
1790542336,10123928,14299120
1790542338,9087348,14299120
1790542340,10038280,14299120
1790542342,10061652,14299120
1790542344,10186140,14299120
1790542346,9899408,14299120
1790542348,10043068,14299120
1790542350,10044212,14299120
1790542352,10204780,14299120
1790542354,10307564,14299120
1790542356,10107328,14299120
1790542358,10115512,14299120
1790542360,9157320,14299120
1790542362,8628752,14299120
1790542364,8637676,14299120
1790542366,9845828,14299120
1790542368,9024636,14299120
1790542370,9384784,14299120
1790542372,10190048,14299120
1790542374,10189456,14299120
1790542376,9138924,14299120
1790542378,10114876,14299120
1790542380,10194460,14299120
1790542382,10163188,14299120
1790542384,9886056,14299120
1790542386,10089828,14299120
1790542388,10065976,14299120
1790542390,10162708,14299124
1790542392,10319668,14299124
1790542394,10005688,14299124
1790542396,10184404,14299124
1790542398,9169716,14299124
1790542400,8910656,14299124
1790542403,8616280,14299124
1790542405,9813576,14299124
1790542407,8935436,14299124
1790542409,9301948,14299124
1790542411,10121700,14299124
1790542413,10209676,14299124
1790542415,9173528,14299124
1790542417,10125948,14299124
1790542419,10157752,14299124
1790542421,10285312,14299124
1790542423,10020972,14299124
1790542425,10138952,14299124
1790542427,10137600,14299124
1790542429,10156796,14299124
1790542431,10340152,14299124
1790542433,10108600,14299124
1790542435,10192628,14299124
1790542437,8984876,14299124
1790542439,9091996,14299124
1790542441,8721528,14299124
1790542443,9810712,14299124
1790542445,8973136,14299124
1790542447,9364840,14299124
1790542449,10145768,14299124
1790542451,10138128,14299124
1790542453,9093004,14299124
1790542455,9452232,14299140
1790542457,10036436,14299140
1790542459,10103700,14299140
1790542461,9885688,14299140
1790542463,10027444,14299144
1790542465,10061004,14299144
1790542467,10146940,14299144
1790542469,10157836,14299144
1790542471,10113444,14299144
1790542473,10157092,14299144
1790542475,8714356,14299144
1790542477,8643324,14299144
1790542479,8653604,14299144
1790542481,9964604,14299144
1790542483,8912168,14299144
1790542485,9389168,14299144
1790542487,10198856,14299144
1790542489,10189280,14299144
1790542491,9153852,14299144
1790542493,10029704,14299144
1790542495,10095716,14299144
1790542497,10212640,14299144
1790542499,9775312,14299144
1790542501,10151192,14299144
1790542503,10106696,14299144
1790542505,10263100,14299144
1790542507,10065424,14299144
1790542509,10012564,14299144
1790542511,10038760,14299144
1790542513,9445772,14299144
1790542515,8616520,14299144
1790542517,8593828,14299144
1790542519,9819128,14299144
1790542521,8752352,14299144
1790542523,9073800,14299144
1790542525,10097732,14299144
1790542527,10206080,14299144
1790542529,9134276,14299144
1790542531,9405600,14299144
1790542533,10185804,14299144
1790542535,10213800,14299144
1790542537,9627548,14299144
1790542539,10066664,14299144
1790542541,10072984,14299144
1790542543,10185496,14299144
1790542545,10046316,14299144
1790542547,10026628,14299144
1790542549,10066976,14299144
1790542551,8616324,14299144
1790542553,8627064,14299144
1790542555,8618724,14299144
1790542557,9843124,14299144
1790542559,8634300,14299144
1790542561,9206572,14299144
1790542563,10056132,14299144
1790542565,10094360,14299144
1790542567,9116048,14299144
1790542569,9490564,14299144
1790542571,10064860,14299144
1790542573,10198520,14299144
1790542575,9734696,14299144
1790542577,10053876,14299144
1790542579,10067684,14299144
1790542581,10200052,14299144
1790542583,10235604,14299144
1790542585,10125336,14299144
1790542587,10120168,14299144
1790542589,7422436,14299144
1790542591,8176780,14299144
1790542593,8548552,14299144
1790542595,8623736,14299144
1790542597,8375656,14299144
1790542599,8374672,14299144
1790542601,8367712,14299144
1790542603,8416460,14299144
1790542605,8284216,14299144
1790542607,8844236,14299144
1790542609,9823304,14299144
1790542611,9394756,14299144
1790542613,8874876,14299144
1790542615,9811328,14299144
1790542617,8608632,14299144
1790542619,10828476,14299144
1790542621,11023212,14299144
1790542623,8639456,14299144
1790542625,9462272,14299144
1790542627,10148380,14299144
1790542629,10133608,14299144
1790542631,9441720,14299144
1790542633,10065904,14299144
1790542635,10053664,14299144
1790542637,10171520,14299144
1790542639,9848812,14299144
1790542641,10060608,14299144
1790542643,10060028,14299144
1790542645,10215500,14299144
1790542647,9075812,14299144
1790542649,10105232,14299144
1790542651,10097860,14299144
1790542653,9195304,14299144
1790542655,9806540,14299144
1790542657,8597980,14299144
1790542659,9779876,14299144
1790542661,9172776,14299144
1790542663,10163316,14299144
1790542665,10174216,14299144
1790542667,10162616,14299144
1790542669,9627324,14299144
1790542671,10092196,14299144
1790542673,10087944,14299144
1790542675,10145816,14299144
1790542677,10126824,14299144
1790542679,10066360,14299144
1790542681,10209360,14299144
1790542683,10202412,14299144
1790542685,9214228,14299144
1790542687,10240916,14299144
1790542689,10258948,14299144
1790542691,9087112,14299144
1790542693,9949224,14299144
1790542695,8726976,14299144
1790542697,9990696,14299144
1790542699,9245124,14299144
1790542701,10198884,14299144
1790542703,10254512,14299144
1790542705,10272016,14299144
1790542707,9996940,14299144
1790542709,10234436,14299144
1790542711,10240248,14299144
1790542713,10137272,14299144
1790542715,10249292,14299144
1790542717,10100532,14299144
1790542719,10114104,14299144
1790542721,10236544,14299144
1790542723,9100384,14299144
1790542725,10106552,14299144
1790542727,10146632,14299144
1790542729,8647456,14299144
1790542731,9825428,14299144
1790542733,8607088,14299144
1790542735,9823724,14299144
1790542737,9519548,14299144
1790542739,10114216,14299144
1790542741,10213204,14299144
1790542743,10161728,14299144
1790542745,9932552,14299144
1790542747,10104196,14299144
1790542749,10099144,14299144
1790542751,10128592,14299144
1790542753,9066880,14299144
1790542755,10034324,14299144
1790542757,10032468,14299144
1790542759,10208516,14299144
1790542761,9031916,14299144
1790542763,10073064,14299144
1790542765,10102008,14299144
1790542767,8580720,14299144
1790542769,9376220,14299144
1790542771,8902828,14299144
1790542773,9839712,14299144
1790542775,9811208,14299144
1790542777,10041764,14299144
1790542779,10123760,14299144
1790542781,10179284,14299144
1790542783,9106756,14299144
1790542785,10090460,14299144
1790542787,10096296,14299144
1790542789,10209676,14299144
1790542791,8967084,14299144
1790542793,10142560,14299144
1790542795,10147772,14299144
1790542797,9099668,14299144
1790542799,8961396,14299144
1790542801,10037280,14299144
1790542803,10070848,14299144
1790542805,8574180,14299144
1790542807,8573280,14299144
1790542809,9793672,14299144
1790542811,9793420,14299144
1790542813,10045576,14299144
1790542815,9959396,14299144
1790542817,10073552,14299144
1790542819,10175528,14299144
1790542821,9068008,14299144
1790542823,10053164,14299144
1790542825,10066796,14299144
1790542827,10170752,14299144
1790542829,8936840,14299144
1790542831,10111448,14299144
1790542833,10131756,14299144
1790542835,9105388,14299144
1790542837,8954840,14299144
1790542839,10056084,14299144
1790542841,10133748,14299144
1790542843,8587120,14299144
1790542845,8570268,14299144
1790542847,9789684,14299144
1790542849,9792548,14299144
1790542851,10004264,14299144
1790542853,10097016,14299144
1790542855,10148760,14299144
1790542857,10156336,14299144
1790542859,9079692,14299144
1790542861,10019532,14299144
1790542863,10044480,14299144
1790542865,10188536,14299144
1790542867,8828076,14299144
1790542869,10068320,14299144
1790542871,10114236,14299144
1790542873,9051136,14299144
1790542875,8899316,14299144
1790542877,10007244,14299144
1790542879,10009456,14299144
1790542881,8852436,14299144
1790542883,8705900,14299144
1790542885,9766812,14299144
1790542887,9809540,14299144
1790542889,9981080,14299144
1790542891,10153828,14299144
1790542893,10159520,14299144
1790542895,10161024,14299144
1790542897,9072988,14299144
1790542899,10052308,14299144
1790542901,10069324,14299144
1790542903,10235020,14299144
1790542905,8865756,14299144
1790542907,10104124,14299144
1790542909,10120960,14299144
1790542911,9079084,14299144
1790542913,8948328,14299144
1790542915,10103164,14299144
1790542917,10160756,14299144
1790542919,7123988,14299144
1790542921,8782292,14299144
1790542923,8370440,14299144
1790542925,8265820,14299144
1790542927,8321832,14299144
1790542929,8278452,14299144
1790542931,8120084,14299144
1790542933,8445664,14299144
1790542935,8303412,14299164
1790542937,9560652,14299164
1790542939,5930276,14299168
1790542941,10335316,14299168
1790542943,8661364,14299168
1790542945,8813800,14299168
1790542947,9884748,14299168
1790542949,10772712,14299168
1790542951,10404672,14299168
1790542953,9088508,14299168
1790542955,10139252,14299168
1790542957,10184024,14299168
1790542959,10233356,14299168
1790542961,9115980,14299168
1790542963,10113068,14299168
1790542965,10200840,14299168
1790542967,9097784,14299168
1790542969,8954744,14299168
1790542971,10093832,14299168
1790542973,10213980,14299168
1790542975,8934600,14299168
1790542977,9276648,14299168
1790542979,10101968,14299168
1790542981,10068256,14299168
1790542983,8565036,14299168
1790542985,8572472,14299168
1790542987,9789636,14299168
1790542989,9833984,14299168
1790542991,9036540,14299168
1790542993,10040844,14299168
1790542995,10141204,14299168
1790542997,10171040,14299168
1790542999,8835640,14299168
1790543001,9998700,14299168
1790543003,10054704,14299168
1790543005,9043148,14299168
1790543007,9188824,14299168
1790543009,10020444,14299168
1790543011,10103816,14299168
1790543013,8807284,14299168
1790543015,9490816,14299168
1790543017,10090004,14299168
1790543019,10147224,14299168
1790543021,8673316,14299168
1790543023,8645852,14299168
1790543025,9845812,14299168
1790543027,9913552,14299168
1790543029,9112712,14299168
1790543031,10174252,14299168
1790543033,10187468,14299168
1790543035,9131656,14299168
1790543037,8979672,14299168
1790543039,10155872,14299168
1790543041,10143232,14299168
1790543043,9155728,14299168
1790543045,9385492,14299168
1790543047,10200220,14299168
1790543049,10361416,14299168
1790543051,9085108,14299168
1790543053,9635796,14299168
1790543055,10302152,14299168
1790543057,10368860,14299168
1790543059,8759648,14299168
1790543061,8748896,14299168
1790543063,9963416,14299168
1790543065,9976644,14299168
1790543067,8659600,14299168
1790543069,10161016,14299168
1790543071,10185816,14299168
1790543073,9113980,14299168
1790543075,8871640,14299168
1790543077,10157200,14299168
1790543079,10190272,14299168
1790543081,9064056,14299168
1790543083,9304420,14299168
1790543085,10059228,14299168
1790543087,10197204,14299168
1790543089,8857548,14299168
1790543091,9523688,14299168
1790543093,10067752,14299168
1790543095,10156000,14299168
1790543097,8631628,14299168
1790543099,8633524,14299168
1790543101,9769816,14299168
1790543103,9804840,14299168
1790543105,9006976,14299168
1790543107,9989096,14299168
1790543109,10083488,14299168
1790543111,9025208,14299168
1790543114,8858968,14299168
1790543116,10011332,14299168
1790543118,10049288,14299168
1790543120,8923244,14299168
1790543122,9149808,14299168
1790543124,10009740,14299168
1790543126,10042068,14299168
1790543128,8897844,14299168
1790543130,9451152,14299168
1790543132,10144872,14299168
1790543134,10201952,14299168
1790543136,8637952,14299168
1790543138,8643088,14299168
1790543140,9829884,14299168
1790543142,9907756,14299168
1790543144,8968308,14299168
1790543146,10163944,14299168
1790543148,10165620,14299168
1790543150,9083604,14299168
1790543152,8941812,14299168
1790543154,10094668,14299168
1790543156,10193876,14299168
1790543158,9052120,14299168
1790543160,9354528,14299168
1790543162,10005960,14299168
1790543164,10079640,14299168
1790543166,8906968,14299168
1790543168,9421772,14299168
1790543170,9993868,14299168
1790543172,10135580,14299168
1790543174,8591884,14299168
1790543176,8585256,14299168
1790543178,9796080,14299168
1790543180,9851888,14299168
1790543182,8878976,14299168
1790543184,10084868,14299168
1790543186,10126296,14299168
1790543188,9056792,14299168
1790543190,8901676,14299168
1790543192,10121888,14299168
1790543194,10139388,14299168
1790543196,9118564,14299168
1790543198,9240312,14299168
1790543200,10123212,14299168
1790543202,10152744,14299168
1790543204,9023484,14299168
1790543206,9479020,14299168
1790543208,10073796,14299168
1790543210,10171844,14299168
1790543212,8638832,14299168
1790543214,8624436,14299168
1790543216,9841108,14299168
1790543218,9840928,14299168
1790543220,8795632,14299168
1790543222,10030772,14299168
1790543224,10147384,14299172
1790543226,9032864,14299172
1790543228,8894948,14299172
1790543230,10044504,14299172
1790543232,10118456,14299172
1790543234,8926872,14299172
1790543236,9386600,14299172
1790543238,10074072,14299172
1790543240,10120004,14299172
1790543242,8950892,14299172
1790543244,9424632,14299172
1790543246,10029632,14299172
1790543248,10086168,14299172
1790543250,8574644,14299172
1790543252,8645148,14299172
1790543254,9826928,14299172
1790543256,9929988,14299172
1790543258,8505768,14299172
1790543260,10082212,14299172
1790543262,10197952,14299172
1790543264,9123036,14299172
1790543266,9241396,14299172
1790543268,10135144,14299172
1790543270,10210580,14299172
1790543272,8880608,14299172
1790543274,9489184,14299172
1790543276,10139508,14299172
1790543278,10197064,14299172
1790543280,9273104,14299172
1790543282,9459356,14299172
1790543284,10063196,14299172
1790543286,10131660,14299172
1790543288,8586992,14299172
1790543290,8583312,14299172
1790543292,9785596,14299172
1790543294,9049860,14299172
1790543296,8368568,14299172
1790543298,9994856,14299172
1790543300,10087800,14299172
1790543302,9032568,14299172
1790543304,9211596,14299172
1790543306,10034468,14299172
1790543308,10110616,14299172
1790543310,8816396,14299172
1790543312,9476888,14299172
1790543314,10047440,14299172
1790543316,10140984,14299172
1790543318,9092528,14299172
1790543320,9468508,14299172
1790543322,10070956,14299172
1790543324,10151116,14299172
1790543326,8639196,14299172
1790543328,8649204,14299172
1790543330,9844012,14299172
1790543332,10073196,14299172
1790543334,8624324,14299172
1790543336,10126536,14299172
1790543338,10214932,14299172
1790543340,9170568,14299172
1790543342,9180024,14299172
1790543344,10043504,14299172
1790543346,10134452,14299172
1790543348,8734852,14299172
1790543350,9372552,14299172
1790543352,10026692,14299172
1790543354,10061212,14299172
1790543356,8887204,14299172
1790543358,9447812,14299172
1790543360,10006708,14299172
1790543362,7626600,14299172
1790543364,7106576,14299172
1790543366,8454448,14299172
1790543368,8442176,14299172
1790543370,8490724,14299172
1790543372,8279740,14299172
1790543374,8309340,14299172
1790543376,8413072,14299172
1790543378,8332120,14299172
1790543380,8533712,14299172
1790543382,9544208,14299172
1790543384,3475036,14299172
1790543386,10420788,14299172
1790543388,8716220,14299172
1790543390,8796236,14299172
1790543392,9458108,14299172
1790543394,11038008,14299172
1790543396,9242744,14299172
1790543398,8838332,14299172
1790543400,10296516,14299172
1790543402,10185892,14299172
1790543404,9076864,14299172
1790543406,8898796,14299172
1790543408,10073068,14299172
1790543410,10100144,14299172
1790543412,8733116,14299172
1790543414,9547884,14299172
1790543416,10089520,14299172
1790543418,10138224,14299172
1790543420,9148092,14299172
1790543422,9508628,14299172
1790543424,10070024,14299172
1790543426,10131896,14299172
1790543428,8613016,14299172
1790543430,8612588,14299172
1790543432,9858344,14299172
1790543434,9115024,14299172
1790543436,8445732,14299172
1790543438,10206796,14299172
1790543440,10227356,14299172
1790543442,8896652,14299172
1790543444,9364972,14299172
1790543446,10154264,14299172
1790543448,10154588,14299172
1790543450,8800212,14299172
1790543452,9565844,14299172
1790543454,10143116,14299172
1790543456,10152564,14299172
1790543458,9582648,14299172
1790543460,10135428,14299172
1790543462,10017308,14299172
1790543464,10113304,14299172
1790543466,8559988,14299172
1790543468,8554212,14299172
1790543470,9760056,14299172
1790543472,9024072,14299172
1790543474,8382920,14299172
1790543476,10139620,14299172
1790543478,10145908,14299172
1790543480,8935504,14299172
1790543482,9233512,14299172
1790543484,10048676,14299172
1790543486,10102884,14299172
1790543488,8721620,14299172
1790543490,9515528,14299172
1790543492,10138792,14299172
1790543494,10183236,14299172
1790543496,9651608,14299172
1790543498,10067552,14299172
1790543500,10069336,14299172
1790543502,10183604,14299172
1790543504,8620852,14299172
1790543506,8627228,14299172
1790543508,9844176,14299172
1790543510,9101396,14299172
1790543512,8553596,14299172
1790543514,10091180,14299172
1790543516,10182516,14299172
1790543518,8839116,14299172
1790543520,9492640,14299172
1790543522,10093252,14299172
1790543524,10124304,14299172
1790543526,8682232,14299172
1790543528,9515720,14299172
1790543530,10120240,14299172
1790543532,10118716,14299172
1790543534,9576084,14299172
1790543536,10012672,14299172
1790543538,10032488,14299172
1790543540,10134896,14299172
1790543542,8601808,14299172
1790543544,8575396,14299172
1790543546,9789424,14299172
1790543548,9043776,14299188
1790543550,8452792,14299188
1790543552,10137188,14299188
1790543554,10214644,14299188
1790543556,8769436,14299188
1790543558,9484920,14299188
1790543560,10114732,14299188
1790543562,10109284,14299188
1790543564,9071348,14299188
1790543566,10130584,14299188
1790543568,10139016,14299188
1790543570,10150932,14299188
1790543572,9879424,14299188
1790543574,10074028,14299188
1790543576,10171092,14299188
1790543578,10223480,14299188
1790543580,8731604,14299188
1790543582,8604192,14299188
1790543584,9818340,14299188
1790543586,9081304,14299188
1790543588,8629756,14299188
1790543590,10188000,14299188
1790543592,10180708,14299188
1790543594,8776100,14299188
1790543596,9533064,14299188
1790543598,10084628,14299188
1790543600,10127080,14299188
1790543602,9063524,14299188
1790543604,10097036,14299188
1790543606,10105088,14299188
1790543608,10144996,14299188
1790543610,9668732,14299188
1790543612,10101004,14299188
1790543614,10100960,14299188
1790543616,10166096,14299188
1790543618,8971988,14299188
1790543620,9018304,14299188
1790543622,9840248,14299188
1790543624,9108224,14299188
1790543626,8948740,14299188
1790543628,10233168,14299188
1790543630,10240964,14299188
1790543632,8793548,14299188
1790543634,9585756,14299188
1790543636,10127036,14299188
1790543638,10218644,14299188
1790543640,9187844,14299188
1790543642,10089932,14299188
1790543644,10090340,14299188
1790543646,10098148,14299188
1790543648,9920672,14299188
1790543650,10029204,14299188
1790543652,10023764,14299188
1790543654,8745436,14299188
1790543656,9075408,14299188
1790543658,8834108,14299188
1790543660,9771700,14299188
1790543662,8734076,14299188
1790543664,9077708,14299188
1790543666,10078420,14299188
1790543668,10120912,14299188
1790543670,9053684,14299188
1790543672,9567280,14299188
1790543674,10201776,14299192
1790543676,10205456,14299192
1790543678,9744472,14299192
1790543680,10134332,14299192
1790543682,10136660,14299192
1790543684,10246108,14299192
1790543686,10077228,14299192
1790543688,10102688,14299192
1790543690,10158020,14299192
1790543692,9377684,14299192
1790543694,8789844,14299192
1790543696,8681984,14299192
1790543698,9859996,14299192
1790543700,8867268,14299192
1790543702,9370580,14299192
1790543704,10117456,14299192
1790543706,10131232,14299192
1790543708,9060624,14299192
1790543710,9538412,14299192
1790543712,10062752,14299192
1790543714,10115980,14299192
1790543716,9665656,14299192
1790543718,10029256,14299192
1790543720,10081448,14299192
1790543722,10171688,14299192
1790543724,10251824,14299192
1790543726,10031380,14299192
1790543728,10083512,14299192
1790543730,9157268,14299192
1790543732,9098640,14299192
1790543734,8650588,14299192
1790543736,9859932,14299192
1790543738,8694836,14299192
1790543740,9356000,14299192
1790543742,10141484,14299192
1790543744,10200676,14299192
1790543746,9178296,14299192
1790543748,10092860,14299192
1790543750,10133360,14299196
1790543752,10211588,14299196
1790543754,9932156,14299196
1790543756,10133008,14299196
1790543758,10167204,14299196
1790543760,10391228,14299196
1790543762,9536788,14299196
1790543764,10073932,14299196
1790543766,10085672,14299196
1790543768,9016940,14299196
1790543770,9276180,14299196
1790543772,8593476,14299196
1790543774,9827588,14299196
1790543776,8708192,14299196
1790543778,9367688,14299196
1790543780,10183508,14299196
1790543782,10203812,14299196
1790543784,9525976,14299196
1790543786,10098012,14299196
1790543788,10148716,14299196
1790543790,10226128,14299196
1790543792,9962532,14299196
1790543794,10146360,14299196
1790543796,10152892,14299196
1790543798,10289432,14299196
1790543800,10229144,14299196
1790543802,10080584,14299196
1790543804,10175712,14299196
1790543806,8870424,14299196
1790543808,9811796,14299196
1790543810,8646340,14299196
1790543812,9859208,14299196
1790543814,8708176,14299196
1790543816,9348956,14299196
1790543818,10111736,14299196
1790543820,10336772,14299196
1790543822,9583280,14299196
1790543824,10096536,14299196
1790543826,10106704,14299196
1790543828,10172036,14299196
1790543830,10118140,14299196
1790543833,10119056,14299196
1790543835,10111420,14299196
1790543837,10221804,14299196
1790543839,9100120,14299196
1790543841,10072520,14299196
1790543843,10144552,14299196
1790543845,7567864,14299196
1790543847,8559300,14299196
1790543849,8473796,14299196
1790543851,8523564,14299196
1790543853,8570860,14299196
1790543855,8460840,14299196
1790543857,8363056,14299196
1790543859,8336176,14299196
1790543861,8392932,14299196
1790543863,8901340,14299196
1790543865,11887052,14299196
1790543867,9394200,14299196
1790543869,8714436,14299196
1790543871,9847540,14299196
1790543873,8610112,14299196
1790543875,10696292,14299196
1790543877,10887640,14299196
1790543879,9138964,14299196
1790543881,9331588,14299196
1790543883,10105536,14299196
1790543885,10139520,14299196
1790543887,9746660,14299196
1790543889,9995100,14299196
1790543891,10026488,14299196
1790543893,10195196,14299196
1790543895,10191324,14299196
1790543897,10021104,14299196
1790543899,10027372,14299196
1790543901,10126448,14299196
1790543903,9058512,14299196
1790543905,9973336,14299196
1790543907,10074124,14299196
1790543909,8974424,14299196
1790543911,9807916,14299196
1790543913,8619708,14299196
1790543915,9829088,14299196
1790543917,9229672,14299196
1790543919,10063876,14299196
1790543921,10187728,14299196
1790543923,10218824,14299196
1790543925,9970856,14299196
1790543927,10154360,14299196
1790543929,10159824,14299196
1790543931,10215488,14299196
1790543933,9968640,14299196
1790543935,10081396,14299196
1790543937,10132888,14299196
1790543939,10206040,14299196
1790543941,9166708,14299196
1790543943,9980976,14299196
1790543945,10012164,14299196
1790543947,8871580,14299196
1790543949,9699552,14299196
1790543951,8538752,14299196
1790543953,9741500,14299196
1790543955,9611024,14299196
1790543957,9956708,14299196
1790543959,10064280,14299196
1790543961,10104788,14299196
1790543963,9954532,14299196
1790543965,10032416,14299196
1790543967,10085012,14299196
1790543969,10107060,14299196
1790543971,9044836,14299196
1790543973,10093896,14299196
1790543975,10091880,14299196
1790543977,10218712,14299196
1790543979,9120044,14299196
1790543981,10059384,14299196
1790543983,10065848,14299196
1790543985,8815332,14299196
1790543987,9843428,14299196
1790543989,8599840,14299196
1790543991,9803324,14299196
1790543993,9258340,14299196
1790543995,10010888,14299196
1790543997,10112724,14299196
1790543999,10176532,14299196
1790544001,10021136,14299196
1790544003,9995468,14299196
1790544005,9993624,14299196
1790544007,10204064,14299196
1790544009,9017244,14299196
1790544011,10012232,14299196
1790544013,10026776,14299196
1790544015,10108224,14299196
1790544017,9047140,14299196
1790544019,9974120,14299196
1790544021,10088548,14299196
1790544023,8564756,14299196
1790544025,9742236,14299196
1790544027,8558316,14299196
1790544029,9759408,14299196
1790544031,9723568,14299196
1790544033,10118464,14299196
1790544035,10118548,14299196
1790544037,10178724,14299196
1790544039,10119676,14299196
1790544041,9996956,14299196
1790544043,10034008,14299196
1790544045,10103248,14299196
1790544047,9065904,14299196
1790544049,10067836,14299196
1790544051,10070320,14299196
1790544053,10184064,14299196
1790544055,8943824,14299196
1790544057,9980696,14299196
1790544059,10059068,14299196
1790544061,8677036,14299196
1790544063,9455116,14299196
1790544065,8877812,14299196
1790544067,9785628,14299196
1790544069,9806596,14299196
1790544071,10023680,14299196
1790544073,10123128,14299196
1790544075,10120796,14299196
1790544077,10174668,14299196
1790544079,10012612,14299196
1790544081,10073560,14299196
1790544083,10182464,14299196
1790544085,9055744,14299196
1790544087,10036680,14299196
1790544089,10063008,14299196
1790544091,10144512,14299196
1790544093,8991224,14299196
1790544095,10048012,14299196
1790544097,10080544,14299196
1790544099,8603044,14299196
1790544101,8614636,14299196
1790544103,9792664,14299196
1790544105,9786636,14299196
1790544107,9995160,14299196
1790544109,10077156,14299196
1790544111,10134696,14299196
1790544113,10196220,14299196
1790544115,9086304,14299196
1790544117,10135232,14299196
1790544119,10133256,14299196
1790544121,10219360,14299196
1790544123,9048360,14299196
1790544125,10006168,14299196
1790544127,10032276,14299196
1790544129,9025744,14299196
1790544131,8796384,14299196
1790544133,9985904,14299196
1790544135,10021184,14299196
1790544137,8536456,14299196
1790544139,8540356,14299196
1790544141,9728108,14299196
1790544143,9728220,14299196
1790544145,9972912,14299196
1790544147,9982172,14299196
1790544149,10023492,14299196
1790544151,10085680,14299196
1790544153,9087968,14299196
1790544155,10107208,14299196
1790544157,10084064,14299196
1790544159,10134700,14299196
1790544161,9038360,14299196
1790544163,10094236,14299196
1790544165,10184784,14299196
1790544167,9093636,14299196
1790544169,8945132,14299196
1790544171,10032784,14299196
1790544173,10143256,14299196
1790544175,7138412,14299196
1790544177,8838872,14299196
1790544179,8198744,14299196
1790544181,8394256,14299196
1790544183,8190072,14299196
1790544185,8253168,14299196
1790544187,8167076,14299196
1790544189,8311604,14299196
1790544191,8342524,14299196
1790544193,9650892,14299196
1790544195,5783992,14299196
1790544197,10296484,14299196
1790544199,8636508,14299196
1790544201,8607032,14299196
1790544203,9873524,14299196
1790544205,10845180,14299196
1790544207,10370368,14299196
1790544209,9058996,14299196
1790544211,9898460,14299196
1790544213,10110980,14299196
1790544215,10203788,14299196
1790544217,9115640,14299196
1790544219,10199176,14299196
1790544221,10200608,14299196
1790544223,10205492,14299196
1790544225,8853292,14299196
1790544227,10096840,14299196
1790544229,10140164,14299196
1790544231,9108820,14299196
1790544233,8981188,14299196
1790544235,10147132,14299196
1790544237,10200092,14299196
1790544239,8635944,14299196
1790544241,8587524,14299196
1790544243,9786392,14299196
1790544245,9785296,14299196
1790544247,10063624,14299196
1790544249,9936168,14299196
1790544251,10095812,14299196
1790544253,10202692,14299196
1790544255,9077284,14299196
1790544257,10063984,14299196
1790544259,10096948,14299196
1790544261,10220428,14299196
1790544263,8963464,14299196
1790544265,10097208,14299196
1790544267,10140876,14299196
1790544269,9089880,14299196
1790544271,9286856,14299196
1790544273,10115988,14299196
1790544275,10155476,14299196
1790544277,8642340,14299196
1790544279,8631980,14299196
1790544281,9851620,14299196
1790544283,9852604,14299196
1790544285,9106892,14299196
1790544287,10097548,14299196
1790544289,10123936,14299196
1790544291,10242980,14299196
1790544293,9045540,14299196
1790544295,10173696,14299196
1790544297,10215996,14299196
1790544299,9124300,14299220
1790544301,8983528,14299220
1790544303,10076724,14299220
1790544305,10140548,14299220
1790544307,8891748,14299340
1790544309,9218932,14299340
1790544311,10110160,14299340
1790544313,10172824,14299340
1790544315,8712020,14299340
1790544317,8590388,14299340
1790544319,9807060,14299340
1790544321,9814112,14299340
1790544323,9068376,14299340
1790544325,10012872,14299340
1790544327,10145696,14299340
1790544329,10254828,14299340
1790544331,8756748,14299340
1790544333,10170764,14299340
1790544335,10167584,14299340
1790544337,9096344,14299340
1790544339,8962484,14299340
1790544341,10140704,14299340
1790544343,10212796,14299400
1790544345,8983564,14299400
1790544347,9345240,14299400
1790544349,10159860,14299400
1790544351,10181760,14299400
1790544353,8844428,14299400
1790544355,9070804,14299400
1790544357,9863880,14299400
1790544359,9919376,14299400
1790544361,9051856,14299400
1790544363,9980716,14299400
1790544365,10183252,14299400
1790544367,10240392,14299400
1790544369,8849716,14299400
1790544371,10067048,14299400
1790544373,10104004,14299404
1790544375,9036148,14299404
1790544377,9080144,14299404
1790544379,10109660,14299404
1790544381,10147468,14299404
1790544383,8890512,14299404
1790544385,9375284,14299404
1790544387,10058476,14299404
1790544389,10172356,14299404
1790544391,9051736,14299404
1790544393,8648576,14299404
1790544395,9845376,14299404
1790544397,9908704,14299404
1790544399,9098072,14299404
1790544401,10086120,14299404
1790544403,10293624,14299404
1790544405,9857892,14299404
1790544407,8981664,14299404
1790544409,10172732,14299404
1790544411,10194408,14299404
1790544413,9126140,14299404
1790544415,8929500,14299404
1790544417,10145384,14299404
1790544419,10193372,14299404
1790544421,8777520,14299404
1790544423,9218704,14299404
1790544425,10048600,14299404
1790544427,10104156,14299404
1790544429,8641428,14299404
1790544431,8579620,14299404
1790544433,9791064,14299404
1790544435,9871424,14299404
1790544437,9030004,14299404
1790544439,10093080,14299404
1790544441,10109952,14299404
1790544443,10168220,14299404
1790544445,9062412,14299404
1790544447,10145208,14299404
1790544449,10196472,14299404
1790544451,9126120,14299404
1790544453,8988676,14299404
1790544455,10191440,14299404
1790544457,10213164,14299404
1790544459,8739084,14299404
1790544461,9217444,14299404
1790544463,10143052,14299404
1790544465,10240348,14299404
1790544467,8624980,14299404
1790544469,8636512,14299404
1790544471,9842244,14299404
1790544473,9865368,14299404
1790544475,9098620,14299404
1790544477,10082752,14299404
1790544479,10111104,14299404
1790544481,10216108,14299404
1790544483,8978852,14299404
1790544485,10039276,14299404
1790544487,10045300,14299404
1790544489,9052292,14299404
1790544491,8897868,14299404
1790544493,10100072,14299404
1790544495,10130076,14299404
1790544497,8906012,14299404
1790544499,9237480,14299404
1790544501,10045640,14299404
1790544503,10142536,14299404
1790544505,8562012,14299404
1790544507,8568552,14299404
1790544509,9785208,14299404
1790544511,9852856,14299404
1790544513,9091788,14299404
1790544515,10193284,14299404
1790544517,10205128,14299404
1790544519,10223824,14299404
1790544521,9019476,14299404
1790544523,10079184,14299404
1790544525,10147856,14299404
1790544527,9105332,14299404
1790544529,8974108,14299404
1790544531,10165864,14299404
1790544533,10155992,14299404
1790544535,9024676,14299404
1790544537,9248764,14299404
1790544539,10103624,14299404
1790544542,10156532,14299404
1790544544,8559088,14299404
1790544546,8553272,14299404
1790544548,9781028,14299404
1790544550,9853204,14299404
1790544552,9042468,14299404
1790544554,10077196,14299404
1790544556,10166596,14299404
1790544558,10117920,14299404
1790544560,8894560,14299412
1790544562,10090212,14299412
1790544564,10083276,14299412
1790544566,9031804,14299412
1790544568,8848168,14299412
1790544570,10059436,14299412
1790544572,10123872,14299412
1790544574,8850808,14299412
1790544576,9342108,14299412
1790544578,10123100,14299412
1790544580,10179120,14299412
1790544582,8615100,14299412
1790544584,8607844,14299412
1790544586,9829372,14299412
1790544588,9830116,14299412
1790544590,9092276,14299412
1790544592,10154324,14299412
1790544594,10263448,14299412
1790544596,9275688,14299412
1790544598,8919828,14299412
1790544600,10197484,14299412
1790544602,10079524,14299412
1790544604,9067276,14299412
1790544606,9214856,14299412
1790544608,10107516,14299412
1790544610,10115272,14299412
1790544612,8774280,14299412
1790544614,9410760,14299412
1790544616,10061624,14299412
1790544618,7696148,14299412
1790544620,7126156,14299412
1790544622,8797728,14299412
1790544624,8479004,14299412
1790544626,8341484,14299412
1790544628,8308576,14299412
1790544630,8400796,14299412
1790544632,8493740,14299412
1790544634,8381288,14299412
1790544636,8562224,14299412
1790544638,9566912,14299412
1790544640,4312316,14299548
1790544642,10332860,14299548
1790544644,8662204,14299604
1790544646,8605532,14299604
1790544648,9541036,14299604
1790544650,10834784,14299604
1790544652,10419084,14299604
1790544654,9127416,14299604
1790544656,10141620,14299604
1790544658,10189020,14299604
1790544660,9098296,14299604
1790544662,8750584,14299608
1790544664,10009956,14299608
1790544666,10021468,14299608
1790544668,9001816,14299608
1790544670,9083536,14299608
1790544672,9956940,14299608
1790544674,10060784,14299608
1790544676,8800932,14299608
1790544678,9375652,14299608
1790544680,9976568,14299608
1790544682,10048896,14299608
1790544684,8537544,14299608
1790544686,8521196,14299620
1790544688,9734948,14299620
1790544690,9789820,14299620
1790544692,9006400,14299620
1790544694,10117476,14299620
1790544696,10085564,14299620
1790544698,8954104,14299620
1790544700,8764012,14299620
1790544702,9909680,14299620
1790544704,9973420,14299620
1790544706,8557452,14299620
1790544708,9115640,14299620
1790544710,9960772,14299620
1790544712,9994720,14299620
1790544714,8793392,14299620
1790544716,9377072,14299620
1790544718,9953776,14299620
1790544720,10094788,14299620
1790544722,8459492,14299620
1790544724,8445804,14299620
1790544726,9668184,14299620
1790544728,9679788,14299620
1790544730,8587020,14299620
1790544732,9928012,14299620
1790544734,9939468,14299620
1790544736,8903804,14299648
1790544738,8759020,14299648
1790544740,9903964,14299648
1790544742,9933892,14299652
1790544744,8564032,14299652
1790544746,9089156,14299652
1790544748,9859800,14299916
1790544750,9934600,14299916
1790544752,8670856,14299916
1790544754,9380044,14299916
1790544756,9952216,14299916
1790544758,9993712,14299916
1790544760,8497620,14299924
1790544762,8487880,14299924
1790544764,9696784,14299924
1790544766,9709028,14300024
1790544768,8796608,14300024
1790544770,10046616,14300040
1790544772,10044540,14300040
1790544774,8956412,14300040
1790544776,8824168,14300040
1790544778,9973436,14300040
1790544780,10056840,14300040
1790544782,8537984,14300040
1790544784,9106848,14300040
1790544786,9851392,14300040
1790544788,9953744,14300040
1790544790,8567728,14300040
1790544792,9319312,14300040
1790544794,9908468,14300040
1790544796,9924188,14300040
1790544798,8418680,14300040
1790544800,8404808,14300040
1790544802,9642248,14300040
1790544804,9729536,14300044
1790544806,8631216,14300044
1790544808,9998128,14300044
1790544810,10011172,14300044
1790544812,8962104,14300044
1790544814,8836528,14300044
1790544816,9963200,14300044
1790544818,10011016,14300044
1790544820,8829700,14300044
1790544822,9371828,14300044
1790544824,10037592,14300044
1790544826,10041240,14300044
1790544828,9021156,14300044
1790544830,9363608,14300044
1790544832,9985888,14300044
1790544834,10034024,14300044
1790544836,8496656,14300044
1790544838,8491360,14300044
1790544840,9777560,14300044
1790544842,9660040,14300044
1790544844,8342168,14300044
1790544846,9970440,14300044
1790544848,10044484,14300044
1790544850,8931908,14300044
1790544852,8762176,14300044
1790544854,9968488,14300044
1790544856,10019568,14300044
1790544858,8805568,14300044
1790544860,9255896,14300044
1790544862,9911480,14300044
1790544864,9918864,14300044
1790544866,8703680,14300044
1790544868,9386008,14300044
1790544870,9966228,14300044
1790544872,10055876,14300044
1790544874,8500252,14300044
1790544876,8499780,14300044
1790544878,9722824,14300044
1790544880,9710868,14300044
1790544882,8531984,14300044
1790544884,9978056,14300044
1790544886,10023448,14300044
1790544888,8952400,14300044
1790544890,8776512,14300044
1790544892,9959648,14300044
1790544894,10045412,14300044
1790544896,8703772,14300044
1790544898,9395800,14300044
1790544900,10055888,14300044
1790544902,10078164,14300044
1790544904,8979528,14300044
1790544906,9385888,14300044
1790544908,9955924,14300044
1790544910,10012072,14300044
1790544912,8475384,14300044
1790544914,8478684,14300044
1790544916,9668976,14300104
1790544918,8944832,14300104
1790544920,8318396,14300104
1790544922,9963112,14300112
1790544924,10001764,14300112
1790544926,8941640,14300112
1790544928,9026872,14300112
1790544930,9928700,14300112
1790544932,10036384,14300112
1790544934,8666556,14300112
1790544936,9432692,14300112
1790544938,10011604,14300112
1790544940,10020632,14300112
1790544942,9124332,14300112
1790544944,9896636,14300112
1790544946,9972144,14300112
1790544948,10037204,14300112
1790544950,8523604,14300112
1790544952,8584020,14300120
1790544954,9744552,14300196
1790544956,9040036,14300196
1790544958,8402600,14300196
1790544960,9991744,14300196
1790544962,10041004,14300212
1790544964,8989112,14300212
1790544966,9098188,14300212
1790544968,9989732,14300212
1790544970,10057468,14300212
1790544972,8651872,14300212
1790544974,9467828,14300212
1790544976,9993672,14300212
1790544978,10084168,14300212
1790544980,9102244,14300212
1790544982,10129768,14300212
1790544984,10149380,14300212
1790544986,10158032,14300212
1790544988,8633468,14300212
1790544990,8623884,14300212
1790544992,9701044,14300212
1790544994,9615712,14300220
1790544996,8346808,14300220
1790544998,9925092,14300220
1790545000,10054308,14300220
1790545002,8966424,14300220
1790545004,8973872,14300220
1790545006,9901496,14300220
1790545008,9967216,14300220
1790545010,8604764,14300220
1790545012,9361792,14300220
1790545014,9972264,14300220
1790545016,10017320,14300220
1790545018,9025288,14300220
1790545020,10063832,14300220
1790545022,9994152,14300220
1790545024,10025456,14300220
1790545026,8452820,14300220
1790545028,8455288,14300220
1790545030,9709088,14300220
1790545032,8892200,14300220
1790545034,8288784,14300220
1790545036,9997680,14300220
1790545038,9996356,14300220
1790545040,8692140,14300220
1790545042,9090692,14300220
1790545044,9960724,14300220
1790545046,9982264,14300220
1790545048,8608408,14300220
1790545050,9344772,14300220
1790545052,9961228,14300220
1790545054,10071616,14300220
1790545056,9005532,14300220
1790545058,9445644,14300220
1790545060,9971480,14300220
1790545062,7421504,14300220
1790545064,7172752,14300220
1790545066,8398840,14300220
1790545068,8429652,14300220
1790545070,8230028,14300220
1790545072,8155636,14300220
1790545074,8303728,14300220
1790545076,8271440,14300220
1790545078,8176744,14300220
1790545080,8499704,14300220
1790545082,9373192,14300220
1790545084,2977692,14300220
1790545086,10132952,14300220
1790545088,8949752,14300220
1790545090,8800500,14300220
1790545092,9342704,14300220
1790545094,10635544,14300220
1790545096,8934144,14300220
1790545098,8577140,14300220
1790545100,9993152,14300220
1790545102,9998588,14300220
1790545104,8842292,14300220
1790545106,9164284,14300220
1790545108,9911904,14300220
1790545110,9985636,14300220
1790545112,8622908,14300220
1790545114,9445088,14300220
1790545116,9987428,14300220
1790545118,10042228,14300220
1790545120,8943112,14300220
1790545122,9981788,14300220
1790545124,9980076,14300220
1790545126,10116408,14300220
1790545128,8947076,14300220
1790545130,8498936,14300220
1790545132,9692788,14300220
1790545134,8979148,14300220
1790545136,8416412,14300220
1790545138,10028708,14300220
1790545140,10101164,14300220
1790545142,8575640,14300220
1790545144,9243664,14300220
1790545146,9897852,14300220
1790545148,9976392,14300220
1790545150,8678064,14300220
1790545152,9359880,14300220
1790545154,9899584,14300220
1790545156,10043612,14300220
1790545158,9572528,14300220
1790545160,9956252,14300220
1790545162,9959200,14300220
1790545164,10012916,14300220
1790545166,8448720,14300220
1790545168,8455976,14300220
1790545170,9662292,14300220
1790545172,8971196,14300220
1790545174,8873100,14300220
1790545176,9993448,14300220
1790545178,10017404,14300220
1790545180,8738840,14300220
1790545182,9355804,14300220
1790545184,10059768,14300220
1790545186,10099252,14300220
1790545188,9046012,14300220
1790545190,9930812,14300220
1790545192,10018320,14300220
1790545194,10125780,14300220
1790545196,9665808,14300220
1790545198,9979204,14300220
1790545200,10106724,14300220
1790545202,10032480,14300220
1790545204,8441880,14300220
1790545206,8436304,14300220
1790545208,9645608,14300220
1790545210,8936656,14300228
1790545212,8822840,14300228
1790545214,9982244,14300228
1790545216,10010088,14300228
1790545218,8641204,14300228
1790545220,9377628,14300228
1790545222,9937492,14300228
1790545224,9984128,14300228
1790545226,9096700,14300228
1790545228,9935400,14300228
1790545230,9933716,14300228
1790545232,10018736,14300228
1790545234,9812804,14300228
1790545236,9989260,14300228
1790545238,9991440,14300228
1790545240,10094964,14300228
1790545242,8456760,14300232
1790545244,8459772,14300232
1790545246,9739932,14300232
1790545248,8905132,14300232
1790545250,9204272,14300232
1790545252,10018444,14300232
1790545254,10026208,14300232
1790545256,8750184,14300232
1790545258,9417064,14300232
1790545260,10034064,14300232
1790545262,9978628,14300232
1790545264,8931472,14300232
1790545267,9906508,14300232
1790545269,9960608,14300232
1790545271,10041336,14300232
1790545273,9788648,14300232
1790545275,9896460,14300232
1790545277,9938416,14300232
1790545279,10068040,14300232
1790545281,8413768,14300232
1790545283,8413916,14300232
1790545285,9620564,14300232
1790545287,8868724,14300232
1790545289,8699168,14300232
1790545291,9890808,14300232
1790545293,10007440,14300232
1790545295,8688020,14300232
1790545297,9382064,14300232
1790545299,9984408,14300232
1790545301,10048964,14300232
1790545303,8953828,14300232
1790545305,9964512,14300232
1790545307,9977992,14300232
1790545309,10072960,14300232
1790545311,9683568,14300232
1790545313,9985096,14300232
1790545315,10013624,14300232
1790545317,10098204,14300232
1790545319,8519344,14300232
1790545321,8592552,14300232
1790545323,9695268,14300232
1790545325,8931992,14300232
1790545327,8413480,14300232
1790545329,9947492,14300232
1790545331,10037604,14300232
1790545333,8725164,14300232
1790545335,9397148,14300232
1790545337,9974904,14300232
1790545339,10000420,14300232
1790545341,9028520,14300232
1790545343,9949916,14300232
1790545345,9951208,14300232
1790545347,10071736,14300232
1790545349,9685540,14300232
1790545351,9950028,14300232
1790545353,9972980,14300232
1790545355,10081484,14300232
1790545357,8492504,14300232
1790545359,8473952,14300232
1790545361,9698416,14300232
1790545363,8979736,14300232
1790545365,8805004,14300232
1790545367,9967292,14300232
1790545369,10089404,14300232
1790545371,8638248,14300232
1790545373,9419320,14300232
1790545375,10003572,14300232
1790545377,10008584,14300232
1790545379,9069784,14300232
1790545381,10051744,14300232
1790545383,9938908,14300232
1790545385,10021984,14300232
1790545387,9828460,14300232
1790545389,9880388,14300232
1790545391,9919916,14300232
1790545393,9794604,14300232
1790545395,8438660,14300232
1790545397,8440476,14300232
1790545399,9648308,14300232
1790545401,8483072,14300232
1790545403,8936204,14300232
1790545405,9887268,14300232
1790545407,9940120,14300232
1790545409,8570196,14300232
1790545411,9356536,14300232
1790545413,10013484,14300232
1790545415,10022628,14300232
1790545417,9633656,14300232
1790545419,10005964,14300232
1790545421,10011416,14300232
1790545423,10064376,14300232
1790545425,9957440,14300232
1790545427,9961360,14300232
1790545429,9958752,14300232
1790545431,8766708,14300232
1790545433,8513660,14300232
1790545435,8507772,14300232
1790545437,9702416,14300232
1790545439,8574116,14300232
1790545441,9138964,14300232
1790545443,9957680,14300232
1790545445,10007164,14300232
1790545447,8938148,14300232
1790545449,9366772,14300232
1790545451,9936904,14300232
1790545453,9960988,14300232
1790545455,9596860,14300232
1790545457,9915336,14300232
1790545459,9915536,14300232
1790545461,9991948,14300232
1790545463,9881384,14300232
1790545465,9925344,14300232
1790545467,9921992,14300232
1790545469,9168364,14300232
1790545471,8459068,14300232
1790545473,8515192,14300232
1790545475,9728012,14300232
1790545477,8542596,14300232
1790545479,9097248,14300232
1790545481,9997348,14300232
1790545483,10072204,14300232
1790545485,9104756,14300232
1790545487,9412052,14300232
1790545489,9983356,14300232
1790545491,10021464,14300232
1790545493,9718904,14300232
1790545495,9929176,14300232
1790545497,9960340,14300232
1790545499,10061408,14300232
1790545501,10223640,14300232
1790545503,9928224,14300232
1790545505,9983832,14300232
1790545507,7265716,14300232
1790545509,7988748,14300232
1790545511,8511484,14300232
1790545513,8321840,14300232
1790545515,8182496,14300232
1790545517,8205744,14300232
1790545519,8167980,14300232
1790545521,8114040,14300232
1790545523,8190796,14300232
1790545525,8682864,14300232
1790545527,10388072,14300232
1790545529,8298764,14300232
1790545531,9106772,14300232
1790545533,9777492,14300232
1790545535,8519736,14300232
1790545537,9682416,14300232
1790545539,10664704,14300232
1790545541,8705296,14300232
1790545543,9221504,14300232
1790545545,9999284,14300232
1790545547,10000684,14300232
1790545549,8981316,14300268
1790545551,9945644,14300268
1790545553,9949916,14300268
1790545555,10014540,14300268
1790545557,9767192,14300268
1790545559,9953652,14300268
1790545561,10036812,14300268
1790545563,10012372,14300268
1790545565,10144980,14300268
1790545567,9906636,14300268
1790545569,9962256,14300268
1790545571,8840288,14300268
1790545573,9552540,14300268
1790545575,8492800,14300268
1790545577,9704744,14300268
1790545579,8265416,14300268
1790545581,9149560,14300268
1790545583,10031180,14300268
1790545585,10105844,14300268
1790545587,9525608,14300268
1790545589,9895356,14300268
1790545591,9939136,14300268
1790545593,10034052,14300268
1790545595,9975636,14300268
1790545597,9987964,14300268
1790545599,10005156,14300268
1790545601,10089200,14300268
1790545603,10024364,14300268
1790545605,9939068,14300268
1790545607,9945748,14300268
1790545609,8731448,14300268
1790545611,9721420,14300268
1790545613,8528740,14300268
1790545615,9719092,14300268
1790545617,8550644,14300268
1790545619,10076680,14300268
1790545621,10159376,14300268
1790545623,10041964,14300268
1790545625,9608184,14300268
1790545627,9898172,14300268
1790545629,9943804,14300268
1790545631,10014416,14300268
1790545633,10109496,14300268
1790545635,9936700,14300268
1790545637,9948072,14300268
1790545639,10042992,14300268
1790545641,8987048,14300268
1790545643,10014596,14300268
1790545645,10014536,14300268
1790545647,8810960,14300268
1790545649,9683304,14300268
1790545651,8450508,14300268
1790545653,9752708,14300268
1790545655,8872912,14300268
1790545657,10041328,14300268
1790545659,10035200,14300268
1790545661,10040204,14300268
1790545663,9953428,14300268
1790545665,9978988,14300268
1790545667,10011976,14300268
1790545669,10059376,14300268
1790545671,10209148,14300268
1790545673,9992164,14300268
1790545675,9993528,14300268
1790545677,10111152,14300268
1790545679,9015992,14300268
1790545681,9931104,14300268
1790545683,9948760,14300268
1790545685,8867668,14300268
1790545687,9656856,14300268
1790545689,8457544,14300268
1790545691,9663008,14300268
1790545693,8761808,14300268
1790545695,9990992,14300268
1790545697,9994464,14300268
1790545699,9994300,14300268
1790545701,9631832,14300268
1790545703,9901212,14300268
1790545705,9905888,14300268
1790545707,10004296,14300268
1790545709,8950440,14300268
1790545711,9959764,14300268
1790545713,9955468,14300268
1790545715,10052404,14300268
1790545717,9013792,14300268
1790545719,9963564,14300268
1790545721,9982280,14300268
1790545723,8519284,14300268
1790545725,9726516,14300268
1790545727,8526132,14300268
1790545729,9806072,14300268
1790545731,9451160,14300268
1790545733,10002892,14300268
1790545735,10061640,14300268
1790545737,10066404,14300268
1790545739,10044236,14300268
1790545741,9956652,14300268
1790545743,9958384,14300268
1790545745,10116512,14300268
1790545747,8973372,14300268
1790545749,9900172,14300268
1790545751,9933152,14300268
1790545753,10113824,14300268
1790545755,8953496,14300268
1790545757,9967716,14300268
1790545759,9974856,14300268
1790545761,8664308,14300268
1790545763,9654620,14300268
1790545765,8700988,14300268
1790545767,9855324,14300268
1790545769,9470024,14300268
1790545771,10026684,14300268
1790545773,10062900,14300268
1790545775,10068024,14300268
1790545777,10002072,14300268
1790545779,9952588,14300268
1790545781,10015708,14300268
1790545783,10111020,14300268
1790545785,9010668,14300268
1790545787,9964484,14300268
1790545789,10009508,14300268
1790545791,10090416,14300268
1790545793,8651608,14300268
1790545795,10012500,14300268
1790545797,10004276,14300268
1790545799,8920880,14300268
1790545801,9308540,14300268
1790545803,8876032,14300268
1790545805,9785752,14300268
1790545807,9712744,14300268
1790545809,9974648,14300268
1790545811,10009532,14300268
1790545813,10000656,14300268
1790545815,10045952,14300268
1790545817,9954008,14300268
1790545819,9953836,14300268
1790545821,10098356,14300268
1790545823,8950636,14300268
1790545825,9869348,14300268
1790545827,9963396,14300268
1790545829,8959996,14300268
1790545831,8709380,14300268
1790545833,10048308,14300268
1790545835,10045956,14300268
1790545837,8901524,14300268
1790545839,8525976,14300268
1790545841,9681480,14300268
1790545843,9777624,14300272
1790545845,9666208,14300272
1790545847,10013140,14300272
1790545849,10014224,14300272
1790545851,10054248,14300272
1790545853,8996988,14300272
1790545855,9920704,14300272
1790545857,9980732,14300272
1790545859,10160200,14300272
1790545861,8918780,14300272
1790545863,9833472,14300272
1790545865,9920628,14300272
1790545867,10004392,14300272
1790545869,8783440,14300272
1790545871,9934588,14300272
1790545873,10001952,14300272
1790545875,8460676,14300272
1790545877,8526236,14300272
1790545879,9691008,14300272
1790545881,9762932,14300272
1790545883,9731700,14300272
1790545885,10005716,14300272
1790545887,10009220,14300272
1790545889,10023544,14300272
1790545891,9010864,14300272
1790545893,9954820,14300272
1790545895,9955716,14300272
1790545897,10057752,14300272
1790545899,8995048,14300272
1790545901,9974956,14300272
1790545903,9987620,14300272
1790545905,10055892,14300272
1790545907,8795492,14300272
1790545909,9957784,14300272
1790545911,10047792,14300272
1790545913,8499224,14300272
1790545915,8600120,14300272
1790545917,9087628,14300272
1790545919,9717220,14300276
1790545921,9556128,14300276
1790545923,9949012,14300276
1790545925,9950460,14300276
1790545927,10006680,14300276
1790545929,9966532,14300276
1790545931,9924052,14300276
1790545933,9951608,14300276
1790545935,10029296,14300276
1790545937,8931248,14300276
1790545939,9878448,14300276
1790545941,9926260,14300276
1790545943,10021408,14300276
1790545945,8720828,14300276
1790545947,9894636,14300276
1790545949,9956152,14300276
1790545951,7206496,14300276
1790545953,8721500,14300276
1790545955,8410852,14300276
1790545957,8355040,14300276
1790545959,8408072,14300276
1790545961,8333432,14300276
1790545963,8452092,14300276
1790545965,8341744,14300276
1790545967,8184156,14300276
1790545969,9542384,14300276
1790545971,6877080,14300276
1790545973,10173696,14300276
1790545975,8610160,14300276
1790545977,8537956,14300276
1790545979,9725316,14300276
1790545982,10690944,14300276
1790545984,10282164,14300276
1790545986,9704508,14300276
1790545988,9897828,14300276
1790545990,9989648,14300276
1790545992,10091212,14300276
1790545994,8991792,14300276
1790545996,9988592,14300276
1790545998,9988996,14300276
1790546000,10047120,14300276
1790546002,8975416,14300276
1790546004,10001012,14300276
1790546006,9999344,14300276
1790546008,8997952,14300276
1790546010,8805000,14300276
1790546012,9999664,14300276
1790546014,10058512,14300276
1790546016,8512340,14300276
1790546018,8513348,14300276
1790546020,9756228,14300276
1790546022,9775308,14300276
1790546024,9834332,14300276
1790546026,10101888,14300276
1790546028,10143472,14300276
1790546030,10135420,14300276
1790546032,9032460,14300276
1790546034,10037292,14300276
1790546036,10056384,14300276
1790546038,10138856,14300276
1790546040,8996576,14300276
1790546042,9948048,14300276
1790546044,9974168,14300276
1790546046,8947872,14300276
1790546048,8771528,14300276
1790546050,9933652,14300276
1790546052,9977600,14300276
1790546054,8474596,14300276
1790546056,8464492,14300276
1790546058,9656452,14300276
1790546060,9657116,14300276
1790546062,9988908,14300276
1790546064,9972560,14300276
1790546066,9977644,14300276
1790546068,10027488,14300276
1790546070,8928408,14300276
1790546072,10013592,14300276
1790546074,10034084,14300276
1790546076,10120968,14300276
1790546078,8833276,14300276
1790546080,10019656,14300276
1790546082,10067124,14300276
1790546084,9031104,14300276
1790546086,9004532,14300276
1790546088,10079916,14300276
1790546090,10093596,14300276
1790546092,8521980,14300276
1790546094,8511832,14300276
1790546096,9765368,14300276
1790546098,9912104,14300276
1790546100,9085468,14300276
1790546102,10063304,14300276
1790546104,10065796,14300276
1790546106,10067336,14300276
1790546108,8981576,14300276
1790546110,9999524,14300276
1790546112,9999272,14300276
1790546114,8986336,14300276
1790546116,8806036,14300276
1790546118,10022240,14300276
1790546120,10031480,14300276
1790546122,8998816,14300276
1790546124,9097064,14300276
1790546126,9993984,14300276
1790546128,10096700,14300276
1790546130,8508368,14300276
1790546132,8533644,14300276
1790546134,9679356,14300276
1790546136,9822896,14300276
1790546138,9001520,14300276
1790546140,10012088,14300276
1790546142,10064664,14300276
1790546144,10061656,14300276
1790546146,8944636,14300276
1790546148,10027632,14300276
1790546150,10045024,14300276
1790546152,9010812,14300276
1790546154,8840616,14300276
1790546156,9981724,14300276
1790546158,10090328,14300276
1790546160,8860568,14300276
1790546162,9142472,14300276
1790546164,9976568,14300276
1790546166,10004412,14300276
1790546168,8433680,14300276
1790546170,8464100,14300276
1790546172,9701616,14300276
1790546174,9758144,14300276
1790546176,8933244,14300276
1790546178,10002488,14300276
1790546180,10009552,14300276
1790546182,10018860,14300276
1790546184,8748200,14300276
1790546186,9957700,14300276
1790546188,9976600,14300276
1790546190,8939500,14300276
1790546192,8891956,14300276
1790546194,10064616,14300276
1790546196,10075244,14300276
1790546198,8775064,14300276
1790546200,9199084,14300276
1790546202,10025472,14300276
1790546204,10030536,14300276
1790546206,8530708,14300276
1790546208,8527568,14300276
1790546210,9675824,14300276
1790546212,9765556,14300276
1790546214,8996868,14300276
1790546216,10082348,14300276
1790546218,10080816,14300276
1790546220,10136760,14300276
1790546222,8815448,14300276
1790546224,9962956,14300276
1790546226,9958740,14300276
1790546228,8957612,14300276
1790546230,8982340,14300276
1790546232,9922976,14300276
1790546234,10020612,14300276
1790546236,8595128,14300276
1790546238,9341588,14300276
1790546240,9975988,14300276
1790546242,10004192,14300276
1790546244,8457088,14300276
1790546246,8458336,14300276
1790546248,9673276,14300276
1790546250,9740132,14300276
1790546252,8964104,14300276
1790546254,10042720,14300276
1790546256,10053904,14300276
1790546258,8976072,14300276
1790546260,8859628,14300276
1790546262,10006736,14300276
1790546264,10034992,14300276
1790546266,8977024,14300276
1790546268,9099284,14300276
1790546270,9969892,14300276
1790546272,9990564,14300276
1790546274,8802684,14300276
1790546276,9176548,14300276
1790546278,9974672,14300276
1790546280,7548368,14300276
1790546282,7015420,14300276
1790546284,8665384,14300276
1790546286,8473572,14300276
1790546288,8302716,14300276
1790546290,8211652,14300276
1790546292,8197444,14300276
1790546294,8184560,14300276
1790546296,8138796,14300276
1790546298,8302416,14300276
1790546300,9414844,14300276
1790546302,4346904,14300276
1790546304,10156140,14300276
1790546306,8477748,14300276
1790546308,8465120,14300276
1790546310,9045344,14300276
1790546312,10580208,14300276
1790546314,10269584,14300276
1790546316,8944432,14300276
1790546318,10060960,14300276
1790546320,10044848,14300276
1790546322,8969844,14300276
1790546324,8821004,14300276
1790546326,9954704,14300276
1790546328,9994140,14300276
1790546330,8674208,14300276
1790546332,9139100,14300276
1790546334,9983784,14300276
1790546336,9991936,14300276
1790546338,8640532,14300276
1790546340,9469508,14300276
1790546342,9865744,14300276
1790546344,9879372,14300276
1790546346,8437084,14300276
1790546348,8442276,14300276
1790546350,9745212,14300276
1790546352,9796928,14300276
1790546354,8913792,14300276
1790546356,9935324,14300276
1790546358,9999916,14300276
1790546360,8903932,14300276
1790546362,8789972,14300276
1790546364,9883156,14300276
1790546366,9931420,14300276
1790546368,8924748,14300276
1790546370,9151820,14300276
1790546372,10017100,14300276
1790546374,10103748,14300276
1790546376,8795736,14300276
1790546378,9420324,14300276
1790546380,9960056,14300276
1790546382,10011172,14300276
1790546384,8506220,14300276
1790546386,8526688,14300276
1790546388,9769020,14300276
1790546390,9825652,14300284
1790546392,8586508,14300284
1790546394,9987984,14300284
1790546396,10005420,14300284
1790546398,8993508,14300284
1790546400,8813872,14300284
1790546402,9834236,14300284
1790546404,9989180,14300284
1790546406,8768060,14300284
1790546408,9111824,14300284
1790546410,9957380,14300284
1790546412,9948904,14300284
1790546414,8657172,14300284
1790546416,9337040,14300284
1790546418,9850536,14300284
1790546420,9937800,14300284
1790546422,8444952,14300284
1790546424,8437144,14300284
1790546426,9669020,14300284
1790546428,9883252,14300284
1790546430,8307620,14300284
1790546432,10009076,14300284
1790546434,10048684,14300284
1790546436,8986020,14300284
1790546438,8972872,14300284
1790546440,9867620,14300284
1790546442,9972756,14300284
1790546444,8682036,14300284
1790546446,9327332,14300284
1790546448,9965644,14300284
1790546450,9987000,14300284
1790546452,8963064,14300284
1790546454,9389244,14300284
1790546456,9938724,14300284
1790546458,9960280,14300284
1790546460,8507716,14300284
1790546462,8392732,14300284
1790546464,9562348,14300284
1790546466,9432332,14300284
1790546468,8194352,14300284
1790546470,9915604,14300284
1790546472,9913436,14300284
1790546474,8880164,14300284
1790546476,8918196,14300284
1790546478,9894572,14300284
1790546480,9922760,14300284
1790546482,8636376,14300284
1790546484,9353488,14300284
1790546486,9888096,14300284
1790546488,9925196,14300284
1790546490,8939228,14300284
1790546492,9988364,14300284
1790546494,9984800,14300284
1790546496,9997800,14300284
1790546498,8891312,14300284
1790546500,9098016,14300284
1790546502,9733200,14300284
1790546504,8958324,14300284
1790546506,8393532,14300284
1790546508,10064368,14300284
1790546510,10052188,14300284
1790546512,8714200,14300284
1790546514,9091396,14300284
1790546516,9978412,14300284
1790546518,10103532,14300284
1790546520,8723544,14300284
1790546522,9379236,14300284
1790546524,9888592,14300284
1790546526,9978684,14300284
1790546528,9216740,14300284
1790546530,9919472,14300284
1790546532,9944860,14300284
1790546534,10029832,14300284
1790546536,8895432,14300284
1790546538,8631248,14300284
1790546540,9705016,14300284
1790546542,8928268,14300284
1790546544,8506736,14300284
1790546546,9981648,14300284
1790546548,9981260,14300284
1790546550,8619308,14300284
1790546552,9150460,14300284
1790546554,9961916,14300284
1790546556,10015324,14300284
1790546558,8623944,14300284
1790546560,9430760,14300284
1790546562,9952824,14300284
1790546564,10053956,14300284
1790546566,9518776,14300284
1790546568,9984480,14300284
1790546570,9980768,14300284
1790546572,10010780,14300284
1790546574,8558480,14300284
1790546576,8587348,14300284
1790546578,9804628,14300284
1790546580,9001688,14300284
1790546582,8233256,14300284
1790546584,10010372,14300284
1790546586,10007264,14300284
1790546588,8631772,14300284
1790546590,9142724,14300284
1790546592,9841556,14300284
1790546594,9980448,14300284
1790546596,8815572,14300284
1790546598,9366784,14300284
1790546600,9902452,14300284
1790546602,9963392,14300284
1790546604,9531108,14300284
1790546606,9930484,14300284
1790546608,9942168,14300284
1790546610,10002712,14300284
1790546612,8583888,14300284
1790546614,8551092,14300284
1790546616,9768784,14300284
1790546618,8973352,14300284
1790546620,8523664,14300284
1790546622,10068280,14300284
1790546624,10064400,14300284
1790546626,8633332,14300284
1790546628,9353140,14300284
1790546630,9957440,14300284
1790546632,10040752,14300284
1790546634,8992144,14300284
1790546636,9979936,14300284
1790546638,9983468,14300284
1790546640,10143020,14300284
1790546642,9707164,14300284
1790546644,9880312,14300284
1790546646,9984992,14300284
1790546648,7512800,14300284
1790546650,7023888,14300284
1790546652,8342712,14300284
1790546654,8281424,14300284
1790546656,8339840,14300284
1790546658,8312100,14300284
1790546660,8306940,14300284
1790546662,8360764,14300284
1790546664,8349644,14300284
1790546666,8457016,14300284
1790546668,9337976,14300284
1790546670,5807544,14300284
1790546672,9259312,14300284
1790546674,8557052,14300284
1790546676,8511572,14300284
1790546678,9459048,14300284
1790546680,10844784,14300284
1790546682,8994436,14300284
1790546684,8870364,14300284
1790546686,10063388,14300284
1790546688,10067700,14300284
1790546690,8519764,14300284
1790546692,9297624,14300284
1790546694,9979220,14300284
1790546696,9991816,14300284
1790546698,8990980,14300284
1790546700,10078404,14300284
1790546702,9958444,14300284
1790546704,10097052,14300284
1790546706,9726512,14300284
1790546709,9926324,14300284
1790546711,9963004,14300284
1790546713,10043308,14300284
1790546715,8498256,14300284
1790546717,8496992,14300284
1790546719,9706228,14300284
1790546721,8972808,14300284
1790546723,8942588,14300284
1790546725,9993512,14300284
1790546727,10026428,14300284
1790546729,8607452,14300284
1790546731,9435544,14300284
1790546733,10033548,14300284
1790546735,10051356,14300284
1790546737,8935104,14300284
1790546739,10023904,14300284
1790546741,10011988,14300284
1790546743,10099048,14300284
1790546745,9924904,14300284
1790546747,10030040,14300284
1790546749,10037988,14300284
1790546751,8825316,14300284
1790546753,8506028,14300284
1790546755,8512080,14300284
1790546757,9793960,14300284
1790546759,8609576,14300284
1790546761,9391880,14300284
1790546763,10045152,14300284
1790546765,10053276,14300284
1790546767,8958568,14300284
1790546769,9404292,14300284
1790546771,9994028,14300284
1790546773,10070272,14300284
1790546775,9664976,14300284
1790546777,9947788,14300284
1790546779,9948856,14300284
1790546781,10060764,14300284
1790546783,10000064,14300284
1790546785,9983304,14300284
1790546787,10012424,14300284
1790546789,9097616,14300284
1790546791,9037264,14300284
1790546793,8531240,14300284
1790546795,9760312,14300284
1790546797,8812568,14300284
1790546799,9397744,14300284
1790546801,10071320,14300284
1790546803,10081080,14300284
1790546805,9439528,14300284
1790546807,9988856,14300284
1790546809,9983412,14300284
1790546811,10092020,14300284
1790546813,9896272,14300284
1790546815,9948720,14300284
1790546817,10056356,14300284
1790546819,10153480,14300284
1790546821,10190312,14300284
1790546823,9964420,14300284
1790546825,9952104,14300284
1790546827,8846728,14300284
1790546829,9690416,14300284
1790546831,8482356,14300284
1790546833,9712328,14300284
1790546835,8740244,14300284
1790546837,9308048,14300284
1790546839,10067280,14300284
1790546841,10070904,14300284
1790546843,9569912,14300284
1790546845,9961728,14300284
1790546847,9967236,14300284
1790546849,10041336,14300284
1790546851,9956536,14300284
1790546853,10039828,14300284
1790546855,10037400,14300284
1790546857,10053752,14300284
1790546859,9005456,14300284
1790546861,9978460,14300284
1790546863,10031384,14300284
1790546865,8961156,14300284
1790546867,9744580,14300284
1790546869,8525632,14300284
1790546871,9751528,14300284
1790546873,9084388,14300284
1790546875,10017428,14300284
1790546877,10041772,14300284
1790546879,10101112,14300284
1790546881,9800300,14300284
1790546883,9985004,14300284
1790546885,9992372,14300284
1790546887,10063292,14300284
1790546889,10041912,14300284
1790546891,9951884,14300284
1790546893,9985424,14300284
1790546895,10105924,14300284
1790546897,8969940,14300284
1790546899,9974484,14300284
1790546901,9979576,14300284
1790546903,8838936,14300284
1790546905,9704504,14300284
1790546907,8483168,14300284
1790546909,9693056,14300284
1790546911,9118412,14300284
1790546913,9964616,14300284
1790546915,10058868,14300284
1790546917,10081492,14300284
1790546919,9845368,14300284
1790546921,9995392,14300284
1790546923,10018568,14300284
1790546925,10078532,14300284
1790546927,10073804,14300284
1790546929,9987352,14300284
1790546931,9993384,14300284
1790546933,10093184,14300284
1790546935,9000856,14300284
1790546937,10027400,14300284
1790546939,10076160,14300284
1790546941,8924648,14300284
1790546943,9709568,14300284
1790546945,8476508,14300284
1790546947,9771764,14300284
1790546949,8890592,14300284
1790546951,10030196,14300284
1790546953,10023232,14300284
1790546955,10026500,14300284
1790546957,9649716,14300284
1790546959,9986364,14300284
1790546961,9991772,14300284
1790546963,10031396,14300284
1790546965,10137488,14300284
1790546967,9966092,14300284
1790546969,9965316,14300284
1790546971,10055556,14300284
1790546973,8994500,14300284
1790546975,9972088,14300284
1790546977,10023352,14300284
1790546979,8850004,14300284
1790546981,9730760,14300284
1790546983,8519612,14300284
1790546985,9797812,14300284
1790546987,8882332,14300284
1790546989,10015796,14300284
1790546991,10089944,14300284
1790546993,10090080,14300284
1790546995,9720288,14300284
1790546997,9985640,14300284
1790546999,9986560,14300284
1790547001,10187600,14300284
1790547003,10017320,14300284
1790547005,9981848,14300284
1790547007,9998812,14300284
1790547009,10121044,14300284
1790547011,8972516,14300284
1790547013,9957172,14300284
1790547015,9964836,14300284
1790547017,8833524,14300284
1790547019,9699540,14300284
1790547021,8487060,14300284
1790547023,9679688,14300284
1790547025,8349836,14300284
1790547027,10025500,14300284
1790547029,10025444,14300284
1790547031,10022368,14300284
1790547033,9635532,14300284
1790547035,10061140,14300284
1790547037,10068916,14300284
1790547039,10083208,14300284
1790547041,10071100,14300284
1790547043,10001780,14300284
1790547045,10017600,14300284
1790547047,10073864,14300284
1790547049,8987788,14300284
1790547051,9965908,14300284
1790547053,9986048,14300284
1790547055,9097988,14300284
1790547057,9708244,14300284
1790547059,8519612,14300284
1790547061,9828568,14300284
1790547063,8766728,14300284
1790547065,9891784,14300284
1790547067,9958040,14300284
1790547069,9951348,14300284
1790547071,9848396,14300284
1790547073,9906800,14300284
1790547075,9941712,14300284
1790547077,10023096,14300284
1790547079,8939740,14300284
1790547081,9921656,14300284
1790547083,9922068,14300284
1790547085,9995376,14300284
1790547087,8942656,14300284
1790547089,9986220,14300284
1790547091,10072452,14300284
1790547093,7121924,14300284
1790547095,8727524,14300284
1790547097,8393388,14300284
1790547099,8323720,14300284
1790547101,8256192,14300284
1790547103,8152644,14300284
1790547105,8189544,14300284
1790547107,8150364,14300284
1790547109,8163068,14300284
1790547111,9331736,14300284
1790547113,9809256,14300284
1790547115,9705168,14300284
1790547117,8586868,14300284
1790547119,8491920,14300284
1790547121,9645152,14300284
1790547123,10517792,14300284
1790547125,10628080,14300284
1790547127,9392688,14300284
1790547129,9938348,14300284
1790547131,10002960,14300284
1790547133,10017572,14300284
1790547135,9946736,14300284
1790547137,9930604,14300284
1790547139,10129856,14300284
1790547141,10078808,14300284
1790547143,8998184,14300284
1790547145,10015064,14300284
1790547147,10039788,14300304
1790547149,10111928,14300304
1790547151,8865148,14300304
1790547153,9984540,14300304
1790547155,10024848,14300304
1790547157,8517708,14300304
1790547159,9729400,14300304
1790547161,8529460,14300304
1790547163,9754576,14300304
1790547165,9448104,14300304
1790547167,10065100,14300304
1790547169,10076012,14300304
1790547171,10076804,14300304
1790547173,10097764,14300304
1790547175,9933016,14300304
1790547177,9996968,14300304
1790547179,10084696,14300304
1790547181,8964916,14300304
1790547183,9904520,14300304
1790547185,10072828,14300304
1790547187,10144456,14300304
1790547189,8783720,14300304
1790547191,9994368,14300304
1790547193,9995876,14300304
1790547195,8634024,14300304
1790547197,9701088,14300304
1790547199,8952592,14300304
1790547201,9726868,14300304
1790547203,9474240,14300304
1790547205,9988396,14300304
1790547207,10043988,14300304
1790547209,10049588,14300304
1790547211,10037624,14300304
1790547213,9927528,14300304
1790547215,9973092,14300304
1790547217,10071812,14300304
1790547219,9001752,14300304
1790547221,9985536,14300304
1790547223,10041188,14300304
1790547225,10162076,14300304
1790547227,9003404,14300304
1790547229,9929504,14300304
1790547231,10034456,14300304
1790547233,8557052,14300304
1790547235,9705184,14300304
1790547237,9128268,14300304
1790547239,9792508,14300304
1790547241,9571904,14300304
1790547243,9957896,14300304
1790547245,10015152,14300304
1790547247,10042436,14300304
1790547249,9976920,14300304
1790547251,9878104,14300304
1790547253,9909460,14300304
1790547255,10023172,14300304
1790547257,8953320,14300304
1790547259,9911640,14300304
1790547261,9993704,14300304
1790547263,10095832,14300304
1790547265,8788988,14300304
1790547267,10004872,14300304
1790547269,9994292,14300304
1790547271,8714392,14300304
1790547273,9151680,14300304
1790547275,8924648,14300304
1790547277,9749068,14300304
1790547279,9709740,14300304
1790547281,10005300,14300304
1790547283,10058176,14300304
1790547285,10065216,14300304
1790547287,10121248,14300304
1790547289,9984752,14300304
1790547291,10030244,14300304
1790547293,10175672,14300304
1790547295,9025328,14300304
1790547297,10014040,14300304
1790547299,10032792,14300304
1790547301,10050392,14300304
1790547303,8694756,14300304
1790547305,9996956,14300304
1790547307,9986284,14300304
1790547309,8511044,14300304
1790547311,8577396,14300304
1790547313,9712112,14300304
1790547315,9745892,14300304
1790547317,9550412,14300304
1790547319,9990400,14300304
1790547321,9998256,14300304
1790547323,10009192,14300304
1790547325,8957520,14300304
1790547327,9884336,14300304
1790547329,9952536,14300304
1790547331,9956232,14300304
1790547333,8908364,14300304
1790547335,9935196,14300304
1790547337,9960960,14300304
1790547339,9600096,14300304
1790547341,8736064,14300304
1790547343,9989716,14300304
1790547345,10037964,14300304
1790547347,8565768,14300304
1790547349,8517976,14300304
1790547351,9693880,14300304
1790547353,9806780,14300304
1790547355,9795956,14300304
1790547357,10004868,14300304
1790547359,10061100,14300304
1790547361,9990444,14300304
1790547363,8924520,14300304
1790547365,9856664,14300304
1790547367,9883564,14300304
1790547369,10014896,14300304
1790547371,8858292,14300304
1790547373,9904280,14300304
1790547375,9975572,14300304
1790547377,8941424,14300304
1790547379,8755280,14300304
1790547381,9923964,14300304
1790547383,9942112,14300304
1790547385,8458400,14300304
1790547387,8443456,14300304
1790547389,9630140,14300304
1790547391,9791240,14300304
1790547393,9790012,14300304
1790547395,10104252,14300304
1790547397,10100448,14300304
1790547399,10103584,14300304
1790547401,9034868,14300304
1790547403,9947892,14300304
1790547405,10020728,14300304
1790547407,10113652,14300304
1790547410,8808724,14300304
1790547412,9962324,14300304
1790547414,10003300,14300304
1790547416,8997112,14300304
1790547418,8816904,14300304
1790547420,9919644,14300304
1790547422,9976220,14300304
1790547424,6995676,14300304
1790547426,8648072,14300304
1790547428,8237340,14300304
1790547430,8315740,14300304
1790547432,8338340,14300304
1790547434,8336176,14300304
1790547436,8239964,14300304
1790547438,8267308,14300304
1790547440,8222556,14300304
1790547442,9424704,14300304
1790547444,5961204,14300304
1790547446,10143252,14300304
1790547448,8515644,14300304
1790547450,8479324,14300304
1790547452,9790928,14300304
1790547454,10705688,14300304
1790547456,10276780,14300304
1790547458,9523200,14300304
1790547460,10059224,14300304
1790547462,10065252,14300304
1790547464,10065136,14300304
1790547466,8991736,14300304
1790547468,9987848,14300304
1790547470,9983956,14300304
1790547472,10079852,14300304
1790547474,8761872,14300304
1790547476,9949340,14300304
1790547478,9955716,14300304
1790547480,9048032,14300304
1790547482,8981248,14300304
1790547484,9992060,14300304
1790547486,10006940,14300304
1790547488,8452400,14300304
1790547490,8432396,14300304
1790547492,9701096,14300304
1790547494,9749796,14300304
1790547496,8956536,14300304
1790547498,9983456,14300304
1790547500,10049824,14300304
1790547502,10026108,14300304
1790547504,8870704,14300304
1790547506,9944780,14300304
1790547508,9973812,14300304
1790547510,8957276,14300304
1790547512,8833404,14300304
1790547514,10030320,14300304
1790547516,10043396,14300304
1790547518,8761724,14300304
1790547520,9306692,14300304
1790547522,9990836,14300304
1790547524,10055940,14300304
1790547526,8497592,14300304
1790547528,8498180,14300304
1790547530,9712672,14300304
1790547532,9730708,14300304
1790547534,8969028,14300304
1790547536,10070408,14300304
1790547538,10071784,14300304
1790547540,9035360,14300304
1790547542,8719640,14300304
1790547544,9929372,14300304
1790547546,9956484,14300304
1790547548,8802952,14300308
1790547550,9016612,14300308
1790547552,9958300,14300308
1790547554,10031684,14300308
1790547556,8904840,14300308
1790547558,9337512,14300308
1790547560,9918824,14300308
1790547562,10047624,14300308
1790547564,8461472,14300308
1790547566,8449656,14300308
1790547568,9656272,14300308
1790547570,9732200,14300308
1790547572,8479724,14300308
1790547574,9970168,14300308
1790547576,10049200,14300308
1790547578,8961384,14300308
1790547580,8805556,14300308
1790547582,9986284,14300308
1790547584,10078868,14300308
1790547586,8810840,14300308
1790547588,9305056,14300308
1790547590,9982636,14300308
1790547592,10186720,14300308
1790547594,8884652,14300308
1790547596,9550492,14300308
1790547598,10158512,14300308
1790547600,10123828,14300308
1790547602,8470788,14300308
1790547604,8469164,14300308
1790547606,9674452,14300308
1790547608,9785396,14300308
1790547610,8504096,14300308
1790547612,9978064,14300308
1790547614,10033496,14300308
1790547616,8936316,14300308
1790547618,8789832,14300308
1790547620,9915496,14300308
1790547622,9991240,14300308
1790547624,8794040,14300308
1790547626,9142816,14300308
1790547628,9914508,14300308
1790547630,9992284,14300308
1790547632,8779620,14300308
1790547634,9391312,14300308
1790547636,9961472,14300308
1790547638,10008064,14300308
1790547640,8455836,14300308
1790547642,8462536,14300308
1790547644,9667960,14300308
1790547646,9871132,14300308
1790547648,8367100,14300308
1790547650,10012056,14300308
1790547652,10032208,14300308
1790547654,8959792,14300308
1790547656,8808516,14300308
1790547658,10008836,14300308
1790547660,10146364,14300308
1790547662,8770240,14300308
1790547664,9127692,14300308
1790547666,9888192,14300308
1790547668,9997076,14300308
1790547670,8727876,14300308
1790547672,9346708,14300308
1790547674,9929876,14300308
1790547676,9979316,14300308
1790547678,8437588,14300308
1790547680,8434340,14300308
1790547682,9657960,14300308
1790547684,9663860,14300308
1790547686,8368268,14300308
1790547688,10010500,14300308
1790547690,10009080,14300308
1790547692,8945424,14300308
1790547694,8853456,14300308
1790547696,9961224,14300308
1790547698,10048816,14300308
1790547700,8704772,14300308
1790547702,9299124,14300308
1790547704,9927884,14300308
1790547706,10101476,14300308
1790547708,8878136,14300308
1790547710,9411788,14300308
1790547712,9987032,14300308
1790547714,10015404,14300308
1790547716,8485060,14300308
1790547718,8489348,14300308
1790547720,9783544,14300308
1790547722,9667664,14300308
1790547724,8301464,14300308
1790547726,10019044,14300308
1790547728,10017472,14300308
1790547730,8910200,14300308
1790547732,9062388,14300308
1790547734,9916116,14300308
1790547736,9935584,14300308
1790547738,8584868,14300308
1790547740,9359720,14300308
1790547742,9953652,14300308
1790547744,10120428,14300308
1790547746,8996968,14300308
1790547748,9324540,14300308
1790547750,9960924,14300308
1790547752,7388000,14300308
1790547754,7033076,14300308
1790547756,8656900,14300308
1790547758,8341884,14300308
1790547760,8170472,14300308
1790547762,8174856,14300308
1790547764,8175188,14300308
1790547766,8082724,14300308
1790547768,8179268,14300308
1790547770,8387112,14300308
